  0
SECTION
  2
HEADER
  9
$ANGBASE
  50
0.0
  9
$ANGDIR
  70
1
  9
$MEASUREMENT
  70
0
  0
ENDSEC
  0
SECTION
  2
TABLES
  0
TABLE
  2
LTYPE
  70
4
  0
LTYPE
  5
40F
  2
CONTINUOUS
  70
0
  3
Solid line
  72
65
  73
0
  40
0.0
  0
LTYPE
  5
410
  2
DASHDOT
 70
0
  3
Dash Dot ____ _ ____ _
 72
65
 73
4
 40
2.0
 49
1.25
 49
-0.25
 49
0.25
 49
-0.25
  0
LTYPE
  5
411
  2
DASHED
 70
0
  3
Dashed __ __ __ __ __
 72
65
 73
2
 40
0.75
 49
0.5
 49
-0.25
  0
LTYPE
  5
43B
  2
DOTTED
 70
0
  3
Dotted .  .  .  .
 72
65
 73
2
 40
0.2
 49
0.0
 49
-0.2
  0
ENDTAB
  0
TABLE
  2
STYLE
  70
4
  0
STYLE
  2
KICAD
  70
0
  40
0
  41
1
  42
1
  50
0
  71
0
  3
isocp.shx
  0
STYLE
  2
KICADB
  70
0
  40
0
  41
1
  42
1
  50
0
  71
0
  3
isocp.shx
  0
STYLE
  2
KICADI
  70
0
  40
0
  41
1
  42
1
  50
15
  71
0
  3
isocp.shx
  0
STYLE
  2
KICADBI
  70
0
  40
0
  41
1
  42
1
  50
15
  71
0
  3
isocp.shx
  0
ENDTAB
  0
TABLE
  2
LAYER
  70
1
  0
LAYER
  2
BLACK
  70
0
  62
7
  6
CONTINUOUS
  0
ENDTAB
  0
ENDSEC
  0
SECTION
  2
ENTITIES
0
LINE
8
BLACK
6
CONTINUOUS
10
3.2303149606299213
20
-4.6988188976377954
11
3.1633858267716533
21
-4.6988188976377954
0
LINE
8
BLACK
6
CONTINUOUS
10
3.1633858267716533
20
-4.6988188976377954
11
3.1633858267716533
21
-4.6318897637795278
0
LINE
8
BLACK
6
CONTINUOUS
10
3.1633858267716533
20
-4.6318897637795278
11
3.2303149606299213
21
-4.6318897637795278
0
LINE
8
BLACK
6
CONTINUOUS
10
3.2303149606299213
20
-4.6318897637795278
11
3.2303149606299213
21
-4.6988188976377954
0
LINE
8
BLACK
6
CONTINUOUS
10
4.3996062992125982
20
-4.6988188976377954
11
4.3326771653543306
21
-4.6988188976377954
0
LINE
8
BLACK
6
CONTINUOUS
10
4.3326771653543306
20
-4.6988188976377954
11
4.3326771653543306
21
-4.6318897637795278
0
LINE
8
BLACK
6
CONTINUOUS
10
4.3326771653543306
20
-4.6318897637795278
11
4.3996062992125982
21
-4.6318897637795278
0
LINE
8
BLACK
6
CONTINUOUS
10
4.3996062992125982
20
-4.6318897637795278
11
4.3996062992125982
21
-4.6988188976377954
0
LINE
8
BLACK
6
CONTINUOUS
10
2.2065646456692911
20
-4.6333307480314962
11
2.2126254724409447
21
-4.6358412204724404
0
LINE
8
BLACK
6
CONTINUOUS
10
2.2126254724409447
20
-4.6358412204724404
11
2.2180800787401576
21
-4.6394858661417322
0
LINE
8
BLACK
6
CONTINUOUS
10
2.2180800787401576
20
-4.6394858661417322
11
2.2227188582677164
21
-4.6441246456692911
0
LINE
8
BLACK
6
CONTINUOUS
10
2.2227188582677164
20
-4.6441246456692911
11
2.2263635039370078
21
-4.649579251968504
0
LINE
8
BLACK
6
CONTINUOUS
10
2.2263635039370078
20
-4.649579251968504
11
2.2288739763779528
21
-4.6556400787401575
0
LINE
8
BLACK
6
CONTINUOUS
10
2.2288739763779528
20
-4.6556400787401575
11
2.2301538188976378
21
-4.6620742125984247
0
LINE
8
BLACK
6
CONTINUOUS
10
2.2301538188976378
20
-4.6620742125984247
11
2.2301538188976378
21
-4.6686344488188976
0
LINE
8
BLACK
6
CONTINUOUS
10
2.2301538188976378
20
-4.6686344488188976
11
2.2288739763779528
21
-4.6750685826771656
0
LINE
8
BLACK
6
CONTINUOUS
10
2.2288739763779528
20
-4.6750685826771656
11
2.2263635039370078
21
-4.6811294094488192
0
LINE
8
BLACK
6
CONTINUOUS
10
2.2263635039370078
20
-4.6811294094488192
11
2.2227188582677164
21
-4.6865840157480312
0
LINE
8
BLACK
6
CONTINUOUS
10
2.2227188582677164
20
-4.6865840157480312
11
2.2180800787401576
21
-4.6912227952755901
0
LINE
8
BLACK
6
CONTINUOUS
10
2.2180800787401576
20
-4.6912227952755901
11
2.2126254724409447
21
-4.6948674409448818
0
LINE
8
BLACK
6
CONTINUOUS
10
2.2126254724409447
20
-4.6948674409448818
11
2.2065646456692911
21
-4.6973779133858269
0
LINE
8
BLACK
6
CONTINUOUS
10
2.2065646456692911
20
-4.6973779133858269
11
2.2001305118110235
21
-4.6986577559055114
0
LINE
8
BLACK
6
CONTINUOUS
10
2.2001305118110235
20
-4.6986577559055114
11
2.1935702755905511
21
-4.6986577559055114
0
LINE
8
BLACK
6
CONTINUOUS
10
2.1935702755905511
20
-4.6986577559055114
11
2.1871361417322834
21
-4.6973779133858269
0
LINE
8
BLACK
6
CONTINUOUS
10
2.1871361417322834
20
-4.6973779133858269
11
2.1810753149606299
21
-4.6948674409448818
0
LINE
8
BLACK
6
CONTINUOUS
10
2.1810753149606299
20
-4.6948674409448818
11
2.1756207086614174
21
-4.6912227952755901
0
LINE
8
BLACK
6
CONTINUOUS
10
2.1756207086614174
20
-4.6912227952755901
11
2.1709819291338581
21
-4.6865840157480312
0
LINE
8
BLACK
6
CONTINUOUS
10
2.1709819291338581
20
-4.6865840157480312
11
2.1673372834645668
21
-4.6811294094488192
0
LINE
8
BLACK
6
CONTINUOUS
10
2.1673372834645668
20
-4.6811294094488192
11
2.1648268110236222
21
-4.6750685826771656
0
LINE
8
BLACK
6
CONTINUOUS
10
2.1648268110236222
20
-4.6750685826771656
11
2.1635469685039368
21
-4.6686344488188976
0
LINE
8
BLACK
6
CONTINUOUS
10
2.1635469685039368
20
-4.6686344488188976
11
2.1635469685039368
21
-4.6620742125984247
0
LINE
8
BLACK
6
CONTINUOUS
10
2.1635469685039368
20
-4.6620742125984247
11
2.1648268110236222
21
-4.6556400787401575
0
LINE
8
BLACK
6
CONTINUOUS
10
2.1648268110236222
20
-4.6556400787401575
11
2.1673372834645668
21
-4.649579251968504
0
LINE
8
BLACK
6
CONTINUOUS
10
2.1673372834645668
20
-4.649579251968504
11
2.1709819291338581
21
-4.6441246456692911
0
LINE
8
BLACK
6
CONTINUOUS
10
2.1709819291338581
20
-4.6441246456692911
11
2.1756207086614174
21
-4.6394858661417322
0
LINE
8
BLACK
6
CONTINUOUS
10
2.1756207086614174
20
-4.6394858661417322
11
2.1810753149606299
21
-4.6358412204724404
0
LINE
8
BLACK
6
CONTINUOUS
10
2.1810753149606299
20
-4.6358412204724404
11
2.1871361417322834
21
-4.6333307480314962
0
LINE
8
BLACK
6
CONTINUOUS
10
2.1871361417322834
20
-4.6333307480314962
11
2.1935702755905511
21
-4.6320509055118109
0
LINE
8
BLACK
6
CONTINUOUS
10
2.1935702755905511
20
-4.6320509055118109
11
2.2001305118110235
21
-4.6320509055118109
0
LINE
8
BLACK
6
CONTINUOUS
10
2.2001305118110235
20
-4.6320509055118109
11
2.2065646456692911
21
-4.6333307480314962
0
LINE
8
BLACK
6
CONTINUOUS
10
2.3065646456692912
20
-4.6333307480314962
11
2.3126254724409447
21
-4.6358412204724404
0
LINE
8
BLACK
6
CONTINUOUS
10
2.3126254724409447
20
-4.6358412204724404
11
2.3180800787401576
21
-4.6394858661417322
0
LINE
8
BLACK
6
CONTINUOUS
10
2.3180800787401576
20
-4.6394858661417322
11
2.3227188582677165
21
-4.6441246456692911
0
LINE
8
BLACK
6
CONTINUOUS
10
2.3227188582677165
20
-4.6441246456692911
11
2.3263635039370079
21
-4.649579251968504
0
LINE
8
BLACK
6
CONTINUOUS
10
2.3263635039370079
20
-4.649579251968504
11
2.3288739763779529
21
-4.6556400787401575
0
LINE
8
BLACK
6
CONTINUOUS
10
2.3288739763779529
20
-4.6556400787401575
11
2.3301538188976378
21
-4.6620742125984247
0
LINE
8
BLACK
6
CONTINUOUS
10
2.3301538188976378
20
-4.6620742125984247
11
2.3301538188976378
21
-4.6686344488188976
0
LINE
8
BLACK
6
CONTINUOUS
10
2.3301538188976378
20
-4.6686344488188976
11
2.3288739763779529
21
-4.6750685826771656
0
LINE
8
BLACK
6
CONTINUOUS
10
2.3288739763779529
20
-4.6750685826771656
11
2.3263635039370079
21
-4.6811294094488192
0
LINE
8
BLACK
6
CONTINUOUS
10
2.3263635039370079
20
-4.6811294094488192
11
2.3227188582677165
21
-4.6865840157480312
0
LINE
8
BLACK
6
CONTINUOUS
10
2.3227188582677165
20
-4.6865840157480312
11
2.3180800787401576
21
-4.6912227952755901
0
LINE
8
BLACK
6
CONTINUOUS
10
2.3180800787401576
20
-4.6912227952755901
11
2.3126254724409447
21
-4.6948674409448818
0
LINE
8
BLACK
6
CONTINUOUS
10
2.3126254724409447
20
-4.6948674409448818
11
2.3065646456692912
21
-4.6973779133858269
0
LINE
8
BLACK
6
CONTINUOUS
10
2.3065646456692912
20
-4.6973779133858269
11
2.3001305118110236
21
-4.6986577559055114
0
LINE
8
BLACK
6
CONTINUOUS
10
2.3001305118110236
20
-4.6986577559055114
11
2.2935702755905512
21
-4.6986577559055114
0
LINE
8
BLACK
6
CONTINUOUS
10
2.2935702755905512
20
-4.6986577559055114
11
2.2871361417322835
21
-4.6973779133858269
0
LINE
8
BLACK
6
CONTINUOUS
10
2.2871361417322835
20
-4.6973779133858269
11
2.28107531496063
21
-4.6948674409448818
0
LINE
8
BLACK
6
CONTINUOUS
10
2.28107531496063
20
-4.6948674409448818
11
2.2756207086614171
21
-4.6912227952755901
0
LINE
8
BLACK
6
CONTINUOUS
10
2.2756207086614171
20
-4.6912227952755901
11
2.2709819291338582
21
-4.6865840157480312
0
LINE
8
BLACK
6
CONTINUOUS
10
2.2709819291338582
20
-4.6865840157480312
11
2.2673372834645669
21
-4.6811294094488192
0
LINE
8
BLACK
6
CONTINUOUS
10
2.2673372834645669
20
-4.6811294094488192
11
2.2648268110236218
21
-4.6750685826771656
0
LINE
8
BLACK
6
CONTINUOUS
10
2.2648268110236218
20
-4.6750685826771656
11
2.2635469685039369
21
-4.6686344488188976
0
LINE
8
BLACK
6
CONTINUOUS
10
2.2635469685039369
20
-4.6686344488188976
11
2.2635469685039369
21
-4.6620742125984247
0
LINE
8
BLACK
6
CONTINUOUS
10
2.2635469685039369
20
-4.6620742125984247
11
2.2648268110236218
21
-4.6556400787401575
0
LINE
8
BLACK
6
CONTINUOUS
10
2.2648268110236218
20
-4.6556400787401575
11
2.2673372834645669
21
-4.649579251968504
0
LINE
8
BLACK
6
CONTINUOUS
10
2.2673372834645669
20
-4.649579251968504
11
2.2709819291338582
21
-4.6441246456692911
0
LINE
8
BLACK
6
CONTINUOUS
10
2.2709819291338582
20
-4.6441246456692911
11
2.2756207086614171
21
-4.6394858661417322
0
LINE
8
BLACK
6
CONTINUOUS
10
2.2756207086614171
20
-4.6394858661417322
11
2.28107531496063
21
-4.6358412204724404
0
LINE
8
BLACK
6
CONTINUOUS
10
2.28107531496063
20
-4.6358412204724404
11
2.2871361417322835
21
-4.6333307480314962
0
LINE
8
BLACK
6
CONTINUOUS
10
2.2871361417322835
20
-4.6333307480314962
11
2.2935702755905512
21
-4.6320509055118109
0
LINE
8
BLACK
6
CONTINUOUS
10
2.2935702755905512
20
-4.6320509055118109
11
2.3001305118110236
21
-4.6320509055118109
0
LINE
8
BLACK
6
CONTINUOUS
10
2.3001305118110236
20
-4.6320509055118109
11
2.3065646456692912
21
-4.6333307480314962
0
LINE
8
BLACK
6
CONTINUOUS
10
2.4065646456692913
20
-4.6333307480314962
11
2.4126254724409448
21
-4.6358412204724404
0
LINE
8
BLACK
6
CONTINUOUS
10
2.4126254724409448
20
-4.6358412204724404
11
2.4180800787401573
21
-4.6394858661417322
0
LINE
8
BLACK
6
CONTINUOUS
10
2.4180800787401573
20
-4.6394858661417322
11
2.4227188582677166
21
-4.6441246456692911
0
LINE
8
BLACK
6
CONTINUOUS
10
2.4227188582677166
20
-4.6441246456692911
11
2.4263635039370079
21
-4.649579251968504
0
LINE
8
BLACK
6
CONTINUOUS
10
2.4263635039370079
20
-4.649579251968504
11
2.4288739763779525
21
-4.6556400787401575
0
LINE
8
BLACK
6
CONTINUOUS
10
2.4288739763779525
20
-4.6556400787401575
11
2.4301538188976379
21
-4.6620742125984247
0
LINE
8
BLACK
6
CONTINUOUS
10
2.4301538188976379
20
-4.6620742125984247
11
2.4301538188976379
21
-4.6686344488188976
0
LINE
8
BLACK
6
CONTINUOUS
10
2.4301538188976379
20
-4.6686344488188976
11
2.4288739763779525
21
-4.6750685826771656
0
LINE
8
BLACK
6
CONTINUOUS
10
2.4288739763779525
20
-4.6750685826771656
11
2.4263635039370079
21
-4.6811294094488192
0
LINE
8
BLACK
6
CONTINUOUS
10
2.4263635039370079
20
-4.6811294094488192
11
2.4227188582677166
21
-4.6865840157480312
0
LINE
8
BLACK
6
CONTINUOUS
10
2.4227188582677166
20
-4.6865840157480312
11
2.4180800787401573
21
-4.6912227952755901
0
LINE
8
BLACK
6
CONTINUOUS
10
2.4180800787401573
20
-4.6912227952755901
11
2.4126254724409448
21
-4.6948674409448818
0
LINE
8
BLACK
6
CONTINUOUS
10
2.4126254724409448
20
-4.6948674409448818
11
2.4065646456692913
21
-4.6973779133858269
0
LINE
8
BLACK
6
CONTINUOUS
10
2.4065646456692913
20
-4.6973779133858269
11
2.4001305118110237
21
-4.6986577559055114
0
LINE
8
BLACK
6
CONTINUOUS
10
2.4001305118110237
20
-4.6986577559055114
11
2.3935702755905512
21
-4.6986577559055114
0
LINE
8
BLACK
6
CONTINUOUS
10
2.3935702755905512
20
-4.6986577559055114
11
2.3871361417322836
21
-4.6973779133858269
0
LINE
8
BLACK
6
CONTINUOUS
10
2.3871361417322836
20
-4.6973779133858269
11
2.3810753149606301
21
-4.6948674409448818
0
LINE
8
BLACK
6
CONTINUOUS
10
2.3810753149606301
20
-4.6948674409448818
11
2.3756207086614172
21
-4.6912227952755901
0
LINE
8
BLACK
6
CONTINUOUS
10
2.3756207086614172
20
-4.6912227952755901
11
2.3709819291338583
21
-4.6865840157480312
0
LINE
8
BLACK
6
CONTINUOUS
10
2.3709819291338583
20
-4.6865840157480312
11
2.367337283464567
21
-4.6811294094488192
0
LINE
8
BLACK
6
CONTINUOUS
10
2.367337283464567
20
-4.6811294094488192
11
2.3648268110236219
21
-4.6750685826771656
0
LINE
8
BLACK
6
CONTINUOUS
10
2.3648268110236219
20
-4.6750685826771656
11
2.363546968503937
21
-4.6686344488188976
0
LINE
8
BLACK
6
CONTINUOUS
10
2.363546968503937
20
-4.6686344488188976
11
2.363546968503937
21
-4.6620742125984247
0
LINE
8
BLACK
6
CONTINUOUS
10
2.363546968503937
20
-4.6620742125984247
11
2.3648268110236219
21
-4.6556400787401575
0
LINE
8
BLACK
6
CONTINUOUS
10
2.3648268110236219
20
-4.6556400787401575
11
2.367337283464567
21
-4.649579251968504
0
LINE
8
BLACK
6
CONTINUOUS
10
2.367337283464567
20
-4.649579251968504
11
2.3709819291338583
21
-4.6441246456692911
0
LINE
8
BLACK
6
CONTINUOUS
10
2.3709819291338583
20
-4.6441246456692911
11
2.3756207086614172
21
-4.6394858661417322
0
LINE
8
BLACK
6
CONTINUOUS
10
2.3756207086614172
20
-4.6394858661417322
11
2.3810753149606301
21
-4.6358412204724404
0
LINE
8
BLACK
6
CONTINUOUS
10
2.3810753149606301
20
-4.6358412204724404
11
2.3871361417322836
21
-4.6333307480314962
0
LINE
8
BLACK
6
CONTINUOUS
10
2.3871361417322836
20
-4.6333307480314962
11
2.3935702755905512
21
-4.6320509055118109
0
LINE
8
BLACK
6
CONTINUOUS
10
2.3935702755905512
20
-4.6320509055118109
11
2.4001305118110237
21
-4.6320509055118109
0
LINE
8
BLACK
6
CONTINUOUS
10
2.4001305118110237
20
-4.6320509055118109
11
2.4065646456692913
21
-4.6333307480314962
0
LINE
8
BLACK
6
CONTINUOUS
10
2.5065646456692914
20
-4.6333307480314962
11
2.5126254724409449
21
-4.6358412204724404
0
LINE
8
BLACK
6
CONTINUOUS
10
2.5126254724409449
20
-4.6358412204724404
11
2.5180800787401574
21
-4.6394858661417322
0
LINE
8
BLACK
6
CONTINUOUS
10
2.5180800787401574
20
-4.6394858661417322
11
2.5227188582677167
21
-4.6441246456692911
0
LINE
8
BLACK
6
CONTINUOUS
10
2.5227188582677167
20
-4.6441246456692911
11
2.526363503937008
21
-4.649579251968504
0
LINE
8
BLACK
6
CONTINUOUS
10
2.526363503937008
20
-4.649579251968504
11
2.5288739763779526
21
-4.6556400787401575
0
LINE
8
BLACK
6
CONTINUOUS
10
2.5288739763779526
20
-4.6556400787401575
11
2.5301538188976376
21
-4.6620742125984247
0
LINE
8
BLACK
6
CONTINUOUS
10
2.5301538188976376
20
-4.6620742125984247
11
2.5301538188976376
21
-4.6686344488188976
0
LINE
8
BLACK
6
CONTINUOUS
10
2.5301538188976376
20
-4.6686344488188976
11
2.5288739763779526
21
-4.6750685826771656
0
LINE
8
BLACK
6
CONTINUOUS
10
2.5288739763779526
20
-4.6750685826771656
11
2.526363503937008
21
-4.6811294094488192
0
LINE
8
BLACK
6
CONTINUOUS
10
2.526363503937008
20
-4.6811294094488192
11
2.5227188582677167
21
-4.6865840157480312
0
LINE
8
BLACK
6
CONTINUOUS
10
2.5227188582677167
20
-4.6865840157480312
11
2.5180800787401574
21
-4.6912227952755901
0
LINE
8
BLACK
6
CONTINUOUS
10
2.5180800787401574
20
-4.6912227952755901
11
2.5126254724409449
21
-4.6948674409448818
0
LINE
8
BLACK
6
CONTINUOUS
10
2.5126254724409449
20
-4.6948674409448818
11
2.5065646456692914
21
-4.6973779133858269
0
LINE
8
BLACK
6
CONTINUOUS
10
2.5065646456692914
20
-4.6973779133858269
11
2.5001305118110237
21
-4.6986577559055114
0
LINE
8
BLACK
6
CONTINUOUS
10
2.5001305118110237
20
-4.6986577559055114
11
2.4935702755905513
21
-4.6986577559055114
0
LINE
8
BLACK
6
CONTINUOUS
10
2.4935702755905513
20
-4.6986577559055114
11
2.4871361417322833
21
-4.6973779133858269
0
LINE
8
BLACK
6
CONTINUOUS
10
2.4871361417322833
20
-4.6973779133858269
11
2.4810753149606297
21
-4.6948674409448818
0
LINE
8
BLACK
6
CONTINUOUS
10
2.4810753149606297
20
-4.6948674409448818
11
2.4756207086614173
21
-4.6912227952755901
0
LINE
8
BLACK
6
CONTINUOUS
10
2.4756207086614173
20
-4.6912227952755901
11
2.4709819291338584
21
-4.6865840157480312
0
LINE
8
BLACK
6
CONTINUOUS
10
2.4709819291338584
20
-4.6865840157480312
11
2.467337283464567
21
-4.6811294094488192
0
LINE
8
BLACK
6
CONTINUOUS
10
2.467337283464567
20
-4.6811294094488192
11
2.464826811023622
21
-4.6750685826771656
0
LINE
8
BLACK
6
CONTINUOUS
10
2.464826811023622
20
-4.6750685826771656
11
2.4635469685039371
21
-4.6686344488188976
0
LINE
8
BLACK
6
CONTINUOUS
10
2.4635469685039371
20
-4.6686344488188976
11
2.4635469685039371
21
-4.6620742125984247
0
LINE
8
BLACK
6
CONTINUOUS
10
2.4635469685039371
20
-4.6620742125984247
11
2.464826811023622
21
-4.6556400787401575
0
LINE
8
BLACK
6
CONTINUOUS
10
2.464826811023622
20
-4.6556400787401575
11
2.467337283464567
21
-4.649579251968504
0
LINE
8
BLACK
6
CONTINUOUS
10
2.467337283464567
20
-4.649579251968504
11
2.4709819291338584
21
-4.6441246456692911
0
LINE
8
BLACK
6
CONTINUOUS
10
2.4709819291338584
20
-4.6441246456692911
11
2.4756207086614173
21
-4.6394858661417322
0
LINE
8
BLACK
6
CONTINUOUS
10
2.4756207086614173
20
-4.6394858661417322
11
2.4810753149606297
21
-4.6358412204724404
0
LINE
8
BLACK
6
CONTINUOUS
10
2.4810753149606297
20
-4.6358412204724404
11
2.4871361417322833
21
-4.6333307480314962
0
LINE
8
BLACK
6
CONTINUOUS
10
2.4871361417322833
20
-4.6333307480314962
11
2.4935702755905513
21
-4.6320509055118109
0
LINE
8
BLACK
6
CONTINUOUS
10
2.4935702755905513
20
-4.6320509055118109
11
2.5001305118110237
21
-4.6320509055118109
0
LINE
8
BLACK
6
CONTINUOUS
10
2.5001305118110237
20
-4.6320509055118109
11
2.5065646456692914
21
-4.6333307480314962
0
LINE
8
BLACK
6
CONTINUOUS
10
2.6065646456692915
20
-4.6333307480314962
11
2.612625472440945
21
-4.6358412204724404
0
LINE
8
BLACK
6
CONTINUOUS
10
2.612625472440945
20
-4.6358412204724404
11
2.6180800787401575
21
-4.6394858661417322
0
LINE
8
BLACK
6
CONTINUOUS
10
2.6180800787401575
20
-4.6394858661417322
11
2.6227188582677163
21
-4.6441246456692911
0
LINE
8
BLACK
6
CONTINUOUS
10
2.6227188582677163
20
-4.6441246456692911
11
2.6263635039370077
21
-4.649579251968504
0
LINE
8
BLACK
6
CONTINUOUS
10
2.6263635039370077
20
-4.649579251968504
11
2.6288739763779527
21
-4.6556400787401575
0
LINE
8
BLACK
6
CONTINUOUS
10
2.6288739763779527
20
-4.6556400787401575
11
2.6301538188976377
21
-4.6620742125984247
0
LINE
8
BLACK
6
CONTINUOUS
10
2.6301538188976377
20
-4.6620742125984247
11
2.6301538188976377
21
-4.6686344488188976
0
LINE
8
BLACK
6
CONTINUOUS
10
2.6301538188976377
20
-4.6686344488188976
11
2.6288739763779527
21
-4.6750685826771656
0
LINE
8
BLACK
6
CONTINUOUS
10
2.6288739763779527
20
-4.6750685826771656
11
2.6263635039370077
21
-4.6811294094488192
0
LINE
8
BLACK
6
CONTINUOUS
10
2.6263635039370077
20
-4.6811294094488192
11
2.6227188582677163
21
-4.6865840157480312
0
LINE
8
BLACK
6
CONTINUOUS
10
2.6227188582677163
20
-4.6865840157480312
11
2.6180800787401575
21
-4.6912227952755901
0
LINE
8
BLACK
6
CONTINUOUS
10
2.6180800787401575
20
-4.6912227952755901
11
2.612625472440945
21
-4.6948674409448818
0
LINE
8
BLACK
6
CONTINUOUS
10
2.612625472440945
20
-4.6948674409448818
11
2.6065646456692915
21
-4.6973779133858269
0
LINE
8
BLACK
6
CONTINUOUS
10
2.6065646456692915
20
-4.6973779133858269
11
2.6001305118110234
21
-4.6986577559055114
0
LINE
8
BLACK
6
CONTINUOUS
10
2.6001305118110234
20
-4.6986577559055114
11
2.593570275590551
21
-4.6986577559055114
0
LINE
8
BLACK
6
CONTINUOUS
10
2.593570275590551
20
-4.6986577559055114
11
2.5871361417322833
21
-4.6973779133858269
0
LINE
8
BLACK
6
CONTINUOUS
10
2.5871361417322833
20
-4.6973779133858269
11
2.5810753149606298
21
-4.6948674409448818
0
LINE
8
BLACK
6
CONTINUOUS
10
2.5810753149606298
20
-4.6948674409448818
11
2.5756207086614173
21
-4.6912227952755901
0
LINE
8
BLACK
6
CONTINUOUS
10
2.5756207086614173
20
-4.6912227952755901
11
2.570981929133858
21
-4.6865840157480312
0
LINE
8
BLACK
6
CONTINUOUS
10
2.570981929133858
20
-4.6865840157480312
11
2.5673372834645667
21
-4.6811294094488192
0
LINE
8
BLACK
6
CONTINUOUS
10
2.5673372834645667
20
-4.6811294094488192
11
2.5648268110236221
21
-4.6750685826771656
0
LINE
8
BLACK
6
CONTINUOUS
10
2.5648268110236221
20
-4.6750685826771656
11
2.5635469685039372
21
-4.6686344488188976
0
LINE
8
BLACK
6
CONTINUOUS
10
2.5635469685039372
20
-4.6686344488188976
11
2.5635469685039372
21
-4.6620742125984247
0
LINE
8
BLACK
6
CONTINUOUS
10
2.5635469685039372
20
-4.6620742125984247
11
2.5648268110236221
21
-4.6556400787401575
0
LINE
8
BLACK
6
CONTINUOUS
10
2.5648268110236221
20
-4.6556400787401575
11
2.5673372834645667
21
-4.649579251968504
0
LINE
8
BLACK
6
CONTINUOUS
10
2.5673372834645667
20
-4.649579251968504
11
2.570981929133858
21
-4.6441246456692911
0
LINE
8
BLACK
6
CONTINUOUS
10
2.570981929133858
20
-4.6441246456692911
11
2.5756207086614173
21
-4.6394858661417322
0
LINE
8
BLACK
6
CONTINUOUS
10
2.5756207086614173
20
-4.6394858661417322
11
2.5810753149606298
21
-4.6358412204724404
0
LINE
8
BLACK
6
CONTINUOUS
10
2.5810753149606298
20
-4.6358412204724404
11
2.5871361417322833
21
-4.6333307480314962
0
LINE
8
BLACK
6
CONTINUOUS
10
2.5871361417322833
20
-4.6333307480314962
11
2.593570275590551
21
-4.6320509055118109
0
LINE
8
BLACK
6
CONTINUOUS
10
2.593570275590551
20
-4.6320509055118109
11
2.6001305118110234
21
-4.6320509055118109
0
LINE
8
BLACK
6
CONTINUOUS
10
2.6001305118110234
20
-4.6320509055118109
11
2.6065646456692915
21
-4.6333307480314962
0
LINE
8
BLACK
6
CONTINUOUS
10
2.7065646456692911
20
-4.6333307480314962
11
2.7126254724409447
21
-4.6358412204724404
0
LINE
8
BLACK
6
CONTINUOUS
10
2.7126254724409447
20
-4.6358412204724404
11
2.7180800787401576
21
-4.6394858661417322
0
LINE
8
BLACK
6
CONTINUOUS
10
2.7180800787401576
20
-4.6394858661417322
11
2.7227188582677164
21
-4.6441246456692911
0
LINE
8
BLACK
6
CONTINUOUS
10
2.7227188582677164
20
-4.6441246456692911
11
2.7263635039370078
21
-4.649579251968504
0
LINE
8
BLACK
6
CONTINUOUS
10
2.7263635039370078
20
-4.649579251968504
11
2.7288739763779528
21
-4.6556400787401575
0
LINE
8
BLACK
6
CONTINUOUS
10
2.7288739763779528
20
-4.6556400787401575
11
2.7301538188976378
21
-4.6620742125984247
0
LINE
8
BLACK
6
CONTINUOUS
10
2.7301538188976378
20
-4.6620742125984247
11
2.7301538188976378
21
-4.6686344488188976
0
LINE
8
BLACK
6
CONTINUOUS
10
2.7301538188976378
20
-4.6686344488188976
11
2.7288739763779528
21
-4.6750685826771656
0
LINE
8
BLACK
6
CONTINUOUS
10
2.7288739763779528
20
-4.6750685826771656
11
2.7263635039370078
21
-4.6811294094488192
0
LINE
8
BLACK
6
CONTINUOUS
10
2.7263635039370078
20
-4.6811294094488192
11
2.7227188582677164
21
-4.6865840157480312
0
LINE
8
BLACK
6
CONTINUOUS
10
2.7227188582677164
20
-4.6865840157480312
11
2.7180800787401576
21
-4.6912227952755901
0
LINE
8
BLACK
6
CONTINUOUS
10
2.7180800787401576
20
-4.6912227952755901
11
2.7126254724409447
21
-4.6948674409448818
0
LINE
8
BLACK
6
CONTINUOUS
10
2.7126254724409447
20
-4.6948674409448818
11
2.7065646456692911
21
-4.6973779133858269
0
LINE
8
BLACK
6
CONTINUOUS
10
2.7065646456692911
20
-4.6973779133858269
11
2.7001305118110235
21
-4.6986577559055114
0
LINE
8
BLACK
6
CONTINUOUS
10
2.7001305118110235
20
-4.6986577559055114
11
2.6935702755905511
21
-4.6986577559055114
0
LINE
8
BLACK
6
CONTINUOUS
10
2.6935702755905511
20
-4.6986577559055114
11
2.6871361417322834
21
-4.6973779133858269
0
LINE
8
BLACK
6
CONTINUOUS
10
2.6871361417322834
20
-4.6973779133858269
11
2.6810753149606299
21
-4.6948674409448818
0
LINE
8
BLACK
6
CONTINUOUS
10
2.6810753149606299
20
-4.6948674409448818
11
2.6756207086614174
21
-4.6912227952755901
0
LINE
8
BLACK
6
CONTINUOUS
10
2.6756207086614174
20
-4.6912227952755901
11
2.6709819291338581
21
-4.6865840157480312
0
LINE
8
BLACK
6
CONTINUOUS
10
2.6709819291338581
20
-4.6865840157480312
11
2.6673372834645668
21
-4.6811294094488192
0
LINE
8
BLACK
6
CONTINUOUS
10
2.6673372834645668
20
-4.6811294094488192
11
2.6648268110236222
21
-4.6750685826771656
0
LINE
8
BLACK
6
CONTINUOUS
10
2.6648268110236222
20
-4.6750685826771656
11
2.6635469685039368
21
-4.6686344488188976
0
LINE
8
BLACK
6
CONTINUOUS
10
2.6635469685039368
20
-4.6686344488188976
11
2.6635469685039368
21
-4.6620742125984247
0
LINE
8
BLACK
6
CONTINUOUS
10
2.6635469685039368
20
-4.6620742125984247
11
2.6648268110236222
21
-4.6556400787401575
0
LINE
8
BLACK
6
CONTINUOUS
10
2.6648268110236222
20
-4.6556400787401575
11
2.6673372834645668
21
-4.649579251968504
0
LINE
8
BLACK
6
CONTINUOUS
10
2.6673372834645668
20
-4.649579251968504
11
2.6709819291338581
21
-4.6441246456692911
0
LINE
8
BLACK
6
CONTINUOUS
10
2.6709819291338581
20
-4.6441246456692911
11
2.6756207086614174
21
-4.6394858661417322
0
LINE
8
BLACK
6
CONTINUOUS
10
2.6756207086614174
20
-4.6394858661417322
11
2.6810753149606299
21
-4.6358412204724404
0
LINE
8
BLACK
6
CONTINUOUS
10
2.6810753149606299
20
-4.6358412204724404
11
2.6871361417322834
21
-4.6333307480314962
0
LINE
8
BLACK
6
CONTINUOUS
10
2.6871361417322834
20
-4.6333307480314962
11
2.6935702755905511
21
-4.6320509055118109
0
LINE
8
BLACK
6
CONTINUOUS
10
2.6935702755905511
20
-4.6320509055118109
11
2.7001305118110235
21
-4.6320509055118109
0
LINE
8
BLACK
6
CONTINUOUS
10
2.7001305118110235
20
-4.6320509055118109
11
2.7065646456692911
21
-4.6333307480314962
0
LINE
8
BLACK
6
CONTINUOUS
10
2.8065646456692912
20
-4.6333307480314962
11
2.8126254724409447
21
-4.6358412204724404
0
LINE
8
BLACK
6
CONTINUOUS
10
2.8126254724409447
20
-4.6358412204724404
11
2.8180800787401572
21
-4.6394858661417322
0
LINE
8
BLACK
6
CONTINUOUS
10
2.8180800787401572
20
-4.6394858661417322
11
2.8227188582677165
21
-4.6441246456692911
0
LINE
8
BLACK
6
CONTINUOUS
10
2.8227188582677165
20
-4.6441246456692911
11
2.8263635039370079
21
-4.649579251968504
0
LINE
8
BLACK
6
CONTINUOUS
10
2.8263635039370079
20
-4.649579251968504
11
2.8288739763779529
21
-4.6556400787401575
0
LINE
8
BLACK
6
CONTINUOUS
10
2.8288739763779529
20
-4.6556400787401575
11
2.8301538188976378
21
-4.6620742125984247
0
LINE
8
BLACK
6
CONTINUOUS
10
2.8301538188976378
20
-4.6620742125984247
11
2.8301538188976378
21
-4.6686344488188976
0
LINE
8
BLACK
6
CONTINUOUS
10
2.8301538188976378
20
-4.6686344488188976
11
2.8288739763779529
21
-4.6750685826771656
0
LINE
8
BLACK
6
CONTINUOUS
10
2.8288739763779529
20
-4.6750685826771656
11
2.8263635039370079
21
-4.6811294094488192
0
LINE
8
BLACK
6
CONTINUOUS
10
2.8263635039370079
20
-4.6811294094488192
11
2.8227188582677165
21
-4.6865840157480312
0
LINE
8
BLACK
6
CONTINUOUS
10
2.8227188582677165
20
-4.6865840157480312
11
2.8180800787401572
21
-4.6912227952755901
0
LINE
8
BLACK
6
CONTINUOUS
10
2.8180800787401572
20
-4.6912227952755901
11
2.8126254724409447
21
-4.6948674409448818
0
LINE
8
BLACK
6
CONTINUOUS
10
2.8126254724409447
20
-4.6948674409448818
11
2.8065646456692912
21
-4.6973779133858269
0
LINE
8
BLACK
6
CONTINUOUS
10
2.8065646456692912
20
-4.6973779133858269
11
2.8001305118110236
21
-4.6986577559055114
0
LINE
8
BLACK
6
CONTINUOUS
10
2.8001305118110236
20
-4.6986577559055114
11
2.7935702755905512
21
-4.6986577559055114
0
LINE
8
BLACK
6
CONTINUOUS
10
2.7935702755905512
20
-4.6986577559055114
11
2.7871361417322835
21
-4.6973779133858269
0
LINE
8
BLACK
6
CONTINUOUS
10
2.7871361417322835
20
-4.6973779133858269
11
2.78107531496063
21
-4.6948674409448818
0
LINE
8
BLACK
6
CONTINUOUS
10
2.78107531496063
20
-4.6948674409448818
11
2.7756207086614171
21
-4.6912227952755901
0
LINE
8
BLACK
6
CONTINUOUS
10
2.7756207086614171
20
-4.6912227952755901
11
2.7709819291338582
21
-4.6865840157480312
0
LINE
8
BLACK
6
CONTINUOUS
10
2.7709819291338582
20
-4.6865840157480312
11
2.7673372834645669
21
-4.6811294094488192
0
LINE
8
BLACK
6
CONTINUOUS
10
2.7673372834645669
20
-4.6811294094488192
11
2.7648268110236218
21
-4.6750685826771656
0
LINE
8
BLACK
6
CONTINUOUS
10
2.7648268110236218
20
-4.6750685826771656
11
2.7635469685039369
21
-4.6686344488188976
0
LINE
8
BLACK
6
CONTINUOUS
10
2.7635469685039369
20
-4.6686344488188976
11
2.7635469685039369
21
-4.6620742125984247
0
LINE
8
BLACK
6
CONTINUOUS
10
2.7635469685039369
20
-4.6620742125984247
11
2.7648268110236218
21
-4.6556400787401575
0
LINE
8
BLACK
6
CONTINUOUS
10
2.7648268110236218
20
-4.6556400787401575
11
2.7673372834645669
21
-4.649579251968504
0
LINE
8
BLACK
6
CONTINUOUS
10
2.7673372834645669
20
-4.649579251968504
11
2.7709819291338582
21
-4.6441246456692911
0
LINE
8
BLACK
6
CONTINUOUS
10
2.7709819291338582
20
-4.6441246456692911
11
2.7756207086614171
21
-4.6394858661417322
0
LINE
8
BLACK
6
CONTINUOUS
10
2.7756207086614171
20
-4.6394858661417322
11
2.78107531496063
21
-4.6358412204724404
0
LINE
8
BLACK
6
CONTINUOUS
10
2.78107531496063
20
-4.6358412204724404
11
2.7871361417322835
21
-4.6333307480314962
0
LINE
8
BLACK
6
CONTINUOUS
10
2.7871361417322835
20
-4.6333307480314962
11
2.7935702755905512
21
-4.6320509055118109
0
LINE
8
BLACK
6
CONTINUOUS
10
2.7935702755905512
20
-4.6320509055118109
11
2.8001305118110236
21
-4.6320509055118109
0
LINE
8
BLACK
6
CONTINUOUS
10
2.8001305118110236
20
-4.6320509055118109
11
2.8065646456692912
21
-4.6333307480314962
0
LINE
8
BLACK
6
CONTINUOUS
10
2.9065646456692913
20
-4.6333307480314962
11
2.9126254724409448
21
-4.6358412204724404
0
LINE
8
BLACK
6
CONTINUOUS
10
2.9126254724409448
20
-4.6358412204724404
11
2.9180800787401573
21
-4.6394858661417322
0
LINE
8
BLACK
6
CONTINUOUS
10
2.9180800787401573
20
-4.6394858661417322
11
2.9227188582677166
21
-4.6441246456692911
0
LINE
8
BLACK
6
CONTINUOUS
10
2.9227188582677166
20
-4.6441246456692911
11
2.9263635039370079
21
-4.649579251968504
0
LINE
8
BLACK
6
CONTINUOUS
10
2.9263635039370079
20
-4.649579251968504
11
2.9288739763779525
21
-4.6556400787401575
0
LINE
8
BLACK
6
CONTINUOUS
10
2.9288739763779525
20
-4.6556400787401575
11
2.9301538188976379
21
-4.6620742125984247
0
LINE
8
BLACK
6
CONTINUOUS
10
2.9301538188976379
20
-4.6620742125984247
11
2.9301538188976379
21
-4.6686344488188976
0
LINE
8
BLACK
6
CONTINUOUS
10
2.9301538188976379
20
-4.6686344488188976
11
2.9288739763779525
21
-4.6750685826771656
0
LINE
8
BLACK
6
CONTINUOUS
10
2.9288739763779525
20
-4.6750685826771656
11
2.9263635039370079
21
-4.6811294094488192
0
LINE
8
BLACK
6
CONTINUOUS
10
2.9263635039370079
20
-4.6811294094488192
11
2.9227188582677166
21
-4.6865840157480312
0
LINE
8
BLACK
6
CONTINUOUS
10
2.9227188582677166
20
-4.6865840157480312
11
2.9180800787401573
21
-4.6912227952755901
0
LINE
8
BLACK
6
CONTINUOUS
10
2.9180800787401573
20
-4.6912227952755901
11
2.9126254724409448
21
-4.6948674409448818
0
LINE
8
BLACK
6
CONTINUOUS
10
2.9126254724409448
20
-4.6948674409448818
11
2.9065646456692913
21
-4.6973779133858269
0
LINE
8
BLACK
6
CONTINUOUS
10
2.9065646456692913
20
-4.6973779133858269
11
2.9001305118110237
21
-4.6986577559055114
0
LINE
8
BLACK
6
CONTINUOUS
10
2.9001305118110237
20
-4.6986577559055114
11
2.8935702755905512
21
-4.6986577559055114
0
LINE
8
BLACK
6
CONTINUOUS
10
2.8935702755905512
20
-4.6986577559055114
11
2.8871361417322836
21
-4.6973779133858269
0
LINE
8
BLACK
6
CONTINUOUS
10
2.8871361417322836
20
-4.6973779133858269
11
2.8810753149606301
21
-4.6948674409448818
0
LINE
8
BLACK
6
CONTINUOUS
10
2.8810753149606301
20
-4.6948674409448818
11
2.8756207086614172
21
-4.6912227952755901
0
LINE
8
BLACK
6
CONTINUOUS
10
2.8756207086614172
20
-4.6912227952755901
11
2.8709819291338583
21
-4.6865840157480312
0
LINE
8
BLACK
6
CONTINUOUS
10
2.8709819291338583
20
-4.6865840157480312
11
2.867337283464567
21
-4.6811294094488192
0
LINE
8
BLACK
6
CONTINUOUS
10
2.867337283464567
20
-4.6811294094488192
11
2.8648268110236219
21
-4.6750685826771656
0
LINE
8
BLACK
6
CONTINUOUS
10
2.8648268110236219
20
-4.6750685826771656
11
2.863546968503937
21
-4.6686344488188976
0
LINE
8
BLACK
6
CONTINUOUS
10
2.863546968503937
20
-4.6686344488188976
11
2.863546968503937
21
-4.6620742125984247
0
LINE
8
BLACK
6
CONTINUOUS
10
2.863546968503937
20
-4.6620742125984247
11
2.8648268110236219
21
-4.6556400787401575
0
LINE
8
BLACK
6
CONTINUOUS
10
2.8648268110236219
20
-4.6556400787401575
11
2.867337283464567
21
-4.649579251968504
0
LINE
8
BLACK
6
CONTINUOUS
10
2.867337283464567
20
-4.649579251968504
11
2.8709819291338583
21
-4.6441246456692911
0
LINE
8
BLACK
6
CONTINUOUS
10
2.8709819291338583
20
-4.6441246456692911
11
2.8756207086614172
21
-4.6394858661417322
0
LINE
8
BLACK
6
CONTINUOUS
10
2.8756207086614172
20
-4.6394858661417322
11
2.8810753149606301
21
-4.6358412204724404
0
LINE
8
BLACK
6
CONTINUOUS
10
2.8810753149606301
20
-4.6358412204724404
11
2.8871361417322836
21
-4.6333307480314962
0
LINE
8
BLACK
6
CONTINUOUS
10
2.8871361417322836
20
-4.6333307480314962
11
2.8935702755905512
21
-4.6320509055118109
0
LINE
8
BLACK
6
CONTINUOUS
10
2.8935702755905512
20
-4.6320509055118109
11
2.9001305118110237
21
-4.6320509055118109
0
LINE
8
BLACK
6
CONTINUOUS
10
2.9001305118110237
20
-4.6320509055118109
11
2.9065646456692913
21
-4.6333307480314962
0
LINE
8
BLACK
6
CONTINUOUS
10
3.0065646456692914
20
-4.6333307480314962
11
3.0126254724409449
21
-4.6358412204724404
0
LINE
8
BLACK
6
CONTINUOUS
10
3.0126254724409449
20
-4.6358412204724404
11
3.0180800787401574
21
-4.6394858661417322
0
LINE
8
BLACK
6
CONTINUOUS
10
3.0180800787401574
20
-4.6394858661417322
11
3.0227188582677162
21
-4.6441246456692911
0
LINE
8
BLACK
6
CONTINUOUS
10
3.0227188582677162
20
-4.6441246456692911
11
3.0263635039370076
21
-4.649579251968504
0
LINE
8
BLACK
6
CONTINUOUS
10
3.0263635039370076
20
-4.649579251968504
11
3.0288739763779526
21
-4.6556400787401575
0
LINE
8
BLACK
6
CONTINUOUS
10
3.0288739763779526
20
-4.6556400787401575
11
3.0301538188976376
21
-4.6620742125984247
0
LINE
8
BLACK
6
CONTINUOUS
10
3.0301538188976376
20
-4.6620742125984247
11
3.0301538188976376
21
-4.6686344488188976
0
LINE
8
BLACK
6
CONTINUOUS
10
3.0301538188976376
20
-4.6686344488188976
11
3.0288739763779526
21
-4.6750685826771656
0
LINE
8
BLACK
6
CONTINUOUS
10
3.0288739763779526
20
-4.6750685826771656
11
3.0263635039370076
21
-4.6811294094488192
0
LINE
8
BLACK
6
CONTINUOUS
10
3.0263635039370076
20
-4.6811294094488192
11
3.0227188582677162
21
-4.6865840157480312
0
LINE
8
BLACK
6
CONTINUOUS
10
3.0227188582677162
20
-4.6865840157480312
11
3.0180800787401574
21
-4.6912227952755901
0
LINE
8
BLACK
6
CONTINUOUS
10
3.0180800787401574
20
-4.6912227952755901
11
3.0126254724409449
21
-4.6948674409448818
0
LINE
8
BLACK
6
CONTINUOUS
10
3.0126254724409449
20
-4.6948674409448818
11
3.0065646456692914
21
-4.6973779133858269
0
LINE
8
BLACK
6
CONTINUOUS
10
3.0065646456692914
20
-4.6973779133858269
11
3.0001305118110237
21
-4.6986577559055114
0
LINE
8
BLACK
6
CONTINUOUS
10
3.0001305118110237
20
-4.6986577559055114
11
2.9935702755905513
21
-4.6986577559055114
0
LINE
8
BLACK
6
CONTINUOUS
10
2.9935702755905513
20
-4.6986577559055114
11
2.9871361417322833
21
-4.6973779133858269
0
LINE
8
BLACK
6
CONTINUOUS
10
2.9871361417322833
20
-4.6973779133858269
11
2.9810753149606297
21
-4.6948674409448818
0
LINE
8
BLACK
6
CONTINUOUS
10
2.9810753149606297
20
-4.6948674409448818
11
2.9756207086614173
21
-4.6912227952755901
0
LINE
8
BLACK
6
CONTINUOUS
10
2.9756207086614173
20
-4.6912227952755901
11
2.9709819291338584
21
-4.6865840157480312
0
LINE
8
BLACK
6
CONTINUOUS
10
2.9709819291338584
20
-4.6865840157480312
11
2.967337283464567
21
-4.6811294094488192
0
LINE
8
BLACK
6
CONTINUOUS
10
2.967337283464567
20
-4.6811294094488192
11
2.964826811023622
21
-4.6750685826771656
0
LINE
8
BLACK
6
CONTINUOUS
10
2.964826811023622
20
-4.6750685826771656
11
2.9635469685039371
21
-4.6686344488188976
0
LINE
8
BLACK
6
CONTINUOUS
10
2.9635469685039371
20
-4.6686344488188976
11
2.9635469685039371
21
-4.6620742125984247
0
LINE
8
BLACK
6
CONTINUOUS
10
2.9635469685039371
20
-4.6620742125984247
11
2.964826811023622
21
-4.6556400787401575
0
LINE
8
BLACK
6
CONTINUOUS
10
2.964826811023622
20
-4.6556400787401575
11
2.967337283464567
21
-4.649579251968504
0
LINE
8
BLACK
6
CONTINUOUS
10
2.967337283464567
20
-4.649579251968504
11
2.9709819291338584
21
-4.6441246456692911
0
LINE
8
BLACK
6
CONTINUOUS
10
2.9709819291338584
20
-4.6441246456692911
11
2.9756207086614173
21
-4.6394858661417322
0
LINE
8
BLACK
6
CONTINUOUS
10
2.9756207086614173
20
-4.6394858661417322
11
2.9810753149606297
21
-4.6358412204724404
0
LINE
8
BLACK
6
CONTINUOUS
10
2.9810753149606297
20
-4.6358412204724404
11
2.9871361417322833
21
-4.6333307480314962
0
LINE
8
BLACK
6
CONTINUOUS
10
2.9871361417322833
20
-4.6333307480314962
11
2.9935702755905513
21
-4.6320509055118109
0
LINE
8
BLACK
6
CONTINUOUS
10
2.9935702755905513
20
-4.6320509055118109
11
3.0001305118110237
21
-4.6320509055118109
0
LINE
8
BLACK
6
CONTINUOUS
10
3.0001305118110237
20
-4.6320509055118109
11
3.0065646456692914
21
-4.6333307480314962
0
LINE
8
BLACK
6
CONTINUOUS
10
3.1065646456692915
20
-4.6333307480314962
11
3.112625472440945
21
-4.6358412204724404
0
LINE
8
BLACK
6
CONTINUOUS
10
3.112625472440945
20
-4.6358412204724404
11
3.1180800787401575
21
-4.6394858661417322
0
LINE
8
BLACK
6
CONTINUOUS
10
3.1180800787401575
20
-4.6394858661417322
11
3.1227188582677163
21
-4.6441246456692911
0
LINE
8
BLACK
6
CONTINUOUS
10
3.1227188582677163
20
-4.6441246456692911
11
3.1263635039370077
21
-4.649579251968504
0
LINE
8
BLACK
6
CONTINUOUS
10
3.1263635039370077
20
-4.649579251968504
11
3.1288739763779527
21
-4.6556400787401575
0
LINE
8
BLACK
6
CONTINUOUS
10
3.1288739763779527
20
-4.6556400787401575
11
3.1301538188976377
21
-4.6620742125984247
0
LINE
8
BLACK
6
CONTINUOUS
10
3.1301538188976377
20
-4.6620742125984247
11
3.1301538188976377
21
-4.6686344488188976
0
LINE
8
BLACK
6
CONTINUOUS
10
3.1301538188976377
20
-4.6686344488188976
11
3.1288739763779527
21
-4.6750685826771656
0
LINE
8
BLACK
6
CONTINUOUS
10
3.1288739763779527
20
-4.6750685826771656
11
3.1263635039370077
21
-4.6811294094488192
0
LINE
8
BLACK
6
CONTINUOUS
10
3.1263635039370077
20
-4.6811294094488192
11
3.1227188582677163
21
-4.6865840157480312
0
LINE
8
BLACK
6
CONTINUOUS
10
3.1227188582677163
20
-4.6865840157480312
11
3.1180800787401575
21
-4.6912227952755901
0
LINE
8
BLACK
6
CONTINUOUS
10
3.1180800787401575
20
-4.6912227952755901
11
3.112625472440945
21
-4.6948674409448818
0
LINE
8
BLACK
6
CONTINUOUS
10
3.112625472440945
20
-4.6948674409448818
11
3.1065646456692915
21
-4.6973779133858269
0
LINE
8
BLACK
6
CONTINUOUS
10
3.1065646456692915
20
-4.6973779133858269
11
3.1001305118110234
21
-4.6986577559055114
0
LINE
8
BLACK
6
CONTINUOUS
10
3.1001305118110234
20
-4.6986577559055114
11
3.093570275590551
21
-4.6986577559055114
0
LINE
8
BLACK
6
CONTINUOUS
10
3.093570275590551
20
-4.6986577559055114
11
3.0871361417322833
21
-4.6973779133858269
0
LINE
8
BLACK
6
CONTINUOUS
10
3.0871361417322833
20
-4.6973779133858269
11
3.0810753149606298
21
-4.6948674409448818
0
LINE
8
BLACK
6
CONTINUOUS
10
3.0810753149606298
20
-4.6948674409448818
11
3.0756207086614173
21
-4.6912227952755901
0
LINE
8
BLACK
6
CONTINUOUS
10
3.0756207086614173
20
-4.6912227952755901
11
3.070981929133858
21
-4.6865840157480312
0
LINE
8
BLACK
6
CONTINUOUS
10
3.070981929133858
20
-4.6865840157480312
11
3.0673372834645667
21
-4.6811294094488192
0
LINE
8
BLACK
6
CONTINUOUS
10
3.0673372834645667
20
-4.6811294094488192
11
3.0648268110236221
21
-4.6750685826771656
0
LINE
8
BLACK
6
CONTINUOUS
10
3.0648268110236221
20
-4.6750685826771656
11
3.0635469685039372
21
-4.6686344488188976
0
LINE
8
BLACK
6
CONTINUOUS
10
3.0635469685039372
20
-4.6686344488188976
11
3.0635469685039372
21
-4.6620742125984247
0
LINE
8
BLACK
6
CONTINUOUS
10
3.0635469685039372
20
-4.6620742125984247
11
3.0648268110236221
21
-4.6556400787401575
0
LINE
8
BLACK
6
CONTINUOUS
10
3.0648268110236221
20
-4.6556400787401575
11
3.0673372834645667
21
-4.649579251968504
0
LINE
8
BLACK
6
CONTINUOUS
10
3.0673372834645667
20
-4.649579251968504
11
3.070981929133858
21
-4.6441246456692911
0
LINE
8
BLACK
6
CONTINUOUS
10
3.070981929133858
20
-4.6441246456692911
11
3.0756207086614173
21
-4.6394858661417322
0
LINE
8
BLACK
6
CONTINUOUS
10
3.0756207086614173
20
-4.6394858661417322
11
3.0810753149606298
21
-4.6358412204724404
0
LINE
8
BLACK
6
CONTINUOUS
10
3.0810753149606298
20
-4.6358412204724404
11
3.0871361417322833
21
-4.6333307480314962
0
LINE
8
BLACK
6
CONTINUOUS
10
3.0871361417322833
20
-4.6333307480314962
11
3.093570275590551
21
-4.6320509055118109
0
LINE
8
BLACK
6
CONTINUOUS
10
3.093570275590551
20
-4.6320509055118109
11
3.1001305118110234
21
-4.6320509055118109
0
LINE
8
BLACK
6
CONTINUOUS
10
3.1001305118110234
20
-4.6320509055118109
11
3.1065646456692915
21
-4.6333307480314962
0
LINE
8
BLACK
6
CONTINUOUS
10
3.3758559842519684
20
-4.6333307480314962
11
3.381916811023622
21
-4.6358412204724404
0
LINE
8
BLACK
6
CONTINUOUS
10
3.381916811023622
20
-4.6358412204724404
11
3.3873714173228344
21
-4.6394858661417322
0
LINE
8
BLACK
6
CONTINUOUS
10
3.3873714173228344
20
-4.6394858661417322
11
3.3920101968503937
21
-4.6441246456692911
0
LINE
8
BLACK
6
CONTINUOUS
10
3.3920101968503937
20
-4.6441246456692911
11
3.3956548425196851
21
-4.649579251968504
0
LINE
8
BLACK
6
CONTINUOUS
10
3.3956548425196851
20
-4.649579251968504
11
3.3981653149606297
21
-4.6556400787401575
0
LINE
8
BLACK
6
CONTINUOUS
10
3.3981653149606297
20
-4.6556400787401575
11
3.3994451574803151
21
-4.6620742125984247
0
LINE
8
BLACK
6
CONTINUOUS
10
3.3994451574803151
20
-4.6620742125984247
11
3.3994451574803151
21
-4.6686344488188976
0
LINE
8
BLACK
6
CONTINUOUS
10
3.3994451574803151
20
-4.6686344488188976
11
3.3981653149606297
21
-4.6750685826771656
0
LINE
8
BLACK
6
CONTINUOUS
10
3.3981653149606297
20
-4.6750685826771656
11
3.3956548425196851
21
-4.6811294094488192
0
LINE
8
BLACK
6
CONTINUOUS
10
3.3956548425196851
20
-4.6811294094488192
11
3.3920101968503937
21
-4.6865840157480312
0
LINE
8
BLACK
6
CONTINUOUS
10
3.3920101968503937
20
-4.6865840157480312
11
3.3873714173228344
21
-4.6912227952755901
0
LINE
8
BLACK
6
CONTINUOUS
10
3.3873714173228344
20
-4.6912227952755901
11
3.381916811023622
21
-4.6948674409448818
0
LINE
8
BLACK
6
CONTINUOUS
10
3.381916811023622
20
-4.6948674409448818
11
3.3758559842519684
21
-4.6973779133858269
0
LINE
8
BLACK
6
CONTINUOUS
10
3.3758559842519684
20
-4.6973779133858269
11
3.3694218503937008
21
-4.6986577559055114
0
LINE
8
BLACK
6
CONTINUOUS
10
3.3694218503937008
20
-4.6986577559055114
11
3.3628616141732284
21
-4.6986577559055114
0
LINE
8
BLACK
6
CONTINUOUS
10
3.3628616141732284
20
-4.6986577559055114
11
3.3564274803149607
21
-4.6973779133858269
0
LINE
8
BLACK
6
CONTINUOUS
10
3.3564274803149607
20
-4.6973779133858269
11
3.3503666535433072
21
-4.6948674409448818
0
LINE
8
BLACK
6
CONTINUOUS
10
3.3503666535433072
20
-4.6948674409448818
11
3.3449120472440943
21
-4.6912227952755901
0
LINE
8
BLACK
6
CONTINUOUS
10
3.3449120472440943
20
-4.6912227952755901
11
3.3402732677165354
21
-4.6865840157480312
0
LINE
8
BLACK
6
CONTINUOUS
10
3.3402732677165354
20
-4.6865840157480312
11
3.3366286220472441
21
-4.6811294094488192
0
LINE
8
BLACK
6
CONTINUOUS
10
3.3366286220472441
20
-4.6811294094488192
11
3.334118149606299
21
-4.6750685826771656
0
LINE
8
BLACK
6
CONTINUOUS
10
3.334118149606299
20
-4.6750685826771656
11
3.3328383070866141
21
-4.6686344488188976
0
LINE
8
BLACK
6
CONTINUOUS
10
3.3328383070866141
20
-4.6686344488188976
11
3.3328383070866141
21
-4.6620742125984247
0
LINE
8
BLACK
6
CONTINUOUS
10
3.3328383070866141
20
-4.6620742125984247
11
3.334118149606299
21
-4.6556400787401575
0
LINE
8
BLACK
6
CONTINUOUS
10
3.334118149606299
20
-4.6556400787401575
11
3.3366286220472441
21
-4.649579251968504
0
LINE
8
BLACK
6
CONTINUOUS
10
3.3366286220472441
20
-4.649579251968504
11
3.3402732677165354
21
-4.6441246456692911
0
LINE
8
BLACK
6
CONTINUOUS
10
3.3402732677165354
20
-4.6441246456692911
11
3.3449120472440943
21
-4.6394858661417322
0
LINE
8
BLACK
6
CONTINUOUS
10
3.3449120472440943
20
-4.6394858661417322
11
3.3503666535433072
21
-4.6358412204724404
0
LINE
8
BLACK
6
CONTINUOUS
10
3.3503666535433072
20
-4.6358412204724404
11
3.3564274803149607
21
-4.6333307480314962
0
LINE
8
BLACK
6
CONTINUOUS
10
3.3564274803149607
20
-4.6333307480314962
11
3.3628616141732284
21
-4.6320509055118109
0
LINE
8
BLACK
6
CONTINUOUS
10
3.3628616141732284
20
-4.6320509055118109
11
3.3694218503937008
21
-4.6320509055118109
0
LINE
8
BLACK
6
CONTINUOUS
10
3.3694218503937008
20
-4.6320509055118109
11
3.3758559842519684
21
-4.6333307480314962
0
LINE
8
BLACK
6
CONTINUOUS
10
3.4758559842519685
20
-4.6333307480314962
11
3.481916811023622
21
-4.6358412204724404
0
LINE
8
BLACK
6
CONTINUOUS
10
3.481916811023622
20
-4.6358412204724404
11
3.4873714173228345
21
-4.6394858661417322
0
LINE
8
BLACK
6
CONTINUOUS
10
3.4873714173228345
20
-4.6394858661417322
11
3.4920101968503938
21
-4.6441246456692911
0
LINE
8
BLACK
6
CONTINUOUS
10
3.4920101968503938
20
-4.6441246456692911
11
3.4956548425196852
21
-4.649579251968504
0
LINE
8
BLACK
6
CONTINUOUS
10
3.4956548425196852
20
-4.649579251968504
11
3.4981653149606298
21
-4.6556400787401575
0
LINE
8
BLACK
6
CONTINUOUS
10
3.4981653149606298
20
-4.6556400787401575
11
3.4994451574803147
21
-4.6620742125984247
0
LINE
8
BLACK
6
CONTINUOUS
10
3.4994451574803147
20
-4.6620742125984247
11
3.4994451574803147
21
-4.6686344488188976
0
LINE
8
BLACK
6
CONTINUOUS
10
3.4994451574803147
20
-4.6686344488188976
11
3.4981653149606298
21
-4.6750685826771656
0
LINE
8
BLACK
6
CONTINUOUS
10
3.4981653149606298
20
-4.6750685826771656
11
3.4956548425196852
21
-4.6811294094488192
0
LINE
8
BLACK
6
CONTINUOUS
10
3.4956548425196852
20
-4.6811294094488192
11
3.4920101968503938
21
-4.6865840157480312
0
LINE
8
BLACK
6
CONTINUOUS
10
3.4920101968503938
20
-4.6865840157480312
11
3.4873714173228345
21
-4.6912227952755901
0
LINE
8
BLACK
6
CONTINUOUS
10
3.4873714173228345
20
-4.6912227952755901
11
3.481916811023622
21
-4.6948674409448818
0
LINE
8
BLACK
6
CONTINUOUS
10
3.481916811023622
20
-4.6948674409448818
11
3.4758559842519685
21
-4.6973779133858269
0
LINE
8
BLACK
6
CONTINUOUS
10
3.4758559842519685
20
-4.6973779133858269
11
3.4694218503937009
21
-4.6986577559055114
0
LINE
8
BLACK
6
CONTINUOUS
10
3.4694218503937009
20
-4.6986577559055114
11
3.4628616141732285
21
-4.6986577559055114
0
LINE
8
BLACK
6
CONTINUOUS
10
3.4628616141732285
20
-4.6986577559055114
11
3.4564274803149604
21
-4.6973779133858269
0
LINE
8
BLACK
6
CONTINUOUS
10
3.4564274803149604
20
-4.6973779133858269
11
3.4503666535433068
21
-4.6948674409448818
0
LINE
8
BLACK
6
CONTINUOUS
10
3.4503666535433068
20
-4.6948674409448818
11
3.4449120472440944
21
-4.6912227952755901
0
LINE
8
BLACK
6
CONTINUOUS
10
3.4449120472440944
20
-4.6912227952755901
11
3.4402732677165355
21
-4.6865840157480312
0
LINE
8
BLACK
6
CONTINUOUS
10
3.4402732677165355
20
-4.6865840157480312
11
3.4366286220472442
21
-4.6811294094488192
0
LINE
8
BLACK
6
CONTINUOUS
10
3.4366286220472442
20
-4.6811294094488192
11
3.4341181496062991
21
-4.6750685826771656
0
LINE
8
BLACK
6
CONTINUOUS
10
3.4341181496062991
20
-4.6750685826771656
11
3.4328383070866142
21
-4.6686344488188976
0
LINE
8
BLACK
6
CONTINUOUS
10
3.4328383070866142
20
-4.6686344488188976
11
3.4328383070866142
21
-4.6620742125984247
0
LINE
8
BLACK
6
CONTINUOUS
10
3.4328383070866142
20
-4.6620742125984247
11
3.4341181496062991
21
-4.6556400787401575
0
LINE
8
BLACK
6
CONTINUOUS
10
3.4341181496062991
20
-4.6556400787401575
11
3.4366286220472442
21
-4.649579251968504
0
LINE
8
BLACK
6
CONTINUOUS
10
3.4366286220472442
20
-4.649579251968504
11
3.4402732677165355
21
-4.6441246456692911
0
LINE
8
BLACK
6
CONTINUOUS
10
3.4402732677165355
20
-4.6441246456692911
11
3.4449120472440944
21
-4.6394858661417322
0
LINE
8
BLACK
6
CONTINUOUS
10
3.4449120472440944
20
-4.6394858661417322
11
3.4503666535433068
21
-4.6358412204724404
0
LINE
8
BLACK
6
CONTINUOUS
10
3.4503666535433068
20
-4.6358412204724404
11
3.4564274803149604
21
-4.6333307480314962
0
LINE
8
BLACK
6
CONTINUOUS
10
3.4564274803149604
20
-4.6333307480314962
11
3.4628616141732285
21
-4.6320509055118109
0
LINE
8
BLACK
6
CONTINUOUS
10
3.4628616141732285
20
-4.6320509055118109
11
3.4694218503937009
21
-4.6320509055118109
0
LINE
8
BLACK
6
CONTINUOUS
10
3.4694218503937009
20
-4.6320509055118109
11
3.4758559842519685
21
-4.6333307480314962
0
LINE
8
BLACK
6
CONTINUOUS
10
3.5758559842519686
20
-4.6333307480314962
11
3.5819168110236221
21
-4.6358412204724404
0
LINE
8
BLACK
6
CONTINUOUS
10
3.5819168110236221
20
-4.6358412204724404
11
3.5873714173228346
21
-4.6394858661417322
0
LINE
8
BLACK
6
CONTINUOUS
10
3.5873714173228346
20
-4.6394858661417322
11
3.5920101968503935
21
-4.6441246456692911
0
LINE
8
BLACK
6
CONTINUOUS
10
3.5920101968503935
20
-4.6441246456692911
11
3.5956548425196848
21
-4.649579251968504
0
LINE
8
BLACK
6
CONTINUOUS
10
3.5956548425196848
20
-4.649579251968504
11
3.5981653149606299
21
-4.6556400787401575
0
LINE
8
BLACK
6
CONTINUOUS
10
3.5981653149606299
20
-4.6556400787401575
11
3.5994451574803148
21
-4.6620742125984247
0
LINE
8
BLACK
6
CONTINUOUS
10
3.5994451574803148
20
-4.6620742125984247
11
3.5994451574803148
21
-4.6686344488188976
0
LINE
8
BLACK
6
CONTINUOUS
10
3.5994451574803148
20
-4.6686344488188976
11
3.5981653149606299
21
-4.6750685826771656
0
LINE
8
BLACK
6
CONTINUOUS
10
3.5981653149606299
20
-4.6750685826771656
11
3.5956548425196848
21
-4.6811294094488192
0
LINE
8
BLACK
6
CONTINUOUS
10
3.5956548425196848
20
-4.6811294094488192
11
3.5920101968503935
21
-4.6865840157480312
0
LINE
8
BLACK
6
CONTINUOUS
10
3.5920101968503935
20
-4.6865840157480312
11
3.5873714173228346
21
-4.6912227952755901
0
LINE
8
BLACK
6
CONTINUOUS
10
3.5873714173228346
20
-4.6912227952755901
11
3.5819168110236221
21
-4.6948674409448818
0
LINE
8
BLACK
6
CONTINUOUS
10
3.5819168110236221
20
-4.6948674409448818
11
3.5758559842519686
21
-4.6973779133858269
0
LINE
8
BLACK
6
CONTINUOUS
10
3.5758559842519686
20
-4.6973779133858269
11
3.5694218503937005
21
-4.6986577559055114
0
LINE
8
BLACK
6
CONTINUOUS
10
3.5694218503937005
20
-4.6986577559055114
11
3.5628616141732281
21
-4.6986577559055114
0
LINE
8
BLACK
6
CONTINUOUS
10
3.5628616141732281
20
-4.6986577559055114
11
3.5564274803149605
21
-4.6973779133858269
0
LINE
8
BLACK
6
CONTINUOUS
10
3.5564274803149605
20
-4.6973779133858269
11
3.5503666535433069
21
-4.6948674409448818
0
LINE
8
BLACK
6
CONTINUOUS
10
3.5503666535433069
20
-4.6948674409448818
11
3.5449120472440945
21
-4.6912227952755901
0
LINE
8
BLACK
6
CONTINUOUS
10
3.5449120472440945
20
-4.6912227952755901
11
3.5402732677165352
21
-4.6865840157480312
0
LINE
8
BLACK
6
CONTINUOUS
10
3.5402732677165352
20
-4.6865840157480312
11
3.5366286220472438
21
-4.6811294094488192
0
LINE
8
BLACK
6
CONTINUOUS
10
3.5366286220472438
20
-4.6811294094488192
11
3.5341181496062992
21
-4.6750685826771656
0
LINE
8
BLACK
6
CONTINUOUS
10
3.5341181496062992
20
-4.6750685826771656
11
3.5328383070866143
21
-4.6686344488188976
0
LINE
8
BLACK
6
CONTINUOUS
10
3.5328383070866143
20
-4.6686344488188976
11
3.5328383070866143
21
-4.6620742125984247
0
LINE
8
BLACK
6
CONTINUOUS
10
3.5328383070866143
20
-4.6620742125984247
11
3.5341181496062992
21
-4.6556400787401575
0
LINE
8
BLACK
6
CONTINUOUS
10
3.5341181496062992
20
-4.6556400787401575
11
3.5366286220472438
21
-4.649579251968504
0
LINE
8
BLACK
6
CONTINUOUS
10
3.5366286220472438
20
-4.649579251968504
11
3.5402732677165352
21
-4.6441246456692911
0
LINE
8
BLACK
6
CONTINUOUS
10
3.5402732677165352
20
-4.6441246456692911
11
3.5449120472440945
21
-4.6394858661417322
0
LINE
8
BLACK
6
CONTINUOUS
10
3.5449120472440945
20
-4.6394858661417322
11
3.5503666535433069
21
-4.6358412204724404
0
LINE
8
BLACK
6
CONTINUOUS
10
3.5503666535433069
20
-4.6358412204724404
11
3.5564274803149605
21
-4.6333307480314962
0
LINE
8
BLACK
6
CONTINUOUS
10
3.5564274803149605
20
-4.6333307480314962
11
3.5628616141732281
21
-4.6320509055118109
0
LINE
8
BLACK
6
CONTINUOUS
10
3.5628616141732281
20
-4.6320509055118109
11
3.5694218503937005
21
-4.6320509055118109
0
LINE
8
BLACK
6
CONTINUOUS
10
3.5694218503937005
20
-4.6320509055118109
11
3.5758559842519686
21
-4.6333307480314962
0
LINE
8
BLACK
6
CONTINUOUS
10
3.6758559842519682
20
-4.6333307480314962
11
3.6819168110236218
21
-4.6358412204724404
0
LINE
8
BLACK
6
CONTINUOUS
10
3.6819168110236218
20
-4.6358412204724404
11
3.6873714173228347
21
-4.6394858661417322
0
LINE
8
BLACK
6
CONTINUOUS
10
3.6873714173228347
20
-4.6394858661417322
11
3.6920101968503936
21
-4.6441246456692911
0
LINE
8
BLACK
6
CONTINUOUS
10
3.6920101968503936
20
-4.6441246456692911
11
3.6956548425196849
21
-4.649579251968504
0
LINE
8
BLACK
6
CONTINUOUS
10
3.6956548425196849
20
-4.649579251968504
11
3.6981653149606299
21
-4.6556400787401575
0
LINE
8
BLACK
6
CONTINUOUS
10
3.6981653149606299
20
-4.6556400787401575
11
3.6994451574803149
21
-4.6620742125984247
0
LINE
8
BLACK
6
CONTINUOUS
10
3.6994451574803149
20
-4.6620742125984247
11
3.6994451574803149
21
-4.6686344488188976
0
LINE
8
BLACK
6
CONTINUOUS
10
3.6994451574803149
20
-4.6686344488188976
11
3.6981653149606299
21
-4.6750685826771656
0
LINE
8
BLACK
6
CONTINUOUS
10
3.6981653149606299
20
-4.6750685826771656
11
3.6956548425196849
21
-4.6811294094488192
0
LINE
8
BLACK
6
CONTINUOUS
10
3.6956548425196849
20
-4.6811294094488192
11
3.6920101968503936
21
-4.6865840157480312
0
LINE
8
BLACK
6
CONTINUOUS
10
3.6920101968503936
20
-4.6865840157480312
11
3.6873714173228347
21
-4.6912227952755901
0
LINE
8
BLACK
6
CONTINUOUS
10
3.6873714173228347
20
-4.6912227952755901
11
3.6819168110236218
21
-4.6948674409448818
0
LINE
8
BLACK
6
CONTINUOUS
10
3.6819168110236218
20
-4.6948674409448818
11
3.6758559842519682
21
-4.6973779133858269
0
LINE
8
BLACK
6
CONTINUOUS
10
3.6758559842519682
20
-4.6973779133858269
11
3.6694218503937006
21
-4.6986577559055114
0
LINE
8
BLACK
6
CONTINUOUS
10
3.6694218503937006
20
-4.6986577559055114
11
3.6628616141732282
21
-4.6986577559055114
0
LINE
8
BLACK
6
CONTINUOUS
10
3.6628616141732282
20
-4.6986577559055114
11
3.6564274803149606
21
-4.6973779133858269
0
LINE
8
BLACK
6
CONTINUOUS
10
3.6564274803149606
20
-4.6973779133858269
11
3.650366653543307
21
-4.6948674409448818
0
LINE
8
BLACK
6
CONTINUOUS
10
3.650366653543307
20
-4.6948674409448818
11
3.6449120472440946
21
-4.6912227952755901
0
LINE
8
BLACK
6
CONTINUOUS
10
3.6449120472440946
20
-4.6912227952755901
11
3.6402732677165353
21
-4.6865840157480312
0
LINE
8
BLACK
6
CONTINUOUS
10
3.6402732677165353
20
-4.6865840157480312
11
3.6366286220472439
21
-4.6811294094488192
0
LINE
8
BLACK
6
CONTINUOUS
10
3.6366286220472439
20
-4.6811294094488192
11
3.6341181496062993
21
-4.6750685826771656
0
LINE
8
BLACK
6
CONTINUOUS
10
3.6341181496062993
20
-4.6750685826771656
11
3.6328383070866139
21
-4.6686344488188976
0
LINE
8
BLACK
6
CONTINUOUS
10
3.6328383070866139
20
-4.6686344488188976
11
3.6328383070866139
21
-4.6620742125984247
0
LINE
8
BLACK
6
CONTINUOUS
10
3.6328383070866139
20
-4.6620742125984247
11
3.6341181496062993
21
-4.6556400787401575
0
LINE
8
BLACK
6
CONTINUOUS
10
3.6341181496062993
20
-4.6556400787401575
11
3.6366286220472439
21
-4.649579251968504
0
LINE
8
BLACK
6
CONTINUOUS
10
3.6366286220472439
20
-4.649579251968504
11
3.6402732677165353
21
-4.6441246456692911
0
LINE
8
BLACK
6
CONTINUOUS
10
3.6402732677165353
20
-4.6441246456692911
11
3.6449120472440946
21
-4.6394858661417322
0
LINE
8
BLACK
6
CONTINUOUS
10
3.6449120472440946
20
-4.6394858661417322
11
3.650366653543307
21
-4.6358412204724404
0
LINE
8
BLACK
6
CONTINUOUS
10
3.650366653543307
20
-4.6358412204724404
11
3.6564274803149606
21
-4.6333307480314962
0
LINE
8
BLACK
6
CONTINUOUS
10
3.6564274803149606
20
-4.6333307480314962
11
3.6628616141732282
21
-4.6320509055118109
0
LINE
8
BLACK
6
CONTINUOUS
10
3.6628616141732282
20
-4.6320509055118109
11
3.6694218503937006
21
-4.6320509055118109
0
LINE
8
BLACK
6
CONTINUOUS
10
3.6694218503937006
20
-4.6320509055118109
11
3.6758559842519682
21
-4.6333307480314962
0
LINE
8
BLACK
6
CONTINUOUS
10
3.7758559842519683
20
-4.6333307480314962
11
3.7819168110236219
21
-4.6358412204724404
0
LINE
8
BLACK
6
CONTINUOUS
10
3.7819168110236219
20
-4.6358412204724404
11
3.7873714173228348
21
-4.6394858661417322
0
LINE
8
BLACK
6
CONTINUOUS
10
3.7873714173228348
20
-4.6394858661417322
11
3.7920101968503936
21
-4.6441246456692911
0
LINE
8
BLACK
6
CONTINUOUS
10
3.7920101968503936
20
-4.6441246456692911
11
3.795654842519685
21
-4.649579251968504
0
LINE
8
BLACK
6
CONTINUOUS
10
3.795654842519685
20
-4.649579251968504
11
3.79816531496063
21
-4.6556400787401575
0
LINE
8
BLACK
6
CONTINUOUS
10
3.79816531496063
20
-4.6556400787401575
11
3.799445157480315
21
-4.6620742125984247
0
LINE
8
BLACK
6
CONTINUOUS
10
3.799445157480315
20
-4.6620742125984247
11
3.799445157480315
21
-4.6686344488188976
0
LINE
8
BLACK
6
CONTINUOUS
10
3.799445157480315
20
-4.6686344488188976
11
3.79816531496063
21
-4.6750685826771656
0
LINE
8
BLACK
6
CONTINUOUS
10
3.79816531496063
20
-4.6750685826771656
11
3.795654842519685
21
-4.6811294094488192
0
LINE
8
BLACK
6
CONTINUOUS
10
3.795654842519685
20
-4.6811294094488192
11
3.7920101968503936
21
-4.6865840157480312
0
LINE
8
BLACK
6
CONTINUOUS
10
3.7920101968503936
20
-4.6865840157480312
11
3.7873714173228348
21
-4.6912227952755901
0
LINE
8
BLACK
6
CONTINUOUS
10
3.7873714173228348
20
-4.6912227952755901
11
3.7819168110236219
21
-4.6948674409448818
0
LINE
8
BLACK
6
CONTINUOUS
10
3.7819168110236219
20
-4.6948674409448818
11
3.7758559842519683
21
-4.6973779133858269
0
LINE
8
BLACK
6
CONTINUOUS
10
3.7758559842519683
20
-4.6973779133858269
11
3.7694218503937007
21
-4.6986577559055114
0
LINE
8
BLACK
6
CONTINUOUS
10
3.7694218503937007
20
-4.6986577559055114
11
3.7628616141732283
21
-4.6986577559055114
0
LINE
8
BLACK
6
CONTINUOUS
10
3.7628616141732283
20
-4.6986577559055114
11
3.7564274803149607
21
-4.6973779133858269
0
LINE
8
BLACK
6
CONTINUOUS
10
3.7564274803149607
20
-4.6973779133858269
11
3.7503666535433071
21
-4.6948674409448818
0
LINE
8
BLACK
6
CONTINUOUS
10
3.7503666535433071
20
-4.6948674409448818
11
3.7449120472440942
21
-4.6912227952755901
0
LINE
8
BLACK
6
CONTINUOUS
10
3.7449120472440942
20
-4.6912227952755901
11
3.7402732677165353
21
-4.6865840157480312
0
LINE
8
BLACK
6
CONTINUOUS
10
3.7402732677165353
20
-4.6865840157480312
11
3.736628622047244
21
-4.6811294094488192
0
LINE
8
BLACK
6
CONTINUOUS
10
3.736628622047244
20
-4.6811294094488192
11
3.734118149606299
21
-4.6750685826771656
0
LINE
8
BLACK
6
CONTINUOUS
10
3.734118149606299
20
-4.6750685826771656
11
3.732838307086614
21
-4.6686344488188976
0
LINE
8
BLACK
6
CONTINUOUS
10
3.732838307086614
20
-4.6686344488188976
11
3.732838307086614
21
-4.6620742125984247
0
LINE
8
BLACK
6
CONTINUOUS
10
3.732838307086614
20
-4.6620742125984247
11
3.734118149606299
21
-4.6556400787401575
0
LINE
8
BLACK
6
CONTINUOUS
10
3.734118149606299
20
-4.6556400787401575
11
3.736628622047244
21
-4.649579251968504
0
LINE
8
BLACK
6
CONTINUOUS
10
3.736628622047244
20
-4.649579251968504
11
3.7402732677165353
21
-4.6441246456692911
0
LINE
8
BLACK
6
CONTINUOUS
10
3.7402732677165353
20
-4.6441246456692911
11
3.7449120472440942
21
-4.6394858661417322
0
LINE
8
BLACK
6
CONTINUOUS
10
3.7449120472440942
20
-4.6394858661417322
11
3.7503666535433071
21
-4.6358412204724404
0
LINE
8
BLACK
6
CONTINUOUS
10
3.7503666535433071
20
-4.6358412204724404
11
3.7564274803149607
21
-4.6333307480314962
0
LINE
8
BLACK
6
CONTINUOUS
10
3.7564274803149607
20
-4.6333307480314962
11
3.7628616141732283
21
-4.6320509055118109
0
LINE
8
BLACK
6
CONTINUOUS
10
3.7628616141732283
20
-4.6320509055118109
11
3.7694218503937007
21
-4.6320509055118109
0
LINE
8
BLACK
6
CONTINUOUS
10
3.7694218503937007
20
-4.6320509055118109
11
3.7758559842519683
21
-4.6333307480314962
0
LINE
8
BLACK
6
CONTINUOUS
10
3.8758559842519684
20
-4.6333307480314962
11
3.881916811023622
21
-4.6358412204724404
0
LINE
8
BLACK
6
CONTINUOUS
10
3.881916811023622
20
-4.6358412204724404
11
3.8873714173228344
21
-4.6394858661417322
0
LINE
8
BLACK
6
CONTINUOUS
10
3.8873714173228344
20
-4.6394858661417322
11
3.8920101968503937
21
-4.6441246456692911
0
LINE
8
BLACK
6
CONTINUOUS
10
3.8920101968503937
20
-4.6441246456692911
11
3.8956548425196851
21
-4.649579251968504
0
LINE
8
BLACK
6
CONTINUOUS
10
3.8956548425196851
20
-4.649579251968504
11
3.8981653149606297
21
-4.6556400787401575
0
LINE
8
BLACK
6
CONTINUOUS
10
3.8981653149606297
20
-4.6556400787401575
11
3.8994451574803151
21
-4.6620742125984247
0
LINE
8
BLACK
6
CONTINUOUS
10
3.8994451574803151
20
-4.6620742125984247
11
3.8994451574803151
21
-4.6686344488188976
0
LINE
8
BLACK
6
CONTINUOUS
10
3.8994451574803151
20
-4.6686344488188976
11
3.8981653149606297
21
-4.6750685826771656
0
LINE
8
BLACK
6
CONTINUOUS
10
3.8981653149606297
20
-4.6750685826771656
11
3.8956548425196851
21
-4.6811294094488192
0
LINE
8
BLACK
6
CONTINUOUS
10
3.8956548425196851
20
-4.6811294094488192
11
3.8920101968503937
21
-4.6865840157480312
0
LINE
8
BLACK
6
CONTINUOUS
10
3.8920101968503937
20
-4.6865840157480312
11
3.8873714173228344
21
-4.6912227952755901
0
LINE
8
BLACK
6
CONTINUOUS
10
3.8873714173228344
20
-4.6912227952755901
11
3.881916811023622
21
-4.6948674409448818
0
LINE
8
BLACK
6
CONTINUOUS
10
3.881916811023622
20
-4.6948674409448818
11
3.8758559842519684
21
-4.6973779133858269
0
LINE
8
BLACK
6
CONTINUOUS
10
3.8758559842519684
20
-4.6973779133858269
11
3.8694218503937008
21
-4.6986577559055114
0
LINE
8
BLACK
6
CONTINUOUS
10
3.8694218503937008
20
-4.6986577559055114
11
3.8628616141732284
21
-4.6986577559055114
0
LINE
8
BLACK
6
CONTINUOUS
10
3.8628616141732284
20
-4.6986577559055114
11
3.8564274803149607
21
-4.6973779133858269
0
LINE
8
BLACK
6
CONTINUOUS
10
3.8564274803149607
20
-4.6973779133858269
11
3.8503666535433072
21
-4.6948674409448818
0
LINE
8
BLACK
6
CONTINUOUS
10
3.8503666535433072
20
-4.6948674409448818
11
3.8449120472440943
21
-4.6912227952755901
0
LINE
8
BLACK
6
CONTINUOUS
10
3.8449120472440943
20
-4.6912227952755901
11
3.8402732677165354
21
-4.6865840157480312
0
LINE
8
BLACK
6
CONTINUOUS
10
3.8402732677165354
20
-4.6865840157480312
11
3.8366286220472441
21
-4.6811294094488192
0
LINE
8
BLACK
6
CONTINUOUS
10
3.8366286220472441
20
-4.6811294094488192
11
3.834118149606299
21
-4.6750685826771656
0
LINE
8
BLACK
6
CONTINUOUS
10
3.834118149606299
20
-4.6750685826771656
11
3.8328383070866141
21
-4.6686344488188976
0
LINE
8
BLACK
6
CONTINUOUS
10
3.8328383070866141
20
-4.6686344488188976
11
3.8328383070866141
21
-4.6620742125984247
0
LINE
8
BLACK
6
CONTINUOUS
10
3.8328383070866141
20
-4.6620742125984247
11
3.834118149606299
21
-4.6556400787401575
0
LINE
8
BLACK
6
CONTINUOUS
10
3.834118149606299
20
-4.6556400787401575
11
3.8366286220472441
21
-4.649579251968504
0
LINE
8
BLACK
6
CONTINUOUS
10
3.8366286220472441
20
-4.649579251968504
11
3.8402732677165354
21
-4.6441246456692911
0
LINE
8
BLACK
6
CONTINUOUS
10
3.8402732677165354
20
-4.6441246456692911
11
3.8449120472440943
21
-4.6394858661417322
0
LINE
8
BLACK
6
CONTINUOUS
10
3.8449120472440943
20
-4.6394858661417322
11
3.8503666535433072
21
-4.6358412204724404
0
LINE
8
BLACK
6
CONTINUOUS
10
3.8503666535433072
20
-4.6358412204724404
11
3.8564274803149607
21
-4.6333307480314962
0
LINE
8
BLACK
6
CONTINUOUS
10
3.8564274803149607
20
-4.6333307480314962
11
3.8628616141732284
21
-4.6320509055118109
0
LINE
8
BLACK
6
CONTINUOUS
10
3.8628616141732284
20
-4.6320509055118109
11
3.8694218503937008
21
-4.6320509055118109
0
LINE
8
BLACK
6
CONTINUOUS
10
3.8694218503937008
20
-4.6320509055118109
11
3.8758559842519684
21
-4.6333307480314962
0
LINE
8
BLACK
6
CONTINUOUS
10
3.9758559842519685
20
-4.6333307480314962
11
3.981916811023622
21
-4.6358412204724404
0
LINE
8
BLACK
6
CONTINUOUS
10
3.981916811023622
20
-4.6358412204724404
11
3.9873714173228345
21
-4.6394858661417322
0
LINE
8
BLACK
6
CONTINUOUS
10
3.9873714173228345
20
-4.6394858661417322
11
3.9920101968503938
21
-4.6441246456692911
0
LINE
8
BLACK
6
CONTINUOUS
10
3.9920101968503938
20
-4.6441246456692911
11
3.9956548425196852
21
-4.649579251968504
0
LINE
8
BLACK
6
CONTINUOUS
10
3.9956548425196852
20
-4.649579251968504
11
3.9981653149606298
21
-4.6556400787401575
0
LINE
8
BLACK
6
CONTINUOUS
10
3.9981653149606298
20
-4.6556400787401575
11
3.9994451574803147
21
-4.6620742125984247
0
LINE
8
BLACK
6
CONTINUOUS
10
3.9994451574803147
20
-4.6620742125984247
11
3.9994451574803147
21
-4.6686344488188976
0
LINE
8
BLACK
6
CONTINUOUS
10
3.9994451574803147
20
-4.6686344488188976
11
3.9981653149606298
21
-4.6750685826771656
0
LINE
8
BLACK
6
CONTINUOUS
10
3.9981653149606298
20
-4.6750685826771656
11
3.9956548425196852
21
-4.6811294094488192
0
LINE
8
BLACK
6
CONTINUOUS
10
3.9956548425196852
20
-4.6811294094488192
11
3.9920101968503938
21
-4.6865840157480312
0
LINE
8
BLACK
6
CONTINUOUS
10
3.9920101968503938
20
-4.6865840157480312
11
3.9873714173228345
21
-4.6912227952755901
0
LINE
8
BLACK
6
CONTINUOUS
10
3.9873714173228345
20
-4.6912227952755901
11
3.981916811023622
21
-4.6948674409448818
0
LINE
8
BLACK
6
CONTINUOUS
10
3.981916811023622
20
-4.6948674409448818
11
3.9758559842519685
21
-4.6973779133858269
0
LINE
8
BLACK
6
CONTINUOUS
10
3.9758559842519685
20
-4.6973779133858269
11
3.9694218503937009
21
-4.6986577559055114
0
LINE
8
BLACK
6
CONTINUOUS
10
3.9694218503937009
20
-4.6986577559055114
11
3.9628616141732285
21
-4.6986577559055114
0
LINE
8
BLACK
6
CONTINUOUS
10
3.9628616141732285
20
-4.6986577559055114
11
3.9564274803149604
21
-4.6973779133858269
0
LINE
8
BLACK
6
CONTINUOUS
10
3.9564274803149604
20
-4.6973779133858269
11
3.9503666535433068
21
-4.6948674409448818
0
LINE
8
BLACK
6
CONTINUOUS
10
3.9503666535433068
20
-4.6948674409448818
11
3.9449120472440944
21
-4.6912227952755901
0
LINE
8
BLACK
6
CONTINUOUS
10
3.9449120472440944
20
-4.6912227952755901
11
3.9402732677165355
21
-4.6865840157480312
0
LINE
8
BLACK
6
CONTINUOUS
10
3.9402732677165355
20
-4.6865840157480312
11
3.9366286220472442
21
-4.6811294094488192
0
LINE
8
BLACK
6
CONTINUOUS
10
3.9366286220472442
20
-4.6811294094488192
11
3.9341181496062991
21
-4.6750685826771656
0
LINE
8
BLACK
6
CONTINUOUS
10
3.9341181496062991
20
-4.6750685826771656
11
3.9328383070866142
21
-4.6686344488188976
0
LINE
8
BLACK
6
CONTINUOUS
10
3.9328383070866142
20
-4.6686344488188976
11
3.9328383070866142
21
-4.6620742125984247
0
LINE
8
BLACK
6
CONTINUOUS
10
3.9328383070866142
20
-4.6620742125984247
11
3.9341181496062991
21
-4.6556400787401575
0
LINE
8
BLACK
6
CONTINUOUS
10
3.9341181496062991
20
-4.6556400787401575
11
3.9366286220472442
21
-4.649579251968504
0
LINE
8
BLACK
6
CONTINUOUS
10
3.9366286220472442
20
-4.649579251968504
11
3.9402732677165355
21
-4.6441246456692911
0
LINE
8
BLACK
6
CONTINUOUS
10
3.9402732677165355
20
-4.6441246456692911
11
3.9449120472440944
21
-4.6394858661417322
0
LINE
8
BLACK
6
CONTINUOUS
10
3.9449120472440944
20
-4.6394858661417322
11
3.9503666535433068
21
-4.6358412204724404
0
LINE
8
BLACK
6
CONTINUOUS
10
3.9503666535433068
20
-4.6358412204724404
11
3.9564274803149604
21
-4.6333307480314962
0
LINE
8
BLACK
6
CONTINUOUS
10
3.9564274803149604
20
-4.6333307480314962
11
3.9628616141732285
21
-4.6320509055118109
0
LINE
8
BLACK
6
CONTINUOUS
10
3.9628616141732285
20
-4.6320509055118109
11
3.9694218503937009
21
-4.6320509055118109
0
LINE
8
BLACK
6
CONTINUOUS
10
3.9694218503937009
20
-4.6320509055118109
11
3.9758559842519685
21
-4.6333307480314962
0
LINE
8
BLACK
6
CONTINUOUS
10
4.0758559842519686
20
-4.6333307480314962
11
4.0819168110236221
21
-4.6358412204724404
0
LINE
8
BLACK
6
CONTINUOUS
10
4.0819168110236221
20
-4.6358412204724404
11
4.0873714173228342
21
-4.6394858661417322
0
LINE
8
BLACK
6
CONTINUOUS
10
4.0873714173228342
20
-4.6394858661417322
11
4.0920101968503939
21
-4.6441246456692911
0
LINE
8
BLACK
6
CONTINUOUS
10
4.0920101968503939
20
-4.6441246456692911
11
4.0956548425196848
21
-4.649579251968504
0
LINE
8
BLACK
6
CONTINUOUS
10
4.0956548425196848
20
-4.649579251968504
11
4.0981653149606299
21
-4.6556400787401575
0
LINE
8
BLACK
6
CONTINUOUS
10
4.0981653149606299
20
-4.6556400787401575
11
4.0994451574803152
21
-4.6620742125984247
0
LINE
8
BLACK
6
CONTINUOUS
10
4.0994451574803152
20
-4.6620742125984247
11
4.0994451574803152
21
-4.6686344488188976
0
LINE
8
BLACK
6
CONTINUOUS
10
4.0994451574803152
20
-4.6686344488188976
11
4.0981653149606299
21
-4.6750685826771656
0
LINE
8
BLACK
6
CONTINUOUS
10
4.0981653149606299
20
-4.6750685826771656
11
4.0956548425196848
21
-4.6811294094488192
0
LINE
8
BLACK
6
CONTINUOUS
10
4.0956548425196848
20
-4.6811294094488192
11
4.0920101968503939
21
-4.6865840157480312
0
LINE
8
BLACK
6
CONTINUOUS
10
4.0920101968503939
20
-4.6865840157480312
11
4.0873714173228342
21
-4.6912227952755901
0
LINE
8
BLACK
6
CONTINUOUS
10
4.0873714173228342
20
-4.6912227952755901
11
4.0819168110236221
21
-4.6948674409448818
0
LINE
8
BLACK
6
CONTINUOUS
10
4.0819168110236221
20
-4.6948674409448818
11
4.0758559842519686
21
-4.6973779133858269
0
LINE
8
BLACK
6
CONTINUOUS
10
4.0758559842519686
20
-4.6973779133858269
11
4.0694218503937005
21
-4.6986577559055114
0
LINE
8
BLACK
6
CONTINUOUS
10
4.0694218503937005
20
-4.6986577559055114
11
4.0628616141732286
21
-4.6986577559055114
0
LINE
8
BLACK
6
CONTINUOUS
10
4.0628616141732286
20
-4.6986577559055114
11
4.0564274803149605
21
-4.6973779133858269
0
LINE
8
BLACK
6
CONTINUOUS
10
4.0564274803149605
20
-4.6973779133858269
11
4.0503666535433069
21
-4.6948674409448818
0
LINE
8
BLACK
6
CONTINUOUS
10
4.0503666535433069
20
-4.6948674409448818
11
4.044912047244094
21
-4.6912227952755901
0
LINE
8
BLACK
6
CONTINUOUS
10
4.044912047244094
20
-4.6912227952755901
11
4.0402732677165352
21
-4.6865840157480312
0
LINE
8
BLACK
6
CONTINUOUS
10
4.0402732677165352
20
-4.6865840157480312
11
4.0366286220472443
21
-4.6811294094488192
0
LINE
8
BLACK
6
CONTINUOUS
10
4.0366286220472443
20
-4.6811294094488192
11
4.0341181496062992
21
-4.6750685826771656
0
LINE
8
BLACK
6
CONTINUOUS
10
4.0341181496062992
20
-4.6750685826771656
11
4.0328383070866138
21
-4.6686344488188976
0
LINE
8
BLACK
6
CONTINUOUS
10
4.0328383070866138
20
-4.6686344488188976
11
4.0328383070866138
21
-4.6620742125984247
0
LINE
8
BLACK
6
CONTINUOUS
10
4.0328383070866138
20
-4.6620742125984247
11
4.0341181496062992
21
-4.6556400787401575
0
LINE
8
BLACK
6
CONTINUOUS
10
4.0341181496062992
20
-4.6556400787401575
11
4.0366286220472443
21
-4.649579251968504
0
LINE
8
BLACK
6
CONTINUOUS
10
4.0366286220472443
20
-4.649579251968504
11
4.0402732677165352
21
-4.6441246456692911
0
LINE
8
BLACK
6
CONTINUOUS
10
4.0402732677165352
20
-4.6441246456692911
11
4.044912047244094
21
-4.6394858661417322
0
LINE
8
BLACK
6
CONTINUOUS
10
4.044912047244094
20
-4.6394858661417322
11
4.0503666535433069
21
-4.6358412204724404
0
LINE
8
BLACK
6
CONTINUOUS
10
4.0503666535433069
20
-4.6358412204724404
11
4.0564274803149605
21
-4.6333307480314962
0
LINE
8
BLACK
6
CONTINUOUS
10
4.0564274803149605
20
-4.6333307480314962
11
4.0628616141732286
21
-4.6320509055118109
0
LINE
8
BLACK
6
CONTINUOUS
10
4.0628616141732286
20
-4.6320509055118109
11
4.0694218503937005
21
-4.6320509055118109
0
LINE
8
BLACK
6
CONTINUOUS
10
4.0694218503937005
20
-4.6320509055118109
11
4.0758559842519686
21
-4.6333307480314962
0
LINE
8
BLACK
6
CONTINUOUS
10
4.1758559842519682
20
-4.6333307480314962
11
4.1819168110236218
21
-4.6358412204724404
0
LINE
8
BLACK
6
CONTINUOUS
10
4.1819168110236218
20
-4.6358412204724404
11
4.1873714173228347
21
-4.6394858661417322
0
LINE
8
BLACK
6
CONTINUOUS
10
4.1873714173228347
20
-4.6394858661417322
11
4.1920101968503936
21
-4.6441246456692911
0
LINE
8
BLACK
6
CONTINUOUS
10
4.1920101968503936
20
-4.6441246456692911
11
4.1956548425196853
21
-4.649579251968504
0
LINE
8
BLACK
6
CONTINUOUS
10
4.1956548425196853
20
-4.649579251968504
11
4.1981653149606295
21
-4.6556400787401575
0
LINE
8
BLACK
6
CONTINUOUS
10
4.1981653149606295
20
-4.6556400787401575
11
4.1994451574803149
21
-4.6620742125984247
0
LINE
8
BLACK
6
CONTINUOUS
10
4.1994451574803149
20
-4.6620742125984247
11
4.1994451574803149
21
-4.6686344488188976
0
LINE
8
BLACK
6
CONTINUOUS
10
4.1994451574803149
20
-4.6686344488188976
11
4.1981653149606295
21
-4.6750685826771656
0
LINE
8
BLACK
6
CONTINUOUS
10
4.1981653149606295
20
-4.6750685826771656
11
4.1956548425196853
21
-4.6811294094488192
0
LINE
8
BLACK
6
CONTINUOUS
10
4.1956548425196853
20
-4.6811294094488192
11
4.1920101968503936
21
-4.6865840157480312
0
LINE
8
BLACK
6
CONTINUOUS
10
4.1920101968503936
20
-4.6865840157480312
11
4.1873714173228347
21
-4.6912227952755901
0
LINE
8
BLACK
6
CONTINUOUS
10
4.1873714173228347
20
-4.6912227952755901
11
4.1819168110236218
21
-4.6948674409448818
0
LINE
8
BLACK
6
CONTINUOUS
10
4.1819168110236218
20
-4.6948674409448818
11
4.1758559842519682
21
-4.6973779133858269
0
LINE
8
BLACK
6
CONTINUOUS
10
4.1758559842519682
20
-4.6973779133858269
11
4.1694218503937011
21
-4.6986577559055114
0
LINE
8
BLACK
6
CONTINUOUS
10
4.1694218503937011
20
-4.6986577559055114
11
4.1628616141732282
21
-4.6986577559055114
0
LINE
8
BLACK
6
CONTINUOUS
10
4.1628616141732282
20
-4.6986577559055114
11
4.1564274803149601
21
-4.6973779133858269
0
LINE
8
BLACK
6
CONTINUOUS
10
4.1564274803149601
20
-4.6973779133858269
11
4.1503666535433066
21
-4.6948674409448818
0
LINE
8
BLACK
6
CONTINUOUS
10
4.1503666535433066
20
-4.6948674409448818
11
4.1449120472440946
21
-4.6912227952755901
0
LINE
8
BLACK
6
CONTINUOUS
10
4.1449120472440946
20
-4.6912227952755901
11
4.1402732677165357
21
-4.6865840157480312
0
LINE
8
BLACK
6
CONTINUOUS
10
4.1402732677165357
20
-4.6865840157480312
11
4.1366286220472439
21
-4.6811294094488192
0
LINE
8
BLACK
6
CONTINUOUS
10
4.1366286220472439
20
-4.6811294094488192
11
4.1341181496062989
21
-4.6750685826771656
0
LINE
8
BLACK
6
CONTINUOUS
10
4.1341181496062989
20
-4.6750685826771656
11
4.1328383070866144
21
-4.6686344488188976
0
LINE
8
BLACK
6
CONTINUOUS
10
4.1328383070866144
20
-4.6686344488188976
11
4.1328383070866144
21
-4.6620742125984247
0
LINE
8
BLACK
6
CONTINUOUS
10
4.1328383070866144
20
-4.6620742125984247
11
4.1341181496062989
21
-4.6556400787401575
0
LINE
8
BLACK
6
CONTINUOUS
10
4.1341181496062989
20
-4.6556400787401575
11
4.1366286220472439
21
-4.649579251968504
0
LINE
8
BLACK
6
CONTINUOUS
10
4.1366286220472439
20
-4.649579251968504
11
4.1402732677165357
21
-4.6441246456692911
0
LINE
8
BLACK
6
CONTINUOUS
10
4.1402732677165357
20
-4.6441246456692911
11
4.1449120472440946
21
-4.6394858661417322
0
LINE
8
BLACK
6
CONTINUOUS
10
4.1449120472440946
20
-4.6394858661417322
11
4.1503666535433066
21
-4.6358412204724404
0
LINE
8
BLACK
6
CONTINUOUS
10
4.1503666535433066
20
-4.6358412204724404
11
4.1564274803149601
21
-4.6333307480314962
0
LINE
8
BLACK
6
CONTINUOUS
10
4.1564274803149601
20
-4.6333307480314962
11
4.1628616141732282
21
-4.6320509055118109
0
LINE
8
BLACK
6
CONTINUOUS
10
4.1628616141732282
20
-4.6320509055118109
11
4.1694218503937011
21
-4.6320509055118109
0
LINE
8
BLACK
6
CONTINUOUS
10
4.1694218503937011
20
-4.6320509055118109
11
4.1758559842519682
21
-4.6333307480314962
0
LINE
8
BLACK
6
CONTINUOUS
10
4.2758559842519688
20
-4.6333307480314962
11
4.2819168110236223
21
-4.6358412204724404
0
LINE
8
BLACK
6
CONTINUOUS
10
4.2819168110236223
20
-4.6358412204724404
11
4.2873714173228343
21
-4.6394858661417322
0
LINE
8
BLACK
6
CONTINUOUS
10
4.2873714173228343
20
-4.6394858661417322
11
4.2920101968503932
21
-4.6441246456692911
0
LINE
8
BLACK
6
CONTINUOUS
10
4.2920101968503932
20
-4.6441246456692911
11
4.295654842519685
21
-4.649579251968504
0
LINE
8
BLACK
6
CONTINUOUS
10
4.295654842519685
20
-4.649579251968504
11
4.29816531496063
21
-4.6556400787401575
0
LINE
8
BLACK
6
CONTINUOUS
10
4.29816531496063
20
-4.6556400787401575
11
4.2994451574803145
21
-4.6620742125984247
0
LINE
8
BLACK
6
CONTINUOUS
10
4.2994451574803145
20
-4.6620742125984247
11
4.2994451574803145
21
-4.6686344488188976
0
LINE
8
BLACK
6
CONTINUOUS
10
4.2994451574803145
20
-4.6686344488188976
11
4.29816531496063
21
-4.6750685826771656
0
LINE
8
BLACK
6
CONTINUOUS
10
4.29816531496063
20
-4.6750685826771656
11
4.295654842519685
21
-4.6811294094488192
0
LINE
8
BLACK
6
CONTINUOUS
10
4.295654842519685
20
-4.6811294094488192
11
4.2920101968503932
21
-4.6865840157480312
0
LINE
8
BLACK
6
CONTINUOUS
10
4.2920101968503932
20
-4.6865840157480312
11
4.2873714173228343
21
-4.6912227952755901
0
LINE
8
BLACK
6
CONTINUOUS
10
4.2873714173228343
20
-4.6912227952755901
11
4.2819168110236223
21
-4.6948674409448818
0
LINE
8
BLACK
6
CONTINUOUS
10
4.2819168110236223
20
-4.6948674409448818
11
4.2758559842519688
21
-4.6973779133858269
0
LINE
8
BLACK
6
CONTINUOUS
10
4.2758559842519688
20
-4.6973779133858269
11
4.2694218503937007
21
-4.6986577559055114
0
LINE
8
BLACK
6
CONTINUOUS
10
4.2694218503937007
20
-4.6986577559055114
11
4.2628616141732278
21
-4.6986577559055114
0
LINE
8
BLACK
6
CONTINUOUS
10
4.2628616141732278
20
-4.6986577559055114
11
4.2564274803149607
21
-4.6973779133858269
0
LINE
8
BLACK
6
CONTINUOUS
10
4.2564274803149607
20
-4.6973779133858269
11
4.2503666535433071
21
-4.6948674409448818
0
LINE
8
BLACK
6
CONTINUOUS
10
4.2503666535433071
20
-4.6948674409448818
11
4.2449120472440942
21
-4.6912227952755901
0
LINE
8
BLACK
6
CONTINUOUS
10
4.2449120472440942
20
-4.6912227952755901
11
4.2402732677165353
21
-4.6865840157480312
0
LINE
8
BLACK
6
CONTINUOUS
10
4.2402732677165353
20
-4.6865840157480312
11
4.2366286220472444
21
-4.6811294094488192
0
LINE
8
BLACK
6
CONTINUOUS
10
4.2366286220472444
20
-4.6811294094488192
11
4.2341181496062994
21
-4.6750685826771656
0
LINE
8
BLACK
6
CONTINUOUS
10
4.2341181496062994
20
-4.6750685826771656
11
4.232838307086614
21
-4.6686344488188976
0
LINE
8
BLACK
6
CONTINUOUS
10
4.232838307086614
20
-4.6686344488188976
11
4.232838307086614
21
-4.6620742125984247
0
LINE
8
BLACK
6
CONTINUOUS
10
4.232838307086614
20
-4.6620742125984247
11
4.2341181496062994
21
-4.6556400787401575
0
LINE
8
BLACK
6
CONTINUOUS
10
4.2341181496062994
20
-4.6556400787401575
11
4.2366286220472444
21
-4.649579251968504
0
LINE
8
BLACK
6
CONTINUOUS
10
4.2366286220472444
20
-4.649579251968504
11
4.2402732677165353
21
-4.6441246456692911
0
LINE
8
BLACK
6
CONTINUOUS
10
4.2402732677165353
20
-4.6441246456692911
11
4.2449120472440942
21
-4.6394858661417322
0
LINE
8
BLACK
6
CONTINUOUS
10
4.2449120472440942
20
-4.6394858661417322
11
4.2503666535433071
21
-4.6358412204724404
0
LINE
8
BLACK
6
CONTINUOUS
10
4.2503666535433071
20
-4.6358412204724404
11
4.2564274803149607
21
-4.6333307480314962
0
LINE
8
BLACK
6
CONTINUOUS
10
4.2564274803149607
20
-4.6333307480314962
11
4.2628616141732278
21
-4.6320509055118109
0
LINE
8
BLACK
6
CONTINUOUS
10
4.2628616141732278
20
-4.6320509055118109
11
4.2694218503937007
21
-4.6320509055118109
0
LINE
8
BLACK
6
CONTINUOUS
10
4.2694218503937007
20
-4.6320509055118109
11
4.2758559842519688
21
-4.6333307480314962
0
LINE
8
BLACK
6
CONTINUOUS
10
3.6269685039370079
20
-4.5679133858267713
11
3.5935039370078741
21
-4.5679133858267713
0
LINE
8
BLACK
6
CONTINUOUS
10
3.5935039370078741
20
-4.5679133858267713
11
3.5935039370078741
21
-4.534448818897638
0
LINE
8
BLACK
6
CONTINUOUS
10
3.5935039370078741
20
-4.534448818897638
11
3.6269685039370079
21
-4.534448818897638
0
LINE
8
BLACK
6
CONTINUOUS
10
3.6269685039370079
20
-4.534448818897638
11
3.6269685039370079
21
-4.5679133858267713
0
LINE
8
BLACK
6
CONTINUOUS
10
3.3100393700787403
20
-4.5531496062992121
11
3.2431102362204722
21
-4.5531496062992121
0
LINE
8
BLACK
6
CONTINUOUS
10
3.2431102362204722
20
-4.5531496062992121
11
3.2431102362204722
21
-4.4862204724409445
0
LINE
8
BLACK
6
CONTINUOUS
10
3.2431102362204722
20
-4.4862204724409445
11
3.3100393700787403
21
-4.4862204724409445
0
LINE
8
BLACK
6
CONTINUOUS
10
3.3100393700787403
20
-4.4862204724409445
11
3.3100393700787403
21
-4.5531496062992121
0
LINE
8
BLACK
6
CONTINUOUS
10
3.0862890551181104
20
-4.4876614566929129
11
3.0923498818897639
21
-4.490171929133858
0
LINE
8
BLACK
6
CONTINUOUS
10
3.0923498818897639
20
-4.490171929133858
11
3.0978044881889764
21
-4.4938165748031498
0
LINE
8
BLACK
6
CONTINUOUS
10
3.0978044881889764
20
-4.4938165748031498
11
3.1024432677165352
21
-4.4984553543307086
0
LINE
8
BLACK
6
CONTINUOUS
10
3.1024432677165352
20
-4.4984553543307086
11
3.1060879133858266
21
-4.5039099606299215
0
LINE
8
BLACK
6
CONTINUOUS
10
3.1060879133858266
20
-4.5039099606299215
11
3.1085983858267716
21
-4.5099707874015751
0
LINE
8
BLACK
6
CONTINUOUS
10
3.1085983858267716
20
-4.5099707874015751
11
3.1098782283464566
21
-4.5164049212598423
0
LINE
8
BLACK
6
CONTINUOUS
10
3.1098782283464566
20
-4.5164049212598423
11
3.1098782283464566
21
-4.5229651574803151
0
LINE
8
BLACK
6
CONTINUOUS
10
3.1098782283464566
20
-4.5229651574803151
11
3.1085983858267716
21
-4.5293992913385823
0
LINE
8
BLACK
6
CONTINUOUS
10
3.1085983858267716
20
-4.5293992913385823
11
3.1060879133858266
21
-4.5354601181102359
0
LINE
8
BLACK
6
CONTINUOUS
10
3.1060879133858266
20
-4.5354601181102359
11
3.1024432677165352
21
-4.5409147244094488
0
LINE
8
BLACK
6
CONTINUOUS
10
3.1024432677165352
20
-4.5409147244094488
11
3.0978044881889764
21
-4.5455535039370076
0
LINE
8
BLACK
6
CONTINUOUS
10
3.0978044881889764
20
-4.5455535039370076
11
3.0923498818897639
21
-4.5491981496062994
0
LINE
8
BLACK
6
CONTINUOUS
10
3.0923498818897639
20
-4.5491981496062994
11
3.0862890551181104
21
-4.5517086220472436
0
LINE
8
BLACK
6
CONTINUOUS
10
3.0862890551181104
20
-4.5517086220472436
11
3.0798549212598423
21
-4.552988464566929
0
LINE
8
BLACK
6
CONTINUOUS
10
3.0798549212598423
20
-4.552988464566929
11
3.0732946850393699
21
-4.552988464566929
0
LINE
8
BLACK
6
CONTINUOUS
10
3.0732946850393699
20
-4.552988464566929
11
3.0668605511811022
21
-4.5517086220472436
0
LINE
8
BLACK
6
CONTINUOUS
10
3.0668605511811022
20
-4.5517086220472436
11
3.0607997244094487
21
-4.5491981496062994
0
LINE
8
BLACK
6
CONTINUOUS
10
3.0607997244094487
20
-4.5491981496062994
11
3.0553451181102362
21
-4.5455535039370076
0
LINE
8
BLACK
6
CONTINUOUS
10
3.0553451181102362
20
-4.5455535039370076
11
3.0507063385826769
21
-4.5409147244094488
0
LINE
8
BLACK
6
CONTINUOUS
10
3.0507063385826769
20
-4.5409147244094488
11
3.0470616929133856
21
-4.5354601181102359
0
LINE
8
BLACK
6
CONTINUOUS
10
3.0470616929133856
20
-4.5354601181102359
11
3.044551220472441
21
-4.5293992913385823
0
LINE
8
BLACK
6
CONTINUOUS
10
3.044551220472441
20
-4.5293992913385823
11
3.043271377952756
21
-4.5229651574803151
0
LINE
8
BLACK
6
CONTINUOUS
10
3.043271377952756
20
-4.5229651574803151
11
3.043271377952756
21
-4.5164049212598423
0
LINE
8
BLACK
6
CONTINUOUS
10
3.043271377952756
20
-4.5164049212598423
11
3.044551220472441
21
-4.5099707874015751
0
LINE
8
BLACK
6
CONTINUOUS
10
3.044551220472441
20
-4.5099707874015751
11
3.0470616929133856
21
-4.5039099606299215
0
LINE
8
BLACK
6
CONTINUOUS
10
3.0470616929133856
20
-4.5039099606299215
11
3.0507063385826769
21
-4.4984553543307086
0
LINE
8
BLACK
6
CONTINUOUS
10
3.0507063385826769
20
-4.4984553543307086
11
3.0553451181102362
21
-4.4938165748031498
0
LINE
8
BLACK
6
CONTINUOUS
10
3.0553451181102362
20
-4.4938165748031498
11
3.0607997244094487
21
-4.490171929133858
0
LINE
8
BLACK
6
CONTINUOUS
10
3.0607997244094487
20
-4.490171929133858
11
3.0668605511811022
21
-4.4876614566929129
0
LINE
8
BLACK
6
CONTINUOUS
10
3.0668605511811022
20
-4.4876614566929129
11
3.0732946850393699
21
-4.4863816141732284
0
LINE
8
BLACK
6
CONTINUOUS
10
3.0732946850393699
20
-4.4863816141732284
11
3.0798549212598423
21
-4.4863816141732284
0
LINE
8
BLACK
6
CONTINUOUS
10
3.0798549212598423
20
-4.4863816141732284
11
3.0862890551181104
21
-4.4876614566929129
0
LINE
8
BLACK
6
CONTINUOUS
10
3.18628905511811
20
-4.4876614566929129
11
3.1923498818897635
21
-4.490171929133858
0
LINE
8
BLACK
6
CONTINUOUS
10
3.1923498818897635
20
-4.490171929133858
11
3.1978044881889764
21
-4.4938165748031498
0
LINE
8
BLACK
6
CONTINUOUS
10
3.1978044881889764
20
-4.4938165748031498
11
3.2024432677165353
21
-4.4984553543307086
0
LINE
8
BLACK
6
CONTINUOUS
10
3.2024432677165353
20
-4.4984553543307086
11
3.2060879133858267
21
-4.5039099606299215
0
LINE
8
BLACK
6
CONTINUOUS
10
3.2060879133858267
20
-4.5039099606299215
11
3.2085983858267717
21
-4.5099707874015751
0
LINE
8
BLACK
6
CONTINUOUS
10
3.2085983858267717
20
-4.5099707874015751
11
3.2098782283464566
21
-4.5164049212598423
0
LINE
8
BLACK
6
CONTINUOUS
10
3.2098782283464566
20
-4.5164049212598423
11
3.2098782283464566
21
-4.5229651574803151
0
LINE
8
BLACK
6
CONTINUOUS
10
3.2098782283464566
20
-4.5229651574803151
11
3.2085983858267717
21
-4.5293992913385823
0
LINE
8
BLACK
6
CONTINUOUS
10
3.2085983858267717
20
-4.5293992913385823
11
3.2060879133858267
21
-4.5354601181102359
0
LINE
8
BLACK
6
CONTINUOUS
10
3.2060879133858267
20
-4.5354601181102359
11
3.2024432677165353
21
-4.5409147244094488
0
LINE
8
BLACK
6
CONTINUOUS
10
3.2024432677165353
20
-4.5409147244094488
11
3.1978044881889764
21
-4.5455535039370076
0
LINE
8
BLACK
6
CONTINUOUS
10
3.1978044881889764
20
-4.5455535039370076
11
3.1923498818897635
21
-4.5491981496062994
0
LINE
8
BLACK
6
CONTINUOUS
10
3.1923498818897635
20
-4.5491981496062994
11
3.18628905511811
21
-4.5517086220472436
0
LINE
8
BLACK
6
CONTINUOUS
10
3.18628905511811
20
-4.5517086220472436
11
3.1798549212598424
21
-4.552988464566929
0
LINE
8
BLACK
6
CONTINUOUS
10
3.1798549212598424
20
-4.552988464566929
11
3.17329468503937
21
-4.552988464566929
0
LINE
8
BLACK
6
CONTINUOUS
10
3.17329468503937
20
-4.552988464566929
11
3.1668605511811023
21
-4.5517086220472436
0
LINE
8
BLACK
6
CONTINUOUS
10
3.1668605511811023
20
-4.5517086220472436
11
3.1607997244094488
21
-4.5491981496062994
0
LINE
8
BLACK
6
CONTINUOUS
10
3.1607997244094488
20
-4.5491981496062994
11
3.1553451181102363
21
-4.5455535039370076
0
LINE
8
BLACK
6
CONTINUOUS
10
3.1553451181102363
20
-4.5455535039370076
11
3.150706338582677
21
-4.5409147244094488
0
LINE
8
BLACK
6
CONTINUOUS
10
3.150706338582677
20
-4.5409147244094488
11
3.1470616929133857
21
-4.5354601181102359
0
LINE
8
BLACK
6
CONTINUOUS
10
3.1470616929133857
20
-4.5354601181102359
11
3.1445512204724411
21
-4.5293992913385823
0
LINE
8
BLACK
6
CONTINUOUS
10
3.1445512204724411
20
-4.5293992913385823
11
3.1432713779527557
21
-4.5229651574803151
0
LINE
8
BLACK
6
CONTINUOUS
10
3.1432713779527557
20
-4.5229651574803151
11
3.1432713779527557
21
-4.5164049212598423
0
LINE
8
BLACK
6
CONTINUOUS
10
3.1432713779527557
20
-4.5164049212598423
11
3.1445512204724411
21
-4.5099707874015751
0
LINE
8
BLACK
6
CONTINUOUS
10
3.1445512204724411
20
-4.5099707874015751
11
3.1470616929133857
21
-4.5039099606299215
0
LINE
8
BLACK
6
CONTINUOUS
10
3.1470616929133857
20
-4.5039099606299215
11
3.150706338582677
21
-4.4984553543307086
0
LINE
8
BLACK
6
CONTINUOUS
10
3.150706338582677
20
-4.4984553543307086
11
3.1553451181102363
21
-4.4938165748031498
0
LINE
8
BLACK
6
CONTINUOUS
10
3.1553451181102363
20
-4.4938165748031498
11
3.1607997244094488
21
-4.490171929133858
0
LINE
8
BLACK
6
CONTINUOUS
10
3.1607997244094488
20
-4.490171929133858
11
3.1668605511811023
21
-4.4876614566929129
0
LINE
8
BLACK
6
CONTINUOUS
10
3.1668605511811023
20
-4.4876614566929129
11
3.17329468503937
21
-4.4863816141732284
0
LINE
8
BLACK
6
CONTINUOUS
10
3.17329468503937
20
-4.4863816141732284
11
3.1798549212598424
21
-4.4863816141732284
0
LINE
8
BLACK
6
CONTINUOUS
10
3.1798549212598424
20
-4.4863816141732284
11
3.18628905511811
21
-4.4876614566929129
0
LINE
8
BLACK
6
CONTINUOUS
10
2.1801757874015748
20
-4.5035994881889767
11
2.1854254330708662
21
-4.5055575196850395
0
LINE
8
BLACK
6
CONTINUOUS
10
2.1854254330708662
20
-4.5055575196850395
11
2.1899108267716536
21
-4.5089152362204725
0
LINE
8
BLACK
6
CONTINUOUS
10
2.1899108267716536
20
-4.5089152362204725
11
2.1932685433070866
21
-4.5134006299212599
0
LINE
8
BLACK
6
CONTINUOUS
10
2.1932685433070866
20
-4.5134006299212599
11
2.1952265748031494
21
-4.5186502755905513
0
LINE
8
BLACK
6
CONTINUOUS
10
2.1952265748031494
20
-4.5186502755905513
11
2.1956764566929134
21
-4.5228346456692909
0
LINE
8
BLACK
6
CONTINUOUS
10
2.1956764566929134
20
-4.5228346456692909
11
2.1952265748031494
21
-4.5270190157480314
0
LINE
8
BLACK
6
CONTINUOUS
10
2.1952265748031494
20
-4.5270190157480314
11
2.1932685433070866
21
-4.5322686614173229
0
LINE
8
BLACK
6
CONTINUOUS
10
2.1932685433070866
20
-4.5322686614173229
11
2.1899108267716536
21
-4.5367540551181103
0
LINE
8
BLACK
6
CONTINUOUS
10
2.1899108267716536
20
-4.5367540551181103
11
2.1854254330708662
21
-4.5401117716535433
0
LINE
8
BLACK
6
CONTINUOUS
10
2.1854254330708662
20
-4.5401117716535433
11
2.1801757874015748
21
-4.5420698031496061
0
LINE
8
BLACK
6
CONTINUOUS
10
2.1801757874015748
20
-4.5420698031496061
11
2.1759914173228347
21
-4.5425196850393696
0
LINE
8
BLACK
6
CONTINUOUS
10
2.1759914173228347
20
-4.5425196850393696
11
2.1287473228346454
21
-4.5425196850393696
0
LINE
8
BLACK
6
CONTINUOUS
10
2.1287473228346454
20
-4.5425196850393696
11
2.1245629527559053
21
-4.5420698031496061
0
LINE
8
BLACK
6
CONTINUOUS
10
2.1245629527559053
20
-4.5420698031496061
11
2.1193133070866139
21
-4.5401117716535433
0
LINE
8
BLACK
6
CONTINUOUS
10
2.1193133070866139
20
-4.5401117716535433
11
2.1148279133858265
21
-4.5367540551181103
0
LINE
8
BLACK
6
CONTINUOUS
10
2.1148279133858265
20
-4.5367540551181103
11
2.1114701968503935
21
-4.5322686614173229
0
LINE
8
BLACK
6
CONTINUOUS
10
2.1114701968503935
20
-4.5322686614173229
11
2.1095121653543307
21
-4.5270190157480314
0
LINE
8
BLACK
6
CONTINUOUS
10
2.1095121653543307
20
-4.5270190157480314
11
2.1090622834645667
21
-4.5228346456692909
0
LINE
8
BLACK
6
CONTINUOUS
10
2.1090622834645667
20
-4.5228346456692909
11
2.1095121653543307
21
-4.5186502755905513
0
LINE
8
BLACK
6
CONTINUOUS
10
2.1095121653543307
20
-4.5186502755905513
11
2.1114701968503935
21
-4.5134006299212599
0
LINE
8
BLACK
6
CONTINUOUS
10
2.1114701968503935
20
-4.5134006299212599
11
2.1148279133858265
21
-4.5089152362204725
0
LINE
8
BLACK
6
CONTINUOUS
10
2.1148279133858265
20
-4.5089152362204725
11
2.1193133070866139
21
-4.5055575196850395
0
LINE
8
BLACK
6
CONTINUOUS
10
2.1193133070866139
20
-4.5055575196850395
11
2.1245629527559053
21
-4.5035994881889767
0
LINE
8
BLACK
6
CONTINUOUS
10
2.1245629527559053
20
-4.5035994881889767
11
2.1287473228346454
21
-4.5031496062992122
0
LINE
8
BLACK
6
CONTINUOUS
10
2.1287473228346454
20
-4.5031496062992122
11
2.1759914173228347
21
-4.5031496062992122
0
LINE
8
BLACK
6
CONTINUOUS
10
2.1759914173228347
20
-4.5031496062992122
11
2.1801757874015748
21
-4.5035994881889767
0
LINE
8
BLACK
6
CONTINUOUS
10
2.3644277559055116
20
-4.5035994881889767
11
2.369677401574803
21
-4.5055575196850395
0
LINE
8
BLACK
6
CONTINUOUS
10
2.369677401574803
20
-4.5055575196850395
11
2.3741627952755904
21
-4.5089152362204725
0
LINE
8
BLACK
6
CONTINUOUS
10
2.3741627952755904
20
-4.5089152362204725
11
2.3775205118110234
21
-4.5134006299212599
0
LINE
8
BLACK
6
CONTINUOUS
10
2.3775205118110234
20
-4.5134006299212599
11
2.3794785433070866
21
-4.5186502755905513
0
LINE
8
BLACK
6
CONTINUOUS
10
2.3794785433070866
20
-4.5186502755905513
11
2.3799284251968502
21
-4.5228346456692909
0
LINE
8
BLACK
6
CONTINUOUS
10
2.3799284251968502
20
-4.5228346456692909
11
2.3794785433070866
21
-4.5270190157480314
0
LINE
8
BLACK
6
CONTINUOUS
10
2.3794785433070866
20
-4.5270190157480314
11
2.3775205118110234
21
-4.5322686614173229
0
LINE
8
BLACK
6
CONTINUOUS
10
2.3775205118110234
20
-4.5322686614173229
11
2.3741627952755904
21
-4.5367540551181103
0
LINE
8
BLACK
6
CONTINUOUS
10
2.3741627952755904
20
-4.5367540551181103
11
2.369677401574803
21
-4.5401117716535433
0
LINE
8
BLACK
6
CONTINUOUS
10
2.369677401574803
20
-4.5401117716535433
11
2.3644277559055116
21
-4.5420698031496061
0
LINE
8
BLACK
6
CONTINUOUS
10
2.3644277559055116
20
-4.5420698031496061
11
2.3602433858267715
21
-4.5425196850393696
0
LINE
8
BLACK
6
CONTINUOUS
10
2.3602433858267715
20
-4.5425196850393696
11
2.3129992913385826
21
-4.5425196850393696
0
LINE
8
BLACK
6
CONTINUOUS
10
2.3129992913385826
20
-4.5425196850393696
11
2.3088149212598426
21
-4.5420698031496061
0
LINE
8
BLACK
6
CONTINUOUS
10
2.3088149212598426
20
-4.5420698031496061
11
2.3035652755905511
21
-4.5401117716535433
0
LINE
8
BLACK
6
CONTINUOUS
10
2.3035652755905511
20
-4.5401117716535433
11
2.2990798818897638
21
-4.5367540551181103
0
LINE
8
BLACK
6
CONTINUOUS
10
2.2990798818897638
20
-4.5367540551181103
11
2.2957221653543307
21
-4.5322686614173229
0
LINE
8
BLACK
6
CONTINUOUS
10
2.2957221653543307
20
-4.5322686614173229
11
2.2937641338582675
21
-4.5270190157480314
0
LINE
8
BLACK
6
CONTINUOUS
10
2.2937641338582675
20
-4.5270190157480314
11
2.2933142519685039
21
-4.5228346456692909
0
LINE
8
BLACK
6
CONTINUOUS
10
2.2933142519685039
20
-4.5228346456692909
11
2.2937641338582675
21
-4.5186502755905513
0
LINE
8
BLACK
6
CONTINUOUS
10
2.2937641338582675
20
-4.5186502755905513
11
2.2957221653543307
21
-4.5134006299212599
0
LINE
8
BLACK
6
CONTINUOUS
10
2.2957221653543307
20
-4.5134006299212599
11
2.2990798818897638
21
-4.5089152362204725
0
LINE
8
BLACK
6
CONTINUOUS
10
2.2990798818897638
20
-4.5089152362204725
11
2.3035652755905511
21
-4.5055575196850395
0
LINE
8
BLACK
6
CONTINUOUS
10
2.3035652755905511
20
-4.5055575196850395
11
2.3088149212598426
21
-4.5035994881889767
0
LINE
8
BLACK
6
CONTINUOUS
10
2.3088149212598426
20
-4.5035994881889767
11
2.3129992913385826
21
-4.5031496062992122
0
LINE
8
BLACK
6
CONTINUOUS
10
2.3129992913385826
20
-4.5031496062992122
11
2.3602433858267715
21
-4.5031496062992122
0
LINE
8
BLACK
6
CONTINUOUS
10
2.3602433858267715
20
-4.5031496062992122
11
2.3644277559055116
21
-4.5035994881889767
0
LINE
8
BLACK
6
CONTINUOUS
10
4.0591010629921263
20
-4.5167322834645667
11
4.0197309842519688
21
-4.5167322834645667
0
LINE
8
BLACK
6
CONTINUOUS
10
4.0197309842519688
20
-4.5167322834645667
11
4.0197309842519688
21
-4.4773622047244093
0
LINE
8
BLACK
6
CONTINUOUS
10
4.0197309842519688
20
-4.4773622047244093
11
4.0591010629921263
21
-4.4773622047244093
0
LINE
8
BLACK
6
CONTINUOUS
10
4.0591010629921263
20
-4.4773622047244093
11
4.0591010629921263
21
-4.5167322834645667
0
LINE
8
BLACK
6
CONTINUOUS
10
4.046949173228346
20
-4.4288606299212594
11
4.0513995275590551
21
-4.4314300393700785
0
LINE
8
BLACK
6
CONTINUOUS
10
4.0513995275590551
20
-4.4314300393700785
11
4.0550332283464563
21
-4.4350637401574806
0
LINE
8
BLACK
6
CONTINUOUS
10
4.0550332283464563
20
-4.4350637401574806
11
4.0576026377952754
21
-4.4395140944881888
0
LINE
8
BLACK
6
CONTINUOUS
10
4.0576026377952754
20
-4.4395140944881888
11
4.0589326377952757
21
-4.444477834645669
0
LINE
8
BLACK
6
CONTINUOUS
10
4.0589326377952757
20
-4.444477834645669
11
4.0589326377952757
21
-4.4496166535433073
0
LINE
8
BLACK
6
CONTINUOUS
10
4.0589326377952757
20
-4.4496166535433073
11
4.0576026377952754
21
-4.4545803937007875
0
LINE
8
BLACK
6
CONTINUOUS
10
4.0576026377952754
20
-4.4545803937007875
11
4.0550332283464563
21
-4.4590307480314957
0
LINE
8
BLACK
6
CONTINUOUS
10
4.0550332283464563
20
-4.4590307480314957
11
4.0513995275590551
21
-4.4626644488188978
0
LINE
8
BLACK
6
CONTINUOUS
10
4.0513995275590551
20
-4.4626644488188978
11
4.046949173228346
21
-4.465233858267716
0
LINE
8
BLACK
6
CONTINUOUS
10
4.046949173228346
20
-4.465233858267716
11
4.0419854330708658
21
-4.4665638582677163
0
LINE
8
BLACK
6
CONTINUOUS
10
4.0419854330708658
20
-4.4665638582677163
11
4.0368466141732284
21
-4.4665638582677163
0
LINE
8
BLACK
6
CONTINUOUS
10
4.0368466141732284
20
-4.4665638582677163
11
4.0318828740157482
21
-4.465233858267716
0
LINE
8
BLACK
6
CONTINUOUS
10
4.0318828740157482
20
-4.465233858267716
11
4.0274325196850391
21
-4.4626644488188978
0
LINE
8
BLACK
6
CONTINUOUS
10
4.0274325196850391
20
-4.4626644488188978
11
4.0237988188976379
21
-4.4590307480314957
0
LINE
8
BLACK
6
CONTINUOUS
10
4.0237988188976379
20
-4.4590307480314957
11
4.0212294094488188
21
-4.4545803937007875
0
LINE
8
BLACK
6
CONTINUOUS
10
4.0212294094488188
20
-4.4545803937007875
11
4.0198994094488185
21
-4.4496166535433073
0
LINE
8
BLACK
6
CONTINUOUS
10
4.0198994094488185
20
-4.4496166535433073
11
4.0198994094488185
21
-4.444477834645669
0
LINE
8
BLACK
6
CONTINUOUS
10
4.0198994094488185
20
-4.444477834645669
11
4.0212294094488188
21
-4.4395140944881888
0
LINE
8
BLACK
6
CONTINUOUS
10
4.0212294094488188
20
-4.4395140944881888
11
4.0237988188976379
21
-4.4350637401574806
0
LINE
8
BLACK
6
CONTINUOUS
10
4.0237988188976379
20
-4.4350637401574806
11
4.0274325196850391
21
-4.4314300393700785
0
LINE
8
BLACK
6
CONTINUOUS
10
4.0274325196850391
20
-4.4314300393700785
11
4.0318828740157482
21
-4.4288606299212594
0
LINE
8
BLACK
6
CONTINUOUS
10
4.0318828740157482
20
-4.4288606299212594
11
4.0368466141732284
21
-4.42753062992126
0
LINE
8
BLACK
6
CONTINUOUS
10
4.0368466141732284
20
-4.42753062992126
11
4.0419854330708658
21
-4.42753062992126
0
LINE
8
BLACK
6
CONTINUOUS
10
4.0419854330708658
20
-4.42753062992126
11
4.046949173228346
21
-4.4288606299212594
0
LINE
8
BLACK
6
CONTINUOUS
10
2.3450150000000001
20
-4.4386023622047244
11
2.3479967322834647
21
-4.4403238976377954
0
LINE
8
BLACK
6
CONTINUOUS
10
2.3479967322834647
20
-4.4403238976377954
11
2.3504312992125982
21
-4.4427584645669294
0
LINE
8
BLACK
6
CONTINUOUS
10
2.3504312992125982
20
-4.4427584645669294
11
2.3521528346456693
21
-4.4457401968503936
0
LINE
8
BLACK
6
CONTINUOUS
10
2.3521528346456693
20
-4.4457401968503936
11
2.353043937007874
21
-4.4490659055118114
0
LINE
8
BLACK
6
CONTINUOUS
10
2.353043937007874
20
-4.4490659055118114
11
2.353043937007874
21
-4.4525088976377951
0
LINE
8
BLACK
6
CONTINUOUS
10
2.353043937007874
20
-4.4525088976377951
11
2.3521528346456693
21
-4.4558346062992129
0
LINE
8
BLACK
6
CONTINUOUS
10
2.3521528346456693
20
-4.4558346062992129
11
2.3504312992125982
21
-4.4588163385826771
0
LINE
8
BLACK
6
CONTINUOUS
10
2.3504312992125982
20
-4.4588163385826771
11
2.3479967322834647
21
-4.461250905511811
0
LINE
8
BLACK
6
CONTINUOUS
10
2.3479967322834647
20
-4.461250905511811
11
2.3450150000000001
21
-4.4629724409448821
0
LINE
8
BLACK
6
CONTINUOUS
10
2.3450150000000001
20
-4.4629724409448821
11
2.3416892913385827
21
-4.4638635433070863
0
LINE
8
BLACK
6
CONTINUOUS
10
2.3416892913385827
20
-4.4638635433070863
11
2.3382462992125985
21
-4.4638635433070863
0
LINE
8
BLACK
6
CONTINUOUS
10
2.3382462992125985
20
-4.4638635433070863
11
2.3349205905511812
21
-4.4629724409448821
0
LINE
8
BLACK
6
CONTINUOUS
10
2.3349205905511812
20
-4.4629724409448821
11
2.3319388582677165
21
-4.461250905511811
0
LINE
8
BLACK
6
CONTINUOUS
10
2.3319388582677165
20
-4.461250905511811
11
2.3295042913385826
21
-4.4588163385826771
0
LINE
8
BLACK
6
CONTINUOUS
10
2.3295042913385826
20
-4.4588163385826771
11
2.327782755905512
21
-4.4558346062992129
0
LINE
8
BLACK
6
CONTINUOUS
10
2.327782755905512
20
-4.4558346062992129
11
2.3268916535433068
21
-4.4525088976377951
0
LINE
8
BLACK
6
CONTINUOUS
10
2.3268916535433068
20
-4.4525088976377951
11
2.3268916535433068
21
-4.4490659055118114
0
LINE
8
BLACK
6
CONTINUOUS
10
2.3268916535433068
20
-4.4490659055118114
11
2.327782755905512
21
-4.4457401968503936
0
LINE
8
BLACK
6
CONTINUOUS
10
2.327782755905512
20
-4.4457401968503936
11
2.3295042913385826
21
-4.4427584645669294
0
LINE
8
BLACK
6
CONTINUOUS
10
2.3295042913385826
20
-4.4427584645669294
11
2.3319388582677165
21
-4.4403238976377954
0
LINE
8
BLACK
6
CONTINUOUS
10
2.3319388582677165
20
-4.4403238976377954
11
2.3349205905511812
21
-4.4386023622047244
0
LINE
8
BLACK
6
CONTINUOUS
10
2.3349205905511812
20
-4.4386023622047244
11
2.3382462992125985
21
-4.4377112598425192
0
LINE
8
BLACK
6
CONTINUOUS
10
2.3382462992125985
20
-4.4377112598425192
11
2.3416892913385827
21
-4.4377112598425192
0
LINE
8
BLACK
6
CONTINUOUS
10
2.3416892913385827
20
-4.4377112598425192
11
2.3450150000000001
21
-4.4386023622047244
0
LINE
8
BLACK
6
CONTINUOUS
10
4.046949173228346
20
-4.3788606299212596
11
4.0513995275590551
21
-4.3814300393700787
0
LINE
8
BLACK
6
CONTINUOUS
10
4.0513995275590551
20
-4.3814300393700787
11
4.0550332283464563
21
-4.3850637401574799
0
LINE
8
BLACK
6
CONTINUOUS
10
4.0550332283464563
20
-4.3850637401574799
11
4.0576026377952754
21
-4.389514094488189
0
LINE
8
BLACK
6
CONTINUOUS
10
4.0576026377952754
20
-4.389514094488189
11
4.0589326377952757
21
-4.3944778346456692
0
LINE
8
BLACK
6
CONTINUOUS
10
4.0589326377952757
20
-4.3944778346456692
11
4.0589326377952757
21
-4.3996166535433066
0
LINE
8
BLACK
6
CONTINUOUS
10
4.0589326377952757
20
-4.3996166535433066
11
4.0576026377952754
21
-4.4045803937007877
0
LINE
8
BLACK
6
CONTINUOUS
10
4.0576026377952754
20
-4.4045803937007877
11
4.0550332283464563
21
-4.4090307480314959
0
LINE
8
BLACK
6
CONTINUOUS
10
4.0550332283464563
20
-4.4090307480314959
11
4.0513995275590551
21
-4.412664448818898
0
LINE
8
BLACK
6
CONTINUOUS
10
4.0513995275590551
20
-4.412664448818898
11
4.046949173228346
21
-4.4152338582677162
0
LINE
8
BLACK
6
CONTINUOUS
10
4.046949173228346
20
-4.4152338582677162
11
4.0419854330708658
21
-4.4165638582677165
0
LINE
8
BLACK
6
CONTINUOUS
10
4.0419854330708658
20
-4.4165638582677165
11
4.0368466141732284
21
-4.4165638582677165
0
LINE
8
BLACK
6
CONTINUOUS
10
4.0368466141732284
20
-4.4165638582677165
11
4.0318828740157482
21
-4.4152338582677162
0
LINE
8
BLACK
6
CONTINUOUS
10
4.0318828740157482
20
-4.4152338582677162
11
4.0274325196850391
21
-4.412664448818898
0
LINE
8
BLACK
6
CONTINUOUS
10
4.0274325196850391
20
-4.412664448818898
11
4.0237988188976379
21
-4.4090307480314959
0
LINE
8
BLACK
6
CONTINUOUS
10
4.0237988188976379
20
-4.4090307480314959
11
4.0212294094488188
21
-4.4045803937007877
0
LINE
8
BLACK
6
CONTINUOUS
10
4.0212294094488188
20
-4.4045803937007877
11
4.0198994094488185
21
-4.3996166535433066
0
LINE
8
BLACK
6
CONTINUOUS
10
4.0198994094488185
20
-4.3996166535433066
11
4.0198994094488185
21
-4.3944778346456692
0
LINE
8
BLACK
6
CONTINUOUS
10
4.0198994094488185
20
-4.3944778346456692
11
4.0212294094488188
21
-4.389514094488189
0
LINE
8
BLACK
6
CONTINUOUS
10
4.0212294094488188
20
-4.389514094488189
11
4.0237988188976379
21
-4.3850637401574799
0
LINE
8
BLACK
6
CONTINUOUS
10
4.0237988188976379
20
-4.3850637401574799
11
4.0274325196850391
21
-4.3814300393700787
0
LINE
8
BLACK
6
CONTINUOUS
10
4.0274325196850391
20
-4.3814300393700787
11
4.0318828740157482
21
-4.3788606299212596
0
LINE
8
BLACK
6
CONTINUOUS
10
4.0318828740157482
20
-4.3788606299212596
11
4.0368466141732284
21
-4.3775306299212602
0
LINE
8
BLACK
6
CONTINUOUS
10
4.0368466141732284
20
-4.3775306299212602
11
4.0419854330708658
21
-4.3775306299212602
0
LINE
8
BLACK
6
CONTINUOUS
10
4.0419854330708658
20
-4.3775306299212602
11
4.046949173228346
21
-4.3788606299212596
0
LINE
8
BLACK
6
CONTINUOUS
10
4.3797929921259842
20
-4.3278189370078737
11
4.3858538188976377
21
-4.3303294094488187
0
LINE
8
BLACK
6
CONTINUOUS
10
4.3858538188976377
20
-4.3303294094488187
11
4.3913084251968506
21
-4.3339740551181105
0
LINE
8
BLACK
6
CONTINUOUS
10
4.3913084251968506
20
-4.3339740551181105
11
4.3959472047244095
21
-4.3386128346456694
0
LINE
8
BLACK
6
CONTINUOUS
10
4.3959472047244095
20
-4.3386128346456694
11
4.3995918503937004
21
-4.3440674409448814
0
LINE
8
BLACK
6
CONTINUOUS
10
4.3995918503937004
20
-4.3440674409448814
11
4.4021023228346454
21
-4.3501282677165349
0
LINE
8
BLACK
6
CONTINUOUS
10
4.4021023228346454
20
-4.3501282677165349
11
4.4033821653543308
21
-4.356562401574803
0
LINE
8
BLACK
6
CONTINUOUS
10
4.4033821653543308
20
-4.356562401574803
11
4.4033821653543308
21
-4.3631226377952759
0
LINE
8
BLACK
6
CONTINUOUS
10
4.4033821653543308
20
-4.3631226377952759
11
4.4021023228346454
21
-4.3695567716535431
0
LINE
8
BLACK
6
CONTINUOUS
10
4.4021023228346454
20
-4.3695567716535431
11
4.3995918503937004
21
-4.3756175984251966
0
LINE
8
BLACK
6
CONTINUOUS
10
4.3995918503937004
20
-4.3756175984251966
11
4.3959472047244095
21
-4.3810722047244095
0
LINE
8
BLACK
6
CONTINUOUS
10
4.3959472047244095
20
-4.3810722047244095
11
4.3913084251968506
21
-4.3857109842519684
0
LINE
8
BLACK
6
CONTINUOUS
10
4.3913084251968506
20
-4.3857109842519684
11
4.3858538188976377
21
-4.3893556299212602
0
LINE
8
BLACK
6
CONTINUOUS
10
4.3858538188976377
20
-4.3893556299212602
11
4.3797929921259842
21
-4.3918661023622043
0
LINE
8
BLACK
6
CONTINUOUS
10
4.3797929921259842
20
-4.3918661023622043
11
4.3733588582677161
21
-4.3931459448818897
0
LINE
8
BLACK
6
CONTINUOUS
10
4.3733588582677161
20
-4.3931459448818897
11
4.3667986220472441
21
-4.3931459448818897
0
LINE
8
BLACK
6
CONTINUOUS
10
4.3667986220472441
20
-4.3931459448818897
11
4.360364488188976
21
-4.3918661023622043
0
LINE
8
BLACK
6
CONTINUOUS
10
4.360364488188976
20
-4.3918661023622043
11
4.3543036614173225
21
-4.3893556299212602
0
LINE
8
BLACK
6
CONTINUOUS
10
4.3543036614173225
20
-4.3893556299212602
11
4.3488490551181105
21
-4.3857109842519684
0
LINE
8
BLACK
6
CONTINUOUS
10
4.3488490551181105
20
-4.3857109842519684
11
4.3442102755905507
21
-4.3810722047244095
0
LINE
8
BLACK
6
CONTINUOUS
10
4.3442102755905507
20
-4.3810722047244095
11
4.3405656299212598
21
-4.3756175984251966
0
LINE
8
BLACK
6
CONTINUOUS
10
4.3405656299212598
20
-4.3756175984251966
11
4.3380551574803148
21
-4.3695567716535431
0
LINE
8
BLACK
6
CONTINUOUS
10
4.3380551574803148
20
-4.3695567716535431
11
4.3367753149606294
21
-4.3631226377952759
0
LINE
8
BLACK
6
CONTINUOUS
10
4.3367753149606294
20
-4.3631226377952759
11
4.3367753149606294
21
-4.356562401574803
0
LINE
8
BLACK
6
CONTINUOUS
10
4.3367753149606294
20
-4.356562401574803
11
4.3380551574803148
21
-4.3501282677165349
0
LINE
8
BLACK
6
CONTINUOUS
10
4.3380551574803148
20
-4.3501282677165349
11
4.3405656299212598
21
-4.3440674409448814
0
LINE
8
BLACK
6
CONTINUOUS
10
4.3405656299212598
20
-4.3440674409448814
11
4.3442102755905507
21
-4.3386128346456694
0
LINE
8
BLACK
6
CONTINUOUS
10
4.3442102755905507
20
-4.3386128346456694
11
4.3488490551181105
21
-4.3339740551181105
0
LINE
8
BLACK
6
CONTINUOUS
10
4.3488490551181105
20
-4.3339740551181105
11
4.3543036614173225
21
-4.3303294094488187
0
LINE
8
BLACK
6
CONTINUOUS
10
4.3543036614173225
20
-4.3303294094488187
11
4.360364488188976
21
-4.3278189370078737
0
LINE
8
BLACK
6
CONTINUOUS
10
4.360364488188976
20
-4.3278189370078737
11
4.3667986220472441
21
-4.3265390944881892
0
LINE
8
BLACK
6
CONTINUOUS
10
4.3667986220472441
20
-4.3265390944881892
11
4.3733588582677161
21
-4.3265390944881892
0
LINE
8
BLACK
6
CONTINUOUS
10
4.3733588582677161
20
-4.3265390944881892
11
4.3797929921259842
21
-4.3278189370078737
0
LINE
8
BLACK
6
CONTINUOUS
10
4.046949173228346
20
-4.3288606299212598
11
4.0513995275590551
21
-4.3314300393700789
0
LINE
8
BLACK
6
CONTINUOUS
10
4.0513995275590551
20
-4.3314300393700789
11
4.0550332283464563
21
-4.3350637401574801
0
LINE
8
BLACK
6
CONTINUOUS
10
4.0550332283464563
20
-4.3350637401574801
11
4.0576026377952754
21
-4.3395140944881891
0
LINE
8
BLACK
6
CONTINUOUS
10
4.0576026377952754
20
-4.3395140944881891
11
4.0589326377952757
21
-4.3444778346456694
0
LINE
8
BLACK
6
CONTINUOUS
10
4.0589326377952757
20
-4.3444778346456694
11
4.0589326377952757
21
-4.3496166535433067
0
LINE
8
BLACK
6
CONTINUOUS
10
4.0589326377952757
20
-4.3496166535433067
11
4.0576026377952754
21
-4.354580393700787
0
LINE
8
BLACK
6
CONTINUOUS
10
4.0576026377952754
20
-4.354580393700787
11
4.0550332283464563
21
-4.359030748031496
0
LINE
8
BLACK
6
CONTINUOUS
10
4.0550332283464563
20
-4.359030748031496
11
4.0513995275590551
21
-4.3626644488188973
0
LINE
8
BLACK
6
CONTINUOUS
10
4.0513995275590551
20
-4.3626644488188973
11
4.046949173228346
21
-4.3652338582677164
0
LINE
8
BLACK
6
CONTINUOUS
10
4.046949173228346
20
-4.3652338582677164
11
4.0419854330708658
21
-4.3665638582677166
0
LINE
8
BLACK
6
CONTINUOUS
10
4.0419854330708658
20
-4.3665638582677166
11
4.0368466141732284
21
-4.3665638582677166
0
LINE
8
BLACK
6
CONTINUOUS
10
4.0368466141732284
20
-4.3665638582677166
11
4.0318828740157482
21
-4.3652338582677164
0
LINE
8
BLACK
6
CONTINUOUS
10
4.0318828740157482
20
-4.3652338582677164
11
4.0274325196850391
21
-4.3626644488188973
0
LINE
8
BLACK
6
CONTINUOUS
10
4.0274325196850391
20
-4.3626644488188973
11
4.0237988188976379
21
-4.359030748031496
0
LINE
8
BLACK
6
CONTINUOUS
10
4.0237988188976379
20
-4.359030748031496
11
4.0212294094488188
21
-4.354580393700787
0
LINE
8
BLACK
6
CONTINUOUS
10
4.0212294094488188
20
-4.354580393700787
11
4.0198994094488185
21
-4.3496166535433067
0
LINE
8
BLACK
6
CONTINUOUS
10
4.0198994094488185
20
-4.3496166535433067
11
4.0198994094488185
21
-4.3444778346456694
0
LINE
8
BLACK
6
CONTINUOUS
10
4.0198994094488185
20
-4.3444778346456694
11
4.0212294094488188
21
-4.3395140944881891
0
LINE
8
BLACK
6
CONTINUOUS
10
4.0212294094488188
20
-4.3395140944881891
11
4.0237988188976379
21
-4.3350637401574801
0
LINE
8
BLACK
6
CONTINUOUS
10
4.0237988188976379
20
-4.3350637401574801
11
4.0274325196850391
21
-4.3314300393700789
0
LINE
8
BLACK
6
CONTINUOUS
10
4.0274325196850391
20
-4.3314300393700789
11
4.0318828740157482
21
-4.3288606299212598
0
LINE
8
BLACK
6
CONTINUOUS
10
4.0318828740157482
20
-4.3288606299212598
11
4.0368466141732284
21
-4.3275306299212595
0
LINE
8
BLACK
6
CONTINUOUS
10
4.0368466141732284
20
-4.3275306299212595
11
4.0419854330708658
21
-4.3275306299212595
0
LINE
8
BLACK
6
CONTINUOUS
10
4.0419854330708658
20
-4.3275306299212595
11
4.046949173228346
21
-4.3288606299212598
0
LINE
8
BLACK
6
CONTINUOUS
10
4.046949173228346
20
-4.2788606299212599
11
4.0513995275590551
21
-4.281430039370079
0
LINE
8
BLACK
6
CONTINUOUS
10
4.0513995275590551
20
-4.281430039370079
11
4.0550332283464563
21
-4.2850637401574803
0
LINE
8
BLACK
6
CONTINUOUS
10
4.0550332283464563
20
-4.2850637401574803
11
4.0576026377952754
21
-4.2895140944881893
0
LINE
8
BLACK
6
CONTINUOUS
10
4.0576026377952754
20
-4.2895140944881893
11
4.0589326377952757
21
-4.2944778346456696
0
LINE
8
BLACK
6
CONTINUOUS
10
4.0589326377952757
20
-4.2944778346456696
11
4.0589326377952757
21
-4.2996166535433069
0
LINE
8
BLACK
6
CONTINUOUS
10
4.0589326377952757
20
-4.2996166535433069
11
4.0576026377952754
21
-4.3045803937007872
0
LINE
8
BLACK
6
CONTINUOUS
10
4.0576026377952754
20
-4.3045803937007872
11
4.0550332283464563
21
-4.3090307480314962
0
LINE
8
BLACK
6
CONTINUOUS
10
4.0550332283464563
20
-4.3090307480314962
11
4.0513995275590551
21
-4.3126644488188974
0
LINE
8
BLACK
6
CONTINUOUS
10
4.0513995275590551
20
-4.3126644488188974
11
4.046949173228346
21
-4.3152338582677165
0
LINE
8
BLACK
6
CONTINUOUS
10
4.046949173228346
20
-4.3152338582677165
11
4.0419854330708658
21
-4.3165638582677168
0
LINE
8
BLACK
6
CONTINUOUS
10
4.0419854330708658
20
-4.3165638582677168
11
4.0368466141732284
21
-4.3165638582677168
0
LINE
8
BLACK
6
CONTINUOUS
10
4.0368466141732284
20
-4.3165638582677168
11
4.0318828740157482
21
-4.3152338582677165
0
LINE
8
BLACK
6
CONTINUOUS
10
4.0318828740157482
20
-4.3152338582677165
11
4.0274325196850391
21
-4.3126644488188974
0
LINE
8
BLACK
6
CONTINUOUS
10
4.0274325196850391
20
-4.3126644488188974
11
4.0237988188976379
21
-4.3090307480314962
0
LINE
8
BLACK
6
CONTINUOUS
10
4.0237988188976379
20
-4.3090307480314962
11
4.0212294094488188
21
-4.3045803937007872
0
LINE
8
BLACK
6
CONTINUOUS
10
4.0212294094488188
20
-4.3045803937007872
11
4.0198994094488185
21
-4.2996166535433069
0
LINE
8
BLACK
6
CONTINUOUS
10
4.0198994094488185
20
-4.2996166535433069
11
4.0198994094488185
21
-4.2944778346456696
0
LINE
8
BLACK
6
CONTINUOUS
10
4.0198994094488185
20
-4.2944778346456696
11
4.0212294094488188
21
-4.2895140944881893
0
LINE
8
BLACK
6
CONTINUOUS
10
4.0212294094488188
20
-4.2895140944881893
11
4.0237988188976379
21
-4.2850637401574803
0
LINE
8
BLACK
6
CONTINUOUS
10
4.0237988188976379
20
-4.2850637401574803
11
4.0274325196850391
21
-4.281430039370079
0
LINE
8
BLACK
6
CONTINUOUS
10
4.0274325196850391
20
-4.281430039370079
11
4.0318828740157482
21
-4.2788606299212599
0
LINE
8
BLACK
6
CONTINUOUS
10
4.0318828740157482
20
-4.2788606299212599
11
4.0368466141732284
21
-4.2775306299212597
0
LINE
8
BLACK
6
CONTINUOUS
10
4.0368466141732284
20
-4.2775306299212597
11
4.0419854330708658
21
-4.2775306299212597
0
LINE
8
BLACK
6
CONTINUOUS
10
4.0419854330708658
20
-4.2775306299212597
11
4.046949173228346
21
-4.2788606299212599
0
LINE
8
BLACK
6
CONTINUOUS
10
4.3797929921259842
20
-4.227818937007874
11
4.3858538188976377
21
-4.2303294094488191
0
LINE
8
BLACK
6
CONTINUOUS
10
4.3858538188976377
20
-4.2303294094488191
11
4.3913084251968506
21
-4.23397405511811
0
LINE
8
BLACK
6
CONTINUOUS
10
4.3913084251968506
20
-4.23397405511811
11
4.3959472047244095
21
-4.2386128346456688
0
LINE
8
BLACK
6
CONTINUOUS
10
4.3959472047244095
20
-4.2386128346456688
11
4.3995918503937004
21
-4.2440674409448818
0
LINE
8
BLACK
6
CONTINUOUS
10
4.3995918503937004
20
-4.2440674409448818
11
4.4021023228346454
21
-4.2501282677165353
0
LINE
8
BLACK
6
CONTINUOUS
10
4.4021023228346454
20
-4.2501282677165353
11
4.4033821653543308
21
-4.2565624015748034
0
LINE
8
BLACK
6
CONTINUOUS
10
4.4033821653543308
20
-4.2565624015748034
11
4.4033821653543308
21
-4.2631226377952753
0
LINE
8
BLACK
6
CONTINUOUS
10
4.4033821653543308
20
-4.2631226377952753
11
4.4021023228346454
21
-4.2695567716535434
0
LINE
8
BLACK
6
CONTINUOUS
10
4.4021023228346454
20
-4.2695567716535434
11
4.3995918503937004
21
-4.275617598425197
0
LINE
8
BLACK
6
CONTINUOUS
10
4.3995918503937004
20
-4.275617598425197
11
4.3959472047244095
21
-4.281072204724409
0
LINE
8
BLACK
6
CONTINUOUS
10
4.3959472047244095
20
-4.281072204724409
11
4.3913084251968506
21
-4.2857109842519687
0
LINE
8
BLACK
6
CONTINUOUS
10
4.3913084251968506
20
-4.2857109842519687
11
4.3858538188976377
21
-4.2893556299212596
0
LINE
8
BLACK
6
CONTINUOUS
10
4.3858538188976377
20
-4.2893556299212596
11
4.3797929921259842
21
-4.2918661023622047
0
LINE
8
BLACK
6
CONTINUOUS
10
4.3797929921259842
20
-4.2918661023622047
11
4.3733588582677161
21
-4.2931459448818901
0
LINE
8
BLACK
6
CONTINUOUS
10
4.3733588582677161
20
-4.2931459448818901
11
4.3667986220472441
21
-4.2931459448818901
0
LINE
8
BLACK
6
CONTINUOUS
10
4.3667986220472441
20
-4.2931459448818901
11
4.360364488188976
21
-4.2918661023622047
0
LINE
8
BLACK
6
CONTINUOUS
10
4.360364488188976
20
-4.2918661023622047
11
4.3543036614173225
21
-4.2893556299212596
0
LINE
8
BLACK
6
CONTINUOUS
10
4.3543036614173225
20
-4.2893556299212596
11
4.3488490551181105
21
-4.2857109842519687
0
LINE
8
BLACK
6
CONTINUOUS
10
4.3488490551181105
20
-4.2857109842519687
11
4.3442102755905507
21
-4.281072204724409
0
LINE
8
BLACK
6
CONTINUOUS
10
4.3442102755905507
20
-4.281072204724409
11
4.3405656299212598
21
-4.275617598425197
0
LINE
8
BLACK
6
CONTINUOUS
10
4.3405656299212598
20
-4.275617598425197
11
4.3380551574803148
21
-4.2695567716535434
0
LINE
8
BLACK
6
CONTINUOUS
10
4.3380551574803148
20
-4.2695567716535434
11
4.3367753149606294
21
-4.2631226377952753
0
LINE
8
BLACK
6
CONTINUOUS
10
4.3367753149606294
20
-4.2631226377952753
11
4.3367753149606294
21
-4.2565624015748034
0
LINE
8
BLACK
6
CONTINUOUS
10
4.3367753149606294
20
-4.2565624015748034
11
4.3380551574803148
21
-4.2501282677165353
0
LINE
8
BLACK
6
CONTINUOUS
10
4.3380551574803148
20
-4.2501282677165353
11
4.3405656299212598
21
-4.2440674409448818
0
LINE
8
BLACK
6
CONTINUOUS
10
4.3405656299212598
20
-4.2440674409448818
11
4.3442102755905507
21
-4.2386128346456688
0
LINE
8
BLACK
6
CONTINUOUS
10
4.3442102755905507
20
-4.2386128346456688
11
4.3488490551181105
21
-4.23397405511811
0
LINE
8
BLACK
6
CONTINUOUS
10
4.3488490551181105
20
-4.23397405511811
11
4.3543036614173225
21
-4.2303294094488191
0
LINE
8
BLACK
6
CONTINUOUS
10
4.3543036614173225
20
-4.2303294094488191
11
4.360364488188976
21
-4.227818937007874
0
LINE
8
BLACK
6
CONTINUOUS
10
4.360364488188976
20
-4.227818937007874
11
4.3667986220472441
21
-4.2265390944881887
0
LINE
8
BLACK
6
CONTINUOUS
10
4.3667986220472441
20
-4.2265390944881887
11
4.3733588582677161
21
-4.2265390944881887
0
LINE
8
BLACK
6
CONTINUOUS
10
4.3733588582677161
20
-4.2265390944881887
11
4.3797929921259842
21
-4.227818937007874
0
LINE
8
BLACK
6
CONTINUOUS
10
4.046949173228346
20
-4.2288606299212601
11
4.0513995275590551
21
-4.2314300393700783
0
LINE
8
BLACK
6
CONTINUOUS
10
4.0513995275590551
20
-4.2314300393700783
11
4.0550332283464563
21
-4.2350637401574804
0
LINE
8
BLACK
6
CONTINUOUS
10
4.0550332283464563
20
-4.2350637401574804
11
4.0576026377952754
21
-4.2395140944881886
0
LINE
8
BLACK
6
CONTINUOUS
10
4.0576026377952754
20
-4.2395140944881886
11
4.0589326377952757
21
-4.2444778346456689
0
LINE
8
BLACK
6
CONTINUOUS
10
4.0589326377952757
20
-4.2444778346456689
11
4.0589326377952757
21
-4.2496166535433071
0
LINE
8
BLACK
6
CONTINUOUS
10
4.0589326377952757
20
-4.2496166535433071
11
4.0576026377952754
21
-4.2545803937007873
0
LINE
8
BLACK
6
CONTINUOUS
10
4.0576026377952754
20
-4.2545803937007873
11
4.0550332283464563
21
-4.2590307480314964
0
LINE
8
BLACK
6
CONTINUOUS
10
4.0550332283464563
20
-4.2590307480314964
11
4.0513995275590551
21
-4.2626644488188976
0
LINE
8
BLACK
6
CONTINUOUS
10
4.0513995275590551
20
-4.2626644488188976
11
4.046949173228346
21
-4.2652338582677167
0
LINE
8
BLACK
6
CONTINUOUS
10
4.046949173228346
20
-4.2652338582677167
11
4.0419854330708658
21
-4.2665638582677161
0
LINE
8
BLACK
6
CONTINUOUS
10
4.0419854330708658
20
-4.2665638582677161
11
4.0368466141732284
21
-4.2665638582677161
0
LINE
8
BLACK
6
CONTINUOUS
10
4.0368466141732284
20
-4.2665638582677161
11
4.0318828740157482
21
-4.2652338582677167
0
LINE
8
BLACK
6
CONTINUOUS
10
4.0318828740157482
20
-4.2652338582677167
11
4.0274325196850391
21
-4.2626644488188976
0
LINE
8
BLACK
6
CONTINUOUS
10
4.0274325196850391
20
-4.2626644488188976
11
4.0237988188976379
21
-4.2590307480314964
0
LINE
8
BLACK
6
CONTINUOUS
10
4.0237988188976379
20
-4.2590307480314964
11
4.0212294094488188
21
-4.2545803937007873
0
LINE
8
BLACK
6
CONTINUOUS
10
4.0212294094488188
20
-4.2545803937007873
11
4.0198994094488185
21
-4.2496166535433071
0
LINE
8
BLACK
6
CONTINUOUS
10
4.0198994094488185
20
-4.2496166535433071
11
4.0198994094488185
21
-4.2444778346456689
0
LINE
8
BLACK
6
CONTINUOUS
10
4.0198994094488185
20
-4.2444778346456689
11
4.0212294094488188
21
-4.2395140944881886
0
LINE
8
BLACK
6
CONTINUOUS
10
4.0212294094488188
20
-4.2395140944881886
11
4.0237988188976379
21
-4.2350637401574804
0
LINE
8
BLACK
6
CONTINUOUS
10
4.0237988188976379
20
-4.2350637401574804
11
4.0274325196850391
21
-4.2314300393700783
0
LINE
8
BLACK
6
CONTINUOUS
10
4.0274325196850391
20
-4.2314300393700783
11
4.0318828740157482
21
-4.2288606299212601
0
LINE
8
BLACK
6
CONTINUOUS
10
4.0318828740157482
20
-4.2288606299212601
11
4.0368466141732284
21
-4.2275306299212598
0
LINE
8
BLACK
6
CONTINUOUS
10
4.0368466141732284
20
-4.2275306299212598
11
4.0419854330708658
21
-4.2275306299212598
0
LINE
8
BLACK
6
CONTINUOUS
10
4.0419854330708658
20
-4.2275306299212598
11
4.046949173228346
21
-4.2288606299212601
0
LINE
8
BLACK
6
CONTINUOUS
10
4.046949173228346
20
-4.1788606299212594
11
4.0513995275590551
21
-4.1814300393700785
0
LINE
8
BLACK
6
CONTINUOUS
10
4.0513995275590551
20
-4.1814300393700785
11
4.0550332283464563
21
-4.1850637401574806
0
LINE
8
BLACK
6
CONTINUOUS
10
4.0550332283464563
20
-4.1850637401574806
11
4.0576026377952754
21
-4.1895140944881888
0
LINE
8
BLACK
6
CONTINUOUS
10
4.0576026377952754
20
-4.1895140944881888
11
4.0589326377952757
21
-4.194477834645669
0
LINE
8
BLACK
6
CONTINUOUS
10
4.0589326377952757
20
-4.194477834645669
11
4.0589326377952757
21
-4.1996166535433073
0
LINE
8
BLACK
6
CONTINUOUS
10
4.0589326377952757
20
-4.1996166535433073
11
4.0576026377952754
21
-4.2045803937007875
0
LINE
8
BLACK
6
CONTINUOUS
10
4.0576026377952754
20
-4.2045803937007875
11
4.0550332283464563
21
-4.2090307480314957
0
LINE
8
BLACK
6
CONTINUOUS
10
4.0550332283464563
20
-4.2090307480314957
11
4.0513995275590551
21
-4.2126644488188978
0
LINE
8
BLACK
6
CONTINUOUS
10
4.0513995275590551
20
-4.2126644488188978
11
4.046949173228346
21
-4.215233858267716
0
LINE
8
BLACK
6
CONTINUOUS
10
4.046949173228346
20
-4.215233858267716
11
4.0419854330708658
21
-4.2165638582677163
0
LINE
8
BLACK
6
CONTINUOUS
10
4.0419854330708658
20
-4.2165638582677163
11
4.0368466141732284
21
-4.2165638582677163
0
LINE
8
BLACK
6
CONTINUOUS
10
4.0368466141732284
20
-4.2165638582677163
11
4.0318828740157482
21
-4.215233858267716
0
LINE
8
BLACK
6
CONTINUOUS
10
4.0318828740157482
20
-4.215233858267716
11
4.0274325196850391
21
-4.2126644488188978
0
LINE
8
BLACK
6
CONTINUOUS
10
4.0274325196850391
20
-4.2126644488188978
11
4.0237988188976379
21
-4.2090307480314957
0
LINE
8
BLACK
6
CONTINUOUS
10
4.0237988188976379
20
-4.2090307480314957
11
4.0212294094488188
21
-4.2045803937007875
0
LINE
8
BLACK
6
CONTINUOUS
10
4.0212294094488188
20
-4.2045803937007875
11
4.0198994094488185
21
-4.1996166535433073
0
LINE
8
BLACK
6
CONTINUOUS
10
4.0198994094488185
20
-4.1996166535433073
11
4.0198994094488185
21
-4.194477834645669
0
LINE
8
BLACK
6
CONTINUOUS
10
4.0198994094488185
20
-4.194477834645669
11
4.0212294094488188
21
-4.1895140944881888
0
LINE
8
BLACK
6
CONTINUOUS
10
4.0212294094488188
20
-4.1895140944881888
11
4.0237988188976379
21
-4.1850637401574806
0
LINE
8
BLACK
6
CONTINUOUS
10
4.0237988188976379
20
-4.1850637401574806
11
4.0274325196850391
21
-4.1814300393700785
0
LINE
8
BLACK
6
CONTINUOUS
10
4.0274325196850391
20
-4.1814300393700785
11
4.0318828740157482
21
-4.1788606299212594
0
LINE
8
BLACK
6
CONTINUOUS
10
4.0318828740157482
20
-4.1788606299212594
11
4.0368466141732284
21
-4.17753062992126
0
LINE
8
BLACK
6
CONTINUOUS
10
4.0368466141732284
20
-4.17753062992126
11
4.0419854330708658
21
-4.17753062992126
0
LINE
8
BLACK
6
CONTINUOUS
10
4.0419854330708658
20
-4.17753062992126
11
4.046949173228346
21
-4.1788606299212594
0
LINE
8
BLACK
6
CONTINUOUS
10
4.3797929921259842
20
-4.1278189370078735
11
4.3858538188976377
21
-4.1303294094488185
0
LINE
8
BLACK
6
CONTINUOUS
10
4.3858538188976377
20
-4.1303294094488185
11
4.3913084251968506
21
-4.1339740551181103
0
LINE
8
BLACK
6
CONTINUOUS
10
4.3913084251968506
20
-4.1339740551181103
11
4.3959472047244095
21
-4.1386128346456692
0
LINE
8
BLACK
6
CONTINUOUS
10
4.3959472047244095
20
-4.1386128346456692
11
4.3995918503937004
21
-4.1440674409448821
0
LINE
8
BLACK
6
CONTINUOUS
10
4.3995918503937004
20
-4.1440674409448821
11
4.4021023228346454
21
-4.1501282677165356
0
LINE
8
BLACK
6
CONTINUOUS
10
4.4021023228346454
20
-4.1501282677165356
11
4.4033821653543308
21
-4.1565624015748028
0
LINE
8
BLACK
6
CONTINUOUS
10
4.4033821653543308
20
-4.1565624015748028
11
4.4033821653543308
21
-4.1631226377952757
0
LINE
8
BLACK
6
CONTINUOUS
10
4.4033821653543308
20
-4.1631226377952757
11
4.4021023228346454
21
-4.1695567716535429
0
LINE
8
BLACK
6
CONTINUOUS
10
4.4021023228346454
20
-4.1695567716535429
11
4.3995918503937004
21
-4.1756175984251964
0
LINE
8
BLACK
6
CONTINUOUS
10
4.3995918503937004
20
-4.1756175984251964
11
4.3959472047244095
21
-4.1810722047244093
0
LINE
8
BLACK
6
CONTINUOUS
10
4.3959472047244095
20
-4.1810722047244093
11
4.3913084251968506
21
-4.1857109842519682
0
LINE
8
BLACK
6
CONTINUOUS
10
4.3913084251968506
20
-4.1857109842519682
11
4.3858538188976377
21
-4.18935562992126
0
LINE
8
BLACK
6
CONTINUOUS
10
4.3858538188976377
20
-4.18935562992126
11
4.3797929921259842
21
-4.191866102362205
0
LINE
8
BLACK
6
CONTINUOUS
10
4.3797929921259842
20
-4.191866102362205
11
4.3733588582677161
21
-4.1931459448818895
0
LINE
8
BLACK
6
CONTINUOUS
10
4.3733588582677161
20
-4.1931459448818895
11
4.3667986220472441
21
-4.1931459448818895
0
LINE
8
BLACK
6
CONTINUOUS
10
4.3667986220472441
20
-4.1931459448818895
11
4.360364488188976
21
-4.191866102362205
0
LINE
8
BLACK
6
CONTINUOUS
10
4.360364488188976
20
-4.191866102362205
11
4.3543036614173225
21
-4.18935562992126
0
LINE
8
BLACK
6
CONTINUOUS
10
4.3543036614173225
20
-4.18935562992126
11
4.3488490551181105
21
-4.1857109842519682
0
LINE
8
BLACK
6
CONTINUOUS
10
4.3488490551181105
20
-4.1857109842519682
11
4.3442102755905507
21
-4.1810722047244093
0
LINE
8
BLACK
6
CONTINUOUS
10
4.3442102755905507
20
-4.1810722047244093
11
4.3405656299212598
21
-4.1756175984251964
0
LINE
8
BLACK
6
CONTINUOUS
10
4.3405656299212598
20
-4.1756175984251964
11
4.3380551574803148
21
-4.1695567716535429
0
LINE
8
BLACK
6
CONTINUOUS
10
4.3380551574803148
20
-4.1695567716535429
11
4.3367753149606294
21
-4.1631226377952757
0
LINE
8
BLACK
6
CONTINUOUS
10
4.3367753149606294
20
-4.1631226377952757
11
4.3367753149606294
21
-4.1565624015748028
0
LINE
8
BLACK
6
CONTINUOUS
10
4.3367753149606294
20
-4.1565624015748028
11
4.3380551574803148
21
-4.1501282677165356
0
LINE
8
BLACK
6
CONTINUOUS
10
4.3380551574803148
20
-4.1501282677165356
11
4.3405656299212598
21
-4.1440674409448821
0
LINE
8
BLACK
6
CONTINUOUS
10
4.3405656299212598
20
-4.1440674409448821
11
4.3442102755905507
21
-4.1386128346456692
0
LINE
8
BLACK
6
CONTINUOUS
10
4.3442102755905507
20
-4.1386128346456692
11
4.3488490551181105
21
-4.1339740551181103
0
LINE
8
BLACK
6
CONTINUOUS
10
4.3488490551181105
20
-4.1339740551181103
11
4.3543036614173225
21
-4.1303294094488185
0
LINE
8
BLACK
6
CONTINUOUS
10
4.3543036614173225
20
-4.1303294094488185
11
4.360364488188976
21
-4.1278189370078735
0
LINE
8
BLACK
6
CONTINUOUS
10
4.360364488188976
20
-4.1278189370078735
11
4.3667986220472441
21
-4.126539094488189
0
LINE
8
BLACK
6
CONTINUOUS
10
4.3667986220472441
20
-4.126539094488189
11
4.3733588582677161
21
-4.126539094488189
0
LINE
8
BLACK
6
CONTINUOUS
10
4.3733588582677161
20
-4.126539094488189
11
4.3797929921259842
21
-4.1278189370078735
0
LINE
8
BLACK
6
CONTINUOUS
10
2.3450150000000001
20
-4.1433267716535429
11
2.3479967322834647
21
-4.145048307086614
0
LINE
8
BLACK
6
CONTINUOUS
10
2.3479967322834647
20
-4.145048307086614
11
2.3504312992125982
21
-4.1474828740157479
0
LINE
8
BLACK
6
CONTINUOUS
10
2.3504312992125982
20
-4.1474828740157479
11
2.3521528346456693
21
-4.1504646062992121
0
LINE
8
BLACK
6
CONTINUOUS
10
2.3521528346456693
20
-4.1504646062992121
11
2.353043937007874
21
-4.1537903149606299
0
LINE
8
BLACK
6
CONTINUOUS
10
2.353043937007874
20
-4.1537903149606299
11
2.353043937007874
21
-4.1572333070866136
0
LINE
8
BLACK
6
CONTINUOUS
10
2.353043937007874
20
-4.1572333070866136
11
2.3521528346456693
21
-4.1605590157480314
0
LINE
8
BLACK
6
CONTINUOUS
10
2.3521528346456693
20
-4.1605590157480314
11
2.3504312992125982
21
-4.1635407480314957
0
LINE
8
BLACK
6
CONTINUOUS
10
2.3504312992125982
20
-4.1635407480314957
11
2.3479967322834647
21
-4.1659753149606296
0
LINE
8
BLACK
6
CONTINUOUS
10
2.3479967322834647
20
-4.1659753149606296
11
2.3450150000000001
21
-4.1676968503937006
0
LINE
8
BLACK
6
CONTINUOUS
10
2.3450150000000001
20
-4.1676968503937006
11
2.3416892913385827
21
-4.1685879527559058
0
LINE
8
BLACK
6
CONTINUOUS
10
2.3416892913385827
20
-4.1685879527559058
11
2.3382462992125985
21
-4.1685879527559058
0
LINE
8
BLACK
6
CONTINUOUS
10
2.3382462992125985
20
-4.1685879527559058
11
2.3349205905511812
21
-4.1676968503937006
0
LINE
8
BLACK
6
CONTINUOUS
10
2.3349205905511812
20
-4.1676968503937006
11
2.3319388582677165
21
-4.1659753149606296
0
LINE
8
BLACK
6
CONTINUOUS
10
2.3319388582677165
20
-4.1659753149606296
11
2.3295042913385826
21
-4.1635407480314957
0
LINE
8
BLACK
6
CONTINUOUS
10
2.3295042913385826
20
-4.1635407480314957
11
2.327782755905512
21
-4.1605590157480314
0
LINE
8
BLACK
6
CONTINUOUS
10
2.327782755905512
20
-4.1605590157480314
11
2.3268916535433068
21
-4.1572333070866136
0
LINE
8
BLACK
6
CONTINUOUS
10
2.3268916535433068
20
-4.1572333070866136
11
2.3268916535433068
21
-4.1537903149606299
0
LINE
8
BLACK
6
CONTINUOUS
10
2.3268916535433068
20
-4.1537903149606299
11
2.327782755905512
21
-4.1504646062992121
0
LINE
8
BLACK
6
CONTINUOUS
10
2.327782755905512
20
-4.1504646062992121
11
2.3295042913385826
21
-4.1474828740157479
0
LINE
8
BLACK
6
CONTINUOUS
10
2.3295042913385826
20
-4.1474828740157479
11
2.3319388582677165
21
-4.145048307086614
0
LINE
8
BLACK
6
CONTINUOUS
10
2.3319388582677165
20
-4.145048307086614
11
2.3349205905511812
21
-4.1433267716535429
0
LINE
8
BLACK
6
CONTINUOUS
10
2.3349205905511812
20
-4.1433267716535429
11
2.3382462992125985
21
-4.1424356692913387
0
LINE
8
BLACK
6
CONTINUOUS
10
2.3382462992125985
20
-4.1424356692913387
11
2.3416892913385827
21
-4.1424356692913387
0
LINE
8
BLACK
6
CONTINUOUS
10
2.3416892913385827
20
-4.1424356692913387
11
2.3450150000000001
21
-4.1433267716535429
0
LINE
8
BLACK
6
CONTINUOUS
10
2.1805694881889761
20
-4.0642294094488189
11
2.1858191338582675
21
-4.0661874409448817
0
LINE
8
BLACK
6
CONTINUOUS
10
2.1858191338582675
20
-4.0661874409448817
11
2.1903045275590549
21
-4.0695451574803148
0
LINE
8
BLACK
6
CONTINUOUS
10
2.1903045275590549
20
-4.0695451574803148
11
2.193662244094488
21
-4.0740305511811021
0
LINE
8
BLACK
6
CONTINUOUS
10
2.193662244094488
20
-4.0740305511811021
11
2.1956202755905512
21
-4.0792801968503936
0
LINE
8
BLACK
6
CONTINUOUS
10
2.1956202755905512
20
-4.0792801968503936
11
2.1960701574803148
21
-4.0834645669291341
0
LINE
8
BLACK
6
CONTINUOUS
10
2.1960701574803148
20
-4.0834645669291341
11
2.1956202755905512
21
-4.0876489370078737
0
LINE
8
BLACK
6
CONTINUOUS
10
2.1956202755905512
20
-4.0876489370078737
11
2.193662244094488
21
-4.0928985826771651
0
LINE
8
BLACK
6
CONTINUOUS
10
2.193662244094488
20
-4.0928985826771651
11
2.1903045275590549
21
-4.0973839763779525
0
LINE
8
BLACK
6
CONTINUOUS
10
2.1903045275590549
20
-4.0973839763779525
11
2.1858191338582675
21
-4.1007416929133855
0
LINE
8
BLACK
6
CONTINUOUS
10
2.1858191338582675
20
-4.1007416929133855
11
2.1805694881889761
21
-4.1026997244094483
0
LINE
8
BLACK
6
CONTINUOUS
10
2.1805694881889761
20
-4.1026997244094483
11
2.176385118110236
21
-4.1031496062992128
0
LINE
8
BLACK
6
CONTINUOUS
10
2.176385118110236
20
-4.1031496062992128
11
2.1291410236220472
21
-4.1031496062992128
0
LINE
8
BLACK
6
CONTINUOUS
10
2.1291410236220472
20
-4.1031496062992128
11
2.1249566535433071
21
-4.1026997244094483
0
LINE
8
BLACK
6
CONTINUOUS
10
2.1249566535433071
20
-4.1026997244094483
11
2.1197070078740157
21
-4.1007416929133855
0
LINE
8
BLACK
6
CONTINUOUS
10
2.1197070078740157
20
-4.1007416929133855
11
2.1152216141732283
21
-4.0973839763779525
0
LINE
8
BLACK
6
CONTINUOUS
10
2.1152216141732283
20
-4.0973839763779525
11
2.1118638976377953
21
-4.0928985826771651
0
LINE
8
BLACK
6
CONTINUOUS
10
2.1118638976377953
20
-4.0928985826771651
11
2.109905866141732
21
-4.0876489370078737
0
LINE
8
BLACK
6
CONTINUOUS
10
2.109905866141732
20
-4.0876489370078737
11
2.1094559842519685
21
-4.0834645669291341
0
LINE
8
BLACK
6
CONTINUOUS
10
2.1094559842519685
20
-4.0834645669291341
11
2.109905866141732
21
-4.0792801968503936
0
LINE
8
BLACK
6
CONTINUOUS
10
2.109905866141732
20
-4.0792801968503936
11
2.1118638976377953
21
-4.0740305511811021
0
LINE
8
BLACK
6
CONTINUOUS
10
2.1118638976377953
20
-4.0740305511811021
11
2.1152216141732283
21
-4.0695451574803148
0
LINE
8
BLACK
6
CONTINUOUS
10
2.1152216141732283
20
-4.0695451574803148
11
2.1197070078740157
21
-4.0661874409448817
0
LINE
8
BLACK
6
CONTINUOUS
10
2.1197070078740157
20
-4.0661874409448817
11
2.1249566535433071
21
-4.0642294094488189
0
LINE
8
BLACK
6
CONTINUOUS
10
2.1249566535433071
20
-4.0642294094488189
11
2.1291410236220472
21
-4.0637795275590554
0
LINE
8
BLACK
6
CONTINUOUS
10
2.1291410236220472
20
-4.0637795275590554
11
2.176385118110236
21
-4.0637795275590554
0
LINE
8
BLACK
6
CONTINUOUS
10
2.176385118110236
20
-4.0637795275590554
11
2.1805694881889761
21
-4.0642294094488189
0
LINE
8
BLACK
6
CONTINUOUS
10
2.3644277559055116
20
-4.0642294094488189
11
2.369677401574803
21
-4.0661874409448817
0
LINE
8
BLACK
6
CONTINUOUS
10
2.369677401574803
20
-4.0661874409448817
11
2.3741627952755904
21
-4.0695451574803148
0
LINE
8
BLACK
6
CONTINUOUS
10
2.3741627952755904
20
-4.0695451574803148
11
2.3775205118110234
21
-4.0740305511811021
0
LINE
8
BLACK
6
CONTINUOUS
10
2.3775205118110234
20
-4.0740305511811021
11
2.3794785433070866
21
-4.0792801968503936
0
LINE
8
BLACK
6
CONTINUOUS
10
2.3794785433070866
20
-4.0792801968503936
11
2.3799284251968502
21
-4.0834645669291341
0
LINE
8
BLACK
6
CONTINUOUS
10
2.3799284251968502
20
-4.0834645669291341
11
2.3794785433070866
21
-4.0876489370078737
0
LINE
8
BLACK
6
CONTINUOUS
10
2.3794785433070866
20
-4.0876489370078737
11
2.3775205118110234
21
-4.0928985826771651
0
LINE
8
BLACK
6
CONTINUOUS
10
2.3775205118110234
20
-4.0928985826771651
11
2.3741627952755904
21
-4.0973839763779525
0
LINE
8
BLACK
6
CONTINUOUS
10
2.3741627952755904
20
-4.0973839763779525
11
2.369677401574803
21
-4.1007416929133855
0
LINE
8
BLACK
6
CONTINUOUS
10
2.369677401574803
20
-4.1007416929133855
11
2.3644277559055116
21
-4.1026997244094483
0
LINE
8
BLACK
6
CONTINUOUS
10
2.3644277559055116
20
-4.1026997244094483
11
2.3602433858267715
21
-4.1031496062992128
0
LINE
8
BLACK
6
CONTINUOUS
10
2.3602433858267715
20
-4.1031496062992128
11
2.3129992913385826
21
-4.1031496062992128
0
LINE
8
BLACK
6
CONTINUOUS
10
2.3129992913385826
20
-4.1031496062992128
11
2.3088149212598426
21
-4.1026997244094483
0
LINE
8
BLACK
6
CONTINUOUS
10
2.3088149212598426
20
-4.1026997244094483
11
2.3035652755905511
21
-4.1007416929133855
0
LINE
8
BLACK
6
CONTINUOUS
10
2.3035652755905511
20
-4.1007416929133855
11
2.2990798818897638
21
-4.0973839763779525
0
LINE
8
BLACK
6
CONTINUOUS
10
2.2990798818897638
20
-4.0973839763779525
11
2.2957221653543307
21
-4.0928985826771651
0
LINE
8
BLACK
6
CONTINUOUS
10
2.2957221653543307
20
-4.0928985826771651
11
2.2937641338582675
21
-4.0876489370078737
0
LINE
8
BLACK
6
CONTINUOUS
10
2.2937641338582675
20
-4.0876489370078737
11
2.2933142519685039
21
-4.0834645669291341
0
LINE
8
BLACK
6
CONTINUOUS
10
2.2933142519685039
20
-4.0834645669291341
11
2.2937641338582675
21
-4.0792801968503936
0
LINE
8
BLACK
6
CONTINUOUS
10
2.2937641338582675
20
-4.0792801968503936
11
2.2957221653543307
21
-4.0740305511811021
0
LINE
8
BLACK
6
CONTINUOUS
10
2.2957221653543307
20
-4.0740305511811021
11
2.2990798818897638
21
-4.0695451574803148
0
LINE
8
BLACK
6
CONTINUOUS
10
2.2990798818897638
20
-4.0695451574803148
11
2.3035652755905511
21
-4.0661874409448817
0
LINE
8
BLACK
6
CONTINUOUS
10
2.3035652755905511
20
-4.0661874409448817
11
2.3088149212598426
21
-4.0642294094488189
0
LINE
8
BLACK
6
CONTINUOUS
10
2.3088149212598426
20
-4.0642294094488189
11
2.3129992913385826
21
-4.0637795275590554
0
LINE
8
BLACK
6
CONTINUOUS
10
2.3129992913385826
20
-4.0637795275590554
11
2.3602433858267715
21
-4.0637795275590554
0
LINE
8
BLACK
6
CONTINUOUS
10
2.3602433858267715
20
-4.0637795275590554
11
2.3644277559055116
21
-4.0642294094488189
0
LINE
8
BLACK
6
CONTINUOUS
10
2.5255905511811023
20
-4.0974409448818898
11
2.4586614173228347
21
-4.0974409448818898
0
LINE
8
BLACK
6
CONTINUOUS
10
2.4586614173228347
20
-4.0974409448818898
11
2.4586614173228347
21
-4.0305118110236222
0
LINE
8
BLACK
6
CONTINUOUS
10
2.4586614173228347
20
-4.0305118110236222
11
2.5255905511811023
21
-4.0305118110236222
0
LINE
8
BLACK
6
CONTINUOUS
10
2.5255905511811023
20
-4.0305118110236222
11
2.5255905511811023
21
-4.0974409448818898
0
LINE
8
BLACK
6
CONTINUOUS
10
4.3797929921259842
20
-4.0278189370078739
11
4.3858538188976377
21
-4.0303294094488189
0
LINE
8
BLACK
6
CONTINUOUS
10
4.3858538188976377
20
-4.0303294094488189
11
4.3913084251968506
21
-4.0339740551181098
0
LINE
8
BLACK
6
CONTINUOUS
10
4.3913084251968506
20
-4.0339740551181098
11
4.3959472047244095
21
-4.0386128346456696
0
LINE
8
BLACK
6
CONTINUOUS
10
4.3959472047244095
20
-4.0386128346456696
11
4.3995918503937004
21
-4.0440674409448816
0
LINE
8
BLACK
6
CONTINUOUS
10
4.3995918503937004
20
-4.0440674409448816
11
4.4021023228346454
21
-4.0501282677165351
0
LINE
8
BLACK
6
CONTINUOUS
10
4.4021023228346454
20
-4.0501282677165351
11
4.4033821653543308
21
-4.0565624015748032
0
LINE
8
BLACK
6
CONTINUOUS
10
4.4033821653543308
20
-4.0565624015748032
11
4.4033821653543308
21
-4.0631226377952752
0
LINE
8
BLACK
6
CONTINUOUS
10
4.4033821653543308
20
-4.0631226377952752
11
4.4021023228346454
21
-4.0695567716535432
0
LINE
8
BLACK
6
CONTINUOUS
10
4.4021023228346454
20
-4.0695567716535432
11
4.3995918503937004
21
-4.0756175984251968
0
LINE
8
BLACK
6
CONTINUOUS
10
4.3995918503937004
20
-4.0756175984251968
11
4.3959472047244095
21
-4.0810722047244097
0
LINE
8
BLACK
6
CONTINUOUS
10
4.3959472047244095
20
-4.0810722047244097
11
4.3913084251968506
21
-4.0857109842519685
0
LINE
8
BLACK
6
CONTINUOUS
10
4.3913084251968506
20
-4.0857109842519685
11
4.3858538188976377
21
-4.0893556299212594
0
LINE
8
BLACK
6
CONTINUOUS
10
4.3858538188976377
20
-4.0893556299212594
11
4.3797929921259842
21
-4.0918661023622045
0
LINE
8
BLACK
6
CONTINUOUS
10
4.3797929921259842
20
-4.0918661023622045
11
4.3733588582677161
21
-4.0931459448818899
0
LINE
8
BLACK
6
CONTINUOUS
10
4.3733588582677161
20
-4.0931459448818899
11
4.3667986220472441
21
-4.0931459448818899
0
LINE
8
BLACK
6
CONTINUOUS
10
4.3667986220472441
20
-4.0931459448818899
11
4.360364488188976
21
-4.0918661023622045
0
LINE
8
BLACK
6
CONTINUOUS
10
4.360364488188976
20
-4.0918661023622045
11
4.3543036614173225
21
-4.0893556299212594
0
LINE
8
BLACK
6
CONTINUOUS
10
4.3543036614173225
20
-4.0893556299212594
11
4.3488490551181105
21
-4.0857109842519685
0
LINE
8
BLACK
6
CONTINUOUS
10
4.3488490551181105
20
-4.0857109842519685
11
4.3442102755905507
21
-4.0810722047244097
0
LINE
8
BLACK
6
CONTINUOUS
10
4.3442102755905507
20
-4.0810722047244097
11
4.3405656299212598
21
-4.0756175984251968
0
LINE
8
BLACK
6
CONTINUOUS
10
4.3405656299212598
20
-4.0756175984251968
11
4.3380551574803148
21
-4.0695567716535432
0
LINE
8
BLACK
6
CONTINUOUS
10
4.3380551574803148
20
-4.0695567716535432
11
4.3367753149606294
21
-4.0631226377952752
0
LINE
8
BLACK
6
CONTINUOUS
10
4.3367753149606294
20
-4.0631226377952752
11
4.3367753149606294
21
-4.0565624015748032
0
LINE
8
BLACK
6
CONTINUOUS
10
4.3367753149606294
20
-4.0565624015748032
11
4.3380551574803148
21
-4.0501282677165351
0
LINE
8
BLACK
6
CONTINUOUS
10
4.3380551574803148
20
-4.0501282677165351
11
4.3405656299212598
21
-4.0440674409448816
0
LINE
8
BLACK
6
CONTINUOUS
10
4.3405656299212598
20
-4.0440674409448816
11
4.3442102755905507
21
-4.0386128346456696
0
LINE
8
BLACK
6
CONTINUOUS
10
4.3442102755905507
20
-4.0386128346456696
11
4.3488490551181105
21
-4.0339740551181098
0
LINE
8
BLACK
6
CONTINUOUS
10
4.3488490551181105
20
-4.0339740551181098
11
4.3543036614173225
21
-4.0303294094488189
0
LINE
8
BLACK
6
CONTINUOUS
10
4.3543036614173225
20
-4.0303294094488189
11
4.360364488188976
21
-4.0278189370078739
0
LINE
8
BLACK
6
CONTINUOUS
10
4.360364488188976
20
-4.0278189370078739
11
4.3667986220472441
21
-4.0265390944881885
0
LINE
8
BLACK
6
CONTINUOUS
10
4.3667986220472441
20
-4.0265390944881885
11
4.3733588582677161
21
-4.0265390944881885
0
LINE
8
BLACK
6
CONTINUOUS
10
4.3733588582677161
20
-4.0265390944881885
11
4.3797929921259842
21
-4.0278189370078739
0
LINE
8
BLACK
6
CONTINUOUS
10
2.5018402362204726
20
-3.9319527952755906
11
2.5079010629921261
21
-3.9344632677165352
0
LINE
8
BLACK
6
CONTINUOUS
10
2.5079010629921261
20
-3.9344632677165352
11
2.5133556692913386
21
-3.9381079133858266
0
LINE
8
BLACK
6
CONTINUOUS
10
2.5133556692913386
20
-3.9381079133858266
11
2.5179944488188974
21
-3.9427466929133859
0
LINE
8
BLACK
6
CONTINUOUS
10
2.5179944488188974
20
-3.9427466929133859
11
2.5216390944881888
21
-3.9482012992125983
0
LINE
8
BLACK
6
CONTINUOUS
10
2.5216390944881888
20
-3.9482012992125983
11
2.5241495669291338
21
-3.9542621259842519
0
LINE
8
BLACK
6
CONTINUOUS
10
2.5241495669291338
20
-3.9542621259842519
11
2.5254294094488188
21
-3.9606962598425195
0
LINE
8
BLACK
6
CONTINUOUS
10
2.5254294094488188
20
-3.9606962598425195
11
2.5254294094488188
21
-3.9672564960629919
0
LINE
8
BLACK
6
CONTINUOUS
10
2.5254294094488188
20
-3.9672564960629919
11
2.5241495669291338
21
-3.9736906299212595
0
LINE
8
BLACK
6
CONTINUOUS
10
2.5241495669291338
20
-3.9736906299212595
11
2.5216390944881888
21
-3.9797514566929131
0
LINE
8
BLACK
6
CONTINUOUS
10
2.5216390944881888
20
-3.9797514566929131
11
2.5179944488188974
21
-3.985206062992126
0
LINE
8
BLACK
6
CONTINUOUS
10
2.5179944488188974
20
-3.985206062992126
11
2.5133556692913386
21
-3.9898448425196849
0
LINE
8
BLACK
6
CONTINUOUS
10
2.5133556692913386
20
-3.9898448425196849
11
2.5079010629921261
21
-3.9934894881889762
0
LINE
8
BLACK
6
CONTINUOUS
10
2.5079010629921261
20
-3.9934894881889762
11
2.5018402362204726
21
-3.9959999606299212
0
LINE
8
BLACK
6
CONTINUOUS
10
2.5018402362204726
20
-3.9959999606299212
11
2.4954061023622045
21
-3.9972798031496062
0
LINE
8
BLACK
6
CONTINUOUS
10
2.4954061023622045
20
-3.9972798031496062
11
2.4888458661417321
21
-3.9972798031496062
0
LINE
8
BLACK
6
CONTINUOUS
10
2.4888458661417321
20
-3.9972798031496062
11
2.4824117322834645
21
-3.9959999606299212
0
LINE
8
BLACK
6
CONTINUOUS
10
2.4824117322834645
20
-3.9959999606299212
11
2.4763509055118109
21
-3.9934894881889762
0
LINE
8
BLACK
6
CONTINUOUS
10
2.4763509055118109
20
-3.9934894881889762
11
2.4708962992125985
21
-3.9898448425196849
0
LINE
8
BLACK
6
CONTINUOUS
10
2.4708962992125985
20
-3.9898448425196849
11
2.4662575196850391
21
-3.985206062992126
0
LINE
8
BLACK
6
CONTINUOUS
10
2.4662575196850391
20
-3.985206062992126
11
2.4626128740157478
21
-3.9797514566929131
0
LINE
8
BLACK
6
CONTINUOUS
10
2.4626128740157478
20
-3.9797514566929131
11
2.4601024015748032
21
-3.9736906299212595
0
LINE
8
BLACK
6
CONTINUOUS
10
2.4601024015748032
20
-3.9736906299212595
11
2.4588225590551183
21
-3.9672564960629919
0
LINE
8
BLACK
6
CONTINUOUS
10
2.4588225590551183
20
-3.9672564960629919
11
2.4588225590551183
21
-3.9606962598425195
0
LINE
8
BLACK
6
CONTINUOUS
10
2.4588225590551183
20
-3.9606962598425195
11
2.4601024015748032
21
-3.9542621259842519
0
LINE
8
BLACK
6
CONTINUOUS
10
2.4601024015748032
20
-3.9542621259842519
11
2.4626128740157478
21
-3.9482012992125983
0
LINE
8
BLACK
6
CONTINUOUS
10
2.4626128740157478
20
-3.9482012992125983
11
2.4662575196850391
21
-3.9427466929133859
0
LINE
8
BLACK
6
CONTINUOUS
10
2.4662575196850391
20
-3.9427466929133859
11
2.4708962992125985
21
-3.9381079133858266
0
LINE
8
BLACK
6
CONTINUOUS
10
2.4708962992125985
20
-3.9381079133858266
11
2.4763509055118109
21
-3.9344632677165352
0
LINE
8
BLACK
6
CONTINUOUS
10
2.4763509055118109
20
-3.9344632677165352
11
2.4824117322834645
21
-3.9319527952755906
0
LINE
8
BLACK
6
CONTINUOUS
10
2.4824117322834645
20
-3.9319527952755906
11
2.4888458661417321
21
-3.9306729527559052
0
LINE
8
BLACK
6
CONTINUOUS
10
2.4888458661417321
20
-3.9306729527559052
11
2.4954061023622045
21
-3.9306729527559052
0
LINE
8
BLACK
6
CONTINUOUS
10
2.4954061023622045
20
-3.9306729527559052
11
2.5018402362204726
21
-3.9319527952755906
0
LINE
8
BLACK
6
CONTINUOUS
10
4.3797929921259842
20
-3.9278189370078738
11
4.3858538188976377
21
-3.9303294094488188
0
LINE
8
BLACK
6
CONTINUOUS
10
4.3858538188976377
20
-3.9303294094488188
11
4.3913084251968506
21
-3.9339740551181102
0
LINE
8
BLACK
6
CONTINUOUS
10
4.3913084251968506
20
-3.9339740551181102
11
4.3959472047244095
21
-3.938612834645669
0
LINE
8
BLACK
6
CONTINUOUS
10
4.3959472047244095
20
-3.938612834645669
11
4.3995918503937004
21
-3.9440674409448819
0
LINE
8
BLACK
6
CONTINUOUS
10
4.3995918503937004
20
-3.9440674409448819
11
4.4021023228346454
21
-3.9501282677165355
0
LINE
8
BLACK
6
CONTINUOUS
10
4.4021023228346454
20
-3.9501282677165355
11
4.4033821653543308
21
-3.9565624015748031
0
LINE
8
BLACK
6
CONTINUOUS
10
4.4033821653543308
20
-3.9565624015748031
11
4.4033821653543308
21
-3.9631226377952755
0
LINE
8
BLACK
6
CONTINUOUS
10
4.4033821653543308
20
-3.9631226377952755
11
4.4021023228346454
21
-3.9695567716535431
0
LINE
8
BLACK
6
CONTINUOUS
10
4.4021023228346454
20
-3.9695567716535431
11
4.3995918503937004
21
-3.9756175984251967
0
LINE
8
BLACK
6
CONTINUOUS
10
4.3995918503937004
20
-3.9756175984251967
11
4.3959472047244095
21
-3.9810722047244091
0
LINE
8
BLACK
6
CONTINUOUS
10
4.3959472047244095
20
-3.9810722047244091
11
4.3913084251968506
21
-3.9857109842519685
0
LINE
8
BLACK
6
CONTINUOUS
10
4.3913084251968506
20
-3.9857109842519685
11
4.3858538188976377
21
-3.9893556299212598
0
LINE
8
BLACK
6
CONTINUOUS
10
4.3858538188976377
20
-3.9893556299212598
11
4.3797929921259842
21
-3.9918661023622048
0
LINE
8
BLACK
6
CONTINUOUS
10
4.3797929921259842
20
-3.9918661023622048
11
4.3733588582677161
21
-3.9931459448818898
0
LINE
8
BLACK
6
CONTINUOUS
10
4.3733588582677161
20
-3.9931459448818898
11
4.3667986220472441
21
-3.9931459448818898
0
LINE
8
BLACK
6
CONTINUOUS
10
4.3667986220472441
20
-3.9931459448818898
11
4.360364488188976
21
-3.9918661023622048
0
LINE
8
BLACK
6
CONTINUOUS
10
4.360364488188976
20
-3.9918661023622048
11
4.3543036614173225
21
-3.9893556299212598
0
LINE
8
BLACK
6
CONTINUOUS
10
4.3543036614173225
20
-3.9893556299212598
11
4.3488490551181105
21
-3.9857109842519685
0
LINE
8
BLACK
6
CONTINUOUS
10
4.3488490551181105
20
-3.9857109842519685
11
4.3442102755905507
21
-3.9810722047244091
0
LINE
8
BLACK
6
CONTINUOUS
10
4.3442102755905507
20
-3.9810722047244091
11
4.3405656299212598
21
-3.9756175984251967
0
LINE
8
BLACK
6
CONTINUOUS
10
4.3405656299212598
20
-3.9756175984251967
11
4.3380551574803148
21
-3.9695567716535431
0
LINE
8
BLACK
6
CONTINUOUS
10
4.3380551574803148
20
-3.9695567716535431
11
4.3367753149606294
21
-3.9631226377952755
0
LINE
8
BLACK
6
CONTINUOUS
10
4.3367753149606294
20
-3.9631226377952755
11
4.3367753149606294
21
-3.9565624015748031
0
LINE
8
BLACK
6
CONTINUOUS
10
4.3367753149606294
20
-3.9565624015748031
11
4.3380551574803148
21
-3.9501282677165355
0
LINE
8
BLACK
6
CONTINUOUS
10
4.3380551574803148
20
-3.9501282677165355
11
4.3405656299212598
21
-3.9440674409448819
0
LINE
8
BLACK
6
CONTINUOUS
10
4.3405656299212598
20
-3.9440674409448819
11
4.3442102755905507
21
-3.938612834645669
0
LINE
8
BLACK
6
CONTINUOUS
10
4.3442102755905507
20
-3.938612834645669
11
4.3488490551181105
21
-3.9339740551181102
0
LINE
8
BLACK
6
CONTINUOUS
10
4.3488490551181105
20
-3.9339740551181102
11
4.3543036614173225
21
-3.9303294094488188
0
LINE
8
BLACK
6
CONTINUOUS
10
4.3543036614173225
20
-3.9303294094488188
11
4.360364488188976
21
-3.9278189370078738
0
LINE
8
BLACK
6
CONTINUOUS
10
4.360364488188976
20
-3.9278189370078738
11
4.3667986220472441
21
-3.9265390944881888
0
LINE
8
BLACK
6
CONTINUOUS
10
4.3667986220472441
20
-3.9265390944881888
11
4.3733588582677161
21
-3.9265390944881888
0
LINE
8
BLACK
6
CONTINUOUS
10
4.3733588582677161
20
-3.9265390944881888
11
4.3797929921259842
21
-3.9278189370078738
0
LINE
8
BLACK
6
CONTINUOUS
10
2.5018402362204726
20
-3.8319527952755905
11
2.5079010629921261
21
-3.8344632677165356
0
LINE
8
BLACK
6
CONTINUOUS
10
2.5079010629921261
20
-3.8344632677165356
11
2.5133556692913386
21
-3.8381079133858265
0
LINE
8
BLACK
6
CONTINUOUS
10
2.5133556692913386
20
-3.8381079133858265
11
2.5179944488188974
21
-3.8427466929133858
0
LINE
8
BLACK
6
CONTINUOUS
10
2.5179944488188974
20
-3.8427466929133858
11
2.5216390944881888
21
-3.8482012992125982
0
LINE
8
BLACK
6
CONTINUOUS
10
2.5216390944881888
20
-3.8482012992125982
11
2.5241495669291338
21
-3.8542621259842518
0
LINE
8
BLACK
6
CONTINUOUS
10
2.5241495669291338
20
-3.8542621259842518
11
2.5254294094488188
21
-3.8606962598425194
0
LINE
8
BLACK
6
CONTINUOUS
10
2.5254294094488188
20
-3.8606962598425194
11
2.5254294094488188
21
-3.8672564960629918
0
LINE
8
BLACK
6
CONTINUOUS
10
2.5254294094488188
20
-3.8672564960629918
11
2.5241495669291338
21
-3.8736906299212599
0
LINE
8
BLACK
6
CONTINUOUS
10
2.5241495669291338
20
-3.8736906299212599
11
2.5216390944881888
21
-3.8797514566929134
0
LINE
8
BLACK
6
CONTINUOUS
10
2.5216390944881888
20
-3.8797514566929134
11
2.5179944488188974
21
-3.8852060629921259
0
LINE
8
BLACK
6
CONTINUOUS
10
2.5179944488188974
20
-3.8852060629921259
11
2.5133556692913386
21
-3.8898448425196848
0
LINE
8
BLACK
6
CONTINUOUS
10
2.5133556692913386
20
-3.8898448425196848
11
2.5079010629921261
21
-3.8934894881889761
0
LINE
8
BLACK
6
CONTINUOUS
10
2.5079010629921261
20
-3.8934894881889761
11
2.5018402362204726
21
-3.8959999606299212
0
LINE
8
BLACK
6
CONTINUOUS
10
2.5018402362204726
20
-3.8959999606299212
11
2.4954061023622045
21
-3.8972798031496061
0
LINE
8
BLACK
6
CONTINUOUS
10
2.4954061023622045
20
-3.8972798031496061
11
2.4888458661417321
21
-3.8972798031496061
0
LINE
8
BLACK
6
CONTINUOUS
10
2.4888458661417321
20
-3.8972798031496061
11
2.4824117322834645
21
-3.8959999606299212
0
LINE
8
BLACK
6
CONTINUOUS
10
2.4824117322834645
20
-3.8959999606299212
11
2.4763509055118109
21
-3.8934894881889761
0
LINE
8
BLACK
6
CONTINUOUS
10
2.4763509055118109
20
-3.8934894881889761
11
2.4708962992125985
21
-3.8898448425196848
0
LINE
8
BLACK
6
CONTINUOUS
10
2.4708962992125985
20
-3.8898448425196848
11
2.4662575196850391
21
-3.8852060629921259
0
LINE
8
BLACK
6
CONTINUOUS
10
2.4662575196850391
20
-3.8852060629921259
11
2.4626128740157478
21
-3.8797514566929134
0
LINE
8
BLACK
6
CONTINUOUS
10
2.4626128740157478
20
-3.8797514566929134
11
2.4601024015748032
21
-3.8736906299212599
0
LINE
8
BLACK
6
CONTINUOUS
10
2.4601024015748032
20
-3.8736906299212599
11
2.4588225590551183
21
-3.8672564960629918
0
LINE
8
BLACK
6
CONTINUOUS
10
2.4588225590551183
20
-3.8672564960629918
11
2.4588225590551183
21
-3.8606962598425194
0
LINE
8
BLACK
6
CONTINUOUS
10
2.4588225590551183
20
-3.8606962598425194
11
2.4601024015748032
21
-3.8542621259842518
0
LINE
8
BLACK
6
CONTINUOUS
10
2.4601024015748032
20
-3.8542621259842518
11
2.4626128740157478
21
-3.8482012992125982
0
LINE
8
BLACK
6
CONTINUOUS
10
2.4626128740157478
20
-3.8482012992125982
11
2.4662575196850391
21
-3.8427466929133858
0
LINE
8
BLACK
6
CONTINUOUS
10
2.4662575196850391
20
-3.8427466929133858
11
2.4708962992125985
21
-3.8381079133858265
0
LINE
8
BLACK
6
CONTINUOUS
10
2.4708962992125985
20
-3.8381079133858265
11
2.4763509055118109
21
-3.8344632677165356
0
LINE
8
BLACK
6
CONTINUOUS
10
2.4763509055118109
20
-3.8344632677165356
11
2.4824117322834645
21
-3.8319527952755905
0
LINE
8
BLACK
6
CONTINUOUS
10
2.4824117322834645
20
-3.8319527952755905
11
2.4888458661417321
21
-3.8306729527559056
0
LINE
8
BLACK
6
CONTINUOUS
10
2.4888458661417321
20
-3.8306729527559056
11
2.4954061023622045
21
-3.8306729527559056
0
LINE
8
BLACK
6
CONTINUOUS
10
2.4954061023622045
20
-3.8306729527559056
11
2.5018402362204726
21
-3.8319527952755905
0
LINE
8
BLACK
6
CONTINUOUS
10
4.3797929921259842
20
-3.8278189370078741
11
4.3858538188976377
21
-3.8303294094488187
0
LINE
8
BLACK
6
CONTINUOUS
10
4.3858538188976377
20
-3.8303294094488187
11
4.3913084251968506
21
-3.8339740551181101
0
LINE
8
BLACK
6
CONTINUOUS
10
4.3913084251968506
20
-3.8339740551181101
11
4.3959472047244095
21
-3.8386128346456694
0
LINE
8
BLACK
6
CONTINUOUS
10
4.3959472047244095
20
-3.8386128346456694
11
4.3995918503937004
21
-3.8440674409448818
0
LINE
8
BLACK
6
CONTINUOUS
10
4.3995918503937004
20
-3.8440674409448818
11
4.4021023228346454
21
-3.8501282677165354
0
LINE
8
BLACK
6
CONTINUOUS
10
4.4021023228346454
20
-3.8501282677165354
11
4.4033821653543308
21
-3.856562401574803
0
LINE
8
BLACK
6
CONTINUOUS
10
4.4033821653543308
20
-3.856562401574803
11
4.4033821653543308
21
-3.8631226377952754
0
LINE
8
BLACK
6
CONTINUOUS
10
4.4033821653543308
20
-3.8631226377952754
11
4.4021023228346454
21
-3.8695567716535431
0
LINE
8
BLACK
6
CONTINUOUS
10
4.4021023228346454
20
-3.8695567716535431
11
4.3995918503937004
21
-3.8756175984251966
0
LINE
8
BLACK
6
CONTINUOUS
10
4.3995918503937004
20
-3.8756175984251966
11
4.3959472047244095
21
-3.8810722047244095
0
LINE
8
BLACK
6
CONTINUOUS
10
4.3959472047244095
20
-3.8810722047244095
11
4.3913084251968506
21
-3.8857109842519684
0
LINE
8
BLACK
6
CONTINUOUS
10
4.3913084251968506
20
-3.8857109842519684
11
4.3858538188976377
21
-3.8893556299212597
0
LINE
8
BLACK
6
CONTINUOUS
10
4.3858538188976377
20
-3.8893556299212597
11
4.3797929921259842
21
-3.8918661023622048
0
LINE
8
BLACK
6
CONTINUOUS
10
4.3797929921259842
20
-3.8918661023622048
11
4.3733588582677161
21
-3.8931459448818897
0
LINE
8
BLACK
6
CONTINUOUS
10
4.3733588582677161
20
-3.8931459448818897
11
4.3667986220472441
21
-3.8931459448818897
0
LINE
8
BLACK
6
CONTINUOUS
10
4.3667986220472441
20
-3.8931459448818897
11
4.360364488188976
21
-3.8918661023622048
0
LINE
8
BLACK
6
CONTINUOUS
10
4.360364488188976
20
-3.8918661023622048
11
4.3543036614173225
21
-3.8893556299212597
0
LINE
8
BLACK
6
CONTINUOUS
10
4.3543036614173225
20
-3.8893556299212597
11
4.3488490551181105
21
-3.8857109842519684
0
LINE
8
BLACK
6
CONTINUOUS
10
4.3488490551181105
20
-3.8857109842519684
11
4.3442102755905507
21
-3.8810722047244095
0
LINE
8
BLACK
6
CONTINUOUS
10
4.3442102755905507
20
-3.8810722047244095
11
4.3405656299212598
21
-3.8756175984251966
0
LINE
8
BLACK
6
CONTINUOUS
10
4.3405656299212598
20
-3.8756175984251966
11
4.3380551574803148
21
-3.8695567716535431
0
LINE
8
BLACK
6
CONTINUOUS
10
4.3380551574803148
20
-3.8695567716535431
11
4.3367753149606294
21
-3.8631226377952754
0
LINE
8
BLACK
6
CONTINUOUS
10
4.3367753149606294
20
-3.8631226377952754
11
4.3367753149606294
21
-3.856562401574803
0
LINE
8
BLACK
6
CONTINUOUS
10
4.3367753149606294
20
-3.856562401574803
11
4.3380551574803148
21
-3.8501282677165354
0
LINE
8
BLACK
6
CONTINUOUS
10
4.3380551574803148
20
-3.8501282677165354
11
4.3405656299212598
21
-3.8440674409448818
0
LINE
8
BLACK
6
CONTINUOUS
10
4.3405656299212598
20
-3.8440674409448818
11
4.3442102755905507
21
-3.8386128346456694
0
LINE
8
BLACK
6
CONTINUOUS
10
4.3442102755905507
20
-3.8386128346456694
11
4.3488490551181105
21
-3.8339740551181101
0
LINE
8
BLACK
6
CONTINUOUS
10
4.3488490551181105
20
-3.8339740551181101
11
4.3543036614173225
21
-3.8303294094488187
0
LINE
8
BLACK
6
CONTINUOUS
10
4.3543036614173225
20
-3.8303294094488187
11
4.360364488188976
21
-3.8278189370078741
0
LINE
8
BLACK
6
CONTINUOUS
10
4.360364488188976
20
-3.8278189370078741
11
4.3667986220472441
21
-3.8265390944881887
0
LINE
8
BLACK
6
CONTINUOUS
10
4.3667986220472441
20
-3.8265390944881887
11
4.3733588582677161
21
-3.8265390944881887
0
LINE
8
BLACK
6
CONTINUOUS
10
4.3733588582677161
20
-3.8265390944881887
11
4.3797929921259842
21
-3.8278189370078741
0
LINE
8
BLACK
6
CONTINUOUS
10
4.3797929921259842
20
-3.727818937007874
11
4.3858538188976377
21
-3.7303294094488186
0
LINE
8
BLACK
6
CONTINUOUS
10
4.3858538188976377
20
-3.7303294094488186
11
4.3913084251968506
21
-3.73397405511811
0
LINE
8
BLACK
6
CONTINUOUS
10
4.3913084251968506
20
-3.73397405511811
11
4.3959472047244095
21
-3.7386128346456693
0
LINE
8
BLACK
6
CONTINUOUS
10
4.3959472047244095
20
-3.7386128346456693
11
4.3995918503937004
21
-3.7440674409448818
0
LINE
8
BLACK
6
CONTINUOUS
10
4.3995918503937004
20
-3.7440674409448818
11
4.4021023228346454
21
-3.7501282677165353
0
LINE
8
BLACK
6
CONTINUOUS
10
4.4021023228346454
20
-3.7501282677165353
11
4.4033821653543308
21
-3.7565624015748029
0
LINE
8
BLACK
6
CONTINUOUS
10
4.4033821653543308
20
-3.7565624015748029
11
4.4033821653543308
21
-3.7631226377952753
0
LINE
8
BLACK
6
CONTINUOUS
10
4.4033821653543308
20
-3.7631226377952753
11
4.4021023228346454
21
-3.7695567716535434
0
LINE
8
BLACK
6
CONTINUOUS
10
4.4021023228346454
20
-3.7695567716535434
11
4.3995918503937004
21
-3.775617598425197
0
LINE
8
BLACK
6
CONTINUOUS
10
4.3995918503937004
20
-3.775617598425197
11
4.3959472047244095
21
-3.7810722047244094
0
LINE
8
BLACK
6
CONTINUOUS
10
4.3959472047244095
20
-3.7810722047244094
11
4.3913084251968506
21
-3.7857109842519683
0
LINE
8
BLACK
6
CONTINUOUS
10
4.3913084251968506
20
-3.7857109842519683
11
4.3858538188976377
21
-3.7893556299212596
0
LINE
8
BLACK
6
CONTINUOUS
10
4.3858538188976377
20
-3.7893556299212596
11
4.3797929921259842
21
-3.7918661023622047
0
LINE
8
BLACK
6
CONTINUOUS
10
4.3797929921259842
20
-3.7918661023622047
11
4.3733588582677161
21
-3.7931459448818896
0
LINE
8
BLACK
6
CONTINUOUS
10
4.3733588582677161
20
-3.7931459448818896
11
4.3667986220472441
21
-3.7931459448818896
0
LINE
8
BLACK
6
CONTINUOUS
10
4.3667986220472441
20
-3.7931459448818896
11
4.360364488188976
21
-3.7918661023622047
0
LINE
8
BLACK
6
CONTINUOUS
10
4.360364488188976
20
-3.7918661023622047
11
4.3543036614173225
21
-3.7893556299212596
0
LINE
8
BLACK
6
CONTINUOUS
10
4.3543036614173225
20
-3.7893556299212596
11
4.3488490551181105
21
-3.7857109842519683
0
LINE
8
BLACK
6
CONTINUOUS
10
4.3488490551181105
20
-3.7857109842519683
11
4.3442102755905507
21
-3.7810722047244094
0
LINE
8
BLACK
6
CONTINUOUS
10
4.3442102755905507
20
-3.7810722047244094
11
4.3405656299212598
21
-3.775617598425197
0
LINE
8
BLACK
6
CONTINUOUS
10
4.3405656299212598
20
-3.775617598425197
11
4.3380551574803148
21
-3.7695567716535434
0
LINE
8
BLACK
6
CONTINUOUS
10
4.3380551574803148
20
-3.7695567716535434
11
4.3367753149606294
21
-3.7631226377952753
0
LINE
8
BLACK
6
CONTINUOUS
10
4.3367753149606294
20
-3.7631226377952753
11
4.3367753149606294
21
-3.7565624015748029
0
LINE
8
BLACK
6
CONTINUOUS
10
4.3367753149606294
20
-3.7565624015748029
11
4.3380551574803148
21
-3.7501282677165353
0
LINE
8
BLACK
6
CONTINUOUS
10
4.3380551574803148
20
-3.7501282677165353
11
4.3405656299212598
21
-3.7440674409448818
0
LINE
8
BLACK
6
CONTINUOUS
10
4.3405656299212598
20
-3.7440674409448818
11
4.3442102755905507
21
-3.7386128346456693
0
LINE
8
BLACK
6
CONTINUOUS
10
4.3442102755905507
20
-3.7386128346456693
11
4.3488490551181105
21
-3.73397405511811
0
LINE
8
BLACK
6
CONTINUOUS
10
4.3488490551181105
20
-3.73397405511811
11
4.3543036614173225
21
-3.7303294094488186
0
LINE
8
BLACK
6
CONTINUOUS
10
4.3543036614173225
20
-3.7303294094488186
11
4.360364488188976
21
-3.727818937007874
0
LINE
8
BLACK
6
CONTINUOUS
10
4.360364488188976
20
-3.727818937007874
11
4.3667986220472441
21
-3.7265390944881891
0
LINE
8
BLACK
6
CONTINUOUS
10
4.3667986220472441
20
-3.7265390944881891
11
4.3733588582677161
21
-3.7265390944881891
0
LINE
8
BLACK
6
CONTINUOUS
10
4.3733588582677161
20
-3.7265390944881891
11
4.3797929921259842
21
-3.727818937007874
0
LINE
8
BLACK
6
CONTINUOUS
10
2.1803579921259844
20
-3.7536624803149605
11
2.1856076377952753
21
-3.7556205118110237
0
LINE
8
BLACK
6
CONTINUOUS
10
2.1856076377952753
20
-3.7556205118110237
11
2.1900930314960632
21
-3.7589782283464568
0
LINE
8
BLACK
6
CONTINUOUS
10
2.1900930314960632
20
-3.7589782283464568
11
2.1934507480314962
21
-3.7634636220472442
0
LINE
8
BLACK
6
CONTINUOUS
10
2.1934507480314962
20
-3.7634636220472442
11
2.195408779527559
21
-3.7687132677165351
0
LINE
8
BLACK
6
CONTINUOUS
10
2.195408779527559
20
-3.7687132677165351
11
2.195858661417323
21
-3.7728976377952756
0
LINE
8
BLACK
6
CONTINUOUS
10
2.195858661417323
20
-3.7728976377952756
11
2.195408779527559
21
-3.7770820078740157
0
LINE
8
BLACK
6
CONTINUOUS
10
2.195408779527559
20
-3.7770820078740157
11
2.1934507480314962
21
-3.7823316535433071
0
LINE
8
BLACK
6
CONTINUOUS
10
2.1934507480314962
20
-3.7823316535433071
11
2.1900930314960632
21
-3.7868170472440945
0
LINE
8
BLACK
6
CONTINUOUS
10
2.1900930314960632
20
-3.7868170472440945
11
2.1856076377952753
21
-3.7901747637795276
0
LINE
8
BLACK
6
CONTINUOUS
10
2.1856076377952753
20
-3.7901747637795276
11
2.1803579921259844
21
-3.7921327952755903
0
LINE
8
BLACK
6
CONTINUOUS
10
2.1803579921259844
20
-3.7921327952755903
11
2.1761736220472438
21
-3.7925826771653544
0
LINE
8
BLACK
6
CONTINUOUS
10
2.1761736220472438
20
-3.7925826771653544
11
2.128929527559055
21
-3.7925826771653544
0
LINE
8
BLACK
6
CONTINUOUS
10
2.128929527559055
20
-3.7925826771653544
11
2.1247451574803149
21
-3.7921327952755903
0
LINE
8
BLACK
6
CONTINUOUS
10
2.1247451574803149
20
-3.7921327952755903
11
2.1194955118110235
21
-3.7901747637795276
0
LINE
8
BLACK
6
CONTINUOUS
10
2.1194955118110235
20
-3.7901747637795276
11
2.1150101181102361
21
-3.7868170472440945
0
LINE
8
BLACK
6
CONTINUOUS
10
2.1150101181102361
20
-3.7868170472440945
11
2.1116524015748031
21
-3.7823316535433071
0
LINE
8
BLACK
6
CONTINUOUS
10
2.1116524015748031
20
-3.7823316535433071
11
2.1096943700787403
21
-3.7770820078740157
0
LINE
8
BLACK
6
CONTINUOUS
10
2.1096943700787403
20
-3.7770820078740157
11
2.1092444881889763
21
-3.7728976377952756
0
LINE
8
BLACK
6
CONTINUOUS
10
2.1092444881889763
20
-3.7728976377952756
11
2.1096943700787403
21
-3.7687132677165351
0
LINE
8
BLACK
6
CONTINUOUS
10
2.1096943700787403
20
-3.7687132677165351
11
2.1116524015748031
21
-3.7634636220472442
0
LINE
8
BLACK
6
CONTINUOUS
10
2.1116524015748031
20
-3.7634636220472442
11
2.1150101181102361
21
-3.7589782283464568
0
LINE
8
BLACK
6
CONTINUOUS
10
2.1150101181102361
20
-3.7589782283464568
11
2.1194955118110235
21
-3.7556205118110237
0
LINE
8
BLACK
6
CONTINUOUS
10
2.1194955118110235
20
-3.7556205118110237
11
2.1247451574803149
21
-3.7536624803149605
0
LINE
8
BLACK
6
CONTINUOUS
10
2.1247451574803149
20
-3.7536624803149605
11
2.128929527559055
21
-3.7532125984251969
0
LINE
8
BLACK
6
CONTINUOUS
10
2.128929527559055
20
-3.7532125984251969
11
2.1761736220472438
21
-3.7532125984251969
0
LINE
8
BLACK
6
CONTINUOUS
10
2.1761736220472438
20
-3.7532125984251969
11
2.1803579921259844
21
-3.7536624803149605
0
LINE
8
BLACK
6
CONTINUOUS
10
2.3646099606299211
20
-3.7536624803149605
11
2.3698596062992126
21
-3.7556205118110237
0
LINE
8
BLACK
6
CONTINUOUS
10
2.3698596062992126
20
-3.7556205118110237
11
2.3743449999999999
21
-3.7589782283464568
0
LINE
8
BLACK
6
CONTINUOUS
10
2.3743449999999999
20
-3.7589782283464568
11
2.377702716535433
21
-3.7634636220472442
0
LINE
8
BLACK
6
CONTINUOUS
10
2.377702716535433
20
-3.7634636220472442
11
2.3796607480314962
21
-3.7687132677165351
0
LINE
8
BLACK
6
CONTINUOUS
10
2.3796607480314962
20
-3.7687132677165351
11
2.3801106299212598
21
-3.7728976377952756
0
LINE
8
BLACK
6
CONTINUOUS
10
2.3801106299212598
20
-3.7728976377952756
11
2.3796607480314962
21
-3.7770820078740157
0
LINE
8
BLACK
6
CONTINUOUS
10
2.3796607480314962
20
-3.7770820078740157
11
2.377702716535433
21
-3.7823316535433071
0
LINE
8
BLACK
6
CONTINUOUS
10
2.377702716535433
20
-3.7823316535433071
11
2.3743449999999999
21
-3.7868170472440945
0
LINE
8
BLACK
6
CONTINUOUS
10
2.3743449999999999
20
-3.7868170472440945
11
2.3698596062992126
21
-3.7901747637795276
0
LINE
8
BLACK
6
CONTINUOUS
10
2.3698596062992126
20
-3.7901747637795276
11
2.3646099606299211
21
-3.7921327952755903
0
LINE
8
BLACK
6
CONTINUOUS
10
2.3646099606299211
20
-3.7921327952755903
11
2.3604255905511811
21
-3.7925826771653544
0
LINE
8
BLACK
6
CONTINUOUS
10
2.3604255905511811
20
-3.7925826771653544
11
2.3131814960629922
21
-3.7925826771653544
0
LINE
8
BLACK
6
CONTINUOUS
10
2.3131814960629922
20
-3.7925826771653544
11
2.3089971259842521
21
-3.7921327952755903
0
LINE
8
BLACK
6
CONTINUOUS
10
2.3089971259842521
20
-3.7921327952755903
11
2.3037474803149607
21
-3.7901747637795276
0
LINE
8
BLACK
6
CONTINUOUS
10
2.3037474803149607
20
-3.7901747637795276
11
2.2992620866141733
21
-3.7868170472440945
0
LINE
8
BLACK
6
CONTINUOUS
10
2.2992620866141733
20
-3.7868170472440945
11
2.2959043700787403
21
-3.7823316535433071
0
LINE
8
BLACK
6
CONTINUOUS
10
2.2959043700787403
20
-3.7823316535433071
11
2.293946338582677
21
-3.7770820078740157
0
LINE
8
BLACK
6
CONTINUOUS
10
2.293946338582677
20
-3.7770820078740157
11
2.2934964566929135
21
-3.7728976377952756
0
LINE
8
BLACK
6
CONTINUOUS
10
2.2934964566929135
20
-3.7728976377952756
11
2.293946338582677
21
-3.7687132677165351
0
LINE
8
BLACK
6
CONTINUOUS
10
2.293946338582677
20
-3.7687132677165351
11
2.2959043700787403
21
-3.7634636220472442
0
LINE
8
BLACK
6
CONTINUOUS
10
2.2959043700787403
20
-3.7634636220472442
11
2.2992620866141733
21
-3.7589782283464568
0
LINE
8
BLACK
6
CONTINUOUS
10
2.2992620866141733
20
-3.7589782283464568
11
2.3037474803149607
21
-3.7556205118110237
0
LINE
8
BLACK
6
CONTINUOUS
10
2.3037474803149607
20
-3.7556205118110237
11
2.3089971259842521
21
-3.7536624803149605
0
LINE
8
BLACK
6
CONTINUOUS
10
2.3089971259842521
20
-3.7536624803149605
11
2.3131814960629922
21
-3.7532125984251969
0
LINE
8
BLACK
6
CONTINUOUS
10
2.3131814960629922
20
-3.7532125984251969
11
2.3604255905511811
21
-3.7532125984251969
0
LINE
8
BLACK
6
CONTINUOUS
10
2.3604255905511811
20
-3.7532125984251969
11
2.3646099606299211
21
-3.7536624803149605
0
LINE
8
BLACK
6
CONTINUOUS
10
2.3451972047244092
20
-3.6886653543307086
11
2.3481789370078738
21
-3.6903868897637793
0
LINE
8
BLACK
6
CONTINUOUS
10
2.3481789370078738
20
-3.6903868897637793
11
2.3506135039370077
21
-3.6928214566929132
0
LINE
8
BLACK
6
CONTINUOUS
10
2.3506135039370077
20
-3.6928214566929132
11
2.3523350393700788
21
-3.6958031889763778
0
LINE
8
BLACK
6
CONTINUOUS
10
2.3523350393700788
20
-3.6958031889763778
11
2.3532261417322835
21
-3.6991288976377952
0
LINE
8
BLACK
6
CONTINUOUS
10
2.3532261417322835
20
-3.6991288976377952
11
2.3532261417322835
21
-3.7025718897637794
0
LINE
8
BLACK
6
CONTINUOUS
10
2.3532261417322835
20
-3.7025718897637794
11
2.3523350393700788
21
-3.7058975984251967
0
LINE
8
BLACK
6
CONTINUOUS
10
2.3523350393700788
20
-3.7058975984251967
11
2.3506135039370077
21
-3.7088793307086614
0
LINE
8
BLACK
6
CONTINUOUS
10
2.3506135039370077
20
-3.7088793307086614
11
2.3481789370078738
21
-3.7113138976377953
0
LINE
8
BLACK
6
CONTINUOUS
10
2.3481789370078738
20
-3.7113138976377953
11
2.3451972047244092
21
-3.7130354330708659
0
LINE
8
BLACK
6
CONTINUOUS
10
2.3451972047244092
20
-3.7130354330708659
11
2.3418714960629923
21
-3.7139265354330706
0
LINE
8
BLACK
6
CONTINUOUS
10
2.3418714960629923
20
-3.7139265354330706
11
2.3384285039370076
21
-3.7139265354330706
0
LINE
8
BLACK
6
CONTINUOUS
10
2.3384285039370076
20
-3.7139265354330706
11
2.3351027952755903
21
-3.7130354330708659
0
LINE
8
BLACK
6
CONTINUOUS
10
2.3351027952755903
20
-3.7130354330708659
11
2.3321210629921261
21
-3.7113138976377953
0
LINE
8
BLACK
6
CONTINUOUS
10
2.3321210629921261
20
-3.7113138976377953
11
2.3296864960629922
21
-3.7088793307086614
0
LINE
8
BLACK
6
CONTINUOUS
10
2.3296864960629922
20
-3.7088793307086614
11
2.3279649606299211
21
-3.7058975984251967
0
LINE
8
BLACK
6
CONTINUOUS
10
2.3279649606299211
20
-3.7058975984251967
11
2.3270738582677164
21
-3.7025718897637794
0
LINE
8
BLACK
6
CONTINUOUS
10
2.3270738582677164
20
-3.7025718897637794
11
2.3270738582677164
21
-3.6991288976377952
0
LINE
8
BLACK
6
CONTINUOUS
10
2.3270738582677164
20
-3.6991288976377952
11
2.3279649606299211
21
-3.6958031889763778
0
LINE
8
BLACK
6
CONTINUOUS
10
2.3279649606299211
20
-3.6958031889763778
11
2.3296864960629922
21
-3.6928214566929132
0
LINE
8
BLACK
6
CONTINUOUS
10
2.3296864960629922
20
-3.6928214566929132
11
2.3321210629921261
21
-3.6903868897637793
0
LINE
8
BLACK
6
CONTINUOUS
10
2.3321210629921261
20
-3.6903868897637793
11
2.3351027952755903
21
-3.6886653543307086
0
LINE
8
BLACK
6
CONTINUOUS
10
2.3351027952755903
20
-3.6886653543307086
11
2.3384285039370076
21
-3.6877742519685039
0
LINE
8
BLACK
6
CONTINUOUS
10
2.3384285039370076
20
-3.6877742519685039
11
2.3418714960629923
21
-3.6877742519685039
0
LINE
8
BLACK
6
CONTINUOUS
10
2.3418714960629923
20
-3.6877742519685039
11
2.3451972047244092
21
-3.6886653543307086
0
LINE
8
BLACK
6
CONTINUOUS
10
4.3797929921259842
20
-3.6278189370078739
11
4.3858538188976377
21
-3.630329409448819
0
LINE
8
BLACK
6
CONTINUOUS
10
4.3858538188976377
20
-3.630329409448819
11
4.3913084251968506
21
-3.6339740551181103
0
LINE
8
BLACK
6
CONTINUOUS
10
4.3913084251968506
20
-3.6339740551181103
11
4.3959472047244095
21
-3.6386128346456692
0
LINE
8
BLACK
6
CONTINUOUS
10
4.3959472047244095
20
-3.6386128346456692
11
4.3995918503937004
21
-3.6440674409448817
0
LINE
8
BLACK
6
CONTINUOUS
10
4.3995918503937004
20
-3.6440674409448817
11
4.4021023228346454
21
-3.6501282677165352
0
LINE
8
BLACK
6
CONTINUOUS
10
4.4021023228346454
20
-3.6501282677165352
11
4.4033821653543308
21
-3.6565624015748033
0
LINE
8
BLACK
6
CONTINUOUS
10
4.4033821653543308
20
-3.6565624015748033
11
4.4033821653543308
21
-3.6631226377952757
0
LINE
8
BLACK
6
CONTINUOUS
10
4.4033821653543308
20
-3.6631226377952757
11
4.4021023228346454
21
-3.6695567716535433
0
LINE
8
BLACK
6
CONTINUOUS
10
4.4021023228346454
20
-3.6695567716535433
11
4.3995918503937004
21
-3.6756175984251969
0
LINE
8
BLACK
6
CONTINUOUS
10
4.3995918503937004
20
-3.6756175984251969
11
4.3959472047244095
21
-3.6810722047244093
0
LINE
8
BLACK
6
CONTINUOUS
10
4.3959472047244095
20
-3.6810722047244093
11
4.3913084251968506
21
-3.6857109842519686
0
LINE
8
BLACK
6
CONTINUOUS
10
4.3913084251968506
20
-3.6857109842519686
11
4.3858538188976377
21
-3.6893556299212595
0
LINE
8
BLACK
6
CONTINUOUS
10
4.3858538188976377
20
-3.6893556299212595
11
4.3797929921259842
21
-3.6918661023622046
0
LINE
8
BLACK
6
CONTINUOUS
10
4.3797929921259842
20
-3.6918661023622046
11
4.3733588582677161
21
-3.6931459448818895
0
LINE
8
BLACK
6
CONTINUOUS
10
4.3733588582677161
20
-3.6931459448818895
11
4.3667986220472441
21
-3.6931459448818895
0
LINE
8
BLACK
6
CONTINUOUS
10
4.3667986220472441
20
-3.6931459448818895
11
4.360364488188976
21
-3.6918661023622046
0
LINE
8
BLACK
6
CONTINUOUS
10
4.360364488188976
20
-3.6918661023622046
11
4.3543036614173225
21
-3.6893556299212595
0
LINE
8
BLACK
6
CONTINUOUS
10
4.3543036614173225
20
-3.6893556299212595
11
4.3488490551181105
21
-3.6857109842519686
0
LINE
8
BLACK
6
CONTINUOUS
10
4.3488490551181105
20
-3.6857109842519686
11
4.3442102755905507
21
-3.6810722047244093
0
LINE
8
BLACK
6
CONTINUOUS
10
4.3442102755905507
20
-3.6810722047244093
11
4.3405656299212598
21
-3.6756175984251969
0
LINE
8
BLACK
6
CONTINUOUS
10
4.3405656299212598
20
-3.6756175984251969
11
4.3380551574803148
21
-3.6695567716535433
0
LINE
8
BLACK
6
CONTINUOUS
10
4.3380551574803148
20
-3.6695567716535433
11
4.3367753149606294
21
-3.6631226377952757
0
LINE
8
BLACK
6
CONTINUOUS
10
4.3367753149606294
20
-3.6631226377952757
11
4.3367753149606294
21
-3.6565624015748033
0
LINE
8
BLACK
6
CONTINUOUS
10
4.3367753149606294
20
-3.6565624015748033
11
4.3380551574803148
21
-3.6501282677165352
0
LINE
8
BLACK
6
CONTINUOUS
10
4.3380551574803148
20
-3.6501282677165352
11
4.3405656299212598
21
-3.6440674409448817
0
LINE
8
BLACK
6
CONTINUOUS
10
4.3405656299212598
20
-3.6440674409448817
11
4.3442102755905507
21
-3.6386128346456692
0
LINE
8
BLACK
6
CONTINUOUS
10
4.3442102755905507
20
-3.6386128346456692
11
4.3488490551181105
21
-3.6339740551181103
0
LINE
8
BLACK
6
CONTINUOUS
10
4.3488490551181105
20
-3.6339740551181103
11
4.3543036614173225
21
-3.630329409448819
0
LINE
8
BLACK
6
CONTINUOUS
10
4.3543036614173225
20
-3.630329409448819
11
4.360364488188976
21
-3.6278189370078739
0
LINE
8
BLACK
6
CONTINUOUS
10
4.360364488188976
20
-3.6278189370078739
11
4.3667986220472441
21
-3.626539094488189
0
LINE
8
BLACK
6
CONTINUOUS
10
4.3667986220472441
20
-3.626539094488189
11
4.3733588582677161
21
-3.626539094488189
0
LINE
8
BLACK
6
CONTINUOUS
10
4.3733588582677161
20
-3.626539094488189
11
4.3797929921259842
21
-3.6278189370078739
0
LINE
8
BLACK
6
CONTINUOUS
10
4.3797929921259842
20
-3.5278189370078739
11
4.3858538188976377
21
-3.5303294094488189
0
LINE
8
BLACK
6
CONTINUOUS
10
4.3858538188976377
20
-3.5303294094488189
11
4.3913084251968506
21
-3.5339740551181102
0
LINE
8
BLACK
6
CONTINUOUS
10
4.3913084251968506
20
-3.5339740551181102
11
4.3959472047244095
21
-3.5386128346456691
0
LINE
8
BLACK
6
CONTINUOUS
10
4.3959472047244095
20
-3.5386128346456691
11
4.3995918503937004
21
-3.544067440944882
0
LINE
8
BLACK
6
CONTINUOUS
10
4.3995918503937004
20
-3.544067440944882
11
4.4021023228346454
21
-3.5501282677165356
0
LINE
8
BLACK
6
CONTINUOUS
10
4.4021023228346454
20
-3.5501282677165356
11
4.4033821653543308
21
-3.5565624015748032
0
LINE
8
BLACK
6
CONTINUOUS
10
4.4033821653543308
20
-3.5565624015748032
11
4.4033821653543308
21
-3.5631226377952756
0
LINE
8
BLACK
6
CONTINUOUS
10
4.4033821653543308
20
-3.5631226377952756
11
4.4021023228346454
21
-3.5695567716535432
0
LINE
8
BLACK
6
CONTINUOUS
10
4.4021023228346454
20
-3.5695567716535432
11
4.3995918503937004
21
-3.5756175984251968
0
LINE
8
BLACK
6
CONTINUOUS
10
4.3995918503937004
20
-3.5756175984251968
11
4.3959472047244095
21
-3.5810722047244092
0
LINE
8
BLACK
6
CONTINUOUS
10
4.3959472047244095
20
-3.5810722047244092
11
4.3913084251968506
21
-3.5857109842519685
0
LINE
8
BLACK
6
CONTINUOUS
10
4.3913084251968506
20
-3.5857109842519685
11
4.3858538188976377
21
-3.5893556299212599
0
LINE
8
BLACK
6
CONTINUOUS
10
4.3858538188976377
20
-3.5893556299212599
11
4.3797929921259842
21
-3.5918661023622045
0
LINE
8
BLACK
6
CONTINUOUS
10
4.3797929921259842
20
-3.5918661023622045
11
4.3733588582677161
21
-3.5931459448818899
0
LINE
8
BLACK
6
CONTINUOUS
10
4.3733588582677161
20
-3.5931459448818899
11
4.3667986220472441
21
-3.5931459448818899
0
LINE
8
BLACK
6
CONTINUOUS
10
4.3667986220472441
20
-3.5931459448818899
11
4.360364488188976
21
-3.5918661023622045
0
LINE
8
BLACK
6
CONTINUOUS
10
4.360364488188976
20
-3.5918661023622045
11
4.3543036614173225
21
-3.5893556299212599
0
LINE
8
BLACK
6
CONTINUOUS
10
4.3543036614173225
20
-3.5893556299212599
11
4.3488490551181105
21
-3.5857109842519685
0
LINE
8
BLACK
6
CONTINUOUS
10
4.3488490551181105
20
-3.5857109842519685
11
4.3442102755905507
21
-3.5810722047244092
0
LINE
8
BLACK
6
CONTINUOUS
10
4.3442102755905507
20
-3.5810722047244092
11
4.3405656299212598
21
-3.5756175984251968
0
LINE
8
BLACK
6
CONTINUOUS
10
4.3405656299212598
20
-3.5756175984251968
11
4.3380551574803148
21
-3.5695567716535432
0
LINE
8
BLACK
6
CONTINUOUS
10
4.3380551574803148
20
-3.5695567716535432
11
4.3367753149606294
21
-3.5631226377952756
0
LINE
8
BLACK
6
CONTINUOUS
10
4.3367753149606294
20
-3.5631226377952756
11
4.3367753149606294
21
-3.5565624015748032
0
LINE
8
BLACK
6
CONTINUOUS
10
4.3367753149606294
20
-3.5565624015748032
11
4.3380551574803148
21
-3.5501282677165356
0
LINE
8
BLACK
6
CONTINUOUS
10
4.3380551574803148
20
-3.5501282677165356
11
4.3405656299212598
21
-3.544067440944882
0
LINE
8
BLACK
6
CONTINUOUS
10
4.3405656299212598
20
-3.544067440944882
11
4.3442102755905507
21
-3.5386128346456691
0
LINE
8
BLACK
6
CONTINUOUS
10
4.3442102755905507
20
-3.5386128346456691
11
4.3488490551181105
21
-3.5339740551181102
0
LINE
8
BLACK
6
CONTINUOUS
10
4.3488490551181105
20
-3.5339740551181102
11
4.3543036614173225
21
-3.5303294094488189
0
LINE
8
BLACK
6
CONTINUOUS
10
4.3543036614173225
20
-3.5303294094488189
11
4.360364488188976
21
-3.5278189370078739
0
LINE
8
BLACK
6
CONTINUOUS
10
4.360364488188976
20
-3.5278189370078739
11
4.3667986220472441
21
-3.5265390944881889
0
LINE
8
BLACK
6
CONTINUOUS
10
4.3667986220472441
20
-3.5265390944881889
11
4.3733588582677161
21
-3.5265390944881889
0
LINE
8
BLACK
6
CONTINUOUS
10
4.3733588582677161
20
-3.5265390944881889
11
4.3797929921259842
21
-3.5278189370078739
0
LINE
8
BLACK
6
CONTINUOUS
10
4.3797929921259842
20
-3.4278189370078738
11
4.3858538188976377
21
-3.4303294094488188
0
LINE
8
BLACK
6
CONTINUOUS
10
4.3858538188976377
20
-3.4303294094488188
11
4.3913084251968506
21
-3.4339740551181102
0
LINE
8
BLACK
6
CONTINUOUS
10
4.3913084251968506
20
-3.4339740551181102
11
4.3959472047244095
21
-3.438612834645669
0
LINE
8
BLACK
6
CONTINUOUS
10
4.3959472047244095
20
-3.438612834645669
11
4.3995918503937004
21
-3.4440674409448819
0
LINE
8
BLACK
6
CONTINUOUS
10
4.3995918503937004
20
-3.4440674409448819
11
4.4021023228346454
21
-3.4501282677165355
0
LINE
8
BLACK
6
CONTINUOUS
10
4.4021023228346454
20
-3.4501282677165355
11
4.4033821653543308
21
-3.4565624015748031
0
LINE
8
BLACK
6
CONTINUOUS
10
4.4033821653543308
20
-3.4565624015748031
11
4.4033821653543308
21
-3.4631226377952755
0
LINE
8
BLACK
6
CONTINUOUS
10
4.4033821653543308
20
-3.4631226377952755
11
4.4021023228346454
21
-3.4695567716535431
0
LINE
8
BLACK
6
CONTINUOUS
10
4.4021023228346454
20
-3.4695567716535431
11
4.3995918503937004
21
-3.4756175984251967
0
LINE
8
BLACK
6
CONTINUOUS
10
4.3995918503937004
20
-3.4756175984251967
11
4.3959472047244095
21
-3.4810722047244096
0
LINE
8
BLACK
6
CONTINUOUS
10
4.3959472047244095
20
-3.4810722047244096
11
4.3913084251968506
21
-3.4857109842519685
0
LINE
8
BLACK
6
CONTINUOUS
10
4.3913084251968506
20
-3.4857109842519685
11
4.3858538188976377
21
-3.4893556299212598
0
LINE
8
BLACK
6
CONTINUOUS
10
4.3858538188976377
20
-3.4893556299212598
11
4.3797929921259842
21
-3.4918661023622048
0
LINE
8
BLACK
6
CONTINUOUS
10
4.3797929921259842
20
-3.4918661023622048
11
4.3733588582677161
21
-3.4931459448818898
0
LINE
8
BLACK
6
CONTINUOUS
10
4.3733588582677161
20
-3.4931459448818898
11
4.3667986220472441
21
-3.4931459448818898
0
LINE
8
BLACK
6
CONTINUOUS
10
4.3667986220472441
20
-3.4931459448818898
11
4.360364488188976
21
-3.4918661023622048
0
LINE
8
BLACK
6
CONTINUOUS
10
4.360364488188976
20
-3.4918661023622048
11
4.3543036614173225
21
-3.4893556299212598
0
LINE
8
BLACK
6
CONTINUOUS
10
4.3543036614173225
20
-3.4893556299212598
11
4.3488490551181105
21
-3.4857109842519685
0
LINE
8
BLACK
6
CONTINUOUS
10
4.3488490551181105
20
-3.4857109842519685
11
4.3442102755905507
21
-3.4810722047244096
0
LINE
8
BLACK
6
CONTINUOUS
10
4.3442102755905507
20
-3.4810722047244096
11
4.3405656299212598
21
-3.4756175984251967
0
LINE
8
BLACK
6
CONTINUOUS
10
4.3405656299212598
20
-3.4756175984251967
11
4.3380551574803148
21
-3.4695567716535431
0
LINE
8
BLACK
6
CONTINUOUS
10
4.3380551574803148
20
-3.4695567716535431
11
4.3367753149606294
21
-3.4631226377952755
0
LINE
8
BLACK
6
CONTINUOUS
10
4.3367753149606294
20
-3.4631226377952755
11
4.3367753149606294
21
-3.4565624015748031
0
LINE
8
BLACK
6
CONTINUOUS
10
4.3367753149606294
20
-3.4565624015748031
11
4.3380551574803148
21
-3.4501282677165355
0
LINE
8
BLACK
6
CONTINUOUS
10
4.3380551574803148
20
-3.4501282677165355
11
4.3405656299212598
21
-3.4440674409448819
0
LINE
8
BLACK
6
CONTINUOUS
10
4.3405656299212598
20
-3.4440674409448819
11
4.3442102755905507
21
-3.438612834645669
0
LINE
8
BLACK
6
CONTINUOUS
10
4.3442102755905507
20
-3.438612834645669
11
4.3488490551181105
21
-3.4339740551181102
0
LINE
8
BLACK
6
CONTINUOUS
10
4.3488490551181105
20
-3.4339740551181102
11
4.3543036614173225
21
-3.4303294094488188
0
LINE
8
BLACK
6
CONTINUOUS
10
4.3543036614173225
20
-3.4303294094488188
11
4.360364488188976
21
-3.4278189370078738
0
LINE
8
BLACK
6
CONTINUOUS
10
4.360364488188976
20
-3.4278189370078738
11
4.3667986220472441
21
-3.4265390944881888
0
LINE
8
BLACK
6
CONTINUOUS
10
4.3667986220472441
20
-3.4265390944881888
11
4.3733588582677161
21
-3.4265390944881888
0
LINE
8
BLACK
6
CONTINUOUS
10
4.3733588582677161
20
-3.4265390944881888
11
4.3797929921259842
21
-3.4278189370078738
0
LINE
8
BLACK
6
CONTINUOUS
10
2.3451972047244092
20
-3.3933897637795276
11
2.3481789370078738
21
-3.3951112992125982
0
LINE
8
BLACK
6
CONTINUOUS
10
2.3481789370078738
20
-3.3951112992125982
11
2.3506135039370077
21
-3.3975458661417322
0
LINE
8
BLACK
6
CONTINUOUS
10
2.3506135039370077
20
-3.3975458661417322
11
2.3523350393700788
21
-3.4005275984251968
0
LINE
8
BLACK
6
CONTINUOUS
10
2.3523350393700788
20
-3.4005275984251968
11
2.3532261417322835
21
-3.4038533070866142
0
LINE
8
BLACK
6
CONTINUOUS
10
2.3532261417322835
20
-3.4038533070866142
11
2.3532261417322835
21
-3.4072962992125984
0
LINE
8
BLACK
6
CONTINUOUS
10
2.3532261417322835
20
-3.4072962992125984
11
2.3523350393700788
21
-3.4106220078740157
0
LINE
8
BLACK
6
CONTINUOUS
10
2.3523350393700788
20
-3.4106220078740157
11
2.3506135039370077
21
-3.4136037401574804
0
LINE
8
BLACK
6
CONTINUOUS
10
2.3506135039370077
20
-3.4136037401574804
11
2.3481789370078738
21
-3.4160383070866143
0
LINE
8
BLACK
6
CONTINUOUS
10
2.3481789370078738
20
-3.4160383070866143
11
2.3451972047244092
21
-3.4177598425196849
0
LINE
8
BLACK
6
CONTINUOUS
10
2.3451972047244092
20
-3.4177598425196849
11
2.3418714960629923
21
-3.4186509448818896
0
LINE
8
BLACK
6
CONTINUOUS
10
2.3418714960629923
20
-3.4186509448818896
11
2.3384285039370076
21
-3.4186509448818896
0
LINE
8
BLACK
6
CONTINUOUS
10
2.3384285039370076
20
-3.4186509448818896
11
2.3351027952755903
21
-3.4177598425196849
0
LINE
8
BLACK
6
CONTINUOUS
10
2.3351027952755903
20
-3.4177598425196849
11
2.3321210629921261
21
-3.4160383070866143
0
LINE
8
BLACK
6
CONTINUOUS
10
2.3321210629921261
20
-3.4160383070866143
11
2.3296864960629922
21
-3.4136037401574804
0
LINE
8
BLACK
6
CONTINUOUS
10
2.3296864960629922
20
-3.4136037401574804
11
2.3279649606299211
21
-3.4106220078740157
0
LINE
8
BLACK
6
CONTINUOUS
10
2.3279649606299211
20
-3.4106220078740157
11
2.3270738582677164
21
-3.4072962992125984
0
LINE
8
BLACK
6
CONTINUOUS
10
2.3270738582677164
20
-3.4072962992125984
11
2.3270738582677164
21
-3.4038533070866142
0
LINE
8
BLACK
6
CONTINUOUS
10
2.3270738582677164
20
-3.4038533070866142
11
2.3279649606299211
21
-3.4005275984251968
0
LINE
8
BLACK
6
CONTINUOUS
10
2.3279649606299211
20
-3.4005275984251968
11
2.3296864960629922
21
-3.3975458661417322
0
LINE
8
BLACK
6
CONTINUOUS
10
2.3296864960629922
20
-3.3975458661417322
11
2.3321210629921261
21
-3.3951112992125982
0
LINE
8
BLACK
6
CONTINUOUS
10
2.3321210629921261
20
-3.3951112992125982
11
2.3351027952755903
21
-3.3933897637795276
0
LINE
8
BLACK
6
CONTINUOUS
10
2.3351027952755903
20
-3.3933897637795276
11
2.3384285039370076
21
-3.3924986614173229
0
LINE
8
BLACK
6
CONTINUOUS
10
2.3384285039370076
20
-3.3924986614173229
11
2.3418714960629923
21
-3.3924986614173229
0
LINE
8
BLACK
6
CONTINUOUS
10
2.3418714960629923
20
-3.3924986614173229
11
2.3451972047244092
21
-3.3933897637795276
0
LINE
8
BLACK
6
CONTINUOUS
10
4.3797929921259842
20
-3.3278189370078741
11
4.3858538188976377
21
-3.3303294094488187
0
LINE
8
BLACK
6
CONTINUOUS
10
4.3858538188976377
20
-3.3303294094488187
11
4.3913084251968506
21
-3.3339740551181101
0
LINE
8
BLACK
6
CONTINUOUS
10
4.3913084251968506
20
-3.3339740551181101
11
4.3959472047244095
21
-3.3386128346456694
0
LINE
8
BLACK
6
CONTINUOUS
10
4.3959472047244095
20
-3.3386128346456694
11
4.3995918503937004
21
-3.3440674409448818
0
LINE
8
BLACK
6
CONTINUOUS
10
4.3995918503937004
20
-3.3440674409448818
11
4.4021023228346454
21
-3.3501282677165354
0
LINE
8
BLACK
6
CONTINUOUS
10
4.4021023228346454
20
-3.3501282677165354
11
4.4033821653543308
21
-3.356562401574803
0
LINE
8
BLACK
6
CONTINUOUS
10
4.4033821653543308
20
-3.356562401574803
11
4.4033821653543308
21
-3.3631226377952754
0
LINE
8
BLACK
6
CONTINUOUS
10
4.4033821653543308
20
-3.3631226377952754
11
4.4021023228346454
21
-3.3695567716535431
0
LINE
8
BLACK
6
CONTINUOUS
10
4.4021023228346454
20
-3.3695567716535431
11
4.3995918503937004
21
-3.3756175984251966
0
LINE
8
BLACK
6
CONTINUOUS
10
4.3995918503937004
20
-3.3756175984251966
11
4.3959472047244095
21
-3.3810722047244095
0
LINE
8
BLACK
6
CONTINUOUS
10
4.3959472047244095
20
-3.3810722047244095
11
4.3913084251968506
21
-3.3857109842519684
0
LINE
8
BLACK
6
CONTINUOUS
10
4.3913084251968506
20
-3.3857109842519684
11
4.3858538188976377
21
-3.3893556299212597
0
LINE
8
BLACK
6
CONTINUOUS
10
4.3858538188976377
20
-3.3893556299212597
11
4.3797929921259842
21
-3.3918661023622048
0
LINE
8
BLACK
6
CONTINUOUS
10
4.3797929921259842
20
-3.3918661023622048
11
4.3733588582677161
21
-3.3931459448818897
0
LINE
8
BLACK
6
CONTINUOUS
10
4.3733588582677161
20
-3.3931459448818897
11
4.3667986220472441
21
-3.3931459448818897
0
LINE
8
BLACK
6
CONTINUOUS
10
4.3667986220472441
20
-3.3931459448818897
11
4.360364488188976
21
-3.3918661023622048
0
LINE
8
BLACK
6
CONTINUOUS
10
4.360364488188976
20
-3.3918661023622048
11
4.3543036614173225
21
-3.3893556299212597
0
LINE
8
BLACK
6
CONTINUOUS
10
4.3543036614173225
20
-3.3893556299212597
11
4.3488490551181105
21
-3.3857109842519684
0
LINE
8
BLACK
6
CONTINUOUS
10
4.3488490551181105
20
-3.3857109842519684
11
4.3442102755905507
21
-3.3810722047244095
0
LINE
8
BLACK
6
CONTINUOUS
10
4.3442102755905507
20
-3.3810722047244095
11
4.3405656299212598
21
-3.3756175984251966
0
LINE
8
BLACK
6
CONTINUOUS
10
4.3405656299212598
20
-3.3756175984251966
11
4.3380551574803148
21
-3.3695567716535431
0
LINE
8
BLACK
6
CONTINUOUS
10
4.3380551574803148
20
-3.3695567716535431
11
4.3367753149606294
21
-3.3631226377952754
0
LINE
8
BLACK
6
CONTINUOUS
10
4.3367753149606294
20
-3.3631226377952754
11
4.3367753149606294
21
-3.356562401574803
0
LINE
8
BLACK
6
CONTINUOUS
10
4.3367753149606294
20
-3.356562401574803
11
4.3380551574803148
21
-3.3501282677165354
0
LINE
8
BLACK
6
CONTINUOUS
10
4.3380551574803148
20
-3.3501282677165354
11
4.3405656299212598
21
-3.3440674409448818
0
LINE
8
BLACK
6
CONTINUOUS
10
4.3405656299212598
20
-3.3440674409448818
11
4.3442102755905507
21
-3.3386128346456694
0
LINE
8
BLACK
6
CONTINUOUS
10
4.3442102755905507
20
-3.3386128346456694
11
4.3488490551181105
21
-3.3339740551181101
0
LINE
8
BLACK
6
CONTINUOUS
10
4.3488490551181105
20
-3.3339740551181101
11
4.3543036614173225
21
-3.3303294094488187
0
LINE
8
BLACK
6
CONTINUOUS
10
4.3543036614173225
20
-3.3303294094488187
11
4.360364488188976
21
-3.3278189370078741
0
LINE
8
BLACK
6
CONTINUOUS
10
4.360364488188976
20
-3.3278189370078741
11
4.3667986220472441
21
-3.3265390944881887
0
LINE
8
BLACK
6
CONTINUOUS
10
4.3667986220472441
20
-3.3265390944881887
11
4.3733588582677161
21
-3.3265390944881887
0
LINE
8
BLACK
6
CONTINUOUS
10
4.3733588582677161
20
-3.3265390944881887
11
4.3797929921259842
21
-3.3278189370078741
0
LINE
8
BLACK
6
CONTINUOUS
10
2.1807516929133857
20
-3.3142924015748032
11
2.1860013385826771
21
-3.316250433070866
0
LINE
8
BLACK
6
CONTINUOUS
10
2.1860013385826771
20
-3.316250433070866
11
2.1904867322834645
21
-3.319608149606299
0
LINE
8
BLACK
6
CONTINUOUS
10
2.1904867322834645
20
-3.319608149606299
11
2.1938444488188975
21
-3.3240935433070864
0
LINE
8
BLACK
6
CONTINUOUS
10
2.1938444488188975
20
-3.3240935433070864
11
2.1958024803149607
21
-3.3293431889763778
0
LINE
8
BLACK
6
CONTINUOUS
10
2.1958024803149607
20
-3.3293431889763778
11
2.1962523622047243
21
-3.3335275590551179
0
LINE
8
BLACK
6
CONTINUOUS
10
2.1962523622047243
20
-3.3335275590551179
11
2.1958024803149607
21
-3.3377119291338584
0
LINE
8
BLACK
6
CONTINUOUS
10
2.1958024803149607
20
-3.3377119291338584
11
2.1938444488188975
21
-3.3429615748031494
0
LINE
8
BLACK
6
CONTINUOUS
10
2.1938444488188975
20
-3.3429615748031494
11
2.1904867322834645
21
-3.3474469685039367
0
LINE
8
BLACK
6
CONTINUOUS
10
2.1904867322834645
20
-3.3474469685039367
11
2.1860013385826771
21
-3.3508046850393698
0
LINE
8
BLACK
6
CONTINUOUS
10
2.1860013385826771
20
-3.3508046850393698
11
2.1807516929133857
21
-3.352762716535433
0
LINE
8
BLACK
6
CONTINUOUS
10
2.1807516929133857
20
-3.352762716535433
11
2.1765673228346456
21
-3.3532125984251966
0
LINE
8
BLACK
6
CONTINUOUS
10
2.1765673228346456
20
-3.3532125984251966
11
2.1293232283464567
21
-3.3532125984251966
0
LINE
8
BLACK
6
CONTINUOUS
10
2.1293232283464567
20
-3.3532125984251966
11
2.1251388582677166
21
-3.352762716535433
0
LINE
8
BLACK
6
CONTINUOUS
10
2.1251388582677166
20
-3.352762716535433
11
2.1198892125984252
21
-3.3508046850393698
0
LINE
8
BLACK
6
CONTINUOUS
10
2.1198892125984252
20
-3.3508046850393698
11
2.1154038188976378
21
-3.3474469685039367
0
LINE
8
BLACK
6
CONTINUOUS
10
2.1154038188976378
20
-3.3474469685039367
11
2.1120461023622048
21
-3.3429615748031494
0
LINE
8
BLACK
6
CONTINUOUS
10
2.1120461023622048
20
-3.3429615748031494
11
2.1100880708661416
21
-3.3377119291338584
0
LINE
8
BLACK
6
CONTINUOUS
10
2.1100880708661416
20
-3.3377119291338584
11
2.109638188976378
21
-3.3335275590551179
0
LINE
8
BLACK
6
CONTINUOUS
10
2.109638188976378
20
-3.3335275590551179
11
2.1100880708661416
21
-3.3293431889763778
0
LINE
8
BLACK
6
CONTINUOUS
10
2.1100880708661416
20
-3.3293431889763778
11
2.1120461023622048
21
-3.3240935433070864
0
LINE
8
BLACK
6
CONTINUOUS
10
2.1120461023622048
20
-3.3240935433070864
11
2.1154038188976378
21
-3.319608149606299
0
LINE
8
BLACK
6
CONTINUOUS
10
2.1154038188976378
20
-3.319608149606299
11
2.1198892125984252
21
-3.316250433070866
0
LINE
8
BLACK
6
CONTINUOUS
10
2.1198892125984252
20
-3.316250433070866
11
2.1251388582677166
21
-3.3142924015748032
0
LINE
8
BLACK
6
CONTINUOUS
10
2.1251388582677166
20
-3.3142924015748032
11
2.1293232283464567
21
-3.3138425196850392
0
LINE
8
BLACK
6
CONTINUOUS
10
2.1293232283464567
20
-3.3138425196850392
11
2.1765673228346456
21
-3.3138425196850392
0
LINE
8
BLACK
6
CONTINUOUS
10
2.1765673228346456
20
-3.3138425196850392
11
2.1807516929133857
21
-3.3142924015748032
0
LINE
8
BLACK
6
CONTINUOUS
10
2.3646099606299211
20
-3.3142924015748032
11
2.3698596062992126
21
-3.316250433070866
0
LINE
8
BLACK
6
CONTINUOUS
10
2.3698596062992126
20
-3.316250433070866
11
2.3743449999999999
21
-3.319608149606299
0
LINE
8
BLACK
6
CONTINUOUS
10
2.3743449999999999
20
-3.319608149606299
11
2.377702716535433
21
-3.3240935433070864
0
LINE
8
BLACK
6
CONTINUOUS
10
2.377702716535433
20
-3.3240935433070864
11
2.3796607480314962
21
-3.3293431889763778
0
LINE
8
BLACK
6
CONTINUOUS
10
2.3796607480314962
20
-3.3293431889763778
11
2.3801106299212598
21
-3.3335275590551179
0
LINE
8
BLACK
6
CONTINUOUS
10
2.3801106299212598
20
-3.3335275590551179
11
2.3796607480314962
21
-3.3377119291338584
0
LINE
8
BLACK
6
CONTINUOUS
10
2.3796607480314962
20
-3.3377119291338584
11
2.377702716535433
21
-3.3429615748031494
0
LINE
8
BLACK
6
CONTINUOUS
10
2.377702716535433
20
-3.3429615748031494
11
2.3743449999999999
21
-3.3474469685039367
0
LINE
8
BLACK
6
CONTINUOUS
10
2.3743449999999999
20
-3.3474469685039367
11
2.3698596062992126
21
-3.3508046850393698
0
LINE
8
BLACK
6
CONTINUOUS
10
2.3698596062992126
20
-3.3508046850393698
11
2.3646099606299211
21
-3.352762716535433
0
LINE
8
BLACK
6
CONTINUOUS
10
2.3646099606299211
20
-3.352762716535433
11
2.3604255905511811
21
-3.3532125984251966
0
LINE
8
BLACK
6
CONTINUOUS
10
2.3604255905511811
20
-3.3532125984251966
11
2.3131814960629922
21
-3.3532125984251966
0
LINE
8
BLACK
6
CONTINUOUS
10
2.3131814960629922
20
-3.3532125984251966
11
2.3089971259842521
21
-3.352762716535433
0
LINE
8
BLACK
6
CONTINUOUS
10
2.3089971259842521
20
-3.352762716535433
11
2.3037474803149607
21
-3.3508046850393698
0
LINE
8
BLACK
6
CONTINUOUS
10
2.3037474803149607
20
-3.3508046850393698
11
2.2992620866141733
21
-3.3474469685039367
0
LINE
8
BLACK
6
CONTINUOUS
10
2.2992620866141733
20
-3.3474469685039367
11
2.2959043700787403
21
-3.3429615748031494
0
LINE
8
BLACK
6
CONTINUOUS
10
2.2959043700787403
20
-3.3429615748031494
11
2.293946338582677
21
-3.3377119291338584
0
LINE
8
BLACK
6
CONTINUOUS
10
2.293946338582677
20
-3.3377119291338584
11
2.2934964566929135
21
-3.3335275590551179
0
LINE
8
BLACK
6
CONTINUOUS
10
2.2934964566929135
20
-3.3335275590551179
11
2.293946338582677
21
-3.3293431889763778
0
LINE
8
BLACK
6
CONTINUOUS
10
2.293946338582677
20
-3.3293431889763778
11
2.2959043700787403
21
-3.3240935433070864
0
LINE
8
BLACK
6
CONTINUOUS
10
2.2959043700787403
20
-3.3240935433070864
11
2.2992620866141733
21
-3.319608149606299
0
LINE
8
BLACK
6
CONTINUOUS
10
2.2992620866141733
20
-3.319608149606299
11
2.3037474803149607
21
-3.316250433070866
0
LINE
8
BLACK
6
CONTINUOUS
10
2.3037474803149607
20
-3.316250433070866
11
2.3089971259842521
21
-3.3142924015748032
0
LINE
8
BLACK
6
CONTINUOUS
10
2.3089971259842521
20
-3.3142924015748032
11
2.3131814960629922
21
-3.3138425196850392
0
LINE
8
BLACK
6
CONTINUOUS
10
2.3131814960629922
20
-3.3138425196850392
11
2.3604255905511811
21
-3.3138425196850392
0
LINE
8
BLACK
6
CONTINUOUS
10
2.3604255905511811
20
-3.3138425196850392
11
2.3646099606299211
21
-3.3142924015748032
0
LINE
8
BLACK
6
CONTINUOUS
10
4.4035433070866139
20
-3.2933070866141732
11
4.3366141732283463
21
-3.2933070866141732
0
LINE
8
BLACK
6
CONTINUOUS
10
4.3366141732283463
20
-3.2933070866141732
11
4.3366141732283463
21
-3.2263779527559056
0
LINE
8
BLACK
6
CONTINUOUS
10
4.3366141732283463
20
-3.2263779527559056
11
4.4035433070866139
21
-3.2263779527559056
0
LINE
8
BLACK
6
CONTINUOUS
10
4.4035433070866139
20
-3.2263779527559056
11
4.4035433070866139
21
-3.2933070866141732
0
LINE
8
BLACK
6
CONTINUOUS
10
3.2303149606299213
20
-3.1043307086614171
11
3.1633858267716533
21
-3.1043307086614171
0
LINE
8
BLACK
6
CONTINUOUS
10
3.1633858267716533
20
-3.1043307086614171
11
3.1633858267716533
21
-3.0374015748031495
0
LINE
8
BLACK
6
CONTINUOUS
10
3.1633858267716533
20
-3.0374015748031495
11
3.2303149606299213
21
-3.0374015748031495
0
LINE
8
BLACK
6
CONTINUOUS
10
3.2303149606299213
20
-3.0374015748031495
11
3.2303149606299213
21
-3.1043307086614171
0
LINE
8
BLACK
6
CONTINUOUS
10
4.3917322834645667
20
-3.1043307086614171
11
4.3248031496062991
21
-3.1043307086614171
0
LINE
8
BLACK
6
CONTINUOUS
10
4.3248031496062991
20
-3.1043307086614171
11
4.3248031496062991
21
-3.0374015748031495
0
LINE
8
BLACK
6
CONTINUOUS
10
4.3248031496062991
20
-3.0374015748031495
11
4.3917322834645667
21
-3.0374015748031495
0
LINE
8
BLACK
6
CONTINUOUS
10
4.3917322834645667
20
-3.0374015748031495
11
4.3917322834645667
21
-3.1043307086614171
0
LINE
8
BLACK
6
CONTINUOUS
10
2.2065646456692911
20
-3.038842559055118
11
2.2126254724409447
21
-3.0413530314960631
0
LINE
8
BLACK
6
CONTINUOUS
10
2.2126254724409447
20
-3.0413530314960631
11
2.2180800787401576
21
-3.0449976771653544
0
LINE
8
BLACK
6
CONTINUOUS
10
2.2180800787401576
20
-3.0449976771653544
11
2.2227188582677164
21
-3.0496364566929133
0
LINE
8
BLACK
6
CONTINUOUS
10
2.2227188582677164
20
-3.0496364566929133
11
2.2263635039370078
21
-3.0550910629921257
0
LINE
8
BLACK
6
CONTINUOUS
10
2.2263635039370078
20
-3.0550910629921257
11
2.2288739763779528
21
-3.0611518897637793
0
LINE
8
BLACK
6
CONTINUOUS
10
2.2288739763779528
20
-3.0611518897637793
11
2.2301538188976378
21
-3.0675860236220474
0
LINE
8
BLACK
6
CONTINUOUS
10
2.2301538188976378
20
-3.0675860236220474
11
2.2301538188976378
21
-3.0741462598425198
0
LINE
8
BLACK
6
CONTINUOUS
10
2.2301538188976378
20
-3.0741462598425198
11
2.2288739763779528
21
-3.0805803937007874
0
LINE
8
BLACK
6
CONTINUOUS
10
2.2288739763779528
20
-3.0805803937007874
11
2.2263635039370078
21
-3.0866412204724409
0
LINE
8
BLACK
6
CONTINUOUS
10
2.2263635039370078
20
-3.0866412204724409
11
2.2227188582677164
21
-3.0920958267716534
0
LINE
8
BLACK
6
CONTINUOUS
10
2.2227188582677164
20
-3.0920958267716534
11
2.2180800787401576
21
-3.0967346062992127
0
LINE
8
BLACK
6
CONTINUOUS
10
2.2180800787401576
20
-3.0967346062992127
11
2.2126254724409447
21
-3.1003792519685041
0
LINE
8
BLACK
6
CONTINUOUS
10
2.2126254724409447
20
-3.1003792519685041
11
2.2065646456692911
21
-3.1028897244094487
0
LINE
8
BLACK
6
CONTINUOUS
10
2.2065646456692911
20
-3.1028897244094487
11
2.2001305118110235
21
-3.1041695669291336
0
LINE
8
BLACK
6
CONTINUOUS
10
2.2001305118110235
20
-3.1041695669291336
11
2.1935702755905511
21
-3.1041695669291336
0
LINE
8
BLACK
6
CONTINUOUS
10
2.1935702755905511
20
-3.1041695669291336
11
2.1871361417322834
21
-3.1028897244094487
0
LINE
8
BLACK
6
CONTINUOUS
10
2.1871361417322834
20
-3.1028897244094487
11
2.1810753149606299
21
-3.1003792519685041
0
LINE
8
BLACK
6
CONTINUOUS
10
2.1810753149606299
20
-3.1003792519685041
11
2.1756207086614174
21
-3.0967346062992127
0
LINE
8
BLACK
6
CONTINUOUS
10
2.1756207086614174
20
-3.0967346062992127
11
2.1709819291338581
21
-3.0920958267716534
0
LINE
8
BLACK
6
CONTINUOUS
10
2.1709819291338581
20
-3.0920958267716534
11
2.1673372834645668
21
-3.0866412204724409
0
LINE
8
BLACK
6
CONTINUOUS
10
2.1673372834645668
20
-3.0866412204724409
11
2.1648268110236222
21
-3.0805803937007874
0
LINE
8
BLACK
6
CONTINUOUS
10
2.1648268110236222
20
-3.0805803937007874
11
2.1635469685039368
21
-3.0741462598425198
0
LINE
8
BLACK
6
CONTINUOUS
10
2.1635469685039368
20
-3.0741462598425198
11
2.1635469685039368
21
-3.0675860236220474
0
LINE
8
BLACK
6
CONTINUOUS
10
2.1635469685039368
20
-3.0675860236220474
11
2.1648268110236222
21
-3.0611518897637793
0
LINE
8
BLACK
6
CONTINUOUS
10
2.1648268110236222
20
-3.0611518897637793
11
2.1673372834645668
21
-3.0550910629921257
0
LINE
8
BLACK
6
CONTINUOUS
10
2.1673372834645668
20
-3.0550910629921257
11
2.1709819291338581
21
-3.0496364566929133
0
LINE
8
BLACK
6
CONTINUOUS
10
2.1709819291338581
20
-3.0496364566929133
11
2.1756207086614174
21
-3.0449976771653544
0
LINE
8
BLACK
6
CONTINUOUS
10
2.1756207086614174
20
-3.0449976771653544
11
2.1810753149606299
21
-3.0413530314960631
0
LINE
8
BLACK
6
CONTINUOUS
10
2.1810753149606299
20
-3.0413530314960631
11
2.1871361417322834
21
-3.038842559055118
0
LINE
8
BLACK
6
CONTINUOUS
10
2.1871361417322834
20
-3.038842559055118
11
2.1935702755905511
21
-3.0375627165354331
0
LINE
8
BLACK
6
CONTINUOUS
10
2.1935702755905511
20
-3.0375627165354331
11
2.2001305118110235
21
-3.0375627165354331
0
LINE
8
BLACK
6
CONTINUOUS
10
2.2001305118110235
20
-3.0375627165354331
11
2.2065646456692911
21
-3.038842559055118
0
LINE
8
BLACK
6
CONTINUOUS
10
2.3065646456692912
20
-3.038842559055118
11
2.3126254724409447
21
-3.0413530314960631
0
LINE
8
BLACK
6
CONTINUOUS
10
2.3126254724409447
20
-3.0413530314960631
11
2.3180800787401576
21
-3.0449976771653544
0
LINE
8
BLACK
6
CONTINUOUS
10
2.3180800787401576
20
-3.0449976771653544
11
2.3227188582677165
21
-3.0496364566929133
0
LINE
8
BLACK
6
CONTINUOUS
10
2.3227188582677165
20
-3.0496364566929133
11
2.3263635039370079
21
-3.0550910629921257
0
LINE
8
BLACK
6
CONTINUOUS
10
2.3263635039370079
20
-3.0550910629921257
11
2.3288739763779529
21
-3.0611518897637793
0
LINE
8
BLACK
6
CONTINUOUS
10
2.3288739763779529
20
-3.0611518897637793
11
2.3301538188976378
21
-3.0675860236220474
0
LINE
8
BLACK
6
CONTINUOUS
10
2.3301538188976378
20
-3.0675860236220474
11
2.3301538188976378
21
-3.0741462598425198
0
LINE
8
BLACK
6
CONTINUOUS
10
2.3301538188976378
20
-3.0741462598425198
11
2.3288739763779529
21
-3.0805803937007874
0
LINE
8
BLACK
6
CONTINUOUS
10
2.3288739763779529
20
-3.0805803937007874
11
2.3263635039370079
21
-3.0866412204724409
0
LINE
8
BLACK
6
CONTINUOUS
10
2.3263635039370079
20
-3.0866412204724409
11
2.3227188582677165
21
-3.0920958267716534
0
LINE
8
BLACK
6
CONTINUOUS
10
2.3227188582677165
20
-3.0920958267716534
11
2.3180800787401576
21
-3.0967346062992127
0
LINE
8
BLACK
6
CONTINUOUS
10
2.3180800787401576
20
-3.0967346062992127
11
2.3126254724409447
21
-3.1003792519685041
0
LINE
8
BLACK
6
CONTINUOUS
10
2.3126254724409447
20
-3.1003792519685041
11
2.3065646456692912
21
-3.1028897244094487
0
LINE
8
BLACK
6
CONTINUOUS
10
2.3065646456692912
20
-3.1028897244094487
11
2.3001305118110236
21
-3.1041695669291336
0
LINE
8
BLACK
6
CONTINUOUS
10
2.3001305118110236
20
-3.1041695669291336
11
2.2935702755905512
21
-3.1041695669291336
0
LINE
8
BLACK
6
CONTINUOUS
10
2.2935702755905512
20
-3.1041695669291336
11
2.2871361417322835
21
-3.1028897244094487
0
LINE
8
BLACK
6
CONTINUOUS
10
2.2871361417322835
20
-3.1028897244094487
11
2.28107531496063
21
-3.1003792519685041
0
LINE
8
BLACK
6
CONTINUOUS
10
2.28107531496063
20
-3.1003792519685041
11
2.2756207086614171
21
-3.0967346062992127
0
LINE
8
BLACK
6
CONTINUOUS
10
2.2756207086614171
20
-3.0967346062992127
11
2.2709819291338582
21
-3.0920958267716534
0
LINE
8
BLACK
6
CONTINUOUS
10
2.2709819291338582
20
-3.0920958267716534
11
2.2673372834645669
21
-3.0866412204724409
0
LINE
8
BLACK
6
CONTINUOUS
10
2.2673372834645669
20
-3.0866412204724409
11
2.2648268110236218
21
-3.0805803937007874
0
LINE
8
BLACK
6
CONTINUOUS
10
2.2648268110236218
20
-3.0805803937007874
11
2.2635469685039369
21
-3.0741462598425198
0
LINE
8
BLACK
6
CONTINUOUS
10
2.2635469685039369
20
-3.0741462598425198
11
2.2635469685039369
21
-3.0675860236220474
0
LINE
8
BLACK
6
CONTINUOUS
10
2.2635469685039369
20
-3.0675860236220474
11
2.2648268110236218
21
-3.0611518897637793
0
LINE
8
BLACK
6
CONTINUOUS
10
2.2648268110236218
20
-3.0611518897637793
11
2.2673372834645669
21
-3.0550910629921257
0
LINE
8
BLACK
6
CONTINUOUS
10
2.2673372834645669
20
-3.0550910629921257
11
2.2709819291338582
21
-3.0496364566929133
0
LINE
8
BLACK
6
CONTINUOUS
10
2.2709819291338582
20
-3.0496364566929133
11
2.2756207086614171
21
-3.0449976771653544
0
LINE
8
BLACK
6
CONTINUOUS
10
2.2756207086614171
20
-3.0449976771653544
11
2.28107531496063
21
-3.0413530314960631
0
LINE
8
BLACK
6
CONTINUOUS
10
2.28107531496063
20
-3.0413530314960631
11
2.2871361417322835
21
-3.038842559055118
0
LINE
8
BLACK
6
CONTINUOUS
10
2.2871361417322835
20
-3.038842559055118
11
2.2935702755905512
21
-3.0375627165354331
0
LINE
8
BLACK
6
CONTINUOUS
10
2.2935702755905512
20
-3.0375627165354331
11
2.3001305118110236
21
-3.0375627165354331
0
LINE
8
BLACK
6
CONTINUOUS
10
2.3001305118110236
20
-3.0375627165354331
11
2.3065646456692912
21
-3.038842559055118
0
LINE
8
BLACK
6
CONTINUOUS
10
2.4065646456692913
20
-3.038842559055118
11
2.4126254724409448
21
-3.0413530314960631
0
LINE
8
BLACK
6
CONTINUOUS
10
2.4126254724409448
20
-3.0413530314960631
11
2.4180800787401573
21
-3.0449976771653544
0
LINE
8
BLACK
6
CONTINUOUS
10
2.4180800787401573
20
-3.0449976771653544
11
2.4227188582677166
21
-3.0496364566929133
0
LINE
8
BLACK
6
CONTINUOUS
10
2.4227188582677166
20
-3.0496364566929133
11
2.4263635039370079
21
-3.0550910629921257
0
LINE
8
BLACK
6
CONTINUOUS
10
2.4263635039370079
20
-3.0550910629921257
11
2.4288739763779525
21
-3.0611518897637793
0
LINE
8
BLACK
6
CONTINUOUS
10
2.4288739763779525
20
-3.0611518897637793
11
2.4301538188976379
21
-3.0675860236220474
0
LINE
8
BLACK
6
CONTINUOUS
10
2.4301538188976379
20
-3.0675860236220474
11
2.4301538188976379
21
-3.0741462598425198
0
LINE
8
BLACK
6
CONTINUOUS
10
2.4301538188976379
20
-3.0741462598425198
11
2.4288739763779525
21
-3.0805803937007874
0
LINE
8
BLACK
6
CONTINUOUS
10
2.4288739763779525
20
-3.0805803937007874
11
2.4263635039370079
21
-3.0866412204724409
0
LINE
8
BLACK
6
CONTINUOUS
10
2.4263635039370079
20
-3.0866412204724409
11
2.4227188582677166
21
-3.0920958267716534
0
LINE
8
BLACK
6
CONTINUOUS
10
2.4227188582677166
20
-3.0920958267716534
11
2.4180800787401573
21
-3.0967346062992127
0
LINE
8
BLACK
6
CONTINUOUS
10
2.4180800787401573
20
-3.0967346062992127
11
2.4126254724409448
21
-3.1003792519685041
0
LINE
8
BLACK
6
CONTINUOUS
10
2.4126254724409448
20
-3.1003792519685041
11
2.4065646456692913
21
-3.1028897244094487
0
LINE
8
BLACK
6
CONTINUOUS
10
2.4065646456692913
20
-3.1028897244094487
11
2.4001305118110237
21
-3.1041695669291336
0
LINE
8
BLACK
6
CONTINUOUS
10
2.4001305118110237
20
-3.1041695669291336
11
2.3935702755905512
21
-3.1041695669291336
0
LINE
8
BLACK
6
CONTINUOUS
10
2.3935702755905512
20
-3.1041695669291336
11
2.3871361417322836
21
-3.1028897244094487
0
LINE
8
BLACK
6
CONTINUOUS
10
2.3871361417322836
20
-3.1028897244094487
11
2.3810753149606301
21
-3.1003792519685041
0
LINE
8
BLACK
6
CONTINUOUS
10
2.3810753149606301
20
-3.1003792519685041
11
2.3756207086614172
21
-3.0967346062992127
0
LINE
8
BLACK
6
CONTINUOUS
10
2.3756207086614172
20
-3.0967346062992127
11
2.3709819291338583
21
-3.0920958267716534
0
LINE
8
BLACK
6
CONTINUOUS
10
2.3709819291338583
20
-3.0920958267716534
11
2.367337283464567
21
-3.0866412204724409
0
LINE
8
BLACK
6
CONTINUOUS
10
2.367337283464567
20
-3.0866412204724409
11
2.3648268110236219
21
-3.0805803937007874
0
LINE
8
BLACK
6
CONTINUOUS
10
2.3648268110236219
20
-3.0805803937007874
11
2.363546968503937
21
-3.0741462598425198
0
LINE
8
BLACK
6
CONTINUOUS
10
2.363546968503937
20
-3.0741462598425198
11
2.363546968503937
21
-3.0675860236220474
0
LINE
8
BLACK
6
CONTINUOUS
10
2.363546968503937
20
-3.0675860236220474
11
2.3648268110236219
21
-3.0611518897637793
0
LINE
8
BLACK
6
CONTINUOUS
10
2.3648268110236219
20
-3.0611518897637793
11
2.367337283464567
21
-3.0550910629921257
0
LINE
8
BLACK
6
CONTINUOUS
10
2.367337283464567
20
-3.0550910629921257
11
2.3709819291338583
21
-3.0496364566929133
0
LINE
8
BLACK
6
CONTINUOUS
10
2.3709819291338583
20
-3.0496364566929133
11
2.3756207086614172
21
-3.0449976771653544
0
LINE
8
BLACK
6
CONTINUOUS
10
2.3756207086614172
20
-3.0449976771653544
11
2.3810753149606301
21
-3.0413530314960631
0
LINE
8
BLACK
6
CONTINUOUS
10
2.3810753149606301
20
-3.0413530314960631
11
2.3871361417322836
21
-3.038842559055118
0
LINE
8
BLACK
6
CONTINUOUS
10
2.3871361417322836
20
-3.038842559055118
11
2.3935702755905512
21
-3.0375627165354331
0
LINE
8
BLACK
6
CONTINUOUS
10
2.3935702755905512
20
-3.0375627165354331
11
2.4001305118110237
21
-3.0375627165354331
0
LINE
8
BLACK
6
CONTINUOUS
10
2.4001305118110237
20
-3.0375627165354331
11
2.4065646456692913
21
-3.038842559055118
0
LINE
8
BLACK
6
CONTINUOUS
10
2.5065646456692914
20
-3.038842559055118
11
2.5126254724409449
21
-3.0413530314960631
0
LINE
8
BLACK
6
CONTINUOUS
10
2.5126254724409449
20
-3.0413530314960631
11
2.5180800787401574
21
-3.0449976771653544
0
LINE
8
BLACK
6
CONTINUOUS
10
2.5180800787401574
20
-3.0449976771653544
11
2.5227188582677167
21
-3.0496364566929133
0
LINE
8
BLACK
6
CONTINUOUS
10
2.5227188582677167
20
-3.0496364566929133
11
2.526363503937008
21
-3.0550910629921257
0
LINE
8
BLACK
6
CONTINUOUS
10
2.526363503937008
20
-3.0550910629921257
11
2.5288739763779526
21
-3.0611518897637793
0
LINE
8
BLACK
6
CONTINUOUS
10
2.5288739763779526
20
-3.0611518897637793
11
2.5301538188976376
21
-3.0675860236220474
0
LINE
8
BLACK
6
CONTINUOUS
10
2.5301538188976376
20
-3.0675860236220474
11
2.5301538188976376
21
-3.0741462598425198
0
LINE
8
BLACK
6
CONTINUOUS
10
2.5301538188976376
20
-3.0741462598425198
11
2.5288739763779526
21
-3.0805803937007874
0
LINE
8
BLACK
6
CONTINUOUS
10
2.5288739763779526
20
-3.0805803937007874
11
2.526363503937008
21
-3.0866412204724409
0
LINE
8
BLACK
6
CONTINUOUS
10
2.526363503937008
20
-3.0866412204724409
11
2.5227188582677167
21
-3.0920958267716534
0
LINE
8
BLACK
6
CONTINUOUS
10
2.5227188582677167
20
-3.0920958267716534
11
2.5180800787401574
21
-3.0967346062992127
0
LINE
8
BLACK
6
CONTINUOUS
10
2.5180800787401574
20
-3.0967346062992127
11
2.5126254724409449
21
-3.1003792519685041
0
LINE
8
BLACK
6
CONTINUOUS
10
2.5126254724409449
20
-3.1003792519685041
11
2.5065646456692914
21
-3.1028897244094487
0
LINE
8
BLACK
6
CONTINUOUS
10
2.5065646456692914
20
-3.1028897244094487
11
2.5001305118110237
21
-3.1041695669291336
0
LINE
8
BLACK
6
CONTINUOUS
10
2.5001305118110237
20
-3.1041695669291336
11
2.4935702755905513
21
-3.1041695669291336
0
LINE
8
BLACK
6
CONTINUOUS
10
2.4935702755905513
20
-3.1041695669291336
11
2.4871361417322833
21
-3.1028897244094487
0
LINE
8
BLACK
6
CONTINUOUS
10
2.4871361417322833
20
-3.1028897244094487
11
2.4810753149606297
21
-3.1003792519685041
0
LINE
8
BLACK
6
CONTINUOUS
10
2.4810753149606297
20
-3.1003792519685041
11
2.4756207086614173
21
-3.0967346062992127
0
LINE
8
BLACK
6
CONTINUOUS
10
2.4756207086614173
20
-3.0967346062992127
11
2.4709819291338584
21
-3.0920958267716534
0
LINE
8
BLACK
6
CONTINUOUS
10
2.4709819291338584
20
-3.0920958267716534
11
2.467337283464567
21
-3.0866412204724409
0
LINE
8
BLACK
6
CONTINUOUS
10
2.467337283464567
20
-3.0866412204724409
11
2.464826811023622
21
-3.0805803937007874
0
LINE
8
BLACK
6
CONTINUOUS
10
2.464826811023622
20
-3.0805803937007874
11
2.4635469685039371
21
-3.0741462598425198
0
LINE
8
BLACK
6
CONTINUOUS
10
2.4635469685039371
20
-3.0741462598425198
11
2.4635469685039371
21
-3.0675860236220474
0
LINE
8
BLACK
6
CONTINUOUS
10
2.4635469685039371
20
-3.0675860236220474
11
2.464826811023622
21
-3.0611518897637793
0
LINE
8
BLACK
6
CONTINUOUS
10
2.464826811023622
20
-3.0611518897637793
11
2.467337283464567
21
-3.0550910629921257
0
LINE
8
BLACK
6
CONTINUOUS
10
2.467337283464567
20
-3.0550910629921257
11
2.4709819291338584
21
-3.0496364566929133
0
LINE
8
BLACK
6
CONTINUOUS
10
2.4709819291338584
20
-3.0496364566929133
11
2.4756207086614173
21
-3.0449976771653544
0
LINE
8
BLACK
6
CONTINUOUS
10
2.4756207086614173
20
-3.0449976771653544
11
2.4810753149606297
21
-3.0413530314960631
0
LINE
8
BLACK
6
CONTINUOUS
10
2.4810753149606297
20
-3.0413530314960631
11
2.4871361417322833
21
-3.038842559055118
0
LINE
8
BLACK
6
CONTINUOUS
10
2.4871361417322833
20
-3.038842559055118
11
2.4935702755905513
21
-3.0375627165354331
0
LINE
8
BLACK
6
CONTINUOUS
10
2.4935702755905513
20
-3.0375627165354331
11
2.5001305118110237
21
-3.0375627165354331
0
LINE
8
BLACK
6
CONTINUOUS
10
2.5001305118110237
20
-3.0375627165354331
11
2.5065646456692914
21
-3.038842559055118
0
LINE
8
BLACK
6
CONTINUOUS
10
2.6065646456692915
20
-3.038842559055118
11
2.612625472440945
21
-3.0413530314960631
0
LINE
8
BLACK
6
CONTINUOUS
10
2.612625472440945
20
-3.0413530314960631
11
2.6180800787401575
21
-3.0449976771653544
0
LINE
8
BLACK
6
CONTINUOUS
10
2.6180800787401575
20
-3.0449976771653544
11
2.6227188582677163
21
-3.0496364566929133
0
LINE
8
BLACK
6
CONTINUOUS
10
2.6227188582677163
20
-3.0496364566929133
11
2.6263635039370077
21
-3.0550910629921257
0
LINE
8
BLACK
6
CONTINUOUS
10
2.6263635039370077
20
-3.0550910629921257
11
2.6288739763779527
21
-3.0611518897637793
0
LINE
8
BLACK
6
CONTINUOUS
10
2.6288739763779527
20
-3.0611518897637793
11
2.6301538188976377
21
-3.0675860236220474
0
LINE
8
BLACK
6
CONTINUOUS
10
2.6301538188976377
20
-3.0675860236220474
11
2.6301538188976377
21
-3.0741462598425198
0
LINE
8
BLACK
6
CONTINUOUS
10
2.6301538188976377
20
-3.0741462598425198
11
2.6288739763779527
21
-3.0805803937007874
0
LINE
8
BLACK
6
CONTINUOUS
10
2.6288739763779527
20
-3.0805803937007874
11
2.6263635039370077
21
-3.0866412204724409
0
LINE
8
BLACK
6
CONTINUOUS
10
2.6263635039370077
20
-3.0866412204724409
11
2.6227188582677163
21
-3.0920958267716534
0
LINE
8
BLACK
6
CONTINUOUS
10
2.6227188582677163
20
-3.0920958267716534
11
2.6180800787401575
21
-3.0967346062992127
0
LINE
8
BLACK
6
CONTINUOUS
10
2.6180800787401575
20
-3.0967346062992127
11
2.612625472440945
21
-3.1003792519685041
0
LINE
8
BLACK
6
CONTINUOUS
10
2.612625472440945
20
-3.1003792519685041
11
2.6065646456692915
21
-3.1028897244094487
0
LINE
8
BLACK
6
CONTINUOUS
10
2.6065646456692915
20
-3.1028897244094487
11
2.6001305118110234
21
-3.1041695669291336
0
LINE
8
BLACK
6
CONTINUOUS
10
2.6001305118110234
20
-3.1041695669291336
11
2.593570275590551
21
-3.1041695669291336
0
LINE
8
BLACK
6
CONTINUOUS
10
2.593570275590551
20
-3.1041695669291336
11
2.5871361417322833
21
-3.1028897244094487
0
LINE
8
BLACK
6
CONTINUOUS
10
2.5871361417322833
20
-3.1028897244094487
11
2.5810753149606298
21
-3.1003792519685041
0
LINE
8
BLACK
6
CONTINUOUS
10
2.5810753149606298
20
-3.1003792519685041
11
2.5756207086614173
21
-3.0967346062992127
0
LINE
8
BLACK
6
CONTINUOUS
10
2.5756207086614173
20
-3.0967346062992127
11
2.570981929133858
21
-3.0920958267716534
0
LINE
8
BLACK
6
CONTINUOUS
10
2.570981929133858
20
-3.0920958267716534
11
2.5673372834645667
21
-3.0866412204724409
0
LINE
8
BLACK
6
CONTINUOUS
10
2.5673372834645667
20
-3.0866412204724409
11
2.5648268110236221
21
-3.0805803937007874
0
LINE
8
BLACK
6
CONTINUOUS
10
2.5648268110236221
20
-3.0805803937007874
11
2.5635469685039372
21
-3.0741462598425198
0
LINE
8
BLACK
6
CONTINUOUS
10
2.5635469685039372
20
-3.0741462598425198
11
2.5635469685039372
21
-3.0675860236220474
0
LINE
8
BLACK
6
CONTINUOUS
10
2.5635469685039372
20
-3.0675860236220474
11
2.5648268110236221
21
-3.0611518897637793
0
LINE
8
BLACK
6
CONTINUOUS
10
2.5648268110236221
20
-3.0611518897637793
11
2.5673372834645667
21
-3.0550910629921257
0
LINE
8
BLACK
6
CONTINUOUS
10
2.5673372834645667
20
-3.0550910629921257
11
2.570981929133858
21
-3.0496364566929133
0
LINE
8
BLACK
6
CONTINUOUS
10
2.570981929133858
20
-3.0496364566929133
11
2.5756207086614173
21
-3.0449976771653544
0
LINE
8
BLACK
6
CONTINUOUS
10
2.5756207086614173
20
-3.0449976771653544
11
2.5810753149606298
21
-3.0413530314960631
0
LINE
8
BLACK
6
CONTINUOUS
10
2.5810753149606298
20
-3.0413530314960631
11
2.5871361417322833
21
-3.038842559055118
0
LINE
8
BLACK
6
CONTINUOUS
10
2.5871361417322833
20
-3.038842559055118
11
2.593570275590551
21
-3.0375627165354331
0
LINE
8
BLACK
6
CONTINUOUS
10
2.593570275590551
20
-3.0375627165354331
11
2.6001305118110234
21
-3.0375627165354331
0
LINE
8
BLACK
6
CONTINUOUS
10
2.6001305118110234
20
-3.0375627165354331
11
2.6065646456692915
21
-3.038842559055118
0
LINE
8
BLACK
6
CONTINUOUS
10
2.7065646456692911
20
-3.038842559055118
11
2.7126254724409447
21
-3.0413530314960631
0
LINE
8
BLACK
6
CONTINUOUS
10
2.7126254724409447
20
-3.0413530314960631
11
2.7180800787401576
21
-3.0449976771653544
0
LINE
8
BLACK
6
CONTINUOUS
10
2.7180800787401576
20
-3.0449976771653544
11
2.7227188582677164
21
-3.0496364566929133
0
LINE
8
BLACK
6
CONTINUOUS
10
2.7227188582677164
20
-3.0496364566929133
11
2.7263635039370078
21
-3.0550910629921257
0
LINE
8
BLACK
6
CONTINUOUS
10
2.7263635039370078
20
-3.0550910629921257
11
2.7288739763779528
21
-3.0611518897637793
0
LINE
8
BLACK
6
CONTINUOUS
10
2.7288739763779528
20
-3.0611518897637793
11
2.7301538188976378
21
-3.0675860236220474
0
LINE
8
BLACK
6
CONTINUOUS
10
2.7301538188976378
20
-3.0675860236220474
11
2.7301538188976378
21
-3.0741462598425198
0
LINE
8
BLACK
6
CONTINUOUS
10
2.7301538188976378
20
-3.0741462598425198
11
2.7288739763779528
21
-3.0805803937007874
0
LINE
8
BLACK
6
CONTINUOUS
10
2.7288739763779528
20
-3.0805803937007874
11
2.7263635039370078
21
-3.0866412204724409
0
LINE
8
BLACK
6
CONTINUOUS
10
2.7263635039370078
20
-3.0866412204724409
11
2.7227188582677164
21
-3.0920958267716534
0
LINE
8
BLACK
6
CONTINUOUS
10
2.7227188582677164
20
-3.0920958267716534
11
2.7180800787401576
21
-3.0967346062992127
0
LINE
8
BLACK
6
CONTINUOUS
10
2.7180800787401576
20
-3.0967346062992127
11
2.7126254724409447
21
-3.1003792519685041
0
LINE
8
BLACK
6
CONTINUOUS
10
2.7126254724409447
20
-3.1003792519685041
11
2.7065646456692911
21
-3.1028897244094487
0
LINE
8
BLACK
6
CONTINUOUS
10
2.7065646456692911
20
-3.1028897244094487
11
2.7001305118110235
21
-3.1041695669291336
0
LINE
8
BLACK
6
CONTINUOUS
10
2.7001305118110235
20
-3.1041695669291336
11
2.6935702755905511
21
-3.1041695669291336
0
LINE
8
BLACK
6
CONTINUOUS
10
2.6935702755905511
20
-3.1041695669291336
11
2.6871361417322834
21
-3.1028897244094487
0
LINE
8
BLACK
6
CONTINUOUS
10
2.6871361417322834
20
-3.1028897244094487
11
2.6810753149606299
21
-3.1003792519685041
0
LINE
8
BLACK
6
CONTINUOUS
10
2.6810753149606299
20
-3.1003792519685041
11
2.6756207086614174
21
-3.0967346062992127
0
LINE
8
BLACK
6
CONTINUOUS
10
2.6756207086614174
20
-3.0967346062992127
11
2.6709819291338581
21
-3.0920958267716534
0
LINE
8
BLACK
6
CONTINUOUS
10
2.6709819291338581
20
-3.0920958267716534
11
2.6673372834645668
21
-3.0866412204724409
0
LINE
8
BLACK
6
CONTINUOUS
10
2.6673372834645668
20
-3.0866412204724409
11
2.6648268110236222
21
-3.0805803937007874
0
LINE
8
BLACK
6
CONTINUOUS
10
2.6648268110236222
20
-3.0805803937007874
11
2.6635469685039368
21
-3.0741462598425198
0
LINE
8
BLACK
6
CONTINUOUS
10
2.6635469685039368
20
-3.0741462598425198
11
2.6635469685039368
21
-3.0675860236220474
0
LINE
8
BLACK
6
CONTINUOUS
10
2.6635469685039368
20
-3.0675860236220474
11
2.6648268110236222
21
-3.0611518897637793
0
LINE
8
BLACK
6
CONTINUOUS
10
2.6648268110236222
20
-3.0611518897637793
11
2.6673372834645668
21
-3.0550910629921257
0
LINE
8
BLACK
6
CONTINUOUS
10
2.6673372834645668
20
-3.0550910629921257
11
2.6709819291338581
21
-3.0496364566929133
0
LINE
8
BLACK
6
CONTINUOUS
10
2.6709819291338581
20
-3.0496364566929133
11
2.6756207086614174
21
-3.0449976771653544
0
LINE
8
BLACK
6
CONTINUOUS
10
2.6756207086614174
20
-3.0449976771653544
11
2.6810753149606299
21
-3.0413530314960631
0
LINE
8
BLACK
6
CONTINUOUS
10
2.6810753149606299
20
-3.0413530314960631
11
2.6871361417322834
21
-3.038842559055118
0
LINE
8
BLACK
6
CONTINUOUS
10
2.6871361417322834
20
-3.038842559055118
11
2.6935702755905511
21
-3.0375627165354331
0
LINE
8
BLACK
6
CONTINUOUS
10
2.6935702755905511
20
-3.0375627165354331
11
2.7001305118110235
21
-3.0375627165354331
0
LINE
8
BLACK
6
CONTINUOUS
10
2.7001305118110235
20
-3.0375627165354331
11
2.7065646456692911
21
-3.038842559055118
0
LINE
8
BLACK
6
CONTINUOUS
10
2.8065646456692912
20
-3.038842559055118
11
2.8126254724409447
21
-3.0413530314960631
0
LINE
8
BLACK
6
CONTINUOUS
10
2.8126254724409447
20
-3.0413530314960631
11
2.8180800787401572
21
-3.0449976771653544
0
LINE
8
BLACK
6
CONTINUOUS
10
2.8180800787401572
20
-3.0449976771653544
11
2.8227188582677165
21
-3.0496364566929133
0
LINE
8
BLACK
6
CONTINUOUS
10
2.8227188582677165
20
-3.0496364566929133
11
2.8263635039370079
21
-3.0550910629921257
0
LINE
8
BLACK
6
CONTINUOUS
10
2.8263635039370079
20
-3.0550910629921257
11
2.8288739763779529
21
-3.0611518897637793
0
LINE
8
BLACK
6
CONTINUOUS
10
2.8288739763779529
20
-3.0611518897637793
11
2.8301538188976378
21
-3.0675860236220474
0
LINE
8
BLACK
6
CONTINUOUS
10
2.8301538188976378
20
-3.0675860236220474
11
2.8301538188976378
21
-3.0741462598425198
0
LINE
8
BLACK
6
CONTINUOUS
10
2.8301538188976378
20
-3.0741462598425198
11
2.8288739763779529
21
-3.0805803937007874
0
LINE
8
BLACK
6
CONTINUOUS
10
2.8288739763779529
20
-3.0805803937007874
11
2.8263635039370079
21
-3.0866412204724409
0
LINE
8
BLACK
6
CONTINUOUS
10
2.8263635039370079
20
-3.0866412204724409
11
2.8227188582677165
21
-3.0920958267716534
0
LINE
8
BLACK
6
CONTINUOUS
10
2.8227188582677165
20
-3.0920958267716534
11
2.8180800787401572
21
-3.0967346062992127
0
LINE
8
BLACK
6
CONTINUOUS
10
2.8180800787401572
20
-3.0967346062992127
11
2.8126254724409447
21
-3.1003792519685041
0
LINE
8
BLACK
6
CONTINUOUS
10
2.8126254724409447
20
-3.1003792519685041
11
2.8065646456692912
21
-3.1028897244094487
0
LINE
8
BLACK
6
CONTINUOUS
10
2.8065646456692912
20
-3.1028897244094487
11
2.8001305118110236
21
-3.1041695669291336
0
LINE
8
BLACK
6
CONTINUOUS
10
2.8001305118110236
20
-3.1041695669291336
11
2.7935702755905512
21
-3.1041695669291336
0
LINE
8
BLACK
6
CONTINUOUS
10
2.7935702755905512
20
-3.1041695669291336
11
2.7871361417322835
21
-3.1028897244094487
0
LINE
8
BLACK
6
CONTINUOUS
10
2.7871361417322835
20
-3.1028897244094487
11
2.78107531496063
21
-3.1003792519685041
0
LINE
8
BLACK
6
CONTINUOUS
10
2.78107531496063
20
-3.1003792519685041
11
2.7756207086614171
21
-3.0967346062992127
0
LINE
8
BLACK
6
CONTINUOUS
10
2.7756207086614171
20
-3.0967346062992127
11
2.7709819291338582
21
-3.0920958267716534
0
LINE
8
BLACK
6
CONTINUOUS
10
2.7709819291338582
20
-3.0920958267716534
11
2.7673372834645669
21
-3.0866412204724409
0
LINE
8
BLACK
6
CONTINUOUS
10
2.7673372834645669
20
-3.0866412204724409
11
2.7648268110236218
21
-3.0805803937007874
0
LINE
8
BLACK
6
CONTINUOUS
10
2.7648268110236218
20
-3.0805803937007874
11
2.7635469685039369
21
-3.0741462598425198
0
LINE
8
BLACK
6
CONTINUOUS
10
2.7635469685039369
20
-3.0741462598425198
11
2.7635469685039369
21
-3.0675860236220474
0
LINE
8
BLACK
6
CONTINUOUS
10
2.7635469685039369
20
-3.0675860236220474
11
2.7648268110236218
21
-3.0611518897637793
0
LINE
8
BLACK
6
CONTINUOUS
10
2.7648268110236218
20
-3.0611518897637793
11
2.7673372834645669
21
-3.0550910629921257
0
LINE
8
BLACK
6
CONTINUOUS
10
2.7673372834645669
20
-3.0550910629921257
11
2.7709819291338582
21
-3.0496364566929133
0
LINE
8
BLACK
6
CONTINUOUS
10
2.7709819291338582
20
-3.0496364566929133
11
2.7756207086614171
21
-3.0449976771653544
0
LINE
8
BLACK
6
CONTINUOUS
10
2.7756207086614171
20
-3.0449976771653544
11
2.78107531496063
21
-3.0413530314960631
0
LINE
8
BLACK
6
CONTINUOUS
10
2.78107531496063
20
-3.0413530314960631
11
2.7871361417322835
21
-3.038842559055118
0
LINE
8
BLACK
6
CONTINUOUS
10
2.7871361417322835
20
-3.038842559055118
11
2.7935702755905512
21
-3.0375627165354331
0
LINE
8
BLACK
6
CONTINUOUS
10
2.7935702755905512
20
-3.0375627165354331
11
2.8001305118110236
21
-3.0375627165354331
0
LINE
8
BLACK
6
CONTINUOUS
10
2.8001305118110236
20
-3.0375627165354331
11
2.8065646456692912
21
-3.038842559055118
0
LINE
8
BLACK
6
CONTINUOUS
10
2.9065646456692913
20
-3.038842559055118
11
2.9126254724409448
21
-3.0413530314960631
0
LINE
8
BLACK
6
CONTINUOUS
10
2.9126254724409448
20
-3.0413530314960631
11
2.9180800787401573
21
-3.0449976771653544
0
LINE
8
BLACK
6
CONTINUOUS
10
2.9180800787401573
20
-3.0449976771653544
11
2.9227188582677166
21
-3.0496364566929133
0
LINE
8
BLACK
6
CONTINUOUS
10
2.9227188582677166
20
-3.0496364566929133
11
2.9263635039370079
21
-3.0550910629921257
0
LINE
8
BLACK
6
CONTINUOUS
10
2.9263635039370079
20
-3.0550910629921257
11
2.9288739763779525
21
-3.0611518897637793
0
LINE
8
BLACK
6
CONTINUOUS
10
2.9288739763779525
20
-3.0611518897637793
11
2.9301538188976379
21
-3.0675860236220474
0
LINE
8
BLACK
6
CONTINUOUS
10
2.9301538188976379
20
-3.0675860236220474
11
2.9301538188976379
21
-3.0741462598425198
0
LINE
8
BLACK
6
CONTINUOUS
10
2.9301538188976379
20
-3.0741462598425198
11
2.9288739763779525
21
-3.0805803937007874
0
LINE
8
BLACK
6
CONTINUOUS
10
2.9288739763779525
20
-3.0805803937007874
11
2.9263635039370079
21
-3.0866412204724409
0
LINE
8
BLACK
6
CONTINUOUS
10
2.9263635039370079
20
-3.0866412204724409
11
2.9227188582677166
21
-3.0920958267716534
0
LINE
8
BLACK
6
CONTINUOUS
10
2.9227188582677166
20
-3.0920958267716534
11
2.9180800787401573
21
-3.0967346062992127
0
LINE
8
BLACK
6
CONTINUOUS
10
2.9180800787401573
20
-3.0967346062992127
11
2.9126254724409448
21
-3.1003792519685041
0
LINE
8
BLACK
6
CONTINUOUS
10
2.9126254724409448
20
-3.1003792519685041
11
2.9065646456692913
21
-3.1028897244094487
0
LINE
8
BLACK
6
CONTINUOUS
10
2.9065646456692913
20
-3.1028897244094487
11
2.9001305118110237
21
-3.1041695669291336
0
LINE
8
BLACK
6
CONTINUOUS
10
2.9001305118110237
20
-3.1041695669291336
11
2.8935702755905512
21
-3.1041695669291336
0
LINE
8
BLACK
6
CONTINUOUS
10
2.8935702755905512
20
-3.1041695669291336
11
2.8871361417322836
21
-3.1028897244094487
0
LINE
8
BLACK
6
CONTINUOUS
10
2.8871361417322836
20
-3.1028897244094487
11
2.8810753149606301
21
-3.1003792519685041
0
LINE
8
BLACK
6
CONTINUOUS
10
2.8810753149606301
20
-3.1003792519685041
11
2.8756207086614172
21
-3.0967346062992127
0
LINE
8
BLACK
6
CONTINUOUS
10
2.8756207086614172
20
-3.0967346062992127
11
2.8709819291338583
21
-3.0920958267716534
0
LINE
8
BLACK
6
CONTINUOUS
10
2.8709819291338583
20
-3.0920958267716534
11
2.867337283464567
21
-3.0866412204724409
0
LINE
8
BLACK
6
CONTINUOUS
10
2.867337283464567
20
-3.0866412204724409
11
2.8648268110236219
21
-3.0805803937007874
0
LINE
8
BLACK
6
CONTINUOUS
10
2.8648268110236219
20
-3.0805803937007874
11
2.863546968503937
21
-3.0741462598425198
0
LINE
8
BLACK
6
CONTINUOUS
10
2.863546968503937
20
-3.0741462598425198
11
2.863546968503937
21
-3.0675860236220474
0
LINE
8
BLACK
6
CONTINUOUS
10
2.863546968503937
20
-3.0675860236220474
11
2.8648268110236219
21
-3.0611518897637793
0
LINE
8
BLACK
6
CONTINUOUS
10
2.8648268110236219
20
-3.0611518897637793
11
2.867337283464567
21
-3.0550910629921257
0
LINE
8
BLACK
6
CONTINUOUS
10
2.867337283464567
20
-3.0550910629921257
11
2.8709819291338583
21
-3.0496364566929133
0
LINE
8
BLACK
6
CONTINUOUS
10
2.8709819291338583
20
-3.0496364566929133
11
2.8756207086614172
21
-3.0449976771653544
0
LINE
8
BLACK
6
CONTINUOUS
10
2.8756207086614172
20
-3.0449976771653544
11
2.8810753149606301
21
-3.0413530314960631
0
LINE
8
BLACK
6
CONTINUOUS
10
2.8810753149606301
20
-3.0413530314960631
11
2.8871361417322836
21
-3.038842559055118
0
LINE
8
BLACK
6
CONTINUOUS
10
2.8871361417322836
20
-3.038842559055118
11
2.8935702755905512
21
-3.0375627165354331
0
LINE
8
BLACK
6
CONTINUOUS
10
2.8935702755905512
20
-3.0375627165354331
11
2.9001305118110237
21
-3.0375627165354331
0
LINE
8
BLACK
6
CONTINUOUS
10
2.9001305118110237
20
-3.0375627165354331
11
2.9065646456692913
21
-3.038842559055118
0
LINE
8
BLACK
6
CONTINUOUS
10
3.0065646456692914
20
-3.038842559055118
11
3.0126254724409449
21
-3.0413530314960631
0
LINE
8
BLACK
6
CONTINUOUS
10
3.0126254724409449
20
-3.0413530314960631
11
3.0180800787401574
21
-3.0449976771653544
0
LINE
8
BLACK
6
CONTINUOUS
10
3.0180800787401574
20
-3.0449976771653544
11
3.0227188582677162
21
-3.0496364566929133
0
LINE
8
BLACK
6
CONTINUOUS
10
3.0227188582677162
20
-3.0496364566929133
11
3.0263635039370076
21
-3.0550910629921257
0
LINE
8
BLACK
6
CONTINUOUS
10
3.0263635039370076
20
-3.0550910629921257
11
3.0288739763779526
21
-3.0611518897637793
0
LINE
8
BLACK
6
CONTINUOUS
10
3.0288739763779526
20
-3.0611518897637793
11
3.0301538188976376
21
-3.0675860236220474
0
LINE
8
BLACK
6
CONTINUOUS
10
3.0301538188976376
20
-3.0675860236220474
11
3.0301538188976376
21
-3.0741462598425198
0
LINE
8
BLACK
6
CONTINUOUS
10
3.0301538188976376
20
-3.0741462598425198
11
3.0288739763779526
21
-3.0805803937007874
0
LINE
8
BLACK
6
CONTINUOUS
10
3.0288739763779526
20
-3.0805803937007874
11
3.0263635039370076
21
-3.0866412204724409
0
LINE
8
BLACK
6
CONTINUOUS
10
3.0263635039370076
20
-3.0866412204724409
11
3.0227188582677162
21
-3.0920958267716534
0
LINE
8
BLACK
6
CONTINUOUS
10
3.0227188582677162
20
-3.0920958267716534
11
3.0180800787401574
21
-3.0967346062992127
0
LINE
8
BLACK
6
CONTINUOUS
10
3.0180800787401574
20
-3.0967346062992127
11
3.0126254724409449
21
-3.1003792519685041
0
LINE
8
BLACK
6
CONTINUOUS
10
3.0126254724409449
20
-3.1003792519685041
11
3.0065646456692914
21
-3.1028897244094487
0
LINE
8
BLACK
6
CONTINUOUS
10
3.0065646456692914
20
-3.1028897244094487
11
3.0001305118110237
21
-3.1041695669291336
0
LINE
8
BLACK
6
CONTINUOUS
10
3.0001305118110237
20
-3.1041695669291336
11
2.9935702755905513
21
-3.1041695669291336
0
LINE
8
BLACK
6
CONTINUOUS
10
2.9935702755905513
20
-3.1041695669291336
11
2.9871361417322833
21
-3.1028897244094487
0
LINE
8
BLACK
6
CONTINUOUS
10
2.9871361417322833
20
-3.1028897244094487
11
2.9810753149606297
21
-3.1003792519685041
0
LINE
8
BLACK
6
CONTINUOUS
10
2.9810753149606297
20
-3.1003792519685041
11
2.9756207086614173
21
-3.0967346062992127
0
LINE
8
BLACK
6
CONTINUOUS
10
2.9756207086614173
20
-3.0967346062992127
11
2.9709819291338584
21
-3.0920958267716534
0
LINE
8
BLACK
6
CONTINUOUS
10
2.9709819291338584
20
-3.0920958267716534
11
2.967337283464567
21
-3.0866412204724409
0
LINE
8
BLACK
6
CONTINUOUS
10
2.967337283464567
20
-3.0866412204724409
11
2.964826811023622
21
-3.0805803937007874
0
LINE
8
BLACK
6
CONTINUOUS
10
2.964826811023622
20
-3.0805803937007874
11
2.9635469685039371
21
-3.0741462598425198
0
LINE
8
BLACK
6
CONTINUOUS
10
2.9635469685039371
20
-3.0741462598425198
11
2.9635469685039371
21
-3.0675860236220474
0
LINE
8
BLACK
6
CONTINUOUS
10
2.9635469685039371
20
-3.0675860236220474
11
2.964826811023622
21
-3.0611518897637793
0
LINE
8
BLACK
6
CONTINUOUS
10
2.964826811023622
20
-3.0611518897637793
11
2.967337283464567
21
-3.0550910629921257
0
LINE
8
BLACK
6
CONTINUOUS
10
2.967337283464567
20
-3.0550910629921257
11
2.9709819291338584
21
-3.0496364566929133
0
LINE
8
BLACK
6
CONTINUOUS
10
2.9709819291338584
20
-3.0496364566929133
11
2.9756207086614173
21
-3.0449976771653544
0
LINE
8
BLACK
6
CONTINUOUS
10
2.9756207086614173
20
-3.0449976771653544
11
2.9810753149606297
21
-3.0413530314960631
0
LINE
8
BLACK
6
CONTINUOUS
10
2.9810753149606297
20
-3.0413530314960631
11
2.9871361417322833
21
-3.038842559055118
0
LINE
8
BLACK
6
CONTINUOUS
10
2.9871361417322833
20
-3.038842559055118
11
2.9935702755905513
21
-3.0375627165354331
0
LINE
8
BLACK
6
CONTINUOUS
10
2.9935702755905513
20
-3.0375627165354331
11
3.0001305118110237
21
-3.0375627165354331
0
LINE
8
BLACK
6
CONTINUOUS
10
3.0001305118110237
20
-3.0375627165354331
11
3.0065646456692914
21
-3.038842559055118
0
LINE
8
BLACK
6
CONTINUOUS
10
3.1065646456692915
20
-3.038842559055118
11
3.112625472440945
21
-3.0413530314960631
0
LINE
8
BLACK
6
CONTINUOUS
10
3.112625472440945
20
-3.0413530314960631
11
3.1180800787401575
21
-3.0449976771653544
0
LINE
8
BLACK
6
CONTINUOUS
10
3.1180800787401575
20
-3.0449976771653544
11
3.1227188582677163
21
-3.0496364566929133
0
LINE
8
BLACK
6
CONTINUOUS
10
3.1227188582677163
20
-3.0496364566929133
11
3.1263635039370077
21
-3.0550910629921257
0
LINE
8
BLACK
6
CONTINUOUS
10
3.1263635039370077
20
-3.0550910629921257
11
3.1288739763779527
21
-3.0611518897637793
0
LINE
8
BLACK
6
CONTINUOUS
10
3.1288739763779527
20
-3.0611518897637793
11
3.1301538188976377
21
-3.0675860236220474
0
LINE
8
BLACK
6
CONTINUOUS
10
3.1301538188976377
20
-3.0675860236220474
11
3.1301538188976377
21
-3.0741462598425198
0
LINE
8
BLACK
6
CONTINUOUS
10
3.1301538188976377
20
-3.0741462598425198
11
3.1288739763779527
21
-3.0805803937007874
0
LINE
8
BLACK
6
CONTINUOUS
10
3.1288739763779527
20
-3.0805803937007874
11
3.1263635039370077
21
-3.0866412204724409
0
LINE
8
BLACK
6
CONTINUOUS
10
3.1263635039370077
20
-3.0866412204724409
11
3.1227188582677163
21
-3.0920958267716534
0
LINE
8
BLACK
6
CONTINUOUS
10
3.1227188582677163
20
-3.0920958267716534
11
3.1180800787401575
21
-3.0967346062992127
0
LINE
8
BLACK
6
CONTINUOUS
10
3.1180800787401575
20
-3.0967346062992127
11
3.112625472440945
21
-3.1003792519685041
0
LINE
8
BLACK
6
CONTINUOUS
10
3.112625472440945
20
-3.1003792519685041
11
3.1065646456692915
21
-3.1028897244094487
0
LINE
8
BLACK
6
CONTINUOUS
10
3.1065646456692915
20
-3.1028897244094487
11
3.1001305118110234
21
-3.1041695669291336
0
LINE
8
BLACK
6
CONTINUOUS
10
3.1001305118110234
20
-3.1041695669291336
11
3.093570275590551
21
-3.1041695669291336
0
LINE
8
BLACK
6
CONTINUOUS
10
3.093570275590551
20
-3.1041695669291336
11
3.0871361417322833
21
-3.1028897244094487
0
LINE
8
BLACK
6
CONTINUOUS
10
3.0871361417322833
20
-3.1028897244094487
11
3.0810753149606298
21
-3.1003792519685041
0
LINE
8
BLACK
6
CONTINUOUS
10
3.0810753149606298
20
-3.1003792519685041
11
3.0756207086614173
21
-3.0967346062992127
0
LINE
8
BLACK
6
CONTINUOUS
10
3.0756207086614173
20
-3.0967346062992127
11
3.070981929133858
21
-3.0920958267716534
0
LINE
8
BLACK
6
CONTINUOUS
10
3.070981929133858
20
-3.0920958267716534
11
3.0673372834645667
21
-3.0866412204724409
0
LINE
8
BLACK
6
CONTINUOUS
10
3.0673372834645667
20
-3.0866412204724409
11
3.0648268110236221
21
-3.0805803937007874
0
LINE
8
BLACK
6
CONTINUOUS
10
3.0648268110236221
20
-3.0805803937007874
11
3.0635469685039372
21
-3.0741462598425198
0
LINE
8
BLACK
6
CONTINUOUS
10
3.0635469685039372
20
-3.0741462598425198
11
3.0635469685039372
21
-3.0675860236220474
0
LINE
8
BLACK
6
CONTINUOUS
10
3.0635469685039372
20
-3.0675860236220474
11
3.0648268110236221
21
-3.0611518897637793
0
LINE
8
BLACK
6
CONTINUOUS
10
3.0648268110236221
20
-3.0611518897637793
11
3.0673372834645667
21
-3.0550910629921257
0
LINE
8
BLACK
6
CONTINUOUS
10
3.0673372834645667
20
-3.0550910629921257
11
3.070981929133858
21
-3.0496364566929133
0
LINE
8
BLACK
6
CONTINUOUS
10
3.070981929133858
20
-3.0496364566929133
11
3.0756207086614173
21
-3.0449976771653544
0
LINE
8
BLACK
6
CONTINUOUS
10
3.0756207086614173
20
-3.0449976771653544
11
3.0810753149606298
21
-3.0413530314960631
0
LINE
8
BLACK
6
CONTINUOUS
10
3.0810753149606298
20
-3.0413530314960631
11
3.0871361417322833
21
-3.038842559055118
0
LINE
8
BLACK
6
CONTINUOUS
10
3.0871361417322833
20
-3.038842559055118
11
3.093570275590551
21
-3.0375627165354331
0
LINE
8
BLACK
6
CONTINUOUS
10
3.093570275590551
20
-3.0375627165354331
11
3.1001305118110234
21
-3.0375627165354331
0
LINE
8
BLACK
6
CONTINUOUS
10
3.1001305118110234
20
-3.0375627165354331
11
3.1065646456692915
21
-3.038842559055118
0
LINE
8
BLACK
6
CONTINUOUS
10
3.3679819685039369
20
-3.038842559055118
11
3.3740427952755905
21
-3.0413530314960631
0
LINE
8
BLACK
6
CONTINUOUS
10
3.3740427952755905
20
-3.0413530314960631
11
3.3794974015748029
21
-3.0449976771653544
0
LINE
8
BLACK
6
CONTINUOUS
10
3.3794974015748029
20
-3.0449976771653544
11
3.3841361811023623
21
-3.0496364566929133
0
LINE
8
BLACK
6
CONTINUOUS
10
3.3841361811023623
20
-3.0496364566929133
11
3.3877808267716536
21
-3.0550910629921257
0
LINE
8
BLACK
6
CONTINUOUS
10
3.3877808267716536
20
-3.0550910629921257
11
3.3902912992125982
21
-3.0611518897637793
0
LINE
8
BLACK
6
CONTINUOUS
10
3.3902912992125982
20
-3.0611518897637793
11
3.3915711417322836
21
-3.0675860236220474
0
LINE
8
BLACK
6
CONTINUOUS
10
3.3915711417322836
20
-3.0675860236220474
11
3.3915711417322836
21
-3.0741462598425198
0
LINE
8
BLACK
6
CONTINUOUS
10
3.3915711417322836
20
-3.0741462598425198
11
3.3902912992125982
21
-3.0805803937007874
0
LINE
8
BLACK
6
CONTINUOUS
10
3.3902912992125982
20
-3.0805803937007874
11
3.3877808267716536
21
-3.0866412204724409
0
LINE
8
BLACK
6
CONTINUOUS
10
3.3877808267716536
20
-3.0866412204724409
11
3.3841361811023623
21
-3.0920958267716534
0
LINE
8
BLACK
6
CONTINUOUS
10
3.3841361811023623
20
-3.0920958267716534
11
3.3794974015748029
21
-3.0967346062992127
0
LINE
8
BLACK
6
CONTINUOUS
10
3.3794974015748029
20
-3.0967346062992127
11
3.3740427952755905
21
-3.1003792519685041
0
LINE
8
BLACK
6
CONTINUOUS
10
3.3740427952755905
20
-3.1003792519685041
11
3.3679819685039369
21
-3.1028897244094487
0
LINE
8
BLACK
6
CONTINUOUS
10
3.3679819685039369
20
-3.1028897244094487
11
3.3615478346456693
21
-3.1041695669291336
0
LINE
8
BLACK
6
CONTINUOUS
10
3.3615478346456693
20
-3.1041695669291336
11
3.3549875984251969
21
-3.1041695669291336
0
LINE
8
BLACK
6
CONTINUOUS
10
3.3549875984251969
20
-3.1041695669291336
11
3.3485534645669293
21
-3.1028897244094487
0
LINE
8
BLACK
6
CONTINUOUS
10
3.3485534645669293
20
-3.1028897244094487
11
3.3424926377952757
21
-3.1003792519685041
0
LINE
8
BLACK
6
CONTINUOUS
10
3.3424926377952757
20
-3.1003792519685041
11
3.3370380314960628
21
-3.0967346062992127
0
LINE
8
BLACK
6
CONTINUOUS
10
3.3370380314960628
20
-3.0967346062992127
11
3.332399251968504
21
-3.0920958267716534
0
LINE
8
BLACK
6
CONTINUOUS
10
3.332399251968504
20
-3.0920958267716534
11
3.3287546062992126
21
-3.0866412204724409
0
LINE
8
BLACK
6
CONTINUOUS
10
3.3287546062992126
20
-3.0866412204724409
11
3.3262441338582676
21
-3.0805803937007874
0
LINE
8
BLACK
6
CONTINUOUS
10
3.3262441338582676
20
-3.0805803937007874
11
3.3249642913385826
21
-3.0741462598425198
0
LINE
8
BLACK
6
CONTINUOUS
10
3.3249642913385826
20
-3.0741462598425198
11
3.3249642913385826
21
-3.0675860236220474
0
LINE
8
BLACK
6
CONTINUOUS
10
3.3249642913385826
20
-3.0675860236220474
11
3.3262441338582676
21
-3.0611518897637793
0
LINE
8
BLACK
6
CONTINUOUS
10
3.3262441338582676
20
-3.0611518897637793
11
3.3287546062992126
21
-3.0550910629921257
0
LINE
8
BLACK
6
CONTINUOUS
10
3.3287546062992126
20
-3.0550910629921257
11
3.332399251968504
21
-3.0496364566929133
0
LINE
8
BLACK
6
CONTINUOUS
10
3.332399251968504
20
-3.0496364566929133
11
3.3370380314960628
21
-3.0449976771653544
0
LINE
8
BLACK
6
CONTINUOUS
10
3.3370380314960628
20
-3.0449976771653544
11
3.3424926377952757
21
-3.0413530314960631
0
LINE
8
BLACK
6
CONTINUOUS
10
3.3424926377952757
20
-3.0413530314960631
11
3.3485534645669293
21
-3.038842559055118
0
LINE
8
BLACK
6
CONTINUOUS
10
3.3485534645669293
20
-3.038842559055118
11
3.3549875984251969
21
-3.0375627165354331
0
LINE
8
BLACK
6
CONTINUOUS
10
3.3549875984251969
20
-3.0375627165354331
11
3.3615478346456693
21
-3.0375627165354331
0
LINE
8
BLACK
6
CONTINUOUS
10
3.3615478346456693
20
-3.0375627165354331
11
3.3679819685039369
21
-3.038842559055118
0
LINE
8
BLACK
6
CONTINUOUS
10
3.467981968503937
20
-3.038842559055118
11
3.4740427952755906
21
-3.0413530314960631
0
LINE
8
BLACK
6
CONTINUOUS
10
3.4740427952755906
20
-3.0413530314960631
11
3.479497401574803
21
-3.0449976771653544
0
LINE
8
BLACK
6
CONTINUOUS
10
3.479497401574803
20
-3.0449976771653544
11
3.4841361811023623
21
-3.0496364566929133
0
LINE
8
BLACK
6
CONTINUOUS
10
3.4841361811023623
20
-3.0496364566929133
11
3.4877808267716532
21
-3.0550910629921257
0
LINE
8
BLACK
6
CONTINUOUS
10
3.4877808267716532
20
-3.0550910629921257
11
3.4902912992125983
21
-3.0611518897637793
0
LINE
8
BLACK
6
CONTINUOUS
10
3.4902912992125983
20
-3.0611518897637793
11
3.4915711417322832
21
-3.0675860236220474
0
LINE
8
BLACK
6
CONTINUOUS
10
3.4915711417322832
20
-3.0675860236220474
11
3.4915711417322832
21
-3.0741462598425198
0
LINE
8
BLACK
6
CONTINUOUS
10
3.4915711417322832
20
-3.0741462598425198
11
3.4902912992125983
21
-3.0805803937007874
0
LINE
8
BLACK
6
CONTINUOUS
10
3.4902912992125983
20
-3.0805803937007874
11
3.4877808267716532
21
-3.0866412204724409
0
LINE
8
BLACK
6
CONTINUOUS
10
3.4877808267716532
20
-3.0866412204724409
11
3.4841361811023623
21
-3.0920958267716534
0
LINE
8
BLACK
6
CONTINUOUS
10
3.4841361811023623
20
-3.0920958267716534
11
3.479497401574803
21
-3.0967346062992127
0
LINE
8
BLACK
6
CONTINUOUS
10
3.479497401574803
20
-3.0967346062992127
11
3.4740427952755906
21
-3.1003792519685041
0
LINE
8
BLACK
6
CONTINUOUS
10
3.4740427952755906
20
-3.1003792519685041
11
3.467981968503937
21
-3.1028897244094487
0
LINE
8
BLACK
6
CONTINUOUS
10
3.467981968503937
20
-3.1028897244094487
11
3.4615478346456694
21
-3.1041695669291336
0
LINE
8
BLACK
6
CONTINUOUS
10
3.4615478346456694
20
-3.1041695669291336
11
3.454987598425197
21
-3.1041695669291336
0
LINE
8
BLACK
6
CONTINUOUS
10
3.454987598425197
20
-3.1041695669291336
11
3.4485534645669289
21
-3.1028897244094487
0
LINE
8
BLACK
6
CONTINUOUS
10
3.4485534645669289
20
-3.1028897244094487
11
3.4424926377952754
21
-3.1003792519685041
0
LINE
8
BLACK
6
CONTINUOUS
10
3.4424926377952754
20
-3.1003792519685041
11
3.4370380314960629
21
-3.0967346062992127
0
LINE
8
BLACK
6
CONTINUOUS
10
3.4370380314960629
20
-3.0967346062992127
11
3.432399251968504
21
-3.0920958267716534
0
LINE
8
BLACK
6
CONTINUOUS
10
3.432399251968504
20
-3.0920958267716534
11
3.4287546062992127
21
-3.0866412204724409
0
LINE
8
BLACK
6
CONTINUOUS
10
3.4287546062992127
20
-3.0866412204724409
11
3.4262441338582676
21
-3.0805803937007874
0
LINE
8
BLACK
6
CONTINUOUS
10
3.4262441338582676
20
-3.0805803937007874
11
3.4249642913385827
21
-3.0741462598425198
0
LINE
8
BLACK
6
CONTINUOUS
10
3.4249642913385827
20
-3.0741462598425198
11
3.4249642913385827
21
-3.0675860236220474
0
LINE
8
BLACK
6
CONTINUOUS
10
3.4249642913385827
20
-3.0675860236220474
11
3.4262441338582676
21
-3.0611518897637793
0
LINE
8
BLACK
6
CONTINUOUS
10
3.4262441338582676
20
-3.0611518897637793
11
3.4287546062992127
21
-3.0550910629921257
0
LINE
8
BLACK
6
CONTINUOUS
10
3.4287546062992127
20
-3.0550910629921257
11
3.432399251968504
21
-3.0496364566929133
0
LINE
8
BLACK
6
CONTINUOUS
10
3.432399251968504
20
-3.0496364566929133
11
3.4370380314960629
21
-3.0449976771653544
0
LINE
8
BLACK
6
CONTINUOUS
10
3.4370380314960629
20
-3.0449976771653544
11
3.4424926377952754
21
-3.0413530314960631
0
LINE
8
BLACK
6
CONTINUOUS
10
3.4424926377952754
20
-3.0413530314960631
11
3.4485534645669289
21
-3.038842559055118
0
LINE
8
BLACK
6
CONTINUOUS
10
3.4485534645669289
20
-3.038842559055118
11
3.454987598425197
21
-3.0375627165354331
0
LINE
8
BLACK
6
CONTINUOUS
10
3.454987598425197
20
-3.0375627165354331
11
3.4615478346456694
21
-3.0375627165354331
0
LINE
8
BLACK
6
CONTINUOUS
10
3.4615478346456694
20
-3.0375627165354331
11
3.467981968503937
21
-3.038842559055118
0
LINE
8
BLACK
6
CONTINUOUS
10
3.5679819685039371
20
-3.038842559055118
11
3.5740427952755907
21
-3.0413530314960631
0
LINE
8
BLACK
6
CONTINUOUS
10
3.5740427952755907
20
-3.0413530314960631
11
3.5794974015748031
21
-3.0449976771653544
0
LINE
8
BLACK
6
CONTINUOUS
10
3.5794974015748031
20
-3.0449976771653544
11
3.584136181102362
21
-3.0496364566929133
0
LINE
8
BLACK
6
CONTINUOUS
10
3.584136181102362
20
-3.0496364566929133
11
3.5877808267716533
21
-3.0550910629921257
0
LINE
8
BLACK
6
CONTINUOUS
10
3.5877808267716533
20
-3.0550910629921257
11
3.5902912992125984
21
-3.0611518897637793
0
LINE
8
BLACK
6
CONTINUOUS
10
3.5902912992125984
20
-3.0611518897637793
11
3.5915711417322833
21
-3.0675860236220474
0
LINE
8
BLACK
6
CONTINUOUS
10
3.5915711417322833
20
-3.0675860236220474
11
3.5915711417322833
21
-3.0741462598425198
0
LINE
8
BLACK
6
CONTINUOUS
10
3.5915711417322833
20
-3.0741462598425198
11
3.5902912992125984
21
-3.0805803937007874
0
LINE
8
BLACK
6
CONTINUOUS
10
3.5902912992125984
20
-3.0805803937007874
11
3.5877808267716533
21
-3.0866412204724409
0
LINE
8
BLACK
6
CONTINUOUS
10
3.5877808267716533
20
-3.0866412204724409
11
3.584136181102362
21
-3.0920958267716534
0
LINE
8
BLACK
6
CONTINUOUS
10
3.584136181102362
20
-3.0920958267716534
11
3.5794974015748031
21
-3.0967346062992127
0
LINE
8
BLACK
6
CONTINUOUS
10
3.5794974015748031
20
-3.0967346062992127
11
3.5740427952755907
21
-3.1003792519685041
0
LINE
8
BLACK
6
CONTINUOUS
10
3.5740427952755907
20
-3.1003792519685041
11
3.5679819685039371
21
-3.1028897244094487
0
LINE
8
BLACK
6
CONTINUOUS
10
3.5679819685039371
20
-3.1028897244094487
11
3.561547834645669
21
-3.1041695669291336
0
LINE
8
BLACK
6
CONTINUOUS
10
3.561547834645669
20
-3.1041695669291336
11
3.5549875984251966
21
-3.1041695669291336
0
LINE
8
BLACK
6
CONTINUOUS
10
3.5549875984251966
20
-3.1041695669291336
11
3.548553464566929
21
-3.1028897244094487
0
LINE
8
BLACK
6
CONTINUOUS
10
3.548553464566929
20
-3.1028897244094487
11
3.5424926377952755
21
-3.1003792519685041
0
LINE
8
BLACK
6
CONTINUOUS
10
3.5424926377952755
20
-3.1003792519685041
11
3.537038031496063
21
-3.0967346062992127
0
LINE
8
BLACK
6
CONTINUOUS
10
3.537038031496063
20
-3.0967346062992127
11
3.5323992519685037
21
-3.0920958267716534
0
LINE
8
BLACK
6
CONTINUOUS
10
3.5323992519685037
20
-3.0920958267716534
11
3.5287546062992123
21
-3.0866412204724409
0
LINE
8
BLACK
6
CONTINUOUS
10
3.5287546062992123
20
-3.0866412204724409
11
3.5262441338582677
21
-3.0805803937007874
0
LINE
8
BLACK
6
CONTINUOUS
10
3.5262441338582677
20
-3.0805803937007874
11
3.5249642913385828
21
-3.0741462598425198
0
LINE
8
BLACK
6
CONTINUOUS
10
3.5249642913385828
20
-3.0741462598425198
11
3.5249642913385828
21
-3.0675860236220474
0
LINE
8
BLACK
6
CONTINUOUS
10
3.5249642913385828
20
-3.0675860236220474
11
3.5262441338582677
21
-3.0611518897637793
0
LINE
8
BLACK
6
CONTINUOUS
10
3.5262441338582677
20
-3.0611518897637793
11
3.5287546062992123
21
-3.0550910629921257
0
LINE
8
BLACK
6
CONTINUOUS
10
3.5287546062992123
20
-3.0550910629921257
11
3.5323992519685037
21
-3.0496364566929133
0
LINE
8
BLACK
6
CONTINUOUS
10
3.5323992519685037
20
-3.0496364566929133
11
3.537038031496063
21
-3.0449976771653544
0
LINE
8
BLACK
6
CONTINUOUS
10
3.537038031496063
20
-3.0449976771653544
11
3.5424926377952755
21
-3.0413530314960631
0
LINE
8
BLACK
6
CONTINUOUS
10
3.5424926377952755
20
-3.0413530314960631
11
3.548553464566929
21
-3.038842559055118
0
LINE
8
BLACK
6
CONTINUOUS
10
3.548553464566929
20
-3.038842559055118
11
3.5549875984251966
21
-3.0375627165354331
0
LINE
8
BLACK
6
CONTINUOUS
10
3.5549875984251966
20
-3.0375627165354331
11
3.561547834645669
21
-3.0375627165354331
0
LINE
8
BLACK
6
CONTINUOUS
10
3.561547834645669
20
-3.0375627165354331
11
3.5679819685039371
21
-3.038842559055118
0
LINE
8
BLACK
6
CONTINUOUS
10
3.6679819685039368
20
-3.038842559055118
11
3.6740427952755903
21
-3.0413530314960631
0
LINE
8
BLACK
6
CONTINUOUS
10
3.6740427952755903
20
-3.0413530314960631
11
3.6794974015748032
21
-3.0449976771653544
0
LINE
8
BLACK
6
CONTINUOUS
10
3.6794974015748032
20
-3.0449976771653544
11
3.6841361811023621
21
-3.0496364566929133
0
LINE
8
BLACK
6
CONTINUOUS
10
3.6841361811023621
20
-3.0496364566929133
11
3.6877808267716534
21
-3.0550910629921257
0
LINE
8
BLACK
6
CONTINUOUS
10
3.6877808267716534
20
-3.0550910629921257
11
3.6902912992125985
21
-3.0611518897637793
0
LINE
8
BLACK
6
CONTINUOUS
10
3.6902912992125985
20
-3.0611518897637793
11
3.6915711417322834
21
-3.0675860236220474
0
LINE
8
BLACK
6
CONTINUOUS
10
3.6915711417322834
20
-3.0675860236220474
11
3.6915711417322834
21
-3.0741462598425198
0
LINE
8
BLACK
6
CONTINUOUS
10
3.6915711417322834
20
-3.0741462598425198
11
3.6902912992125985
21
-3.0805803937007874
0
LINE
8
BLACK
6
CONTINUOUS
10
3.6902912992125985
20
-3.0805803937007874
11
3.6877808267716534
21
-3.0866412204724409
0
LINE
8
BLACK
6
CONTINUOUS
10
3.6877808267716534
20
-3.0866412204724409
11
3.6841361811023621
21
-3.0920958267716534
0
LINE
8
BLACK
6
CONTINUOUS
10
3.6841361811023621
20
-3.0920958267716534
11
3.6794974015748032
21
-3.0967346062992127
0
LINE
8
BLACK
6
CONTINUOUS
10
3.6794974015748032
20
-3.0967346062992127
11
3.6740427952755903
21
-3.1003792519685041
0
LINE
8
BLACK
6
CONTINUOUS
10
3.6740427952755903
20
-3.1003792519685041
11
3.6679819685039368
21
-3.1028897244094487
0
LINE
8
BLACK
6
CONTINUOUS
10
3.6679819685039368
20
-3.1028897244094487
11
3.6615478346456691
21
-3.1041695669291336
0
LINE
8
BLACK
6
CONTINUOUS
10
3.6615478346456691
20
-3.1041695669291336
11
3.6549875984251967
21
-3.1041695669291336
0
LINE
8
BLACK
6
CONTINUOUS
10
3.6549875984251967
20
-3.1041695669291336
11
3.6485534645669291
21
-3.1028897244094487
0
LINE
8
BLACK
6
CONTINUOUS
10
3.6485534645669291
20
-3.1028897244094487
11
3.6424926377952755
21
-3.1003792519685041
0
LINE
8
BLACK
6
CONTINUOUS
10
3.6424926377952755
20
-3.1003792519685041
11
3.6370380314960631
21
-3.0967346062992127
0
LINE
8
BLACK
6
CONTINUOUS
10
3.6370380314960631
20
-3.0967346062992127
11
3.6323992519685038
21
-3.0920958267716534
0
LINE
8
BLACK
6
CONTINUOUS
10
3.6323992519685038
20
-3.0920958267716534
11
3.6287546062992124
21
-3.0866412204724409
0
LINE
8
BLACK
6
CONTINUOUS
10
3.6287546062992124
20
-3.0866412204724409
11
3.6262441338582678
21
-3.0805803937007874
0
LINE
8
BLACK
6
CONTINUOUS
10
3.6262441338582678
20
-3.0805803937007874
11
3.6249642913385824
21
-3.0741462598425198
0
LINE
8
BLACK
6
CONTINUOUS
10
3.6249642913385824
20
-3.0741462598425198
11
3.6249642913385824
21
-3.0675860236220474
0
LINE
8
BLACK
6
CONTINUOUS
10
3.6249642913385824
20
-3.0675860236220474
11
3.6262441338582678
21
-3.0611518897637793
0
LINE
8
BLACK
6
CONTINUOUS
10
3.6262441338582678
20
-3.0611518897637793
11
3.6287546062992124
21
-3.0550910629921257
0
LINE
8
BLACK
6
CONTINUOUS
10
3.6287546062992124
20
-3.0550910629921257
11
3.6323992519685038
21
-3.0496364566929133
0
LINE
8
BLACK
6
CONTINUOUS
10
3.6323992519685038
20
-3.0496364566929133
11
3.6370380314960631
21
-3.0449976771653544
0
LINE
8
BLACK
6
CONTINUOUS
10
3.6370380314960631
20
-3.0449976771653544
11
3.6424926377952755
21
-3.0413530314960631
0
LINE
8
BLACK
6
CONTINUOUS
10
3.6424926377952755
20
-3.0413530314960631
11
3.6485534645669291
21
-3.038842559055118
0
LINE
8
BLACK
6
CONTINUOUS
10
3.6485534645669291
20
-3.038842559055118
11
3.6549875984251967
21
-3.0375627165354331
0
LINE
8
BLACK
6
CONTINUOUS
10
3.6549875984251967
20
-3.0375627165354331
11
3.6615478346456691
21
-3.0375627165354331
0
LINE
8
BLACK
6
CONTINUOUS
10
3.6615478346456691
20
-3.0375627165354331
11
3.6679819685039368
21
-3.038842559055118
0
LINE
8
BLACK
6
CONTINUOUS
10
3.7679819685039369
20
-3.038842559055118
11
3.7740427952755904
21
-3.0413530314960631
0
LINE
8
BLACK
6
CONTINUOUS
10
3.7740427952755904
20
-3.0413530314960631
11
3.7794974015748029
21
-3.0449976771653544
0
LINE
8
BLACK
6
CONTINUOUS
10
3.7794974015748029
20
-3.0449976771653544
11
3.7841361811023622
21
-3.0496364566929133
0
LINE
8
BLACK
6
CONTINUOUS
10
3.7841361811023622
20
-3.0496364566929133
11
3.7877808267716535
21
-3.0550910629921257
0
LINE
8
BLACK
6
CONTINUOUS
10
3.7877808267716535
20
-3.0550910629921257
11
3.7902912992125986
21
-3.0611518897637793
0
LINE
8
BLACK
6
CONTINUOUS
10
3.7902912992125986
20
-3.0611518897637793
11
3.7915711417322835
21
-3.0675860236220474
0
LINE
8
BLACK
6
CONTINUOUS
10
3.7915711417322835
20
-3.0675860236220474
11
3.7915711417322835
21
-3.0741462598425198
0
LINE
8
BLACK
6
CONTINUOUS
10
3.7915711417322835
20
-3.0741462598425198
11
3.7902912992125986
21
-3.0805803937007874
0
LINE
8
BLACK
6
CONTINUOUS
10
3.7902912992125986
20
-3.0805803937007874
11
3.7877808267716535
21
-3.0866412204724409
0
LINE
8
BLACK
6
CONTINUOUS
10
3.7877808267716535
20
-3.0866412204724409
11
3.7841361811023622
21
-3.0920958267716534
0
LINE
8
BLACK
6
CONTINUOUS
10
3.7841361811023622
20
-3.0920958267716534
11
3.7794974015748029
21
-3.0967346062992127
0
LINE
8
BLACK
6
CONTINUOUS
10
3.7794974015748029
20
-3.0967346062992127
11
3.7740427952755904
21
-3.1003792519685041
0
LINE
8
BLACK
6
CONTINUOUS
10
3.7740427952755904
20
-3.1003792519685041
11
3.7679819685039369
21
-3.1028897244094487
0
LINE
8
BLACK
6
CONTINUOUS
10
3.7679819685039369
20
-3.1028897244094487
11
3.7615478346456692
21
-3.1041695669291336
0
LINE
8
BLACK
6
CONTINUOUS
10
3.7615478346456692
20
-3.1041695669291336
11
3.7549875984251968
21
-3.1041695669291336
0
LINE
8
BLACK
6
CONTINUOUS
10
3.7549875984251968
20
-3.1041695669291336
11
3.7485534645669292
21
-3.1028897244094487
0
LINE
8
BLACK
6
CONTINUOUS
10
3.7485534645669292
20
-3.1028897244094487
11
3.7424926377952756
21
-3.1003792519685041
0
LINE
8
BLACK
6
CONTINUOUS
10
3.7424926377952756
20
-3.1003792519685041
11
3.7370380314960627
21
-3.0967346062992127
0
LINE
8
BLACK
6
CONTINUOUS
10
3.7370380314960627
20
-3.0967346062992127
11
3.7323992519685039
21
-3.0920958267716534
0
LINE
8
BLACK
6
CONTINUOUS
10
3.7323992519685039
20
-3.0920958267716534
11
3.7287546062992125
21
-3.0866412204724409
0
LINE
8
BLACK
6
CONTINUOUS
10
3.7287546062992125
20
-3.0866412204724409
11
3.7262441338582675
21
-3.0805803937007874
0
LINE
8
BLACK
6
CONTINUOUS
10
3.7262441338582675
20
-3.0805803937007874
11
3.7249642913385825
21
-3.0741462598425198
0
LINE
8
BLACK
6
CONTINUOUS
10
3.7249642913385825
20
-3.0741462598425198
11
3.7249642913385825
21
-3.0675860236220474
0
LINE
8
BLACK
6
CONTINUOUS
10
3.7249642913385825
20
-3.0675860236220474
11
3.7262441338582675
21
-3.0611518897637793
0
LINE
8
BLACK
6
CONTINUOUS
10
3.7262441338582675
20
-3.0611518897637793
11
3.7287546062992125
21
-3.0550910629921257
0
LINE
8
BLACK
6
CONTINUOUS
10
3.7287546062992125
20
-3.0550910629921257
11
3.7323992519685039
21
-3.0496364566929133
0
LINE
8
BLACK
6
CONTINUOUS
10
3.7323992519685039
20
-3.0496364566929133
11
3.7370380314960627
21
-3.0449976771653544
0
LINE
8
BLACK
6
CONTINUOUS
10
3.7370380314960627
20
-3.0449976771653544
11
3.7424926377952756
21
-3.0413530314960631
0
LINE
8
BLACK
6
CONTINUOUS
10
3.7424926377952756
20
-3.0413530314960631
11
3.7485534645669292
21
-3.038842559055118
0
LINE
8
BLACK
6
CONTINUOUS
10
3.7485534645669292
20
-3.038842559055118
11
3.7549875984251968
21
-3.0375627165354331
0
LINE
8
BLACK
6
CONTINUOUS
10
3.7549875984251968
20
-3.0375627165354331
11
3.7615478346456692
21
-3.0375627165354331
0
LINE
8
BLACK
6
CONTINUOUS
10
3.7615478346456692
20
-3.0375627165354331
11
3.7679819685039369
21
-3.038842559055118
0
LINE
8
BLACK
6
CONTINUOUS
10
3.8679819685039369
20
-3.038842559055118
11
3.8740427952755905
21
-3.0413530314960631
0
LINE
8
BLACK
6
CONTINUOUS
10
3.8740427952755905
20
-3.0413530314960631
11
3.8794974015748029
21
-3.0449976771653544
0
LINE
8
BLACK
6
CONTINUOUS
10
3.8794974015748029
20
-3.0449976771653544
11
3.8841361811023623
21
-3.0496364566929133
0
LINE
8
BLACK
6
CONTINUOUS
10
3.8841361811023623
20
-3.0496364566929133
11
3.8877808267716536
21
-3.0550910629921257
0
LINE
8
BLACK
6
CONTINUOUS
10
3.8877808267716536
20
-3.0550910629921257
11
3.8902912992125982
21
-3.0611518897637793
0
LINE
8
BLACK
6
CONTINUOUS
10
3.8902912992125982
20
-3.0611518897637793
11
3.8915711417322836
21
-3.0675860236220474
0
LINE
8
BLACK
6
CONTINUOUS
10
3.8915711417322836
20
-3.0675860236220474
11
3.8915711417322836
21
-3.0741462598425198
0
LINE
8
BLACK
6
CONTINUOUS
10
3.8915711417322836
20
-3.0741462598425198
11
3.8902912992125982
21
-3.0805803937007874
0
LINE
8
BLACK
6
CONTINUOUS
10
3.8902912992125982
20
-3.0805803937007874
11
3.8877808267716536
21
-3.0866412204724409
0
LINE
8
BLACK
6
CONTINUOUS
10
3.8877808267716536
20
-3.0866412204724409
11
3.8841361811023623
21
-3.0920958267716534
0
LINE
8
BLACK
6
CONTINUOUS
10
3.8841361811023623
20
-3.0920958267716534
11
3.8794974015748029
21
-3.0967346062992127
0
LINE
8
BLACK
6
CONTINUOUS
10
3.8794974015748029
20
-3.0967346062992127
11
3.8740427952755905
21
-3.1003792519685041
0
LINE
8
BLACK
6
CONTINUOUS
10
3.8740427952755905
20
-3.1003792519685041
11
3.8679819685039369
21
-3.1028897244094487
0
LINE
8
BLACK
6
CONTINUOUS
10
3.8679819685039369
20
-3.1028897244094487
11
3.8615478346456693
21
-3.1041695669291336
0
LINE
8
BLACK
6
CONTINUOUS
10
3.8615478346456693
20
-3.1041695669291336
11
3.8549875984251969
21
-3.1041695669291336
0
LINE
8
BLACK
6
CONTINUOUS
10
3.8549875984251969
20
-3.1041695669291336
11
3.8485534645669293
21
-3.1028897244094487
0
LINE
8
BLACK
6
CONTINUOUS
10
3.8485534645669293
20
-3.1028897244094487
11
3.8424926377952757
21
-3.1003792519685041
0
LINE
8
BLACK
6
CONTINUOUS
10
3.8424926377952757
20
-3.1003792519685041
11
3.8370380314960628
21
-3.0967346062992127
0
LINE
8
BLACK
6
CONTINUOUS
10
3.8370380314960628
20
-3.0967346062992127
11
3.832399251968504
21
-3.0920958267716534
0
LINE
8
BLACK
6
CONTINUOUS
10
3.832399251968504
20
-3.0920958267716534
11
3.8287546062992126
21
-3.0866412204724409
0
LINE
8
BLACK
6
CONTINUOUS
10
3.8287546062992126
20
-3.0866412204724409
11
3.8262441338582676
21
-3.0805803937007874
0
LINE
8
BLACK
6
CONTINUOUS
10
3.8262441338582676
20
-3.0805803937007874
11
3.8249642913385826
21
-3.0741462598425198
0
LINE
8
BLACK
6
CONTINUOUS
10
3.8249642913385826
20
-3.0741462598425198
11
3.8249642913385826
21
-3.0675860236220474
0
LINE
8
BLACK
6
CONTINUOUS
10
3.8249642913385826
20
-3.0675860236220474
11
3.8262441338582676
21
-3.0611518897637793
0
LINE
8
BLACK
6
CONTINUOUS
10
3.8262441338582676
20
-3.0611518897637793
11
3.8287546062992126
21
-3.0550910629921257
0
LINE
8
BLACK
6
CONTINUOUS
10
3.8287546062992126
20
-3.0550910629921257
11
3.832399251968504
21
-3.0496364566929133
0
LINE
8
BLACK
6
CONTINUOUS
10
3.832399251968504
20
-3.0496364566929133
11
3.8370380314960628
21
-3.0449976771653544
0
LINE
8
BLACK
6
CONTINUOUS
10
3.8370380314960628
20
-3.0449976771653544
11
3.8424926377952757
21
-3.0413530314960631
0
LINE
8
BLACK
6
CONTINUOUS
10
3.8424926377952757
20
-3.0413530314960631
11
3.8485534645669293
21
-3.038842559055118
0
LINE
8
BLACK
6
CONTINUOUS
10
3.8485534645669293
20
-3.038842559055118
11
3.8549875984251969
21
-3.0375627165354331
0
LINE
8
BLACK
6
CONTINUOUS
10
3.8549875984251969
20
-3.0375627165354331
11
3.8615478346456693
21
-3.0375627165354331
0
LINE
8
BLACK
6
CONTINUOUS
10
3.8615478346456693
20
-3.0375627165354331
11
3.8679819685039369
21
-3.038842559055118
0
LINE
8
BLACK
6
CONTINUOUS
10
3.967981968503937
20
-3.038842559055118
11
3.9740427952755906
21
-3.0413530314960631
0
LINE
8
BLACK
6
CONTINUOUS
10
3.9740427952755906
20
-3.0413530314960631
11
3.979497401574803
21
-3.0449976771653544
0
LINE
8
BLACK
6
CONTINUOUS
10
3.979497401574803
20
-3.0449976771653544
11
3.9841361811023619
21
-3.0496364566929133
0
LINE
8
BLACK
6
CONTINUOUS
10
3.9841361811023619
20
-3.0496364566929133
11
3.9877808267716532
21
-3.0550910629921257
0
LINE
8
BLACK
6
CONTINUOUS
10
3.9877808267716532
20
-3.0550910629921257
11
3.9902912992125983
21
-3.0611518897637793
0
LINE
8
BLACK
6
CONTINUOUS
10
3.9902912992125983
20
-3.0611518897637793
11
3.9915711417322832
21
-3.0675860236220474
0
LINE
8
BLACK
6
CONTINUOUS
10
3.9915711417322832
20
-3.0675860236220474
11
3.9915711417322832
21
-3.0741462598425198
0
LINE
8
BLACK
6
CONTINUOUS
10
3.9915711417322832
20
-3.0741462598425198
11
3.9902912992125983
21
-3.0805803937007874
0
LINE
8
BLACK
6
CONTINUOUS
10
3.9902912992125983
20
-3.0805803937007874
11
3.9877808267716532
21
-3.0866412204724409
0
LINE
8
BLACK
6
CONTINUOUS
10
3.9877808267716532
20
-3.0866412204724409
11
3.9841361811023619
21
-3.0920958267716534
0
LINE
8
BLACK
6
CONTINUOUS
10
3.9841361811023619
20
-3.0920958267716534
11
3.979497401574803
21
-3.0967346062992127
0
LINE
8
BLACK
6
CONTINUOUS
10
3.979497401574803
20
-3.0967346062992127
11
3.9740427952755906
21
-3.1003792519685041
0
LINE
8
BLACK
6
CONTINUOUS
10
3.9740427952755906
20
-3.1003792519685041
11
3.967981968503937
21
-3.1028897244094487
0
LINE
8
BLACK
6
CONTINUOUS
10
3.967981968503937
20
-3.1028897244094487
11
3.9615478346456694
21
-3.1041695669291336
0
LINE
8
BLACK
6
CONTINUOUS
10
3.9615478346456694
20
-3.1041695669291336
11
3.954987598425197
21
-3.1041695669291336
0
LINE
8
BLACK
6
CONTINUOUS
10
3.954987598425197
20
-3.1041695669291336
11
3.9485534645669289
21
-3.1028897244094487
0
LINE
8
BLACK
6
CONTINUOUS
10
3.9485534645669289
20
-3.1028897244094487
11
3.9424926377952754
21
-3.1003792519685041
0
LINE
8
BLACK
6
CONTINUOUS
10
3.9424926377952754
20
-3.1003792519685041
11
3.9370380314960629
21
-3.0967346062992127
0
LINE
8
BLACK
6
CONTINUOUS
10
3.9370380314960629
20
-3.0967346062992127
11
3.932399251968504
21
-3.0920958267716534
0
LINE
8
BLACK
6
CONTINUOUS
10
3.932399251968504
20
-3.0920958267716534
11
3.9287546062992127
21
-3.0866412204724409
0
LINE
8
BLACK
6
CONTINUOUS
10
3.9287546062992127
20
-3.0866412204724409
11
3.9262441338582676
21
-3.0805803937007874
0
LINE
8
BLACK
6
CONTINUOUS
10
3.9262441338582676
20
-3.0805803937007874
11
3.9249642913385827
21
-3.0741462598425198
0
LINE
8
BLACK
6
CONTINUOUS
10
3.9249642913385827
20
-3.0741462598425198
11
3.9249642913385827
21
-3.0675860236220474
0
LINE
8
BLACK
6
CONTINUOUS
10
3.9249642913385827
20
-3.0675860236220474
11
3.9262441338582676
21
-3.0611518897637793
0
LINE
8
BLACK
6
CONTINUOUS
10
3.9262441338582676
20
-3.0611518897637793
11
3.9287546062992127
21
-3.0550910629921257
0
LINE
8
BLACK
6
CONTINUOUS
10
3.9287546062992127
20
-3.0550910629921257
11
3.932399251968504
21
-3.0496364566929133
0
LINE
8
BLACK
6
CONTINUOUS
10
3.932399251968504
20
-3.0496364566929133
11
3.9370380314960629
21
-3.0449976771653544
0
LINE
8
BLACK
6
CONTINUOUS
10
3.9370380314960629
20
-3.0449976771653544
11
3.9424926377952754
21
-3.0413530314960631
0
LINE
8
BLACK
6
CONTINUOUS
10
3.9424926377952754
20
-3.0413530314960631
11
3.9485534645669289
21
-3.038842559055118
0
LINE
8
BLACK
6
CONTINUOUS
10
3.9485534645669289
20
-3.038842559055118
11
3.954987598425197
21
-3.0375627165354331
0
LINE
8
BLACK
6
CONTINUOUS
10
3.954987598425197
20
-3.0375627165354331
11
3.9615478346456694
21
-3.0375627165354331
0
LINE
8
BLACK
6
CONTINUOUS
10
3.9615478346456694
20
-3.0375627165354331
11
3.967981968503937
21
-3.038842559055118
0
LINE
8
BLACK
6
CONTINUOUS
10
4.0679819685039371
20
-3.038842559055118
11
4.0740427952755907
21
-3.0413530314960631
0
LINE
8
BLACK
6
CONTINUOUS
10
4.0740427952755907
20
-3.0413530314960631
11
4.0794974015748027
21
-3.0449976771653544
0
LINE
8
BLACK
6
CONTINUOUS
10
4.0794974015748027
20
-3.0449976771653544
11
4.0841361811023624
21
-3.0496364566929133
0
LINE
8
BLACK
6
CONTINUOUS
10
4.0841361811023624
20
-3.0496364566929133
11
4.0877808267716533
21
-3.0550910629921257
0
LINE
8
BLACK
6
CONTINUOUS
10
4.0877808267716533
20
-3.0550910629921257
11
4.0902912992125984
21
-3.0611518897637793
0
LINE
8
BLACK
6
CONTINUOUS
10
4.0902912992125984
20
-3.0611518897637793
11
4.0915711417322838
21
-3.0675860236220474
0
LINE
8
BLACK
6
CONTINUOUS
10
4.0915711417322838
20
-3.0675860236220474
11
4.0915711417322838
21
-3.0741462598425198
0
LINE
8
BLACK
6
CONTINUOUS
10
4.0915711417322838
20
-3.0741462598425198
11
4.0902912992125984
21
-3.0805803937007874
0
LINE
8
BLACK
6
CONTINUOUS
10
4.0902912992125984
20
-3.0805803937007874
11
4.0877808267716533
21
-3.0866412204724409
0
LINE
8
BLACK
6
CONTINUOUS
10
4.0877808267716533
20
-3.0866412204724409
11
4.0841361811023624
21
-3.0920958267716534
0
LINE
8
BLACK
6
CONTINUOUS
10
4.0841361811023624
20
-3.0920958267716534
11
4.0794974015748027
21
-3.0967346062992127
0
LINE
8
BLACK
6
CONTINUOUS
10
4.0794974015748027
20
-3.0967346062992127
11
4.0740427952755907
21
-3.1003792519685041
0
LINE
8
BLACK
6
CONTINUOUS
10
4.0740427952755907
20
-3.1003792519685041
11
4.0679819685039371
21
-3.1028897244094487
0
LINE
8
BLACK
6
CONTINUOUS
10
4.0679819685039371
20
-3.1028897244094487
11
4.061547834645669
21
-3.1041695669291336
0
LINE
8
BLACK
6
CONTINUOUS
10
4.061547834645669
20
-3.1041695669291336
11
4.0549875984251971
21
-3.1041695669291336
0
LINE
8
BLACK
6
CONTINUOUS
10
4.0549875984251971
20
-3.1041695669291336
11
4.048553464566929
21
-3.1028897244094487
0
LINE
8
BLACK
6
CONTINUOUS
10
4.048553464566929
20
-3.1028897244094487
11
4.0424926377952755
21
-3.1003792519685041
0
LINE
8
BLACK
6
CONTINUOUS
10
4.0424926377952755
20
-3.1003792519685041
11
4.0370380314960626
21
-3.0967346062992127
0
LINE
8
BLACK
6
CONTINUOUS
10
4.0370380314960626
20
-3.0967346062992127
11
4.0323992519685037
21
-3.0920958267716534
0
LINE
8
BLACK
6
CONTINUOUS
10
4.0323992519685037
20
-3.0920958267716534
11
4.0287546062992128
21
-3.0866412204724409
0
LINE
8
BLACK
6
CONTINUOUS
10
4.0287546062992128
20
-3.0866412204724409
11
4.0262441338582677
21
-3.0805803937007874
0
LINE
8
BLACK
6
CONTINUOUS
10
4.0262441338582677
20
-3.0805803937007874
11
4.0249642913385824
21
-3.0741462598425198
0
LINE
8
BLACK
6
CONTINUOUS
10
4.0249642913385824
20
-3.0741462598425198
11
4.0249642913385824
21
-3.0675860236220474
0
LINE
8
BLACK
6
CONTINUOUS
10
4.0249642913385824
20
-3.0675860236220474
11
4.0262441338582677
21
-3.0611518897637793
0
LINE
8
BLACK
6
CONTINUOUS
10
4.0262441338582677
20
-3.0611518897637793
11
4.0287546062992128
21
-3.0550910629921257
0
LINE
8
BLACK
6
CONTINUOUS
10
4.0287546062992128
20
-3.0550910629921257
11
4.0323992519685037
21
-3.0496364566929133
0
LINE
8
BLACK
6
CONTINUOUS
10
4.0323992519685037
20
-3.0496364566929133
11
4.0370380314960626
21
-3.0449976771653544
0
LINE
8
BLACK
6
CONTINUOUS
10
4.0370380314960626
20
-3.0449976771653544
11
4.0424926377952755
21
-3.0413530314960631
0
LINE
8
BLACK
6
CONTINUOUS
10
4.0424926377952755
20
-3.0413530314960631
11
4.048553464566929
21
-3.038842559055118
0
LINE
8
BLACK
6
CONTINUOUS
10
4.048553464566929
20
-3.038842559055118
11
4.0549875984251971
21
-3.0375627165354331
0
LINE
8
BLACK
6
CONTINUOUS
10
4.0549875984251971
20
-3.0375627165354331
11
4.061547834645669
21
-3.0375627165354331
0
LINE
8
BLACK
6
CONTINUOUS
10
4.061547834645669
20
-3.0375627165354331
11
4.0679819685039371
21
-3.038842559055118
0
LINE
8
BLACK
6
CONTINUOUS
10
4.1679819685039368
20
-3.038842559055118
11
4.1740427952755903
21
-3.0413530314960631
0
LINE
8
BLACK
6
CONTINUOUS
10
4.1740427952755903
20
-3.0413530314960631
11
4.1794974015748032
21
-3.0449976771653544
0
LINE
8
BLACK
6
CONTINUOUS
10
4.1794974015748032
20
-3.0449976771653544
11
4.1841361811023621
21
-3.0496364566929133
0
LINE
8
BLACK
6
CONTINUOUS
10
4.1841361811023621
20
-3.0496364566929133
11
4.1877808267716539
21
-3.0550910629921257
0
LINE
8
BLACK
6
CONTINUOUS
10
4.1877808267716539
20
-3.0550910629921257
11
4.190291299212598
21
-3.0611518897637793
0
LINE
8
BLACK
6
CONTINUOUS
10
4.190291299212598
20
-3.0611518897637793
11
4.1915711417322834
21
-3.0675860236220474
0
LINE
8
BLACK
6
CONTINUOUS
10
4.1915711417322834
20
-3.0675860236220474
11
4.1915711417322834
21
-3.0741462598425198
0
LINE
8
BLACK
6
CONTINUOUS
10
4.1915711417322834
20
-3.0741462598425198
11
4.190291299212598
21
-3.0805803937007874
0
LINE
8
BLACK
6
CONTINUOUS
10
4.190291299212598
20
-3.0805803937007874
11
4.1877808267716539
21
-3.0866412204724409
0
LINE
8
BLACK
6
CONTINUOUS
10
4.1877808267716539
20
-3.0866412204724409
11
4.1841361811023621
21
-3.0920958267716534
0
LINE
8
BLACK
6
CONTINUOUS
10
4.1841361811023621
20
-3.0920958267716534
11
4.1794974015748032
21
-3.0967346062992127
0
LINE
8
BLACK
6
CONTINUOUS
10
4.1794974015748032
20
-3.0967346062992127
11
4.1740427952755903
21
-3.1003792519685041
0
LINE
8
BLACK
6
CONTINUOUS
10
4.1740427952755903
20
-3.1003792519685041
11
4.1679819685039368
21
-3.1028897244094487
0
LINE
8
BLACK
6
CONTINUOUS
10
4.1679819685039368
20
-3.1028897244094487
11
4.1615478346456696
21
-3.1041695669291336
0
LINE
8
BLACK
6
CONTINUOUS
10
4.1615478346456696
20
-3.1041695669291336
11
4.1549875984251967
21
-3.1041695669291336
0
LINE
8
BLACK
6
CONTINUOUS
10
4.1549875984251967
20
-3.1041695669291336
11
4.1485534645669286
21
-3.1028897244094487
0
LINE
8
BLACK
6
CONTINUOUS
10
4.1485534645669286
20
-3.1028897244094487
11
4.1424926377952751
21
-3.1003792519685041
0
LINE
8
BLACK
6
CONTINUOUS
10
4.1424926377952751
20
-3.1003792519685041
11
4.1370380314960631
21
-3.0967346062992127
0
LINE
8
BLACK
6
CONTINUOUS
10
4.1370380314960631
20
-3.0967346062992127
11
4.1323992519685042
21
-3.0920958267716534
0
LINE
8
BLACK
6
CONTINUOUS
10
4.1323992519685042
20
-3.0920958267716534
11
4.1287546062992124
21
-3.0866412204724409
0
LINE
8
BLACK
6
CONTINUOUS
10
4.1287546062992124
20
-3.0866412204724409
11
4.1262441338582674
21
-3.0805803937007874
0
LINE
8
BLACK
6
CONTINUOUS
10
4.1262441338582674
20
-3.0805803937007874
11
4.1249642913385829
21
-3.0741462598425198
0
LINE
8
BLACK
6
CONTINUOUS
10
4.1249642913385829
20
-3.0741462598425198
11
4.1249642913385829
21
-3.0675860236220474
0
LINE
8
BLACK
6
CONTINUOUS
10
4.1249642913385829
20
-3.0675860236220474
11
4.1262441338582674
21
-3.0611518897637793
0
LINE
8
BLACK
6
CONTINUOUS
10
4.1262441338582674
20
-3.0611518897637793
11
4.1287546062992124
21
-3.0550910629921257
0
LINE
8
BLACK
6
CONTINUOUS
10
4.1287546062992124
20
-3.0550910629921257
11
4.1323992519685042
21
-3.0496364566929133
0
LINE
8
BLACK
6
CONTINUOUS
10
4.1323992519685042
20
-3.0496364566929133
11
4.1370380314960631
21
-3.0449976771653544
0
LINE
8
BLACK
6
CONTINUOUS
10
4.1370380314960631
20
-3.0449976771653544
11
4.1424926377952751
21
-3.0413530314960631
0
LINE
8
BLACK
6
CONTINUOUS
10
4.1424926377952751
20
-3.0413530314960631
11
4.1485534645669286
21
-3.038842559055118
0
LINE
8
BLACK
6
CONTINUOUS
10
4.1485534645669286
20
-3.038842559055118
11
4.1549875984251967
21
-3.0375627165354331
0
LINE
8
BLACK
6
CONTINUOUS
10
4.1549875984251967
20
-3.0375627165354331
11
4.1615478346456696
21
-3.0375627165354331
0
LINE
8
BLACK
6
CONTINUOUS
10
4.1615478346456696
20
-3.0375627165354331
11
4.1679819685039368
21
-3.038842559055118
0
LINE
8
BLACK
6
CONTINUOUS
10
4.2679819685039373
20
-3.038842559055118
11
4.2740427952755908
21
-3.0413530314960631
0
LINE
8
BLACK
6
CONTINUOUS
10
4.2740427952755908
20
-3.0413530314960631
11
4.2794974015748029
21
-3.0449976771653544
0
LINE
8
BLACK
6
CONTINUOUS
10
4.2794974015748029
20
-3.0449976771653544
11
4.2841361811023617
21
-3.0496364566929133
0
LINE
8
BLACK
6
CONTINUOUS
10
4.2841361811023617
20
-3.0496364566929133
11
4.2877808267716535
21
-3.0550910629921257
0
LINE
8
BLACK
6
CONTINUOUS
10
4.2877808267716535
20
-3.0550910629921257
11
4.2902912992125986
21
-3.0611518897637793
0
LINE
8
BLACK
6
CONTINUOUS
10
4.2902912992125986
20
-3.0611518897637793
11
4.291571141732283
21
-3.0675860236220474
0
LINE
8
BLACK
6
CONTINUOUS
10
4.291571141732283
20
-3.0675860236220474
11
4.291571141732283
21
-3.0741462598425198
0
LINE
8
BLACK
6
CONTINUOUS
10
4.291571141732283
20
-3.0741462598425198
11
4.2902912992125986
21
-3.0805803937007874
0
LINE
8
BLACK
6
CONTINUOUS
10
4.2902912992125986
20
-3.0805803937007874
11
4.2877808267716535
21
-3.0866412204724409
0
LINE
8
BLACK
6
CONTINUOUS
10
4.2877808267716535
20
-3.0866412204724409
11
4.2841361811023617
21
-3.0920958267716534
0
LINE
8
BLACK
6
CONTINUOUS
10
4.2841361811023617
20
-3.0920958267716534
11
4.2794974015748029
21
-3.0967346062992127
0
LINE
8
BLACK
6
CONTINUOUS
10
4.2794974015748029
20
-3.0967346062992127
11
4.2740427952755908
21
-3.1003792519685041
0
LINE
8
BLACK
6
CONTINUOUS
10
4.2740427952755908
20
-3.1003792519685041
11
4.2679819685039373
21
-3.1028897244094487
0
LINE
8
BLACK
6
CONTINUOUS
10
4.2679819685039373
20
-3.1028897244094487
11
4.2615478346456692
21
-3.1041695669291336
0
LINE
8
BLACK
6
CONTINUOUS
10
4.2615478346456692
20
-3.1041695669291336
11
4.2549875984251964
21
-3.1041695669291336
0
LINE
8
BLACK
6
CONTINUOUS
10
4.2549875984251964
20
-3.1041695669291336
11
4.2485534645669292
21
-3.1028897244094487
0
LINE
8
BLACK
6
CONTINUOUS
10
4.2485534645669292
20
-3.1028897244094487
11
4.2424926377952756
21
-3.1003792519685041
0
LINE
8
BLACK
6
CONTINUOUS
10
4.2424926377952756
20
-3.1003792519685041
11
4.2370380314960627
21
-3.0967346062992127
0
LINE
8
BLACK
6
CONTINUOUS
10
4.2370380314960627
20
-3.0967346062992127
11
4.2323992519685039
21
-3.0920958267716534
0
LINE
8
BLACK
6
CONTINUOUS
10
4.2323992519685039
20
-3.0920958267716534
11
4.2287546062992121
21
-3.0866412204724409
0
LINE
8
BLACK
6
CONTINUOUS
10
4.2287546062992121
20
-3.0866412204724409
11
4.2262441338582679
21
-3.0805803937007874
0
LINE
8
BLACK
6
CONTINUOUS
10
4.2262441338582679
20
-3.0805803937007874
11
4.2249642913385825
21
-3.0741462598425198
0
LINE
8
BLACK
6
CONTINUOUS
10
4.2249642913385825
20
-3.0741462598425198
11
4.2249642913385825
21
-3.0675860236220474
0
LINE
8
BLACK
6
CONTINUOUS
10
4.2249642913385825
20
-3.0675860236220474
11
4.2262441338582679
21
-3.0611518897637793
0
LINE
8
BLACK
6
CONTINUOUS
10
4.2262441338582679
20
-3.0611518897637793
11
4.2287546062992121
21
-3.0550910629921257
0
LINE
8
BLACK
6
CONTINUOUS
10
4.2287546062992121
20
-3.0550910629921257
11
4.2323992519685039
21
-3.0496364566929133
0
LINE
8
BLACK
6
CONTINUOUS
10
4.2323992519685039
20
-3.0496364566929133
11
4.2370380314960627
21
-3.0449976771653544
0
LINE
8
BLACK
6
CONTINUOUS
10
4.2370380314960627
20
-3.0449976771653544
11
4.2424926377952756
21
-3.0413530314960631
0
LINE
8
BLACK
6
CONTINUOUS
10
4.2424926377952756
20
-3.0413530314960631
11
4.2485534645669292
21
-3.038842559055118
0
LINE
8
BLACK
6
CONTINUOUS
10
4.2485534645669292
20
-3.038842559055118
11
4.2549875984251964
21
-3.0375627165354331
0
LINE
8
BLACK
6
CONTINUOUS
10
4.2549875984251964
20
-3.0375627165354331
11
4.2615478346456692
21
-3.0375627165354331
0
LINE
8
BLACK
6
CONTINUOUS
10
4.2615478346456692
20
-3.0375627165354331
11
4.2679819685039373
21
-3.038842559055118
  0
ENDSEC
  0
EOF
