  0
SECTION
  2
HEADER
  9
$ANGBASE
  50
0.0
  9
$ANGDIR
  70
1
  9
$MEASUREMENT
  70
0
  0
ENDSEC
  0
SECTION
  2
TABLES
  0
TABLE
  2
LTYPE
  70
4
  0
LTYPE
  5
40F
  2
CONTINUOUS
  70
0
  3
Solid line
  72
65
  73
0
  40
0.0
  0
LTYPE
  5
410
  2
DASHDOT
 70
0
  3
Dash Dot ____ _ ____ _
 72
65
 73
4
 40
2.0
 49
1.25
 49
-0.25
 49
0.25
 49
-0.25
  0
LTYPE
  5
411
  2
DASHED
 70
0
  3
Dashed __ __ __ __ __
 72
65
 73
2
 40
0.75
 49
0.5
 49
-0.25
  0
LTYPE
  5
43B
  2
DOTTED
 70
0
  3
Dotted .  .  .  .
 72
65
 73
2
 40
0.2
 49
0.0
 49
-0.2
  0
ENDTAB
  0
TABLE
  2
STYLE
  70
4
  0
STYLE
  2
KICAD
  70
0
  40
0
  41
1
  42
1
  50
0
  71
0
  3
isocp.shx
  0
STYLE
  2
KICADB
  70
0
  40
0
  41
1
  42
1
  50
0
  71
0
  3
isocp.shx
  0
STYLE
  2
KICADI
  70
0
  40
0
  41
1
  42
1
  50
15
  71
0
  3
isocp.shx
  0
STYLE
  2
KICADBI
  70
0
  40
0
  41
1
  42
1
  50
15
  71
0
  3
isocp.shx
  0
ENDTAB
  0
TABLE
  2
LAYER
  70
1
  0
LAYER
  2
BLACK
  70
0
  62
7
  6
CONTINUOUS
  0
ENDTAB
  0
ENDSEC
  0
SECTION
  2
ENTITIES
0
LINE
8
BLACK
6
CONTINUOUS
10
3.4228331496062991
20
-4.5459311417322832
11
3.4256271653543306
21
-4.5477980314960629
0
LINE
8
BLACK
6
CONTINUOUS
10
3.4256271653543306
20
-4.5477980314960629
11
3.4274940551181103
21
-4.5505920472440939
0
LINE
8
BLACK
6
CONTINUOUS
10
3.4274940551181103
20
-4.5505920472440939
11
3.4281496062992125
21
-4.5538877952755907
0
LINE
8
BLACK
6
CONTINUOUS
10
3.4281496062992125
20
-4.5538877952755907
11
3.4281496062992125
21
-4.5711122047244093
0
LINE
8
BLACK
6
CONTINUOUS
10
3.4281496062992125
20
-4.5711122047244093
11
3.4274940551181103
21
-4.5744079527559052
0
LINE
8
BLACK
6
CONTINUOUS
10
3.4274940551181103
20
-4.5744079527559052
11
3.4256271653543306
21
-4.5772019685039371
0
LINE
8
BLACK
6
CONTINUOUS
10
3.4256271653543306
20
-4.5772019685039371
11
3.4228331496062991
21
-4.5790688582677168
0
LINE
8
BLACK
6
CONTINUOUS
10
3.4228331496062991
20
-4.5790688582677168
11
3.4195374015748032
21
-4.5797244094488185
0
LINE
8
BLACK
6
CONTINUOUS
10
3.4195374015748032
20
-4.5797244094488185
11
3.3993602362204722
21
-4.5797244094488185
0
LINE
8
BLACK
6
CONTINUOUS
10
3.3993602362204722
20
-4.5797244094488185
11
3.3960644881889763
21
-4.5790688582677168
0
LINE
8
BLACK
6
CONTINUOUS
10
3.3960644881889763
20
-4.5790688582677168
11
3.3932704724409448
21
-4.5772019685039371
0
LINE
8
BLACK
6
CONTINUOUS
10
3.3932704724409448
20
-4.5772019685039371
11
3.3914035826771651
21
-4.5744079527559052
0
LINE
8
BLACK
6
CONTINUOUS
10
3.3914035826771651
20
-4.5744079527559052
11
3.390748031496063
21
-4.5711122047244093
0
LINE
8
BLACK
6
CONTINUOUS
10
3.390748031496063
20
-4.5711122047244093
11
3.390748031496063
21
-4.5538877952755907
0
LINE
8
BLACK
6
CONTINUOUS
10
3.390748031496063
20
-4.5538877952755907
11
3.3914035826771651
21
-4.5505920472440939
0
LINE
8
BLACK
6
CONTINUOUS
10
3.3914035826771651
20
-4.5505920472440939
11
3.3932704724409448
21
-4.5477980314960629
0
LINE
8
BLACK
6
CONTINUOUS
10
3.3932704724409448
20
-4.5477980314960629
11
3.3960644881889763
21
-4.5459311417322832
0
LINE
8
BLACK
6
CONTINUOUS
10
3.3960644881889763
20
-4.5459311417322832
11
3.3993602362204722
21
-4.5452755905511806
0
LINE
8
BLACK
6
CONTINUOUS
10
3.3993602362204722
20
-4.5452755905511806
11
3.4195374015748032
21
-4.5452755905511806
0
LINE
8
BLACK
6
CONTINUOUS
10
3.4195374015748032
20
-4.5452755905511806
11
3.4228331496062991
21
-4.5459311417322832
0
LINE
8
BLACK
6
CONTINUOUS
10
4.2850511811023617
20
-4.5495669291338583
11
4.238051181102362
21
-4.5495669291338583
0
LINE
8
BLACK
6
CONTINUOUS
10
4.238051181102362
20
-4.5495669291338583
11
4.238051181102362
21
-4.5295669291338578
0
LINE
8
BLACK
6
CONTINUOUS
10
4.238051181102362
20
-4.5295669291338578
11
4.2850511811023617
21
-4.5295669291338578
0
LINE
8
BLACK
6
CONTINUOUS
10
4.2850511811023617
20
-4.5295669291338578
11
4.2850511811023617
21
-4.5495669291338583
0
LINE
8
BLACK
6
CONTINUOUS
10
4.4430511811023621
20
-4.5495669291338583
11
4.3960511811023624
21
-4.5495669291338583
0
LINE
8
BLACK
6
CONTINUOUS
10
4.3960511811023624
20
-4.5495669291338583
11
4.3960511811023624
21
-4.5295669291338578
0
LINE
8
BLACK
6
CONTINUOUS
10
4.3960511811023624
20
-4.5295669291338578
11
4.4430511811023621
21
-4.5295669291338578
0
LINE
8
BLACK
6
CONTINUOUS
10
4.4430511811023621
20
-4.5295669291338578
11
4.4430511811023621
21
-4.5495669291338583
0
LINE
8
BLACK
6
CONTINUOUS
10
3.7432655905511809
20
-4.5059538582677163
11
3.7451495275590552
21
-4.507212677165354
0
LINE
8
BLACK
6
CONTINUOUS
10
3.7451495275590552
20
-4.507212677165354
11
3.7464083464566929
21
-4.5090966141732283
0
LINE
8
BLACK
6
CONTINUOUS
10
3.7464083464566929
20
-4.5090966141732283
11
3.7468503937007873
21
-4.5113188976377954
0
LINE
8
BLACK
6
CONTINUOUS
10
3.7468503937007873
20
-4.5113188976377954
11
3.7468503937007873
21
-4.5229330708661415
0
LINE
8
BLACK
6
CONTINUOUS
10
3.7468503937007873
20
-4.5229330708661415
11
3.7464083464566929
21
-4.5251553543307086
0
LINE
8
BLACK
6
CONTINUOUS
10
3.7464083464566929
20
-4.5251553543307086
11
3.7451495275590552
21
-4.5270392913385828
0
LINE
8
BLACK
6
CONTINUOUS
10
3.7451495275590552
20
-4.5270392913385828
11
3.7432655905511809
21
-4.5282981102362205
0
LINE
8
BLACK
6
CONTINUOUS
10
3.7432655905511809
20
-4.5282981102362205
11
3.7410433070866143
21
-4.528740157480315
0
LINE
8
BLACK
6
CONTINUOUS
10
3.7410433070866143
20
-4.528740157480315
11
3.7274606299212598
21
-4.528740157480315
0
LINE
8
BLACK
6
CONTINUOUS
10
3.7274606299212598
20
-4.528740157480315
11
3.7252383464566927
21
-4.5282981102362205
0
LINE
8
BLACK
6
CONTINUOUS
10
3.7252383464566927
20
-4.5282981102362205
11
3.7233544094488189
21
-4.5270392913385828
0
LINE
8
BLACK
6
CONTINUOUS
10
3.7233544094488189
20
-4.5270392913385828
11
3.7220955905511812
21
-4.5251553543307086
0
LINE
8
BLACK
6
CONTINUOUS
10
3.7220955905511812
20
-4.5251553543307086
11
3.7216535433070863
21
-4.5229330708661415
0
LINE
8
BLACK
6
CONTINUOUS
10
3.7216535433070863
20
-4.5229330708661415
11
3.7216535433070863
21
-4.5113188976377954
0
LINE
8
BLACK
6
CONTINUOUS
10
3.7216535433070863
20
-4.5113188976377954
11
3.7220955905511812
21
-4.5090966141732283
0
LINE
8
BLACK
6
CONTINUOUS
10
3.7220955905511812
20
-4.5090966141732283
11
3.7233544094488189
21
-4.507212677165354
0
LINE
8
BLACK
6
CONTINUOUS
10
3.7233544094488189
20
-4.507212677165354
11
3.7252383464566927
21
-4.5059538582677163
0
LINE
8
BLACK
6
CONTINUOUS
10
3.7252383464566927
20
-4.5059538582677163
11
3.7274606299212598
21
-4.5055118110236219
0
LINE
8
BLACK
6
CONTINUOUS
10
3.7274606299212598
20
-4.5055118110236219
11
3.7410433070866143
21
-4.5055118110236219
0
LINE
8
BLACK
6
CONTINUOUS
10
3.7410433070866143
20
-4.5055118110236219
11
3.7432655905511809
21
-4.5059538582677163
0
LINE
8
BLACK
6
CONTINUOUS
10
3.7019270078740156
20
-4.5039853543307089
11
3.7038109448818899
21
-4.5052441732283466
0
LINE
8
BLACK
6
CONTINUOUS
10
3.7038109448818899
20
-4.5052441732283466
11
3.7050697637795276
21
-4.50712811023622
0
LINE
8
BLACK
6
CONTINUOUS
10
3.7050697637795276
20
-4.50712811023622
11
3.705511811023622
21
-4.5093503937007871
0
LINE
8
BLACK
6
CONTINUOUS
10
3.705511811023622
20
-4.5093503937007871
11
3.705511811023622
21
-4.5209645669291341
0
LINE
8
BLACK
6
CONTINUOUS
10
3.705511811023622
20
-4.5209645669291341
11
3.7050697637795276
21
-4.5231868503937003
0
LINE
8
BLACK
6
CONTINUOUS
10
3.7050697637795276
20
-4.5231868503937003
11
3.7038109448818899
21
-4.5250707874015745
0
LINE
8
BLACK
6
CONTINUOUS
10
3.7038109448818899
20
-4.5250707874015745
11
3.7019270078740156
21
-4.5263296062992122
0
LINE
8
BLACK
6
CONTINUOUS
10
3.7019270078740156
20
-4.5263296062992122
11
3.6997047244094485
21
-4.5267716535433067
0
LINE
8
BLACK
6
CONTINUOUS
10
3.6997047244094485
20
-4.5267716535433067
11
3.6861220472440945
21
-4.5267716535433067
0
LINE
8
BLACK
6
CONTINUOUS
10
3.6861220472440945
20
-4.5267716535433067
11
3.6838997637795274
21
-4.5263296062992122
0
LINE
8
BLACK
6
CONTINUOUS
10
3.6838997637795274
20
-4.5263296062992122
11
3.6820158267716536
21
-4.5250707874015745
0
LINE
8
BLACK
6
CONTINUOUS
10
3.6820158267716536
20
-4.5250707874015745
11
3.6807570078740155
21
-4.5231868503937003
0
LINE
8
BLACK
6
CONTINUOUS
10
3.6807570078740155
20
-4.5231868503937003
11
3.680314960629921
21
-4.5209645669291341
0
LINE
8
BLACK
6
CONTINUOUS
10
3.680314960629921
20
-4.5209645669291341
11
3.680314960629921
21
-4.5093503937007871
0
LINE
8
BLACK
6
CONTINUOUS
10
3.680314960629921
20
-4.5093503937007871
11
3.6807570078740155
21
-4.50712811023622
0
LINE
8
BLACK
6
CONTINUOUS
10
3.6807570078740155
20
-4.50712811023622
11
3.6820158267716536
21
-4.5052441732283466
0
LINE
8
BLACK
6
CONTINUOUS
10
3.6820158267716536
20
-4.5052441732283466
11
3.6838997637795274
21
-4.5039853543307089
0
LINE
8
BLACK
6
CONTINUOUS
10
3.6838997637795274
20
-4.5039853543307089
11
3.6861220472440945
21
-4.5035433070866144
0
LINE
8
BLACK
6
CONTINUOUS
10
3.6861220472440945
20
-4.5035433070866144
11
3.6997047244094485
21
-4.5035433070866144
0
LINE
8
BLACK
6
CONTINUOUS
10
3.6997047244094485
20
-4.5035433070866144
11
3.7019270078740156
21
-4.5039853543307089
0
LINE
8
BLACK
6
CONTINUOUS
10
3.4228331496062991
20
-4.483923267716535
11
3.4256271653543306
21
-4.4857901574803147
0
LINE
8
BLACK
6
CONTINUOUS
10
3.4256271653543306
20
-4.4857901574803147
11
3.4274940551181103
21
-4.4885841732283467
0
LINE
8
BLACK
6
CONTINUOUS
10
3.4274940551181103
20
-4.4885841732283467
11
3.4281496062992125
21
-4.4918799212598426
0
LINE
8
BLACK
6
CONTINUOUS
10
3.4281496062992125
20
-4.4918799212598426
11
3.4281496062992125
21
-4.5091043307086611
0
LINE
8
BLACK
6
CONTINUOUS
10
3.4281496062992125
20
-4.5091043307086611
11
3.4274940551181103
21
-4.512400078740157
0
LINE
8
BLACK
6
CONTINUOUS
10
3.4274940551181103
20
-4.512400078740157
11
3.4256271653543306
21
-4.515194094488189
0
LINE
8
BLACK
6
CONTINUOUS
10
3.4256271653543306
20
-4.515194094488189
11
3.4228331496062991
21
-4.5170609842519687
0
LINE
8
BLACK
6
CONTINUOUS
10
3.4228331496062991
20
-4.5170609842519687
11
3.4195374015748032
21
-4.5177165354330704
0
LINE
8
BLACK
6
CONTINUOUS
10
3.4195374015748032
20
-4.5177165354330704
11
3.3993602362204722
21
-4.5177165354330704
0
LINE
8
BLACK
6
CONTINUOUS
10
3.3993602362204722
20
-4.5177165354330704
11
3.3960644881889763
21
-4.5170609842519687
0
LINE
8
BLACK
6
CONTINUOUS
10
3.3960644881889763
20
-4.5170609842519687
11
3.3932704724409448
21
-4.515194094488189
0
LINE
8
BLACK
6
CONTINUOUS
10
3.3932704724409448
20
-4.515194094488189
11
3.3914035826771651
21
-4.512400078740157
0
LINE
8
BLACK
6
CONTINUOUS
10
3.3914035826771651
20
-4.512400078740157
11
3.390748031496063
21
-4.5091043307086611
0
LINE
8
BLACK
6
CONTINUOUS
10
3.390748031496063
20
-4.5091043307086611
11
3.390748031496063
21
-4.4918799212598426
0
LINE
8
BLACK
6
CONTINUOUS
10
3.390748031496063
20
-4.4918799212598426
11
3.3914035826771651
21
-4.4885841732283467
0
LINE
8
BLACK
6
CONTINUOUS
10
3.3914035826771651
20
-4.4885841732283467
11
3.3932704724409448
21
-4.4857901574803147
0
LINE
8
BLACK
6
CONTINUOUS
10
3.3932704724409448
20
-4.4857901574803147
11
3.3960644881889763
21
-4.483923267716535
0
LINE
8
BLACK
6
CONTINUOUS
10
3.3960644881889763
20
-4.483923267716535
11
3.3993602362204722
21
-4.4832677165354333
0
LINE
8
BLACK
6
CONTINUOUS
10
3.3993602362204722
20
-4.4832677165354333
11
3.4195374015748032
21
-4.4832677165354333
0
LINE
8
BLACK
6
CONTINUOUS
10
3.4195374015748032
20
-4.4832677165354333
11
3.4228331496062991
21
-4.483923267716535
0
LINE
8
BLACK
6
CONTINUOUS
10
3.7432655905511809
20
-4.4677648818897637
11
3.7451495275590552
21
-4.4690237007874014
0
LINE
8
BLACK
6
CONTINUOUS
10
3.7451495275590552
20
-4.4690237007874014
11
3.7464083464566929
21
-4.4709076377952757
0
LINE
8
BLACK
6
CONTINUOUS
10
3.7464083464566929
20
-4.4709076377952757
11
3.7468503937007873
21
-4.4731299212598428
0
LINE
8
BLACK
6
CONTINUOUS
10
3.7468503937007873
20
-4.4731299212598428
11
3.7468503937007873
21
-4.4847440944881889
0
LINE
8
BLACK
6
CONTINUOUS
10
3.7468503937007873
20
-4.4847440944881889
11
3.7464083464566929
21
-4.486966377952756
0
LINE
8
BLACK
6
CONTINUOUS
10
3.7464083464566929
20
-4.486966377952756
11
3.7451495275590552
21
-4.4888503149606303
0
LINE
8
BLACK
6
CONTINUOUS
10
3.7451495275590552
20
-4.4888503149606303
11
3.7432655905511809
21
-4.4901091338582679
0
LINE
8
BLACK
6
CONTINUOUS
10
3.7432655905511809
20
-4.4901091338582679
11
3.7410433070866143
21
-4.4905511811023624
0
LINE
8
BLACK
6
CONTINUOUS
10
3.7410433070866143
20
-4.4905511811023624
11
3.7274606299212598
21
-4.4905511811023624
0
LINE
8
BLACK
6
CONTINUOUS
10
3.7274606299212598
20
-4.4905511811023624
11
3.7252383464566927
21
-4.4901091338582679
0
LINE
8
BLACK
6
CONTINUOUS
10
3.7252383464566927
20
-4.4901091338582679
11
3.7233544094488189
21
-4.4888503149606303
0
LINE
8
BLACK
6
CONTINUOUS
10
3.7233544094488189
20
-4.4888503149606303
11
3.7220955905511812
21
-4.486966377952756
0
LINE
8
BLACK
6
CONTINUOUS
10
3.7220955905511812
20
-4.486966377952756
11
3.7216535433070863
21
-4.4847440944881889
0
LINE
8
BLACK
6
CONTINUOUS
10
3.7216535433070863
20
-4.4847440944881889
11
3.7216535433070863
21
-4.4731299212598428
0
LINE
8
BLACK
6
CONTINUOUS
10
3.7216535433070863
20
-4.4731299212598428
11
3.7220955905511812
21
-4.4709076377952757
0
LINE
8
BLACK
6
CONTINUOUS
10
3.7220955905511812
20
-4.4709076377952757
11
3.7233544094488189
21
-4.4690237007874014
0
LINE
8
BLACK
6
CONTINUOUS
10
3.7233544094488189
20
-4.4690237007874014
11
3.7252383464566927
21
-4.4677648818897637
0
LINE
8
BLACK
6
CONTINUOUS
10
3.7252383464566927
20
-4.4677648818897637
11
3.7274606299212598
21
-4.4673228346456693
0
LINE
8
BLACK
6
CONTINUOUS
10
3.7274606299212598
20
-4.4673228346456693
11
3.7410433070866143
21
-4.4673228346456693
0
LINE
8
BLACK
6
CONTINUOUS
10
3.7410433070866143
20
-4.4673228346456693
11
3.7432655905511809
21
-4.4677648818897637
0
LINE
8
BLACK
6
CONTINUOUS
10
3.7019270078740156
20
-4.4657963779527554
11
3.7038109448818899
21
-4.467055196850394
0
LINE
8
BLACK
6
CONTINUOUS
10
3.7038109448818899
20
-4.467055196850394
11
3.7050697637795276
21
-4.4689391338582674
0
LINE
8
BLACK
6
CONTINUOUS
10
3.7050697637795276
20
-4.4689391338582674
11
3.705511811023622
21
-4.4711614173228345
0
LINE
8
BLACK
6
CONTINUOUS
10
3.705511811023622
20
-4.4711614173228345
11
3.705511811023622
21
-4.4827755905511806
0
LINE
8
BLACK
6
CONTINUOUS
10
3.705511811023622
20
-4.4827755905511806
11
3.7050697637795276
21
-4.4849978740157477
0
LINE
8
BLACK
6
CONTINUOUS
10
3.7050697637795276
20
-4.4849978740157477
11
3.7038109448818899
21
-4.4868818110236219
0
LINE
8
BLACK
6
CONTINUOUS
10
3.7038109448818899
20
-4.4868818110236219
11
3.7019270078740156
21
-4.4881406299212596
0
LINE
8
BLACK
6
CONTINUOUS
10
3.7019270078740156
20
-4.4881406299212596
11
3.6997047244094485
21
-4.4885826771653541
0
LINE
8
BLACK
6
CONTINUOUS
10
3.6997047244094485
20
-4.4885826771653541
11
3.6861220472440945
21
-4.4885826771653541
0
LINE
8
BLACK
6
CONTINUOUS
10
3.6861220472440945
20
-4.4885826771653541
11
3.6838997637795274
21
-4.4881406299212596
0
LINE
8
BLACK
6
CONTINUOUS
10
3.6838997637795274
20
-4.4881406299212596
11
3.6820158267716536
21
-4.4868818110236219
0
LINE
8
BLACK
6
CONTINUOUS
10
3.6820158267716536
20
-4.4868818110236219
11
3.6807570078740155
21
-4.4849978740157477
0
LINE
8
BLACK
6
CONTINUOUS
10
3.6807570078740155
20
-4.4849978740157477
11
3.680314960629921
21
-4.4827755905511806
0
LINE
8
BLACK
6
CONTINUOUS
10
3.680314960629921
20
-4.4827755905511806
11
3.680314960629921
21
-4.4711614173228345
0
LINE
8
BLACK
6
CONTINUOUS
10
3.680314960629921
20
-4.4711614173228345
11
3.6807570078740155
21
-4.4689391338582674
0
LINE
8
BLACK
6
CONTINUOUS
10
3.6807570078740155
20
-4.4689391338582674
11
3.6820158267716536
21
-4.467055196850394
0
LINE
8
BLACK
6
CONTINUOUS
10
3.6820158267716536
20
-4.467055196850394
11
3.6838997637795274
21
-4.4657963779527554
0
LINE
8
BLACK
6
CONTINUOUS
10
3.6838997637795274
20
-4.4657963779527554
11
3.6861220472440945
21
-4.4653543307086609
0
LINE
8
BLACK
6
CONTINUOUS
10
3.6861220472440945
20
-4.4653543307086609
11
3.6997047244094485
21
-4.4653543307086609
0
LINE
8
BLACK
6
CONTINUOUS
10
3.6997047244094485
20
-4.4653543307086609
11
3.7019270078740156
21
-4.4657963779527554
0
LINE
8
BLACK
6
CONTINUOUS
10
4.2850511811023617
20
-4.4861811023622042
11
4.238051181102362
21
-4.4861811023622042
0
LINE
8
BLACK
6
CONTINUOUS
10
4.238051181102362
20
-4.4861811023622042
11
4.238051181102362
21
-4.4661811023622047
0
LINE
8
BLACK
6
CONTINUOUS
10
4.238051181102362
20
-4.4661811023622047
11
4.2850511811023617
21
-4.4661811023622047
0
LINE
8
BLACK
6
CONTINUOUS
10
4.2850511811023617
20
-4.4661811023622047
11
4.2850511811023617
21
-4.4861811023622042
0
LINE
8
BLACK
6
CONTINUOUS
10
4.4430511811023621
20
-4.4861811023622042
11
4.3960511811023624
21
-4.4861811023622042
0
LINE
8
BLACK
6
CONTINUOUS
10
4.3960511811023624
20
-4.4861811023622042
11
4.3960511811023624
21
-4.4661811023622047
0
LINE
8
BLACK
6
CONTINUOUS
10
4.3960511811023624
20
-4.4661811023622047
11
4.4430511811023621
21
-4.4661811023622047
0
LINE
8
BLACK
6
CONTINUOUS
10
4.4430511811023621
20
-4.4661811023622047
11
4.4430511811023621
21
-4.4861811023622042
0
LINE
8
BLACK
6
CONTINUOUS
10
2.4226449606299214
20
-4.4429133858267713
11
2.3655583464566927
21
-4.4429133858267713
0
LINE
8
BLACK
6
CONTINUOUS
10
2.3655583464566927
20
-4.4429133858267713
11
2.3655583464566927
21
-4.4311023622047241
0
LINE
8
BLACK
6
CONTINUOUS
10
2.3655583464566927
20
-4.4311023622047241
11
2.3655583464566927
21
-4.4192913385826769
0
LINE
8
BLACK
6
CONTINUOUS
10
2.3655583464566927
20
-4.4192913385826769
11
2.4226449606299214
21
-4.4192913385826769
0
LINE
8
BLACK
6
CONTINUOUS
10
2.4226449606299214
20
-4.4192913385826769
11
2.4226449606299214
21
-4.4311023622047241
0
LINE
8
BLACK
6
CONTINUOUS
10
2.4226449606299214
20
-4.4311023622047241
11
2.4226449606299214
21
-4.4429133858267713
0
LINE
8
BLACK
6
CONTINUOUS
10
2.4226449606299214
20
-4.4114173228346454
11
2.3655583464566927
21
-4.4114173228346454
0
LINE
8
BLACK
6
CONTINUOUS
10
2.3655583464566927
20
-4.4114173228346454
11
2.3655583464566927
21
-4.3996062992125982
0
LINE
8
BLACK
6
CONTINUOUS
10
2.3655583464566927
20
-4.3996062992125982
11
2.3655583464566927
21
-4.3877952755905509
0
LINE
8
BLACK
6
CONTINUOUS
10
2.3655583464566927
20
-4.3877952755905509
11
2.4226449606299214
21
-4.3877952755905509
0
LINE
8
BLACK
6
CONTINUOUS
10
2.4226449606299214
20
-4.3877952755905509
11
2.4226449606299214
21
-4.3996062992125982
0
LINE
8
BLACK
6
CONTINUOUS
10
2.4226449606299214
20
-4.3996062992125982
11
2.4226449606299214
21
-4.4114173228346454
0
LINE
8
BLACK
6
CONTINUOUS
10
3.7335959055118111
20
-4.3789480314960629
11
3.7352251968503936
21
-4.3805773228346458
0
LINE
8
BLACK
6
CONTINUOUS
10
3.7352251968503936
20
-4.3805773228346458
11
3.7361070078740157
21
-4.3827061417322835
0
LINE
8
BLACK
6
CONTINUOUS
10
3.7361070078740157
20
-4.3827061417322835
11
3.7362204724409449
21
-4.3838582677165352
0
LINE
8
BLACK
6
CONTINUOUS
10
3.7362204724409449
20
-4.3838582677165352
11
3.7362204724409449
21
-4.4015748031496065
0
LINE
8
BLACK
6
CONTINUOUS
10
3.7362204724409449
20
-4.4015748031496065
11
3.7361070078740157
21
-4.4027269291338582
0
LINE
8
BLACK
6
CONTINUOUS
10
3.7361070078740157
20
-4.4027269291338582
11
3.7352251968503936
21
-4.4048557480314958
0
LINE
8
BLACK
6
CONTINUOUS
10
3.7352251968503936
20
-4.4048557480314958
11
3.7335959055118111
21
-4.4064850393700787
0
LINE
8
BLACK
6
CONTINUOUS
10
3.7335959055118111
20
-4.4064850393700787
11
3.731467086614173
21
-4.4073668503937009
0
LINE
8
BLACK
6
CONTINUOUS
10
3.731467086614173
20
-4.4073668503937009
11
3.7291628346456691
21
-4.4073668503937009
0
LINE
8
BLACK
6
CONTINUOUS
10
3.7291628346456691
20
-4.4073668503937009
11
3.7270340157480315
21
-4.4064850393700787
0
LINE
8
BLACK
6
CONTINUOUS
10
3.7270340157480315
20
-4.4064850393700787
11
3.7254047244094486
21
-4.4048557480314958
0
LINE
8
BLACK
6
CONTINUOUS
10
3.7254047244094486
20
-4.4048557480314958
11
3.7245229133858269
21
-4.4027269291338582
0
LINE
8
BLACK
6
CONTINUOUS
10
3.7245229133858269
20
-4.4027269291338582
11
3.7244094488188977
21
-4.4015748031496065
0
LINE
8
BLACK
6
CONTINUOUS
10
3.7244094488188977
20
-4.4015748031496065
11
3.7244094488188977
21
-4.3838582677165352
0
LINE
8
BLACK
6
CONTINUOUS
10
3.7244094488188977
20
-4.3838582677165352
11
3.7245229133858269
21
-4.3827061417322835
0
LINE
8
BLACK
6
CONTINUOUS
10
3.7245229133858269
20
-4.3827061417322835
11
3.7254047244094486
21
-4.3805773228346458
0
LINE
8
BLACK
6
CONTINUOUS
10
3.7254047244094486
20
-4.3805773228346458
11
3.7270340157480315
21
-4.3789480314960629
0
LINE
8
BLACK
6
CONTINUOUS
10
3.7270340157480315
20
-4.3789480314960629
11
3.7291628346456691
21
-4.3780662204724408
0
LINE
8
BLACK
6
CONTINUOUS
10
3.7291628346456691
20
-4.3780662204724408
11
3.731467086614173
21
-4.3780662204724408
0
LINE
8
BLACK
6
CONTINUOUS
10
3.731467086614173
20
-4.3780662204724408
11
3.7335959055118111
21
-4.3789480314960629
0
LINE
8
BLACK
6
CONTINUOUS
10
3.7532809448818898
20
-4.3789480314960629
11
3.7549102362204723
21
-4.3805773228346458
0
LINE
8
BLACK
6
CONTINUOUS
10
3.7549102362204723
20
-4.3805773228346458
11
3.7557920472440944
21
-4.3827061417322835
0
LINE
8
BLACK
6
CONTINUOUS
10
3.7557920472440944
20
-4.3827061417322835
11
3.7559055118110236
21
-4.3838582677165352
0
LINE
8
BLACK
6
CONTINUOUS
10
3.7559055118110236
20
-4.3838582677165352
11
3.7559055118110236
21
-4.4015748031496065
0
LINE
8
BLACK
6
CONTINUOUS
10
3.7559055118110236
20
-4.4015748031496065
11
3.7557920472440944
21
-4.4027269291338582
0
LINE
8
BLACK
6
CONTINUOUS
10
3.7557920472440944
20
-4.4027269291338582
11
3.7549102362204723
21
-4.4048557480314958
0
LINE
8
BLACK
6
CONTINUOUS
10
3.7549102362204723
20
-4.4048557480314958
11
3.7532809448818898
21
-4.4064850393700787
0
LINE
8
BLACK
6
CONTINUOUS
10
3.7532809448818898
20
-4.4064850393700787
11
3.7511521259842517
21
-4.4073668503937009
0
LINE
8
BLACK
6
CONTINUOUS
10
3.7511521259842517
20
-4.4073668503937009
11
3.7488478740157478
21
-4.4073668503937009
0
LINE
8
BLACK
6
CONTINUOUS
10
3.7488478740157478
20
-4.4073668503937009
11
3.7467190551181102
21
-4.4064850393700787
0
LINE
8
BLACK
6
CONTINUOUS
10
3.7467190551181102
20
-4.4064850393700787
11
3.7450897637795273
21
-4.4048557480314958
0
LINE
8
BLACK
6
CONTINUOUS
10
3.7450897637795273
20
-4.4048557480314958
11
3.7442079527559056
21
-4.4027269291338582
0
LINE
8
BLACK
6
CONTINUOUS
10
3.7442079527559056
20
-4.4027269291338582
11
3.7440944881889764
21
-4.4015748031496065
0
LINE
8
BLACK
6
CONTINUOUS
10
3.7440944881889764
20
-4.4015748031496065
11
3.7440944881889764
21
-4.3838582677165352
0
LINE
8
BLACK
6
CONTINUOUS
10
3.7440944881889764
20
-4.3838582677165352
11
3.7442079527559056
21
-4.3827061417322835
0
LINE
8
BLACK
6
CONTINUOUS
10
3.7442079527559056
20
-4.3827061417322835
11
3.7450897637795273
21
-4.3805773228346458
0
LINE
8
BLACK
6
CONTINUOUS
10
3.7450897637795273
20
-4.3805773228346458
11
3.7467190551181102
21
-4.3789480314960629
0
LINE
8
BLACK
6
CONTINUOUS
10
3.7467190551181102
20
-4.3789480314960629
11
3.7488478740157478
21
-4.3780662204724408
0
LINE
8
BLACK
6
CONTINUOUS
10
3.7488478740157478
20
-4.3780662204724408
11
3.7511521259842517
21
-4.3780662204724408
0
LINE
8
BLACK
6
CONTINUOUS
10
3.7511521259842517
20
-4.3780662204724408
11
3.7532809448818898
21
-4.3789480314960629
0
LINE
8
BLACK
6
CONTINUOUS
10
3.7729659842519685
20
-4.3789480314960629
11
3.774595275590551
21
-4.3805773228346458
0
LINE
8
BLACK
6
CONTINUOUS
10
3.774595275590551
20
-4.3805773228346458
11
3.7754770866141731
21
-4.3827061417322835
0
LINE
8
BLACK
6
CONTINUOUS
10
3.7754770866141731
20
-4.3827061417322835
11
3.7755905511811023
21
-4.3838582677165352
0
LINE
8
BLACK
6
CONTINUOUS
10
3.7755905511811023
20
-4.3838582677165352
11
3.7755905511811023
21
-4.4015748031496065
0
LINE
8
BLACK
6
CONTINUOUS
10
3.7755905511811023
20
-4.4015748031496065
11
3.7754770866141731
21
-4.4027269291338582
0
LINE
8
BLACK
6
CONTINUOUS
10
3.7754770866141731
20
-4.4027269291338582
11
3.774595275590551
21
-4.4048557480314958
0
LINE
8
BLACK
6
CONTINUOUS
10
3.774595275590551
20
-4.4048557480314958
11
3.7729659842519685
21
-4.4064850393700787
0
LINE
8
BLACK
6
CONTINUOUS
10
3.7729659842519685
20
-4.4064850393700787
11
3.7708371653543304
21
-4.4073668503937009
0
LINE
8
BLACK
6
CONTINUOUS
10
3.7708371653543304
20
-4.4073668503937009
11
3.7685329133858265
21
-4.4073668503937009
0
LINE
8
BLACK
6
CONTINUOUS
10
3.7685329133858265
20
-4.4073668503937009
11
3.7664040944881889
21
-4.4064850393700787
0
LINE
8
BLACK
6
CONTINUOUS
10
3.7664040944881889
20
-4.4064850393700787
11
3.764774803149606
21
-4.4048557480314958
0
LINE
8
BLACK
6
CONTINUOUS
10
3.764774803149606
20
-4.4048557480314958
11
3.7638929921259843
21
-4.4027269291338582
0
LINE
8
BLACK
6
CONTINUOUS
10
3.7638929921259843
20
-4.4027269291338582
11
3.7637795275590551
21
-4.4015748031496065
0
LINE
8
BLACK
6
CONTINUOUS
10
3.7637795275590551
20
-4.4015748031496065
11
3.7637795275590551
21
-4.3838582677165352
0
LINE
8
BLACK
6
CONTINUOUS
10
3.7637795275590551
20
-4.3838582677165352
11
3.7638929921259843
21
-4.3827061417322835
0
LINE
8
BLACK
6
CONTINUOUS
10
3.7638929921259843
20
-4.3827061417322835
11
3.764774803149606
21
-4.3805773228346458
0
LINE
8
BLACK
6
CONTINUOUS
10
3.764774803149606
20
-4.3805773228346458
11
3.7664040944881889
21
-4.3789480314960629
0
LINE
8
BLACK
6
CONTINUOUS
10
3.7664040944881889
20
-4.3789480314960629
11
3.7685329133858265
21
-4.3780662204724408
0
LINE
8
BLACK
6
CONTINUOUS
10
3.7685329133858265
20
-4.3780662204724408
11
3.7708371653543304
21
-4.3780662204724408
0
LINE
8
BLACK
6
CONTINUOUS
10
3.7708371653543304
20
-4.3780662204724408
11
3.7729659842519685
21
-4.3789480314960629
0
LINE
8
BLACK
6
CONTINUOUS
10
3.7926510236220472
20
-4.3789480314960629
11
3.7942803149606297
21
-4.3805773228346458
0
LINE
8
BLACK
6
CONTINUOUS
10
3.7942803149606297
20
-4.3805773228346458
11
3.7951621259842518
21
-4.3827061417322835
0
LINE
8
BLACK
6
CONTINUOUS
10
3.7951621259842518
20
-4.3827061417322835
11
3.795275590551181
21
-4.3838582677165352
0
LINE
8
BLACK
6
CONTINUOUS
10
3.795275590551181
20
-4.3838582677165352
11
3.795275590551181
21
-4.4015748031496065
0
LINE
8
BLACK
6
CONTINUOUS
10
3.795275590551181
20
-4.4015748031496065
11
3.7951621259842518
21
-4.4027269291338582
0
LINE
8
BLACK
6
CONTINUOUS
10
3.7951621259842518
20
-4.4027269291338582
11
3.7942803149606297
21
-4.4048557480314958
0
LINE
8
BLACK
6
CONTINUOUS
10
3.7942803149606297
20
-4.4048557480314958
11
3.7926510236220472
21
-4.4064850393700787
0
LINE
8
BLACK
6
CONTINUOUS
10
3.7926510236220472
20
-4.4064850393700787
11
3.7905222047244091
21
-4.4073668503937009
0
LINE
8
BLACK
6
CONTINUOUS
10
3.7905222047244091
20
-4.4073668503937009
11
3.7882179527559052
21
-4.4073668503937009
0
LINE
8
BLACK
6
CONTINUOUS
10
3.7882179527559052
20
-4.4073668503937009
11
3.7860891338582676
21
-4.4064850393700787
0
LINE
8
BLACK
6
CONTINUOUS
10
3.7860891338582676
20
-4.4064850393700787
11
3.7844598425196851
21
-4.4048557480314958
0
LINE
8
BLACK
6
CONTINUOUS
10
3.7844598425196851
20
-4.4048557480314958
11
3.783578031496063
21
-4.4027269291338582
0
LINE
8
BLACK
6
CONTINUOUS
10
3.783578031496063
20
-4.4027269291338582
11
3.7834645669291338
21
-4.4015748031496065
0
LINE
8
BLACK
6
CONTINUOUS
10
3.7834645669291338
20
-4.4015748031496065
11
3.7834645669291338
21
-4.3838582677165352
0
LINE
8
BLACK
6
CONTINUOUS
10
3.7834645669291338
20
-4.3838582677165352
11
3.783578031496063
21
-4.3827061417322835
0
LINE
8
BLACK
6
CONTINUOUS
10
3.783578031496063
20
-4.3827061417322835
11
3.7844598425196851
21
-4.3805773228346458
0
LINE
8
BLACK
6
CONTINUOUS
10
3.7844598425196851
20
-4.3805773228346458
11
3.7860891338582676
21
-4.3789480314960629
0
LINE
8
BLACK
6
CONTINUOUS
10
3.7860891338582676
20
-4.3789480314960629
11
3.7882179527559052
21
-4.3780662204724408
0
LINE
8
BLACK
6
CONTINUOUS
10
3.7882179527559052
20
-4.3780662204724408
11
3.7905222047244091
21
-4.3780662204724408
0
LINE
8
BLACK
6
CONTINUOUS
10
3.7905222047244091
20
-4.3780662204724408
11
3.7926510236220472
21
-4.3789480314960629
0
LINE
8
BLACK
6
CONTINUOUS
10
2.5950844094488188
20
-4.3638445275590554
11
2.5978784251968503
21
-4.3657114173228342
0
LINE
8
BLACK
6
CONTINUOUS
10
2.5978784251968503
20
-4.3657114173228342
11
2.59974531496063
21
-4.3685054330708661
0
LINE
8
BLACK
6
CONTINUOUS
10
2.59974531496063
20
-4.3685054330708661
11
2.6004008661417322
21
-4.371801181102362
0
LINE
8
BLACK
6
CONTINUOUS
10
2.6004008661417322
20
-4.371801181102362
11
2.6004008661417322
21
-4.3919783464566926
0
LINE
8
BLACK
6
CONTINUOUS
10
2.6004008661417322
20
-4.3919783464566926
11
2.59974531496063
21
-4.3952740944881885
0
LINE
8
BLACK
6
CONTINUOUS
10
2.59974531496063
20
-4.3952740944881885
11
2.5978784251968503
21
-4.3980681102362205
0
LINE
8
BLACK
6
CONTINUOUS
10
2.5978784251968503
20
-4.3980681102362205
11
2.5950844094488188
21
-4.3999350000000002
0
LINE
8
BLACK
6
CONTINUOUS
10
2.5950844094488188
20
-4.3999350000000002
11
2.5917886614173229
21
-4.4005905511811019
0
LINE
8
BLACK
6
CONTINUOUS
10
2.5917886614173229
20
-4.4005905511811019
11
2.5745642519685039
21
-4.4005905511811019
0
LINE
8
BLACK
6
CONTINUOUS
10
2.5745642519685039
20
-4.4005905511811019
11
2.571268503937008
21
-4.3999350000000002
0
LINE
8
BLACK
6
CONTINUOUS
10
2.571268503937008
20
-4.3999350000000002
11
2.5684744881889765
21
-4.3980681102362205
0
LINE
8
BLACK
6
CONTINUOUS
10
2.5684744881889765
20
-4.3980681102362205
11
2.5666075984251968
21
-4.3952740944881885
0
LINE
8
BLACK
6
CONTINUOUS
10
2.5666075984251968
20
-4.3952740944881885
11
2.5659520472440946
21
-4.3919783464566926
0
LINE
8
BLACK
6
CONTINUOUS
10
2.5659520472440946
20
-4.3919783464566926
11
2.5659520472440946
21
-4.371801181102362
0
LINE
8
BLACK
6
CONTINUOUS
10
2.5659520472440946
20
-4.371801181102362
11
2.5666075984251968
21
-4.3685054330708661
0
LINE
8
BLACK
6
CONTINUOUS
10
2.5666075984251968
20
-4.3685054330708661
11
2.5684744881889765
21
-4.3657114173228342
0
LINE
8
BLACK
6
CONTINUOUS
10
2.5684744881889765
20
-4.3657114173228342
11
2.571268503937008
21
-4.3638445275590554
0
LINE
8
BLACK
6
CONTINUOUS
10
2.571268503937008
20
-4.3638445275590554
11
2.5745642519685039
21
-4.3631889763779528
0
LINE
8
BLACK
6
CONTINUOUS
10
2.5745642519685039
20
-4.3631889763779528
11
2.5917886614173229
21
-4.3631889763779528
0
LINE
8
BLACK
6
CONTINUOUS
10
2.5917886614173229
20
-4.3631889763779528
11
2.5950844094488188
21
-4.3638445275590554
0
LINE
8
BLACK
6
CONTINUOUS
10
2.6570922834645669
20
-4.3638445275590554
11
2.6598862992125984
21
-4.3657114173228342
0
LINE
8
BLACK
6
CONTINUOUS
10
2.6598862992125984
20
-4.3657114173228342
11
2.6617531889763777
21
-4.3685054330708661
0
LINE
8
BLACK
6
CONTINUOUS
10
2.6617531889763777
20
-4.3685054330708661
11
2.6624087401574803
21
-4.371801181102362
0
LINE
8
BLACK
6
CONTINUOUS
10
2.6624087401574803
20
-4.371801181102362
11
2.6624087401574803
21
-4.3919783464566926
0
LINE
8
BLACK
6
CONTINUOUS
10
2.6624087401574803
20
-4.3919783464566926
11
2.6617531889763777
21
-4.3952740944881885
0
LINE
8
BLACK
6
CONTINUOUS
10
2.6617531889763777
20
-4.3952740944881885
11
2.6598862992125984
21
-4.3980681102362205
0
LINE
8
BLACK
6
CONTINUOUS
10
2.6598862992125984
20
-4.3980681102362205
11
2.6570922834645669
21
-4.3999350000000002
0
LINE
8
BLACK
6
CONTINUOUS
10
2.6570922834645669
20
-4.3999350000000002
11
2.6537965354330706
21
-4.4005905511811019
0
LINE
8
BLACK
6
CONTINUOUS
10
2.6537965354330706
20
-4.4005905511811019
11
2.6365721259842521
21
-4.4005905511811019
0
LINE
8
BLACK
6
CONTINUOUS
10
2.6365721259842521
20
-4.4005905511811019
11
2.6332763779527557
21
-4.3999350000000002
0
LINE
8
BLACK
6
CONTINUOUS
10
2.6332763779527557
20
-4.3999350000000002
11
2.6304823622047242
21
-4.3980681102362205
0
LINE
8
BLACK
6
CONTINUOUS
10
2.6304823622047242
20
-4.3980681102362205
11
2.628615472440945
21
-4.3952740944881885
0
LINE
8
BLACK
6
CONTINUOUS
10
2.628615472440945
20
-4.3952740944881885
11
2.6279599212598423
21
-4.3919783464566926
0
LINE
8
BLACK
6
CONTINUOUS
10
2.6279599212598423
20
-4.3919783464566926
11
2.6279599212598423
21
-4.371801181102362
0
LINE
8
BLACK
6
CONTINUOUS
10
2.6279599212598423
20
-4.371801181102362
11
2.628615472440945
21
-4.3685054330708661
0
LINE
8
BLACK
6
CONTINUOUS
10
2.628615472440945
20
-4.3685054330708661
11
2.6304823622047242
21
-4.3657114173228342
0
LINE
8
BLACK
6
CONTINUOUS
10
2.6304823622047242
20
-4.3657114173228342
11
2.6332763779527557
21
-4.3638445275590554
0
LINE
8
BLACK
6
CONTINUOUS
10
2.6332763779527557
20
-4.3638445275590554
11
2.6365721259842521
21
-4.3631889763779528
0
LINE
8
BLACK
6
CONTINUOUS
10
2.6365721259842521
20
-4.3631889763779528
11
2.6537965354330706
21
-4.3631889763779528
0
LINE
8
BLACK
6
CONTINUOUS
10
2.6537965354330706
20
-4.3631889763779528
11
2.6570922834645669
21
-4.3638445275590554
0
LINE
8
BLACK
6
CONTINUOUS
10
3.3007874015748029
20
-4.3936023622047244
11
3.253543307086614
21
-4.3936023622047244
0
LINE
8
BLACK
6
CONTINUOUS
10
3.253543307086614
20
-4.3936023622047244
11
3.253543307086614
21
-4.3227362204724411
0
LINE
8
BLACK
6
CONTINUOUS
10
3.253543307086614
20
-4.3227362204724411
11
3.3007874015748029
21
-4.3227362204724411
0
LINE
8
BLACK
6
CONTINUOUS
10
3.3007874015748029
20
-4.3227362204724411
11
3.3007874015748029
21
-4.3936023622047244
0
LINE
8
BLACK
6
CONTINUOUS
10
3.3874015748031496
20
-4.3936023622047244
11
3.3401574803149607
21
-4.3936023622047244
0
LINE
8
BLACK
6
CONTINUOUS
10
3.3401574803149607
20
-4.3936023622047244
11
3.3401574803149607
21
-4.3227362204724411
0
LINE
8
BLACK
6
CONTINUOUS
10
3.3401574803149607
20
-4.3227362204724411
11
3.3874015748031496
21
-4.3227362204724411
0
LINE
8
BLACK
6
CONTINUOUS
10
3.3874015748031496
20
-4.3227362204724411
11
3.3874015748031496
21
-4.3936023622047244
0
LINE
8
BLACK
6
CONTINUOUS
10
3.4879548818897637
20
-4.3305781496062989
11
3.4910681889763779
21
-4.3326584251968505
0
LINE
8
BLACK
6
CONTINUOUS
10
3.4910681889763779
20
-4.3326584251968505
11
3.4931484645669291
21
-4.3357717322834644
0
LINE
8
BLACK
6
CONTINUOUS
10
3.4931484645669291
20
-4.3357717322834644
11
3.493878937007874
21
-4.3394441338582679
0
LINE
8
BLACK
6
CONTINUOUS
10
3.493878937007874
20
-4.3394441338582679
11
3.493878937007874
21
-4.3753693307086614
0
LINE
8
BLACK
6
CONTINUOUS
10
3.493878937007874
20
-4.3753693307086614
11
3.4931484645669291
21
-4.3790417322834641
0
LINE
8
BLACK
6
CONTINUOUS
10
3.4931484645669291
20
-4.3790417322834641
11
3.4910681889763779
21
-4.3821550393700788
0
LINE
8
BLACK
6
CONTINUOUS
10
3.4910681889763779
20
-4.3821550393700788
11
3.4879548818897637
21
-4.3842353149606295
0
LINE
8
BLACK
6
CONTINUOUS
10
3.4879548818897637
20
-4.3842353149606295
11
3.4842824803149606
21
-4.3849657874015744
0
LINE
8
BLACK
6
CONTINUOUS
10
3.4842824803149606
20
-4.3849657874015744
11
3.4650895669291337
21
-4.3849657874015744
0
LINE
8
BLACK
6
CONTINUOUS
10
3.4650895669291337
20
-4.3849657874015744
11
3.4614171653543306
21
-4.3842353149606295
0
LINE
8
BLACK
6
CONTINUOUS
10
3.4614171653543306
20
-4.3842353149606295
11
3.4583038582677164
21
-4.3821550393700788
0
LINE
8
BLACK
6
CONTINUOUS
10
3.4583038582677164
20
-4.3821550393700788
11
3.4562235826771652
21
-4.3790417322834641
0
LINE
8
BLACK
6
CONTINUOUS
10
3.4562235826771652
20
-4.3790417322834641
11
3.4554931102362203
21
-4.3753693307086614
0
LINE
8
BLACK
6
CONTINUOUS
10
3.4554931102362203
20
-4.3753693307086614
11
3.4554931102362203
21
-4.3394441338582679
0
LINE
8
BLACK
6
CONTINUOUS
10
3.4554931102362203
20
-4.3394441338582679
11
3.4562235826771652
21
-4.3357717322834644
0
LINE
8
BLACK
6
CONTINUOUS
10
3.4562235826771652
20
-4.3357717322834644
11
3.4583038582677164
21
-4.3326584251968505
0
LINE
8
BLACK
6
CONTINUOUS
10
3.4583038582677164
20
-4.3326584251968505
11
3.4614171653543306
21
-4.3305781496062989
0
LINE
8
BLACK
6
CONTINUOUS
10
3.4614171653543306
20
-4.3305781496062989
11
3.4650895669291337
21
-4.329847677165354
0
LINE
8
BLACK
6
CONTINUOUS
10
3.4650895669291337
20
-4.329847677165354
11
3.4842824803149606
21
-4.329847677165354
0
LINE
8
BLACK
6
CONTINUOUS
10
3.4842824803149606
20
-4.329847677165354
11
3.4879548818897637
21
-4.3305781496062989
0
LINE
8
BLACK
6
CONTINUOUS
10
3.561773779527559
20
-4.3305781496062989
11
3.5648870866141733
21
-4.3326584251968505
0
LINE
8
BLACK
6
CONTINUOUS
10
3.5648870866141733
20
-4.3326584251968505
11
3.5669673622047244
21
-4.3357717322834644
0
LINE
8
BLACK
6
CONTINUOUS
10
3.5669673622047244
20
-4.3357717322834644
11
3.5676978346456694
21
-4.3394441338582679
0
LINE
8
BLACK
6
CONTINUOUS
10
3.5676978346456694
20
-4.3394441338582679
11
3.5676978346456694
21
-4.3753693307086614
0
LINE
8
BLACK
6
CONTINUOUS
10
3.5676978346456694
20
-4.3753693307086614
11
3.5669673622047244
21
-4.3790417322834641
0
LINE
8
BLACK
6
CONTINUOUS
10
3.5669673622047244
20
-4.3790417322834641
11
3.5648870866141733
21
-4.3821550393700788
0
LINE
8
BLACK
6
CONTINUOUS
10
3.5648870866141733
20
-4.3821550393700788
11
3.561773779527559
21
-4.3842353149606295
0
LINE
8
BLACK
6
CONTINUOUS
10
3.561773779527559
20
-4.3842353149606295
11
3.5581013779527559
21
-4.3849657874015744
0
LINE
8
BLACK
6
CONTINUOUS
10
3.5581013779527559
20
-4.3849657874015744
11
3.5389084645669291
21
-4.3849657874015744
0
LINE
8
BLACK
6
CONTINUOUS
10
3.5389084645669291
20
-4.3849657874015744
11
3.535236062992126
21
-4.3842353149606295
0
LINE
8
BLACK
6
CONTINUOUS
10
3.535236062992126
20
-4.3842353149606295
11
3.5321227559055117
21
-4.3821550393700788
0
LINE
8
BLACK
6
CONTINUOUS
10
3.5321227559055117
20
-4.3821550393700788
11
3.5300424803149606
21
-4.3790417322834641
0
LINE
8
BLACK
6
CONTINUOUS
10
3.5300424803149606
20
-4.3790417322834641
11
3.5293120078740157
21
-4.3753693307086614
0
LINE
8
BLACK
6
CONTINUOUS
10
3.5293120078740157
20
-4.3753693307086614
11
3.5293120078740157
21
-4.3394441338582679
0
LINE
8
BLACK
6
CONTINUOUS
10
3.5293120078740157
20
-4.3394441338582679
11
3.5300424803149606
21
-4.3357717322834644
0
LINE
8
BLACK
6
CONTINUOUS
10
3.5300424803149606
20
-4.3357717322834644
11
3.5321227559055117
21
-4.3326584251968505
0
LINE
8
BLACK
6
CONTINUOUS
10
3.5321227559055117
20
-4.3326584251968505
11
3.535236062992126
21
-4.3305781496062989
0
LINE
8
BLACK
6
CONTINUOUS
10
3.535236062992126
20
-4.3305781496062989
11
3.5389084645669291
21
-4.329847677165354
0
LINE
8
BLACK
6
CONTINUOUS
10
3.5389084645669291
20
-4.329847677165354
11
3.5581013779527559
21
-4.329847677165354
0
LINE
8
BLACK
6
CONTINUOUS
10
3.5581013779527559
20
-4.329847677165354
11
3.561773779527559
21
-4.3305781496062989
0
LINE
8
BLACK
6
CONTINUOUS
10
2.7681174015748029
20
-4.3799212598425195
11
2.7129992913385825
21
-4.3799212598425195
0
LINE
8
BLACK
6
CONTINUOUS
10
2.7129992913385825
20
-4.3799212598425195
11
2.7129992913385825
21
-4.340551181102362
0
LINE
8
BLACK
6
CONTINUOUS
10
2.7129992913385825
20
-4.340551181102362
11
2.7681174015748029
21
-4.340551181102362
0
LINE
8
BLACK
6
CONTINUOUS
10
2.7681174015748029
20
-4.340551181102362
11
2.7681174015748029
21
-4.3799212598425195
0
LINE
8
BLACK
6
CONTINUOUS
10
2.4226449606299214
20
-4.3769685039370074
11
2.3655583464566927
21
-4.3769685039370074
0
LINE
8
BLACK
6
CONTINUOUS
10
2.3655583464566927
20
-4.3769685039370074
11
2.3655583464566927
21
-4.3671259842519685
0
LINE
8
BLACK
6
CONTINUOUS
10
2.3655583464566927
20
-4.3671259842519685
11
2.4226449606299214
21
-4.3671259842519685
0
LINE
8
BLACK
6
CONTINUOUS
10
2.4226449606299214
20
-4.3671259842519685
11
2.4226449606299214
21
-4.3769685039370074
0
LINE
8
BLACK
6
CONTINUOUS
10
2.8547315748031497
20
-4.3767716535433072
11
2.7996134645669293
21
-4.3767716535433072
0
LINE
8
BLACK
6
CONTINUOUS
10
2.7996134645669293
20
-4.3767716535433072
11
2.7996134645669293
21
-4.3295275590551183
0
LINE
8
BLACK
6
CONTINUOUS
10
2.7996134645669293
20
-4.3295275590551183
11
2.8547315748031497
21
-4.3295275590551183
0
LINE
8
BLACK
6
CONTINUOUS
10
2.8547315748031497
20
-4.3295275590551183
11
2.8547315748031497
21
-4.3767716535433072
0
LINE
8
BLACK
6
CONTINUOUS
10
3.7117820472440943
20
-4.3583811811023621
11
3.7139108661417324
21
-4.3592629921259842
0
LINE
8
BLACK
6
CONTINUOUS
10
3.7139108661417324
20
-4.3592629921259842
11
3.7155401574803149
21
-4.3608922834645671
0
LINE
8
BLACK
6
CONTINUOUS
10
3.7155401574803149
20
-4.3608922834645671
11
3.716421968503937
21
-4.3630211023622048
0
LINE
8
BLACK
6
CONTINUOUS
10
3.716421968503937
20
-4.3630211023622048
11
3.716421968503937
21
-4.3653253543307082
0
LINE
8
BLACK
6
CONTINUOUS
10
3.716421968503937
20
-4.3653253543307082
11
3.7155401574803149
21
-4.3674541732283467
0
LINE
8
BLACK
6
CONTINUOUS
10
3.7155401574803149
20
-4.3674541732283467
11
3.7139108661417324
21
-4.3690834645669288
0
LINE
8
BLACK
6
CONTINUOUS
10
3.7139108661417324
20
-4.3690834645669288
11
3.7117820472440943
21
-4.3699652755905509
0
LINE
8
BLACK
6
CONTINUOUS
10
3.7117820472440943
20
-4.3699652755905509
11
3.7106299212598426
21
-4.3700787401574805
0
LINE
8
BLACK
6
CONTINUOUS
10
3.7106299212598426
20
-4.3700787401574805
11
3.6929133858267718
21
-4.3700787401574805
0
LINE
8
BLACK
6
CONTINUOUS
10
3.6929133858267718
20
-4.3700787401574805
11
3.6917612598425196
21
-4.3699652755905509
0
LINE
8
BLACK
6
CONTINUOUS
10
3.6917612598425196
20
-4.3699652755905509
11
3.689632440944882
21
-4.3690834645669288
0
LINE
8
BLACK
6
CONTINUOUS
10
3.689632440944882
20
-4.3690834645669288
11
3.688003149606299
21
-4.3674541732283467
0
LINE
8
BLACK
6
CONTINUOUS
10
3.688003149606299
20
-4.3674541732283467
11
3.6871213385826769
21
-4.3653253543307082
0
LINE
8
BLACK
6
CONTINUOUS
10
3.6871213385826769
20
-4.3653253543307082
11
3.6871213385826769
21
-4.3630211023622048
0
LINE
8
BLACK
6
CONTINUOUS
10
3.6871213385826769
20
-4.3630211023622048
11
3.688003149606299
21
-4.3608922834645671
0
LINE
8
BLACK
6
CONTINUOUS
10
3.688003149606299
20
-4.3608922834645671
11
3.689632440944882
21
-4.3592629921259842
0
LINE
8
BLACK
6
CONTINUOUS
10
3.689632440944882
20
-4.3592629921259842
11
3.6917612598425196
21
-4.3583811811023621
0
LINE
8
BLACK
6
CONTINUOUS
10
3.6917612598425196
20
-4.3583811811023621
11
3.6929133858267718
21
-4.3582677165354333
0
LINE
8
BLACK
6
CONTINUOUS
10
3.6929133858267718
20
-4.3582677165354333
11
3.7106299212598426
21
-4.3582677165354333
0
LINE
8
BLACK
6
CONTINUOUS
10
3.7106299212598426
20
-4.3582677165354333
11
3.7117820472440943
21
-4.3583811811023621
0
LINE
8
BLACK
6
CONTINUOUS
10
3.8279237795275591
20
-4.3583811811023621
11
3.8300525984251967
21
-4.3592629921259842
0
LINE
8
BLACK
6
CONTINUOUS
10
3.8300525984251967
20
-4.3592629921259842
11
3.8316818897637797
21
-4.3608922834645671
0
LINE
8
BLACK
6
CONTINUOUS
10
3.8316818897637797
20
-4.3608922834645671
11
3.8325637007874014
21
-4.3630211023622048
0
LINE
8
BLACK
6
CONTINUOUS
10
3.8325637007874014
20
-4.3630211023622048
11
3.8325637007874014
21
-4.3653253543307082
0
LINE
8
BLACK
6
CONTINUOUS
10
3.8325637007874014
20
-4.3653253543307082
11
3.8316818897637797
21
-4.3674541732283467
0
LINE
8
BLACK
6
CONTINUOUS
10
3.8316818897637797
20
-4.3674541732283467
11
3.8300525984251967
21
-4.3690834645669288
0
LINE
8
BLACK
6
CONTINUOUS
10
3.8300525984251967
20
-4.3690834645669288
11
3.8279237795275591
21
-4.3699652755905509
0
LINE
8
BLACK
6
CONTINUOUS
10
3.8279237795275591
20
-4.3699652755905509
11
3.826771653543307
21
-4.3700787401574805
0
LINE
8
BLACK
6
CONTINUOUS
10
3.826771653543307
20
-4.3700787401574805
11
3.8090551181102361
21
-4.3700787401574805
0
LINE
8
BLACK
6
CONTINUOUS
10
3.8090551181102361
20
-4.3700787401574805
11
3.8079029921259844
21
-4.3699652755905509
0
LINE
8
BLACK
6
CONTINUOUS
10
3.8079029921259844
20
-4.3699652755905509
11
3.8057741732283463
21
-4.3690834645669288
0
LINE
8
BLACK
6
CONTINUOUS
10
3.8057741732283463
20
-4.3690834645669288
11
3.8041448818897639
21
-4.3674541732283467
0
LINE
8
BLACK
6
CONTINUOUS
10
3.8041448818897639
20
-4.3674541732283467
11
3.8032630708661417
21
-4.3653253543307082
0
LINE
8
BLACK
6
CONTINUOUS
10
3.8032630708661417
20
-4.3653253543307082
11
3.8032630708661417
21
-4.3630211023622048
0
LINE
8
BLACK
6
CONTINUOUS
10
3.8032630708661417
20
-4.3630211023622048
11
3.8041448818897639
21
-4.3608922834645671
0
LINE
8
BLACK
6
CONTINUOUS
10
3.8041448818897639
20
-4.3608922834645671
11
3.8057741732283463
21
-4.3592629921259842
0
LINE
8
BLACK
6
CONTINUOUS
10
3.8057741732283463
20
-4.3592629921259842
11
3.8079029921259844
21
-4.3583811811023621
0
LINE
8
BLACK
6
CONTINUOUS
10
3.8079029921259844
20
-4.3583811811023621
11
3.8090551181102361
21
-4.3582677165354333
0
LINE
8
BLACK
6
CONTINUOUS
10
3.8090551181102361
20
-4.3582677165354333
11
3.826771653543307
21
-4.3582677165354333
0
LINE
8
BLACK
6
CONTINUOUS
10
3.826771653543307
20
-4.3582677165354333
11
3.8279237795275591
21
-4.3583811811023621
0
LINE
8
BLACK
6
CONTINUOUS
10
3.756496062992126
20
-4.3667322834645672
11
3.727755905511811
21
-4.3667322834645672
0
LINE
8
BLACK
6
CONTINUOUS
10
3.727755905511811
20
-4.3667322834645672
11
3.727755905511811
21
-4.3379921259842522
0
LINE
8
BLACK
6
CONTINUOUS
10
3.727755905511811
20
-4.3379921259842522
11
3.756496062992126
21
-4.3379921259842522
0
LINE
8
BLACK
6
CONTINUOUS
10
3.756496062992126
20
-4.3379921259842522
11
3.756496062992126
21
-4.3667322834645672
0
LINE
8
BLACK
6
CONTINUOUS
10
3.7919291338582677
20
-4.3667322834645672
11
3.7631889763779527
21
-4.3667322834645672
0
LINE
8
BLACK
6
CONTINUOUS
10
3.7631889763779527
20
-4.3667322834645672
11
3.7631889763779527
21
-4.3379921259842522
0
LINE
8
BLACK
6
CONTINUOUS
10
3.7631889763779527
20
-4.3379921259842522
11
3.7919291338582677
21
-4.3379921259842522
0
LINE
8
BLACK
6
CONTINUOUS
10
3.7919291338582677
20
-4.3379921259842522
11
3.7919291338582677
21
-4.3667322834645672
0
LINE
8
BLACK
6
CONTINUOUS
10
2.4226449606299214
20
-4.3572834645669287
11
2.3655583464566927
21
-4.3572834645669287
0
LINE
8
BLACK
6
CONTINUOUS
10
2.3655583464566927
20
-4.3572834645669287
11
2.3655583464566927
21
-4.3474409448818898
0
LINE
8
BLACK
6
CONTINUOUS
10
2.3655583464566927
20
-4.3474409448818898
11
2.4226449606299214
21
-4.3474409448818898
0
LINE
8
BLACK
6
CONTINUOUS
10
2.4226449606299214
20
-4.3474409448818898
11
2.4226449606299214
21
-4.3572834645669287
0
LINE
8
BLACK
6
CONTINUOUS
10
3.7117820472440943
20
-4.3386961417322834
11
3.7139108661417324
21
-4.3395779527559055
0
LINE
8
BLACK
6
CONTINUOUS
10
3.7139108661417324
20
-4.3395779527559055
11
3.7155401574803149
21
-4.3412072440944884
0
LINE
8
BLACK
6
CONTINUOUS
10
3.7155401574803149
20
-4.3412072440944884
11
3.716421968503937
21
-4.343336062992126
0
LINE
8
BLACK
6
CONTINUOUS
10
3.716421968503937
20
-4.343336062992126
11
3.716421968503937
21
-4.3456403149606295
0
LINE
8
BLACK
6
CONTINUOUS
10
3.716421968503937
20
-4.3456403149606295
11
3.7155401574803149
21
-4.347769133858268
0
LINE
8
BLACK
6
CONTINUOUS
10
3.7155401574803149
20
-4.347769133858268
11
3.7139108661417324
21
-4.34939842519685
0
LINE
8
BLACK
6
CONTINUOUS
10
3.7139108661417324
20
-4.34939842519685
11
3.7117820472440943
21
-4.3502802362204722
0
LINE
8
BLACK
6
CONTINUOUS
10
3.7117820472440943
20
-4.3502802362204722
11
3.7106299212598426
21
-4.3503937007874018
0
LINE
8
BLACK
6
CONTINUOUS
10
3.7106299212598426
20
-4.3503937007874018
11
3.6929133858267718
21
-4.3503937007874018
0
LINE
8
BLACK
6
CONTINUOUS
10
3.6929133858267718
20
-4.3503937007874018
11
3.6917612598425196
21
-4.3502802362204722
0
LINE
8
BLACK
6
CONTINUOUS
10
3.6917612598425196
20
-4.3502802362204722
11
3.689632440944882
21
-4.34939842519685
0
LINE
8
BLACK
6
CONTINUOUS
10
3.689632440944882
20
-4.34939842519685
11
3.688003149606299
21
-4.347769133858268
0
LINE
8
BLACK
6
CONTINUOUS
10
3.688003149606299
20
-4.347769133858268
11
3.6871213385826769
21
-4.3456403149606295
0
LINE
8
BLACK
6
CONTINUOUS
10
3.6871213385826769
20
-4.3456403149606295
11
3.6871213385826769
21
-4.343336062992126
0
LINE
8
BLACK
6
CONTINUOUS
10
3.6871213385826769
20
-4.343336062992126
11
3.688003149606299
21
-4.3412072440944884
0
LINE
8
BLACK
6
CONTINUOUS
10
3.688003149606299
20
-4.3412072440944884
11
3.689632440944882
21
-4.3395779527559055
0
LINE
8
BLACK
6
CONTINUOUS
10
3.689632440944882
20
-4.3395779527559055
11
3.6917612598425196
21
-4.3386961417322834
0
LINE
8
BLACK
6
CONTINUOUS
10
3.6917612598425196
20
-4.3386961417322834
11
3.6929133858267718
21
-4.3385826771653546
0
LINE
8
BLACK
6
CONTINUOUS
10
3.6929133858267718
20
-4.3385826771653546
11
3.7106299212598426
21
-4.3385826771653546
0
LINE
8
BLACK
6
CONTINUOUS
10
3.7106299212598426
20
-4.3385826771653546
11
3.7117820472440943
21
-4.3386961417322834
0
LINE
8
BLACK
6
CONTINUOUS
10
3.8279237795275591
20
-4.3386961417322834
11
3.8300525984251967
21
-4.3395779527559055
0
LINE
8
BLACK
6
CONTINUOUS
10
3.8300525984251967
20
-4.3395779527559055
11
3.8316818897637797
21
-4.3412072440944884
0
LINE
8
BLACK
6
CONTINUOUS
10
3.8316818897637797
20
-4.3412072440944884
11
3.8325637007874014
21
-4.343336062992126
0
LINE
8
BLACK
6
CONTINUOUS
10
3.8325637007874014
20
-4.343336062992126
11
3.8325637007874014
21
-4.3456403149606295
0
LINE
8
BLACK
6
CONTINUOUS
10
3.8325637007874014
20
-4.3456403149606295
11
3.8316818897637797
21
-4.347769133858268
0
LINE
8
BLACK
6
CONTINUOUS
10
3.8316818897637797
20
-4.347769133858268
11
3.8300525984251967
21
-4.34939842519685
0
LINE
8
BLACK
6
CONTINUOUS
10
3.8300525984251967
20
-4.34939842519685
11
3.8279237795275591
21
-4.3502802362204722
0
LINE
8
BLACK
6
CONTINUOUS
10
3.8279237795275591
20
-4.3502802362204722
11
3.826771653543307
21
-4.3503937007874018
0
LINE
8
BLACK
6
CONTINUOUS
10
3.826771653543307
20
-4.3503937007874018
11
3.8090551181102361
21
-4.3503937007874018
0
LINE
8
BLACK
6
CONTINUOUS
10
3.8090551181102361
20
-4.3503937007874018
11
3.8079029921259844
21
-4.3502802362204722
0
LINE
8
BLACK
6
CONTINUOUS
10
3.8079029921259844
20
-4.3502802362204722
11
3.8057741732283463
21
-4.34939842519685
0
LINE
8
BLACK
6
CONTINUOUS
10
3.8057741732283463
20
-4.34939842519685
11
3.8041448818897639
21
-4.347769133858268
0
LINE
8
BLACK
6
CONTINUOUS
10
3.8041448818897639
20
-4.347769133858268
11
3.8032630708661417
21
-4.3456403149606295
0
LINE
8
BLACK
6
CONTINUOUS
10
3.8032630708661417
20
-4.3456403149606295
11
3.8032630708661417
21
-4.343336062992126
0
LINE
8
BLACK
6
CONTINUOUS
10
3.8032630708661417
20
-4.343336062992126
11
3.8041448818897639
21
-4.3412072440944884
0
LINE
8
BLACK
6
CONTINUOUS
10
3.8041448818897639
20
-4.3412072440944884
11
3.8057741732283463
21
-4.3395779527559055
0
LINE
8
BLACK
6
CONTINUOUS
10
3.8057741732283463
20
-4.3395779527559055
11
3.8079029921259844
21
-4.3386961417322834
0
LINE
8
BLACK
6
CONTINUOUS
10
3.8079029921259844
20
-4.3386961417322834
11
3.8090551181102361
21
-4.3385826771653546
0
LINE
8
BLACK
6
CONTINUOUS
10
3.8090551181102361
20
-4.3385826771653546
11
3.826771653543307
21
-4.3385826771653546
0
LINE
8
BLACK
6
CONTINUOUS
10
3.826771653543307
20
-4.3385826771653546
11
3.8279237795275591
21
-4.3386961417322834
0
LINE
8
BLACK
6
CONTINUOUS
10
2.4226449606299214
20
-4.33759842519685
11
2.3655583464566927
21
-4.33759842519685
0
LINE
8
BLACK
6
CONTINUOUS
10
2.3655583464566927
20
-4.33759842519685
11
2.3655583464566927
21
-4.3277559055118111
0
LINE
8
BLACK
6
CONTINUOUS
10
2.3655583464566927
20
-4.3277559055118111
11
2.4226449606299214
21
-4.3277559055118111
0
LINE
8
BLACK
6
CONTINUOUS
10
2.4226449606299214
20
-4.3277559055118111
11
2.4226449606299214
21
-4.33759842519685
0
LINE
8
BLACK
6
CONTINUOUS
10
3.756496062992126
20
-4.3312992125984255
11
3.727755905511811
21
-4.3312992125984255
0
LINE
8
BLACK
6
CONTINUOUS
10
3.727755905511811
20
-4.3312992125984255
11
3.727755905511811
21
-4.3025590551181105
0
LINE
8
BLACK
6
CONTINUOUS
10
3.727755905511811
20
-4.3025590551181105
11
3.756496062992126
21
-4.3025590551181105
0
LINE
8
BLACK
6
CONTINUOUS
10
3.756496062992126
20
-4.3025590551181105
11
3.756496062992126
21
-4.3312992125984255
0
LINE
8
BLACK
6
CONTINUOUS
10
3.7919291338582677
20
-4.3312992125984255
11
3.7631889763779527
21
-4.3312992125984255
0
LINE
8
BLACK
6
CONTINUOUS
10
3.7631889763779527
20
-4.3312992125984255
11
3.7631889763779527
21
-4.3025590551181105
0
LINE
8
BLACK
6
CONTINUOUS
10
3.7631889763779527
20
-4.3025590551181105
11
3.7919291338582677
21
-4.3025590551181105
0
LINE
8
BLACK
6
CONTINUOUS
10
3.7919291338582677
20
-4.3025590551181105
11
3.7919291338582677
21
-4.3312992125984255
0
LINE
8
BLACK
6
CONTINUOUS
10
3.7117820472440943
20
-4.3190111023622046
11
3.7139108661417324
21
-4.3198929133858268
0
LINE
8
BLACK
6
CONTINUOUS
10
3.7139108661417324
20
-4.3198929133858268
11
3.7155401574803149
21
-4.3215222047244097
0
LINE
8
BLACK
6
CONTINUOUS
10
3.7155401574803149
20
-4.3215222047244097
11
3.716421968503937
21
-4.3236510236220473
0
LINE
8
BLACK
6
CONTINUOUS
10
3.716421968503937
20
-4.3236510236220473
11
3.716421968503937
21
-4.3259552755905508
0
LINE
8
BLACK
6
CONTINUOUS
10
3.716421968503937
20
-4.3259552755905508
11
3.7155401574803149
21
-4.3280840944881893
0
LINE
8
BLACK
6
CONTINUOUS
10
3.7155401574803149
20
-4.3280840944881893
11
3.7139108661417324
21
-4.3297133858267713
0
LINE
8
BLACK
6
CONTINUOUS
10
3.7139108661417324
20
-4.3297133858267713
11
3.7117820472440943
21
-4.3305951968503935
0
LINE
8
BLACK
6
CONTINUOUS
10
3.7117820472440943
20
-4.3305951968503935
11
3.7106299212598426
21
-4.3307086614173231
0
LINE
8
BLACK
6
CONTINUOUS
10
3.7106299212598426
20
-4.3307086614173231
11
3.6929133858267718
21
-4.3307086614173231
0
LINE
8
BLACK
6
CONTINUOUS
10
3.6929133858267718
20
-4.3307086614173231
11
3.6917612598425196
21
-4.3305951968503935
0
LINE
8
BLACK
6
CONTINUOUS
10
3.6917612598425196
20
-4.3305951968503935
11
3.689632440944882
21
-4.3297133858267713
0
LINE
8
BLACK
6
CONTINUOUS
10
3.689632440944882
20
-4.3297133858267713
11
3.688003149606299
21
-4.3280840944881893
0
LINE
8
BLACK
6
CONTINUOUS
10
3.688003149606299
20
-4.3280840944881893
11
3.6871213385826769
21
-4.3259552755905508
0
LINE
8
BLACK
6
CONTINUOUS
10
3.6871213385826769
20
-4.3259552755905508
11
3.6871213385826769
21
-4.3236510236220473
0
LINE
8
BLACK
6
CONTINUOUS
10
3.6871213385826769
20
-4.3236510236220473
11
3.688003149606299
21
-4.3215222047244097
0
LINE
8
BLACK
6
CONTINUOUS
10
3.688003149606299
20
-4.3215222047244097
11
3.689632440944882
21
-4.3198929133858268
0
LINE
8
BLACK
6
CONTINUOUS
10
3.689632440944882
20
-4.3198929133858268
11
3.6917612598425196
21
-4.3190111023622046
0
LINE
8
BLACK
6
CONTINUOUS
10
3.6917612598425196
20
-4.3190111023622046
11
3.6929133858267718
21
-4.3188976377952759
0
LINE
8
BLACK
6
CONTINUOUS
10
3.6929133858267718
20
-4.3188976377952759
11
3.7106299212598426
21
-4.3188976377952759
0
LINE
8
BLACK
6
CONTINUOUS
10
3.7106299212598426
20
-4.3188976377952759
11
3.7117820472440943
21
-4.3190111023622046
0
LINE
8
BLACK
6
CONTINUOUS
10
3.8279237795275591
20
-4.3190111023622046
11
3.8300525984251967
21
-4.3198929133858268
0
LINE
8
BLACK
6
CONTINUOUS
10
3.8300525984251967
20
-4.3198929133858268
11
3.8316818897637797
21
-4.3215222047244097
0
LINE
8
BLACK
6
CONTINUOUS
10
3.8316818897637797
20
-4.3215222047244097
11
3.8325637007874014
21
-4.3236510236220473
0
LINE
8
BLACK
6
CONTINUOUS
10
3.8325637007874014
20
-4.3236510236220473
11
3.8325637007874014
21
-4.3259552755905508
0
LINE
8
BLACK
6
CONTINUOUS
10
3.8325637007874014
20
-4.3259552755905508
11
3.8316818897637797
21
-4.3280840944881893
0
LINE
8
BLACK
6
CONTINUOUS
10
3.8316818897637797
20
-4.3280840944881893
11
3.8300525984251967
21
-4.3297133858267713
0
LINE
8
BLACK
6
CONTINUOUS
10
3.8300525984251967
20
-4.3297133858267713
11
3.8279237795275591
21
-4.3305951968503935
0
LINE
8
BLACK
6
CONTINUOUS
10
3.8279237795275591
20
-4.3305951968503935
11
3.826771653543307
21
-4.3307086614173231
0
LINE
8
BLACK
6
CONTINUOUS
10
3.826771653543307
20
-4.3307086614173231
11
3.8090551181102361
21
-4.3307086614173231
0
LINE
8
BLACK
6
CONTINUOUS
10
3.8090551181102361
20
-4.3307086614173231
11
3.8079029921259844
21
-4.3305951968503935
0
LINE
8
BLACK
6
CONTINUOUS
10
3.8079029921259844
20
-4.3305951968503935
11
3.8057741732283463
21
-4.3297133858267713
0
LINE
8
BLACK
6
CONTINUOUS
10
3.8057741732283463
20
-4.3297133858267713
11
3.8041448818897639
21
-4.3280840944881893
0
LINE
8
BLACK
6
CONTINUOUS
10
3.8041448818897639
20
-4.3280840944881893
11
3.8032630708661417
21
-4.3259552755905508
0
LINE
8
BLACK
6
CONTINUOUS
10
3.8032630708661417
20
-4.3259552755905508
11
3.8032630708661417
21
-4.3236510236220473
0
LINE
8
BLACK
6
CONTINUOUS
10
3.8032630708661417
20
-4.3236510236220473
11
3.8041448818897639
21
-4.3215222047244097
0
LINE
8
BLACK
6
CONTINUOUS
10
3.8041448818897639
20
-4.3215222047244097
11
3.8057741732283463
21
-4.3198929133858268
0
LINE
8
BLACK
6
CONTINUOUS
10
3.8057741732283463
20
-4.3198929133858268
11
3.8079029921259844
21
-4.3190111023622046
0
LINE
8
BLACK
6
CONTINUOUS
10
3.8079029921259844
20
-4.3190111023622046
11
3.8090551181102361
21
-4.3188976377952759
0
LINE
8
BLACK
6
CONTINUOUS
10
3.8090551181102361
20
-4.3188976377952759
11
3.826771653543307
21
-4.3188976377952759
0
LINE
8
BLACK
6
CONTINUOUS
10
3.826771653543307
20
-4.3188976377952759
11
3.8279237795275591
21
-4.3190111023622046
0
LINE
8
BLACK
6
CONTINUOUS
10
2.4226449606299214
20
-4.3179133858267713
11
2.3655583464566927
21
-4.3179133858267713
0
LINE
8
BLACK
6
CONTINUOUS
10
2.3655583464566927
20
-4.3179133858267713
11
2.3655583464566927
21
-4.3080708661417324
0
LINE
8
BLACK
6
CONTINUOUS
10
2.3655583464566927
20
-4.3080708661417324
11
2.4226449606299214
21
-4.3080708661417324
0
LINE
8
BLACK
6
CONTINUOUS
10
2.4226449606299214
20
-4.3080708661417324
11
2.4226449606299214
21
-4.3179133858267713
0
LINE
8
BLACK
6
CONTINUOUS
10
3.7117820472440943
20
-4.2993260629921259
11
3.7139108661417324
21
-4.3002078740157481
0
LINE
8
BLACK
6
CONTINUOUS
10
3.7139108661417324
20
-4.3002078740157481
11
3.7155401574803149
21
-4.301837165354331
0
LINE
8
BLACK
6
CONTINUOUS
10
3.7155401574803149
20
-4.301837165354331
11
3.716421968503937
21
-4.3039659842519686
0
LINE
8
BLACK
6
CONTINUOUS
10
3.716421968503937
20
-4.3039659842519686
11
3.716421968503937
21
-4.3062702362204721
0
LINE
8
BLACK
6
CONTINUOUS
10
3.716421968503937
20
-4.3062702362204721
11
3.7155401574803149
21
-4.3083990551181097
0
LINE
8
BLACK
6
CONTINUOUS
10
3.7155401574803149
20
-4.3083990551181097
11
3.7139108661417324
21
-4.3100283464566926
0
LINE
8
BLACK
6
CONTINUOUS
10
3.7139108661417324
20
-4.3100283464566926
11
3.7117820472440943
21
-4.3109101574803148
0
LINE
8
BLACK
6
CONTINUOUS
10
3.7117820472440943
20
-4.3109101574803148
11
3.7106299212598426
21
-4.3110236220472444
0
LINE
8
BLACK
6
CONTINUOUS
10
3.7106299212598426
20
-4.3110236220472444
11
3.6929133858267718
21
-4.3110236220472444
0
LINE
8
BLACK
6
CONTINUOUS
10
3.6929133858267718
20
-4.3110236220472444
11
3.6917612598425196
21
-4.3109101574803148
0
LINE
8
BLACK
6
CONTINUOUS
10
3.6917612598425196
20
-4.3109101574803148
11
3.689632440944882
21
-4.3100283464566926
0
LINE
8
BLACK
6
CONTINUOUS
10
3.689632440944882
20
-4.3100283464566926
11
3.688003149606299
21
-4.3083990551181097
0
LINE
8
BLACK
6
CONTINUOUS
10
3.688003149606299
20
-4.3083990551181097
11
3.6871213385826769
21
-4.3062702362204721
0
LINE
8
BLACK
6
CONTINUOUS
10
3.6871213385826769
20
-4.3062702362204721
11
3.6871213385826769
21
-4.3039659842519686
0
LINE
8
BLACK
6
CONTINUOUS
10
3.6871213385826769
20
-4.3039659842519686
11
3.688003149606299
21
-4.301837165354331
0
LINE
8
BLACK
6
CONTINUOUS
10
3.688003149606299
20
-4.301837165354331
11
3.689632440944882
21
-4.3002078740157481
0
LINE
8
BLACK
6
CONTINUOUS
10
3.689632440944882
20
-4.3002078740157481
11
3.6917612598425196
21
-4.2993260629921259
0
LINE
8
BLACK
6
CONTINUOUS
10
3.6917612598425196
20
-4.2993260629921259
11
3.6929133858267718
21
-4.2992125984251963
0
LINE
8
BLACK
6
CONTINUOUS
10
3.6929133858267718
20
-4.2992125984251963
11
3.7106299212598426
21
-4.2992125984251963
0
LINE
8
BLACK
6
CONTINUOUS
10
3.7106299212598426
20
-4.2992125984251963
11
3.7117820472440943
21
-4.2993260629921259
0
LINE
8
BLACK
6
CONTINUOUS
10
3.8279237795275591
20
-4.2993260629921259
11
3.8300525984251967
21
-4.3002078740157481
0
LINE
8
BLACK
6
CONTINUOUS
10
3.8300525984251967
20
-4.3002078740157481
11
3.8316818897637797
21
-4.301837165354331
0
LINE
8
BLACK
6
CONTINUOUS
10
3.8316818897637797
20
-4.301837165354331
11
3.8325637007874014
21
-4.3039659842519686
0
LINE
8
BLACK
6
CONTINUOUS
10
3.8325637007874014
20
-4.3039659842519686
11
3.8325637007874014
21
-4.3062702362204721
0
LINE
8
BLACK
6
CONTINUOUS
10
3.8325637007874014
20
-4.3062702362204721
11
3.8316818897637797
21
-4.3083990551181097
0
LINE
8
BLACK
6
CONTINUOUS
10
3.8316818897637797
20
-4.3083990551181097
11
3.8300525984251967
21
-4.3100283464566926
0
LINE
8
BLACK
6
CONTINUOUS
10
3.8300525984251967
20
-4.3100283464566926
11
3.8279237795275591
21
-4.3109101574803148
0
LINE
8
BLACK
6
CONTINUOUS
10
3.8279237795275591
20
-4.3109101574803148
11
3.826771653543307
21
-4.3110236220472444
0
LINE
8
BLACK
6
CONTINUOUS
10
3.826771653543307
20
-4.3110236220472444
11
3.8090551181102361
21
-4.3110236220472444
0
LINE
8
BLACK
6
CONTINUOUS
10
3.8090551181102361
20
-4.3110236220472444
11
3.8079029921259844
21
-4.3109101574803148
0
LINE
8
BLACK
6
CONTINUOUS
10
3.8079029921259844
20
-4.3109101574803148
11
3.8057741732283463
21
-4.3100283464566926
0
LINE
8
BLACK
6
CONTINUOUS
10
3.8057741732283463
20
-4.3100283464566926
11
3.8041448818897639
21
-4.3083990551181097
0
LINE
8
BLACK
6
CONTINUOUS
10
3.8041448818897639
20
-4.3083990551181097
11
3.8032630708661417
21
-4.3062702362204721
0
LINE
8
BLACK
6
CONTINUOUS
10
3.8032630708661417
20
-4.3062702362204721
11
3.8032630708661417
21
-4.3039659842519686
0
LINE
8
BLACK
6
CONTINUOUS
10
3.8032630708661417
20
-4.3039659842519686
11
3.8041448818897639
21
-4.301837165354331
0
LINE
8
BLACK
6
CONTINUOUS
10
3.8041448818897639
20
-4.301837165354331
11
3.8057741732283463
21
-4.3002078740157481
0
LINE
8
BLACK
6
CONTINUOUS
10
3.8057741732283463
20
-4.3002078740157481
11
3.8079029921259844
21
-4.2993260629921259
0
LINE
8
BLACK
6
CONTINUOUS
10
3.8079029921259844
20
-4.2993260629921259
11
3.8090551181102361
21
-4.2992125984251963
0
LINE
8
BLACK
6
CONTINUOUS
10
3.8090551181102361
20
-4.2992125984251963
11
3.826771653543307
21
-4.2992125984251963
0
LINE
8
BLACK
6
CONTINUOUS
10
3.826771653543307
20
-4.2992125984251963
11
3.8279237795275591
21
-4.2993260629921259
0
LINE
8
BLACK
6
CONTINUOUS
10
2.7681174015748029
20
-4.3051181102362204
11
2.7129992913385825
21
-4.3051181102362204
0
LINE
8
BLACK
6
CONTINUOUS
10
2.7129992913385825
20
-4.3051181102362204
11
2.7129992913385825
21
-4.265748031496063
0
LINE
8
BLACK
6
CONTINUOUS
10
2.7129992913385825
20
-4.265748031496063
11
2.7681174015748029
21
-4.265748031496063
0
LINE
8
BLACK
6
CONTINUOUS
10
2.7681174015748029
20
-4.265748031496063
11
2.7681174015748029
21
-4.3051181102362204
0
LINE
8
BLACK
6
CONTINUOUS
10
2.8547315748031497
20
-4.3051181102362204
11
2.7996134645669293
21
-4.3051181102362204
0
LINE
8
BLACK
6
CONTINUOUS
10
2.7996134645669293
20
-4.3051181102362204
11
2.7996134645669293
21
-4.265748031496063
0
LINE
8
BLACK
6
CONTINUOUS
10
2.7996134645669293
20
-4.265748031496063
11
2.8547315748031497
21
-4.265748031496063
0
LINE
8
BLACK
6
CONTINUOUS
10
2.8547315748031497
20
-4.265748031496063
11
2.8547315748031497
21
-4.3051181102362204
0
LINE
8
BLACK
6
CONTINUOUS
10
3.4848290157480313
20
-4.2678818110236216
11
3.4876230314960628
21
-4.2697487007874013
0
LINE
8
BLACK
6
CONTINUOUS
10
3.4876230314960628
20
-4.2697487007874013
11
3.4894899212598425
21
-4.2725427165354333
0
LINE
8
BLACK
6
CONTINUOUS
10
3.4894899212598425
20
-4.2725427165354333
11
3.4901454724409446
21
-4.2758384645669292
0
LINE
8
BLACK
6
CONTINUOUS
10
3.4901454724409446
20
-4.2758384645669292
11
3.4901454724409446
21
-4.2960156299212597
0
LINE
8
BLACK
6
CONTINUOUS
10
3.4901454724409446
20
-4.2960156299212597
11
3.4894899212598425
21
-4.2993113779527556
0
LINE
8
BLACK
6
CONTINUOUS
10
3.4894899212598425
20
-4.2993113779527556
11
3.4876230314960628
21
-4.3021053937007876
0
LINE
8
BLACK
6
CONTINUOUS
10
3.4876230314960628
20
-4.3021053937007876
11
3.4848290157480313
21
-4.3039722834645664
0
LINE
8
BLACK
6
CONTINUOUS
10
3.4848290157480313
20
-4.3039722834645664
11
3.4815332677165354
21
-4.304627834645669
0
LINE
8
BLACK
6
CONTINUOUS
10
3.4815332677165354
20
-4.304627834645669
11
3.4643088582677164
21
-4.304627834645669
0
LINE
8
BLACK
6
CONTINUOUS
10
3.4643088582677164
20
-4.304627834645669
11
3.4610131102362205
21
-4.3039722834645664
0
LINE
8
BLACK
6
CONTINUOUS
10
3.4610131102362205
20
-4.3039722834645664
11
3.458219094488189
21
-4.3021053937007876
0
LINE
8
BLACK
6
CONTINUOUS
10
3.458219094488189
20
-4.3021053937007876
11
3.4563522047244093
21
-4.2993113779527556
0
LINE
8
BLACK
6
CONTINUOUS
10
3.4563522047244093
20
-4.2993113779527556
11
3.4556966535433071
21
-4.2960156299212597
0
LINE
8
BLACK
6
CONTINUOUS
10
3.4556966535433071
20
-4.2960156299212597
11
3.4556966535433071
21
-4.2758384645669292
0
LINE
8
BLACK
6
CONTINUOUS
10
3.4556966535433071
20
-4.2758384645669292
11
3.4563522047244093
21
-4.2725427165354333
0
LINE
8
BLACK
6
CONTINUOUS
10
3.4563522047244093
20
-4.2725427165354333
11
3.458219094488189
21
-4.2697487007874013
0
LINE
8
BLACK
6
CONTINUOUS
10
3.458219094488189
20
-4.2697487007874013
11
3.4610131102362205
21
-4.2678818110236216
0
LINE
8
BLACK
6
CONTINUOUS
10
3.4610131102362205
20
-4.2678818110236216
11
3.4643088582677164
21
-4.2672262598425199
0
LINE
8
BLACK
6
CONTINUOUS
10
3.4643088582677164
20
-4.2672262598425199
11
3.4815332677165354
21
-4.2672262598425199
0
LINE
8
BLACK
6
CONTINUOUS
10
3.4815332677165354
20
-4.2672262598425199
11
3.4848290157480313
21
-4.2678818110236216
0
LINE
8
BLACK
6
CONTINUOUS
10
3.5468368897637794
20
-4.2678818110236216
11
3.5496309055118109
21
-4.2697487007874013
0
LINE
8
BLACK
6
CONTINUOUS
10
3.5496309055118109
20
-4.2697487007874013
11
3.5514977952755906
21
-4.2725427165354333
0
LINE
8
BLACK
6
CONTINUOUS
10
3.5514977952755906
20
-4.2725427165354333
11
3.5521533464566928
21
-4.2758384645669292
0
LINE
8
BLACK
6
CONTINUOUS
10
3.5521533464566928
20
-4.2758384645669292
11
3.5521533464566928
21
-4.2960156299212597
0
LINE
8
BLACK
6
CONTINUOUS
10
3.5521533464566928
20
-4.2960156299212597
11
3.5514977952755906
21
-4.2993113779527556
0
LINE
8
BLACK
6
CONTINUOUS
10
3.5514977952755906
20
-4.2993113779527556
11
3.5496309055118109
21
-4.3021053937007876
0
LINE
8
BLACK
6
CONTINUOUS
10
3.5496309055118109
20
-4.3021053937007876
11
3.5468368897637794
21
-4.3039722834645664
0
LINE
8
BLACK
6
CONTINUOUS
10
3.5468368897637794
20
-4.3039722834645664
11
3.5435411417322835
21
-4.304627834645669
0
LINE
8
BLACK
6
CONTINUOUS
10
3.5435411417322835
20
-4.304627834645669
11
3.5263167322834645
21
-4.304627834645669
0
LINE
8
BLACK
6
CONTINUOUS
10
3.5263167322834645
20
-4.304627834645669
11
3.5230209842519686
21
-4.3039722834645664
0
LINE
8
BLACK
6
CONTINUOUS
10
3.5230209842519686
20
-4.3039722834645664
11
3.5202269685039371
21
-4.3021053937007876
0
LINE
8
BLACK
6
CONTINUOUS
10
3.5202269685039371
20
-4.3021053937007876
11
3.5183600787401574
21
-4.2993113779527556
0
LINE
8
BLACK
6
CONTINUOUS
10
3.5183600787401574
20
-4.2993113779527556
11
3.5177045275590548
21
-4.2960156299212597
0
LINE
8
BLACK
6
CONTINUOUS
10
3.5177045275590548
20
-4.2960156299212597
11
3.5177045275590548
21
-4.2758384645669292
0
LINE
8
BLACK
6
CONTINUOUS
10
3.5177045275590548
20
-4.2758384645669292
11
3.5183600787401574
21
-4.2725427165354333
0
LINE
8
BLACK
6
CONTINUOUS
10
3.5183600787401574
20
-4.2725427165354333
11
3.5202269685039371
21
-4.2697487007874013
0
LINE
8
BLACK
6
CONTINUOUS
10
3.5202269685039371
20
-4.2697487007874013
11
3.5230209842519686
21
-4.2678818110236216
0
LINE
8
BLACK
6
CONTINUOUS
10
3.5230209842519686
20
-4.2678818110236216
11
3.5263167322834645
21
-4.2672262598425199
0
LINE
8
BLACK
6
CONTINUOUS
10
3.5263167322834645
20
-4.2672262598425199
11
3.5435411417322835
21
-4.2672262598425199
0
LINE
8
BLACK
6
CONTINUOUS
10
3.5435411417322835
20
-4.2672262598425199
11
3.5468368897637794
21
-4.2678818110236216
0
LINE
8
BLACK
6
CONTINUOUS
10
3.2023607086614172
20
-4.2664035826771656
11
3.2051547244094487
21
-4.2682704724409444
0
LINE
8
BLACK
6
CONTINUOUS
10
3.2051547244094487
20
-4.2682704724409444
11
3.2070216141732284
21
-4.2710644881889763
0
LINE
8
BLACK
6
CONTINUOUS
10
3.2070216141732284
20
-4.2710644881889763
11
3.2076771653543306
21
-4.2743602362204722
0
LINE
8
BLACK
6
CONTINUOUS
10
3.2076771653543306
20
-4.2743602362204722
11
3.2076771653543306
21
-4.2915846456692917
0
LINE
8
BLACK
6
CONTINUOUS
10
3.2076771653543306
20
-4.2915846456692917
11
3.2070216141732284
21
-4.2948803937007876
0
LINE
8
BLACK
6
CONTINUOUS
10
3.2070216141732284
20
-4.2948803937007876
11
3.2051547244094487
21
-4.2976744094488186
0
LINE
8
BLACK
6
CONTINUOUS
10
3.2051547244094487
20
-4.2976744094488186
11
3.2023607086614172
21
-4.2995412992125983
0
LINE
8
BLACK
6
CONTINUOUS
10
3.2023607086614172
20
-4.2995412992125983
11
3.1990649606299213
21
-4.3001968503937009
0
LINE
8
BLACK
6
CONTINUOUS
10
3.1990649606299213
20
-4.3001968503937009
11
3.1788877952755903
21
-4.3001968503937009
0
LINE
8
BLACK
6
CONTINUOUS
10
3.1788877952755903
20
-4.3001968503937009
11
3.1755920472440944
21
-4.2995412992125983
0
LINE
8
BLACK
6
CONTINUOUS
10
3.1755920472440944
20
-4.2995412992125983
11
3.1727980314960629
21
-4.2976744094488186
0
LINE
8
BLACK
6
CONTINUOUS
10
3.1727980314960629
20
-4.2976744094488186
11
3.1709311417322832
21
-4.2948803937007876
0
LINE
8
BLACK
6
CONTINUOUS
10
3.1709311417322832
20
-4.2948803937007876
11
3.170275590551181
21
-4.2915846456692917
0
LINE
8
BLACK
6
CONTINUOUS
10
3.170275590551181
20
-4.2915846456692917
11
3.170275590551181
21
-4.2743602362204722
0
LINE
8
BLACK
6
CONTINUOUS
10
3.170275590551181
20
-4.2743602362204722
11
3.1709311417322832
21
-4.2710644881889763
0
LINE
8
BLACK
6
CONTINUOUS
10
3.1709311417322832
20
-4.2710644881889763
11
3.1727980314960629
21
-4.2682704724409444
0
LINE
8
BLACK
6
CONTINUOUS
10
3.1727980314960629
20
-4.2682704724409444
11
3.1755920472440944
21
-4.2664035826771656
0
LINE
8
BLACK
6
CONTINUOUS
10
3.1755920472440944
20
-4.2664035826771656
11
3.1788877952755903
21
-4.265748031496063
0
LINE
8
BLACK
6
CONTINUOUS
10
3.1788877952755903
20
-4.265748031496063
11
3.1990649606299213
21
-4.265748031496063
0
LINE
8
BLACK
6
CONTINUOUS
10
3.1990649606299213
20
-4.265748031496063
11
3.2023607086614172
21
-4.2664035826771656
0
LINE
8
BLACK
6
CONTINUOUS
10
2.4226449606299214
20
-4.2982283464566926
11
2.3655583464566927
21
-4.2982283464566926
0
LINE
8
BLACK
6
CONTINUOUS
10
2.3655583464566927
20
-4.2982283464566926
11
2.3655583464566927
21
-4.2883858267716537
0
LINE
8
BLACK
6
CONTINUOUS
10
2.3655583464566927
20
-4.2883858267716537
11
2.4226449606299214
21
-4.2883858267716537
0
LINE
8
BLACK
6
CONTINUOUS
10
2.4226449606299214
20
-4.2883858267716537
11
2.4226449606299214
21
-4.2982283464566926
0
LINE
8
BLACK
6
CONTINUOUS
10
3.1236205511811024
20
-4.2634508267716535
11
3.1264145669291339
21
-4.2653177165354332
0
LINE
8
BLACK
6
CONTINUOUS
10
3.1264145669291339
20
-4.2653177165354332
11
3.1282814566929131
21
-4.2681117322834643
0
LINE
8
BLACK
6
CONTINUOUS
10
3.1282814566929131
20
-4.2681117322834643
11
3.1289370078740157
21
-4.2714074803149602
0
LINE
8
BLACK
6
CONTINUOUS
10
3.1289370078740157
20
-4.2714074803149602
11
3.1289370078740157
21
-4.2886318897637796
0
LINE
8
BLACK
6
CONTINUOUS
10
3.1289370078740157
20
-4.2886318897637796
11
3.1282814566929131
21
-4.2919276377952755
0
LINE
8
BLACK
6
CONTINUOUS
10
3.1282814566929131
20
-4.2919276377952755
11
3.1264145669291339
21
-4.2947216535433066
0
LINE
8
BLACK
6
CONTINUOUS
10
3.1264145669291339
20
-4.2947216535433066
11
3.1236205511811024
21
-4.2965885433070863
0
LINE
8
BLACK
6
CONTINUOUS
10
3.1236205511811024
20
-4.2965885433070863
11
3.120324803149606
21
-4.2972440944881889
0
LINE
8
BLACK
6
CONTINUOUS
10
3.120324803149606
20
-4.2972440944881889
11
3.1001476377952755
21
-4.2972440944881889
0
LINE
8
BLACK
6
CONTINUOUS
10
3.1001476377952755
20
-4.2972440944881889
11
3.0968518897637796
21
-4.2965885433070863
0
LINE
8
BLACK
6
CONTINUOUS
10
3.0968518897637796
20
-4.2965885433070863
11
3.0940578740157481
21
-4.2947216535433066
0
LINE
8
BLACK
6
CONTINUOUS
10
3.0940578740157481
20
-4.2947216535433066
11
3.0921909842519684
21
-4.2919276377952755
0
LINE
8
BLACK
6
CONTINUOUS
10
3.0921909842519684
20
-4.2919276377952755
11
3.0915354330708662
21
-4.2886318897637796
0
LINE
8
BLACK
6
CONTINUOUS
10
3.0915354330708662
20
-4.2886318897637796
11
3.0915354330708662
21
-4.2714074803149602
0
LINE
8
BLACK
6
CONTINUOUS
10
3.0915354330708662
20
-4.2714074803149602
11
3.0921909842519684
21
-4.2681117322834643
0
LINE
8
BLACK
6
CONTINUOUS
10
3.0921909842519684
20
-4.2681117322834643
11
3.0940578740157481
21
-4.2653177165354332
0
LINE
8
BLACK
6
CONTINUOUS
10
3.0940578740157481
20
-4.2653177165354332
11
3.0968518897637796
21
-4.2634508267716535
0
LINE
8
BLACK
6
CONTINUOUS
10
3.0968518897637796
20
-4.2634508267716535
11
3.1001476377952755
21
-4.2627952755905509
0
LINE
8
BLACK
6
CONTINUOUS
10
3.1001476377952755
20
-4.2627952755905509
11
3.120324803149606
21
-4.2627952755905509
0
LINE
8
BLACK
6
CONTINUOUS
10
3.120324803149606
20
-4.2627952755905509
11
3.1236205511811024
21
-4.2634508267716535
0
LINE
8
BLACK
6
CONTINUOUS
10
3.7335959055118111
20
-4.2628062992125981
11
3.7352251968503936
21
-4.264435590551181
0
LINE
8
BLACK
6
CONTINUOUS
10
3.7352251968503936
20
-4.264435590551181
11
3.7361070078740157
21
-4.2665644094488187
0
LINE
8
BLACK
6
CONTINUOUS
10
3.7361070078740157
20
-4.2665644094488187
11
3.7362204724409449
21
-4.2677165354330704
0
LINE
8
BLACK
6
CONTINUOUS
10
3.7362204724409449
20
-4.2677165354330704
11
3.7362204724409449
21
-4.2854330708661417
0
LINE
8
BLACK
6
CONTINUOUS
10
3.7362204724409449
20
-4.2854330708661417
11
3.7361070078740157
21
-4.2865851968503934
0
LINE
8
BLACK
6
CONTINUOUS
10
3.7361070078740157
20
-4.2865851968503934
11
3.7352251968503936
21
-4.288714015748031
0
LINE
8
BLACK
6
CONTINUOUS
10
3.7352251968503936
20
-4.288714015748031
11
3.7335959055118111
21
-4.2903433070866139
0
LINE
8
BLACK
6
CONTINUOUS
10
3.7335959055118111
20
-4.2903433070866139
11
3.731467086614173
21
-4.2912251181102361
0
LINE
8
BLACK
6
CONTINUOUS
10
3.731467086614173
20
-4.2912251181102361
11
3.7291628346456691
21
-4.2912251181102361
0
LINE
8
BLACK
6
CONTINUOUS
10
3.7291628346456691
20
-4.2912251181102361
11
3.7270340157480315
21
-4.2903433070866139
0
LINE
8
BLACK
6
CONTINUOUS
10
3.7270340157480315
20
-4.2903433070866139
11
3.7254047244094486
21
-4.288714015748031
0
LINE
8
BLACK
6
CONTINUOUS
10
3.7254047244094486
20
-4.288714015748031
11
3.7245229133858269
21
-4.2865851968503934
0
LINE
8
BLACK
6
CONTINUOUS
10
3.7245229133858269
20
-4.2865851968503934
11
3.7244094488188977
21
-4.2854330708661417
0
LINE
8
BLACK
6
CONTINUOUS
10
3.7244094488188977
20
-4.2854330708661417
11
3.7244094488188977
21
-4.2677165354330704
0
LINE
8
BLACK
6
CONTINUOUS
10
3.7244094488188977
20
-4.2677165354330704
11
3.7245229133858269
21
-4.2665644094488187
0
LINE
8
BLACK
6
CONTINUOUS
10
3.7245229133858269
20
-4.2665644094488187
11
3.7254047244094486
21
-4.264435590551181
0
LINE
8
BLACK
6
CONTINUOUS
10
3.7254047244094486
20
-4.264435590551181
11
3.7270340157480315
21
-4.2628062992125981
0
LINE
8
BLACK
6
CONTINUOUS
10
3.7270340157480315
20
-4.2628062992125981
11
3.7291628346456691
21
-4.261924488188976
0
LINE
8
BLACK
6
CONTINUOUS
10
3.7291628346456691
20
-4.261924488188976
11
3.731467086614173
21
-4.261924488188976
0
LINE
8
BLACK
6
CONTINUOUS
10
3.731467086614173
20
-4.261924488188976
11
3.7335959055118111
21
-4.2628062992125981
0
LINE
8
BLACK
6
CONTINUOUS
10
3.7532809448818898
20
-4.2628062992125981
11
3.7549102362204723
21
-4.264435590551181
0
LINE
8
BLACK
6
CONTINUOUS
10
3.7549102362204723
20
-4.264435590551181
11
3.7557920472440944
21
-4.2665644094488187
0
LINE
8
BLACK
6
CONTINUOUS
10
3.7557920472440944
20
-4.2665644094488187
11
3.7559055118110236
21
-4.2677165354330704
0
LINE
8
BLACK
6
CONTINUOUS
10
3.7559055118110236
20
-4.2677165354330704
11
3.7559055118110236
21
-4.2854330708661417
0
LINE
8
BLACK
6
CONTINUOUS
10
3.7559055118110236
20
-4.2854330708661417
11
3.7557920472440944
21
-4.2865851968503934
0
LINE
8
BLACK
6
CONTINUOUS
10
3.7557920472440944
20
-4.2865851968503934
11
3.7549102362204723
21
-4.288714015748031
0
LINE
8
BLACK
6
CONTINUOUS
10
3.7549102362204723
20
-4.288714015748031
11
3.7532809448818898
21
-4.2903433070866139
0
LINE
8
BLACK
6
CONTINUOUS
10
3.7532809448818898
20
-4.2903433070866139
11
3.7511521259842517
21
-4.2912251181102361
0
LINE
8
BLACK
6
CONTINUOUS
10
3.7511521259842517
20
-4.2912251181102361
11
3.7488478740157478
21
-4.2912251181102361
0
LINE
8
BLACK
6
CONTINUOUS
10
3.7488478740157478
20
-4.2912251181102361
11
3.7467190551181102
21
-4.2903433070866139
0
LINE
8
BLACK
6
CONTINUOUS
10
3.7467190551181102
20
-4.2903433070866139
11
3.7450897637795273
21
-4.288714015748031
0
LINE
8
BLACK
6
CONTINUOUS
10
3.7450897637795273
20
-4.288714015748031
11
3.7442079527559056
21
-4.2865851968503934
0
LINE
8
BLACK
6
CONTINUOUS
10
3.7442079527559056
20
-4.2865851968503934
11
3.7440944881889764
21
-4.2854330708661417
0
LINE
8
BLACK
6
CONTINUOUS
10
3.7440944881889764
20
-4.2854330708661417
11
3.7440944881889764
21
-4.2677165354330704
0
LINE
8
BLACK
6
CONTINUOUS
10
3.7440944881889764
20
-4.2677165354330704
11
3.7442079527559056
21
-4.2665644094488187
0
LINE
8
BLACK
6
CONTINUOUS
10
3.7442079527559056
20
-4.2665644094488187
11
3.7450897637795273
21
-4.264435590551181
0
LINE
8
BLACK
6
CONTINUOUS
10
3.7450897637795273
20
-4.264435590551181
11
3.7467190551181102
21
-4.2628062992125981
0
LINE
8
BLACK
6
CONTINUOUS
10
3.7467190551181102
20
-4.2628062992125981
11
3.7488478740157478
21
-4.261924488188976
0
LINE
8
BLACK
6
CONTINUOUS
10
3.7488478740157478
20
-4.261924488188976
11
3.7511521259842517
21
-4.261924488188976
0
LINE
8
BLACK
6
CONTINUOUS
10
3.7511521259842517
20
-4.261924488188976
11
3.7532809448818898
21
-4.2628062992125981
0
LINE
8
BLACK
6
CONTINUOUS
10
3.7729659842519685
20
-4.2628062992125981
11
3.774595275590551
21
-4.264435590551181
0
LINE
8
BLACK
6
CONTINUOUS
10
3.774595275590551
20
-4.264435590551181
11
3.7754770866141731
21
-4.2665644094488187
0
LINE
8
BLACK
6
CONTINUOUS
10
3.7754770866141731
20
-4.2665644094488187
11
3.7755905511811023
21
-4.2677165354330704
0
LINE
8
BLACK
6
CONTINUOUS
10
3.7755905511811023
20
-4.2677165354330704
11
3.7755905511811023
21
-4.2854330708661417
0
LINE
8
BLACK
6
CONTINUOUS
10
3.7755905511811023
20
-4.2854330708661417
11
3.7754770866141731
21
-4.2865851968503934
0
LINE
8
BLACK
6
CONTINUOUS
10
3.7754770866141731
20
-4.2865851968503934
11
3.774595275590551
21
-4.288714015748031
0
LINE
8
BLACK
6
CONTINUOUS
10
3.774595275590551
20
-4.288714015748031
11
3.7729659842519685
21
-4.2903433070866139
0
LINE
8
BLACK
6
CONTINUOUS
10
3.7729659842519685
20
-4.2903433070866139
11
3.7708371653543304
21
-4.2912251181102361
0
LINE
8
BLACK
6
CONTINUOUS
10
3.7708371653543304
20
-4.2912251181102361
11
3.7685329133858265
21
-4.2912251181102361
0
LINE
8
BLACK
6
CONTINUOUS
10
3.7685329133858265
20
-4.2912251181102361
11
3.7664040944881889
21
-4.2903433070866139
0
LINE
8
BLACK
6
CONTINUOUS
10
3.7664040944881889
20
-4.2903433070866139
11
3.764774803149606
21
-4.288714015748031
0
LINE
8
BLACK
6
CONTINUOUS
10
3.764774803149606
20
-4.288714015748031
11
3.7638929921259843
21
-4.2865851968503934
0
LINE
8
BLACK
6
CONTINUOUS
10
3.7638929921259843
20
-4.2865851968503934
11
3.7637795275590551
21
-4.2854330708661417
0
LINE
8
BLACK
6
CONTINUOUS
10
3.7637795275590551
20
-4.2854330708661417
11
3.7637795275590551
21
-4.2677165354330704
0
LINE
8
BLACK
6
CONTINUOUS
10
3.7637795275590551
20
-4.2677165354330704
11
3.7638929921259843
21
-4.2665644094488187
0
LINE
8
BLACK
6
CONTINUOUS
10
3.7638929921259843
20
-4.2665644094488187
11
3.764774803149606
21
-4.264435590551181
0
LINE
8
BLACK
6
CONTINUOUS
10
3.764774803149606
20
-4.264435590551181
11
3.7664040944881889
21
-4.2628062992125981
0
LINE
8
BLACK
6
CONTINUOUS
10
3.7664040944881889
20
-4.2628062992125981
11
3.7685329133858265
21
-4.261924488188976
0
LINE
8
BLACK
6
CONTINUOUS
10
3.7685329133858265
20
-4.261924488188976
11
3.7708371653543304
21
-4.261924488188976
0
LINE
8
BLACK
6
CONTINUOUS
10
3.7708371653543304
20
-4.261924488188976
11
3.7729659842519685
21
-4.2628062992125981
0
LINE
8
BLACK
6
CONTINUOUS
10
3.7926510236220472
20
-4.2628062992125981
11
3.7942803149606297
21
-4.264435590551181
0
LINE
8
BLACK
6
CONTINUOUS
10
3.7942803149606297
20
-4.264435590551181
11
3.7951621259842518
21
-4.2665644094488187
0
LINE
8
BLACK
6
CONTINUOUS
10
3.7951621259842518
20
-4.2665644094488187
11
3.795275590551181
21
-4.2677165354330704
0
LINE
8
BLACK
6
CONTINUOUS
10
3.795275590551181
20
-4.2677165354330704
11
3.795275590551181
21
-4.2854330708661417
0
LINE
8
BLACK
6
CONTINUOUS
10
3.795275590551181
20
-4.2854330708661417
11
3.7951621259842518
21
-4.2865851968503934
0
LINE
8
BLACK
6
CONTINUOUS
10
3.7951621259842518
20
-4.2865851968503934
11
3.7942803149606297
21
-4.288714015748031
0
LINE
8
BLACK
6
CONTINUOUS
10
3.7942803149606297
20
-4.288714015748031
11
3.7926510236220472
21
-4.2903433070866139
0
LINE
8
BLACK
6
CONTINUOUS
10
3.7926510236220472
20
-4.2903433070866139
11
3.7905222047244091
21
-4.2912251181102361
0
LINE
8
BLACK
6
CONTINUOUS
10
3.7905222047244091
20
-4.2912251181102361
11
3.7882179527559052
21
-4.2912251181102361
0
LINE
8
BLACK
6
CONTINUOUS
10
3.7882179527559052
20
-4.2912251181102361
11
3.7860891338582676
21
-4.2903433070866139
0
LINE
8
BLACK
6
CONTINUOUS
10
3.7860891338582676
20
-4.2903433070866139
11
3.7844598425196851
21
-4.288714015748031
0
LINE
8
BLACK
6
CONTINUOUS
10
3.7844598425196851
20
-4.288714015748031
11
3.783578031496063
21
-4.2865851968503934
0
LINE
8
BLACK
6
CONTINUOUS
10
3.783578031496063
20
-4.2865851968503934
11
3.7834645669291338
21
-4.2854330708661417
0
LINE
8
BLACK
6
CONTINUOUS
10
3.7834645669291338
20
-4.2854330708661417
11
3.7834645669291338
21
-4.2677165354330704
0
LINE
8
BLACK
6
CONTINUOUS
10
3.7834645669291338
20
-4.2677165354330704
11
3.783578031496063
21
-4.2665644094488187
0
LINE
8
BLACK
6
CONTINUOUS
10
3.783578031496063
20
-4.2665644094488187
11
3.7844598425196851
21
-4.264435590551181
0
LINE
8
BLACK
6
CONTINUOUS
10
3.7844598425196851
20
-4.264435590551181
11
3.7860891338582676
21
-4.2628062992125981
0
LINE
8
BLACK
6
CONTINUOUS
10
3.7860891338582676
20
-4.2628062992125981
11
3.7882179527559052
21
-4.261924488188976
0
LINE
8
BLACK
6
CONTINUOUS
10
3.7882179527559052
20
-4.261924488188976
11
3.7905222047244091
21
-4.261924488188976
0
LINE
8
BLACK
6
CONTINUOUS
10
3.7905222047244091
20
-4.261924488188976
11
3.7926510236220472
21
-4.2628062992125981
0
LINE
8
BLACK
6
CONTINUOUS
10
2.4226449606299214
20
-4.2785433070866139
11
2.3655583464566927
21
-4.2785433070866139
0
LINE
8
BLACK
6
CONTINUOUS
10
2.3655583464566927
20
-4.2785433070866139
11
2.3655583464566927
21
-4.268700787401575
0
LINE
8
BLACK
6
CONTINUOUS
10
2.3655583464566927
20
-4.268700787401575
11
2.4226449606299214
21
-4.268700787401575
0
LINE
8
BLACK
6
CONTINUOUS
10
2.4226449606299214
20
-4.268700787401575
11
2.4226449606299214
21
-4.2785433070866139
0
LINE
8
BLACK
6
CONTINUOUS
10
2.5950844094488188
20
-4.238253976377953
11
2.5978784251968503
21
-4.2401208661417318
0
LINE
8
BLACK
6
CONTINUOUS
10
2.5978784251968503
20
-4.2401208661417318
11
2.59974531496063
21
-4.2429148818897637
0
LINE
8
BLACK
6
CONTINUOUS
10
2.59974531496063
20
-4.2429148818897637
11
2.6004008661417322
21
-4.2462106299212596
0
LINE
8
BLACK
6
CONTINUOUS
10
2.6004008661417322
20
-4.2462106299212596
11
2.6004008661417322
21
-4.2663877952755902
0
LINE
8
BLACK
6
CONTINUOUS
10
2.6004008661417322
20
-4.2663877952755902
11
2.59974531496063
21
-4.2696835433070861
0
LINE
8
BLACK
6
CONTINUOUS
10
2.59974531496063
20
-4.2696835433070861
11
2.5978784251968503
21
-4.2724775590551181
0
LINE
8
BLACK
6
CONTINUOUS
10
2.5978784251968503
20
-4.2724775590551181
11
2.5950844094488188
21
-4.2743444488188977
0
LINE
8
BLACK
6
CONTINUOUS
10
2.5950844094488188
20
-4.2743444488188977
11
2.5917886614173229
21
-4.2749999999999995
0
LINE
8
BLACK
6
CONTINUOUS
10
2.5917886614173229
20
-4.2749999999999995
11
2.5745642519685039
21
-4.2749999999999995
0
LINE
8
BLACK
6
CONTINUOUS
10
2.5745642519685039
20
-4.2749999999999995
11
2.571268503937008
21
-4.2743444488188977
0
LINE
8
BLACK
6
CONTINUOUS
10
2.571268503937008
20
-4.2743444488188977
11
2.5684744881889765
21
-4.2724775590551181
0
LINE
8
BLACK
6
CONTINUOUS
10
2.5684744881889765
20
-4.2724775590551181
11
2.5666075984251968
21
-4.2696835433070861
0
LINE
8
BLACK
6
CONTINUOUS
10
2.5666075984251968
20
-4.2696835433070861
11
2.5659520472440946
21
-4.2663877952755902
0
LINE
8
BLACK
6
CONTINUOUS
10
2.5659520472440946
20
-4.2663877952755902
11
2.5659520472440946
21
-4.2462106299212596
0
LINE
8
BLACK
6
CONTINUOUS
10
2.5659520472440946
20
-4.2462106299212596
11
2.5666075984251968
21
-4.2429148818897637
0
LINE
8
BLACK
6
CONTINUOUS
10
2.5666075984251968
20
-4.2429148818897637
11
2.5684744881889765
21
-4.2401208661417318
0
LINE
8
BLACK
6
CONTINUOUS
10
2.5684744881889765
20
-4.2401208661417318
11
2.571268503937008
21
-4.238253976377953
0
LINE
8
BLACK
6
CONTINUOUS
10
2.571268503937008
20
-4.238253976377953
11
2.5745642519685039
21
-4.2375984251968504
0
LINE
8
BLACK
6
CONTINUOUS
10
2.5745642519685039
20
-4.2375984251968504
11
2.5917886614173229
21
-4.2375984251968504
0
LINE
8
BLACK
6
CONTINUOUS
10
2.5917886614173229
20
-4.2375984251968504
11
2.5950844094488188
21
-4.238253976377953
0
LINE
8
BLACK
6
CONTINUOUS
10
2.6570922834645669
20
-4.238253976377953
11
2.6598862992125984
21
-4.2401208661417318
0
LINE
8
BLACK
6
CONTINUOUS
10
2.6598862992125984
20
-4.2401208661417318
11
2.6617531889763777
21
-4.2429148818897637
0
LINE
8
BLACK
6
CONTINUOUS
10
2.6617531889763777
20
-4.2429148818897637
11
2.6624087401574803
21
-4.2462106299212596
0
LINE
8
BLACK
6
CONTINUOUS
10
2.6624087401574803
20
-4.2462106299212596
11
2.6624087401574803
21
-4.2663877952755902
0
LINE
8
BLACK
6
CONTINUOUS
10
2.6624087401574803
20
-4.2663877952755902
11
2.6617531889763777
21
-4.2696835433070861
0
LINE
8
BLACK
6
CONTINUOUS
10
2.6617531889763777
20
-4.2696835433070861
11
2.6598862992125984
21
-4.2724775590551181
0
LINE
8
BLACK
6
CONTINUOUS
10
2.6598862992125984
20
-4.2724775590551181
11
2.6570922834645669
21
-4.2743444488188977
0
LINE
8
BLACK
6
CONTINUOUS
10
2.6570922834645669
20
-4.2743444488188977
11
2.6537965354330706
21
-4.2749999999999995
0
LINE
8
BLACK
6
CONTINUOUS
10
2.6537965354330706
20
-4.2749999999999995
11
2.6365721259842521
21
-4.2749999999999995
0
LINE
8
BLACK
6
CONTINUOUS
10
2.6365721259842521
20
-4.2749999999999995
11
2.6332763779527557
21
-4.2743444488188977
0
LINE
8
BLACK
6
CONTINUOUS
10
2.6332763779527557
20
-4.2743444488188977
11
2.6304823622047242
21
-4.2724775590551181
0
LINE
8
BLACK
6
CONTINUOUS
10
2.6304823622047242
20
-4.2724775590551181
11
2.628615472440945
21
-4.2696835433070861
0
LINE
8
BLACK
6
CONTINUOUS
10
2.628615472440945
20
-4.2696835433070861
11
2.6279599212598423
21
-4.2663877952755902
0
LINE
8
BLACK
6
CONTINUOUS
10
2.6279599212598423
20
-4.2663877952755902
11
2.6279599212598423
21
-4.2462106299212596
0
LINE
8
BLACK
6
CONTINUOUS
10
2.6279599212598423
20
-4.2462106299212596
11
2.628615472440945
21
-4.2429148818897637
0
LINE
8
BLACK
6
CONTINUOUS
10
2.628615472440945
20
-4.2429148818897637
11
2.6304823622047242
21
-4.2401208661417318
0
LINE
8
BLACK
6
CONTINUOUS
10
2.6304823622047242
20
-4.2401208661417318
11
2.6332763779527557
21
-4.238253976377953
0
LINE
8
BLACK
6
CONTINUOUS
10
2.6332763779527557
20
-4.238253976377953
11
2.6365721259842521
21
-4.2375984251968504
0
LINE
8
BLACK
6
CONTINUOUS
10
2.6365721259842521
20
-4.2375984251968504
11
2.6537965354330706
21
-4.2375984251968504
0
LINE
8
BLACK
6
CONTINUOUS
10
2.6537965354330706
20
-4.2375984251968504
11
2.6570922834645669
21
-4.238253976377953
0
LINE
8
BLACK
6
CONTINUOUS
10
3.3007874015748029
20
-4.2597440944881892
11
3.253543307086614
21
-4.2597440944881892
0
LINE
8
BLACK
6
CONTINUOUS
10
3.253543307086614
20
-4.2597440944881892
11
3.253543307086614
21
-4.188877952755905
0
LINE
8
BLACK
6
CONTINUOUS
10
3.253543307086614
20
-4.188877952755905
11
3.3007874015748029
21
-4.188877952755905
0
LINE
8
BLACK
6
CONTINUOUS
10
3.3007874015748029
20
-4.188877952755905
11
3.3007874015748029
21
-4.2597440944881892
0
LINE
8
BLACK
6
CONTINUOUS
10
3.3874015748031496
20
-4.2597440944881892
11
3.3401574803149607
21
-4.2597440944881892
0
LINE
8
BLACK
6
CONTINUOUS
10
3.3401574803149607
20
-4.2597440944881892
11
3.3401574803149607
21
-4.188877952755905
0
LINE
8
BLACK
6
CONTINUOUS
10
3.3401574803149607
20
-4.188877952755905
11
3.3874015748031496
21
-4.188877952755905
0
LINE
8
BLACK
6
CONTINUOUS
10
3.3874015748031496
20
-4.188877952755905
11
3.3874015748031496
21
-4.2597440944881892
0
LINE
8
BLACK
6
CONTINUOUS
10
2.4226449606299214
20
-4.2588582677165352
11
2.3655583464566927
21
-4.2588582677165352
0
LINE
8
BLACK
6
CONTINUOUS
10
2.3655583464566927
20
-4.2588582677165352
11
2.3655583464566927
21
-4.2490157480314963
0
LINE
8
BLACK
6
CONTINUOUS
10
2.3655583464566927
20
-4.2490157480314963
11
2.4226449606299214
21
-4.2490157480314963
0
LINE
8
BLACK
6
CONTINUOUS
10
2.4226449606299214
20
-4.2490157480314963
11
2.4226449606299214
21
-4.2588582677165352
0
LINE
8
BLACK
6
CONTINUOUS
10
3.0334645669291338
20
-4.2460629921259843
11
2.9980314960629921
21
-4.2460629921259843
0
LINE
8
BLACK
6
CONTINUOUS
10
2.9980314960629921
20
-4.2460629921259843
11
2.9980314960629921
21
-4.2145669291338583
0
LINE
8
BLACK
6
CONTINUOUS
10
2.9980314960629921
20
-4.2145669291338583
11
3.0334645669291338
21
-4.2145669291338583
0
LINE
8
BLACK
6
CONTINUOUS
10
3.0334645669291338
20
-4.2145669291338583
11
3.0334645669291338
21
-4.2460629921259843
0
LINE
8
BLACK
6
CONTINUOUS
10
3.4848410236220473
20
-4.2052639763779522
11
3.4876350393700788
21
-4.2071308661417319
0
LINE
8
BLACK
6
CONTINUOUS
10
3.4876350393700788
20
-4.2071308661417319
11
3.489501929133858
21
-4.2099248818897639
0
LINE
8
BLACK
6
CONTINUOUS
10
3.489501929133858
20
-4.2099248818897639
11
3.4901574803149606
21
-4.2132206299212598
0
LINE
8
BLACK
6
CONTINUOUS
10
3.4901574803149606
20
-4.2132206299212598
11
3.4901574803149606
21
-4.2333977952755903
0
LINE
8
BLACK
6
CONTINUOUS
10
3.4901574803149606
20
-4.2333977952755903
11
3.489501929133858
21
-4.2366935433070863
0
LINE
8
BLACK
6
CONTINUOUS
10
3.489501929133858
20
-4.2366935433070863
11
3.4876350393700788
21
-4.2394875590551182
0
LINE
8
BLACK
6
CONTINUOUS
10
3.4876350393700788
20
-4.2394875590551182
11
3.4848410236220473
21
-4.2413544488188979
0
LINE
8
BLACK
6
CONTINUOUS
10
3.4848410236220473
20
-4.2413544488188979
11
3.4815452755905509
21
-4.2420099999999996
0
LINE
8
BLACK
6
CONTINUOUS
10
3.4815452755905509
20
-4.2420099999999996
11
3.4643208661417324
21
-4.2420099999999996
0
LINE
8
BLACK
6
CONTINUOUS
10
3.4643208661417324
20
-4.2420099999999996
11
3.4610251181102361
21
-4.2413544488188979
0
LINE
8
BLACK
6
CONTINUOUS
10
3.4610251181102361
20
-4.2413544488188979
11
3.4582311023622045
21
-4.2394875590551182
0
LINE
8
BLACK
6
CONTINUOUS
10
3.4582311023622045
20
-4.2394875590551182
11
3.4563642125984253
21
-4.2366935433070863
0
LINE
8
BLACK
6
CONTINUOUS
10
3.4563642125984253
20
-4.2366935433070863
11
3.4557086614173227
21
-4.2333977952755903
0
LINE
8
BLACK
6
CONTINUOUS
10
3.4557086614173227
20
-4.2333977952755903
11
3.4557086614173227
21
-4.2132206299212598
0
LINE
8
BLACK
6
CONTINUOUS
10
3.4557086614173227
20
-4.2132206299212598
11
3.4563642125984253
21
-4.2099248818897639
0
LINE
8
BLACK
6
CONTINUOUS
10
3.4563642125984253
20
-4.2099248818897639
11
3.4582311023622045
21
-4.2071308661417319
0
LINE
8
BLACK
6
CONTINUOUS
10
3.4582311023622045
20
-4.2071308661417319
11
3.4610251181102361
21
-4.2052639763779522
0
LINE
8
BLACK
6
CONTINUOUS
10
3.4610251181102361
20
-4.2052639763779522
11
3.4643208661417324
21
-4.2046084251968505
0
LINE
8
BLACK
6
CONTINUOUS
10
3.4643208661417324
20
-4.2046084251968505
11
3.4815452755905509
21
-4.2046084251968505
0
LINE
8
BLACK
6
CONTINUOUS
10
3.4815452755905509
20
-4.2046084251968505
11
3.4848410236220473
21
-4.2052639763779522
0
LINE
8
BLACK
6
CONTINUOUS
10
3.546848897637795
20
-4.2052639763779522
11
3.5496429133858265
21
-4.2071308661417319
0
LINE
8
BLACK
6
CONTINUOUS
10
3.5496429133858265
20
-4.2071308661417319
11
3.5515098031496062
21
-4.2099248818897639
0
LINE
8
BLACK
6
CONTINUOUS
10
3.5515098031496062
20
-4.2099248818897639
11
3.5521653543307088
21
-4.2132206299212598
0
LINE
8
BLACK
6
CONTINUOUS
10
3.5521653543307088
20
-4.2132206299212598
11
3.5521653543307088
21
-4.2333977952755903
0
LINE
8
BLACK
6
CONTINUOUS
10
3.5521653543307088
20
-4.2333977952755903
11
3.5515098031496062
21
-4.2366935433070863
0
LINE
8
BLACK
6
CONTINUOUS
10
3.5515098031496062
20
-4.2366935433070863
11
3.5496429133858265
21
-4.2394875590551182
0
LINE
8
BLACK
6
CONTINUOUS
10
3.5496429133858265
20
-4.2394875590551182
11
3.546848897637795
21
-4.2413544488188979
0
LINE
8
BLACK
6
CONTINUOUS
10
3.546848897637795
20
-4.2413544488188979
11
3.5435531496062991
21
-4.2420099999999996
0
LINE
8
BLACK
6
CONTINUOUS
10
3.5435531496062991
20
-4.2420099999999996
11
3.5263287401574801
21
-4.2420099999999996
0
LINE
8
BLACK
6
CONTINUOUS
10
3.5263287401574801
20
-4.2420099999999996
11
3.5230329921259842
21
-4.2413544488188979
0
LINE
8
BLACK
6
CONTINUOUS
10
3.5230329921259842
20
-4.2413544488188979
11
3.5202389763779527
21
-4.2394875590551182
0
LINE
8
BLACK
6
CONTINUOUS
10
3.5202389763779527
20
-4.2394875590551182
11
3.518372086614173
21
-4.2366935433070863
0
LINE
8
BLACK
6
CONTINUOUS
10
3.518372086614173
20
-4.2366935433070863
11
3.5177165354330708
21
-4.2333977952755903
0
LINE
8
BLACK
6
CONTINUOUS
10
3.5177165354330708
20
-4.2333977952755903
11
3.5177165354330708
21
-4.2132206299212598
0
LINE
8
BLACK
6
CONTINUOUS
10
3.5177165354330708
20
-4.2132206299212598
11
3.518372086614173
21
-4.2099248818897639
0
LINE
8
BLACK
6
CONTINUOUS
10
3.518372086614173
20
-4.2099248818897639
11
3.5202389763779527
21
-4.2071308661417319
0
LINE
8
BLACK
6
CONTINUOUS
10
3.5202389763779527
20
-4.2071308661417319
11
3.5230329921259842
21
-4.2052639763779522
0
LINE
8
BLACK
6
CONTINUOUS
10
3.5230329921259842
20
-4.2052639763779522
11
3.5263287401574801
21
-4.2046084251968505
0
LINE
8
BLACK
6
CONTINUOUS
10
3.5263287401574801
20
-4.2046084251968505
11
3.5435531496062991
21
-4.2046084251968505
0
LINE
8
BLACK
6
CONTINUOUS
10
3.5435531496062991
20
-4.2046084251968505
11
3.546848897637795
21
-4.2052639763779522
0
LINE
8
BLACK
6
CONTINUOUS
10
2.4226449606299214
20
-4.2391732283464565
11
2.3655583464566927
21
-4.2391732283464565
0
LINE
8
BLACK
6
CONTINUOUS
10
2.3655583464566927
20
-4.2391732283464565
11
2.3655583464566927
21
-4.2293307086614176
0
LINE
8
BLACK
6
CONTINUOUS
10
2.3655583464566927
20
-4.2293307086614176
11
2.4226449606299214
21
-4.2293307086614176
0
LINE
8
BLACK
6
CONTINUOUS
10
2.4226449606299214
20
-4.2293307086614176
11
2.4226449606299214
21
-4.2391732283464565
0
LINE
8
BLACK
6
CONTINUOUS
10
3.2023607086614172
20
-4.2043957086614174
11
3.2051547244094487
21
-4.2062625984251971
0
LINE
8
BLACK
6
CONTINUOUS
10
3.2051547244094487
20
-4.2062625984251971
11
3.2070216141732284
21
-4.2090566141732282
0
LINE
8
BLACK
6
CONTINUOUS
10
3.2070216141732284
20
-4.2090566141732282
11
3.2076771653543306
21
-4.2123523622047241
0
LINE
8
BLACK
6
CONTINUOUS
10
3.2076771653543306
20
-4.2123523622047241
11
3.2076771653543306
21
-4.2295767716535435
0
LINE
8
BLACK
6
CONTINUOUS
10
3.2076771653543306
20
-4.2295767716535435
11
3.2070216141732284
21
-4.2328725196850394
0
LINE
8
BLACK
6
CONTINUOUS
10
3.2070216141732284
20
-4.2328725196850394
11
3.2051547244094487
21
-4.2356665354330705
0
LINE
8
BLACK
6
CONTINUOUS
10
3.2051547244094487
20
-4.2356665354330705
11
3.2023607086614172
21
-4.2375334251968502
0
LINE
8
BLACK
6
CONTINUOUS
10
3.2023607086614172
20
-4.2375334251968502
11
3.1990649606299213
21
-4.2381889763779528
0
LINE
8
BLACK
6
CONTINUOUS
10
3.1990649606299213
20
-4.2381889763779528
11
3.1788877952755903
21
-4.2381889763779528
0
LINE
8
BLACK
6
CONTINUOUS
10
3.1788877952755903
20
-4.2381889763779528
11
3.1755920472440944
21
-4.2375334251968502
0
LINE
8
BLACK
6
CONTINUOUS
10
3.1755920472440944
20
-4.2375334251968502
11
3.1727980314960629
21
-4.2356665354330705
0
LINE
8
BLACK
6
CONTINUOUS
10
3.1727980314960629
20
-4.2356665354330705
11
3.1709311417322832
21
-4.2328725196850394
0
LINE
8
BLACK
6
CONTINUOUS
10
3.1709311417322832
20
-4.2328725196850394
11
3.170275590551181
21
-4.2295767716535435
0
LINE
8
BLACK
6
CONTINUOUS
10
3.170275590551181
20
-4.2295767716535435
11
3.170275590551181
21
-4.2123523622047241
0
LINE
8
BLACK
6
CONTINUOUS
10
3.170275590551181
20
-4.2123523622047241
11
3.1709311417322832
21
-4.2090566141732282
0
LINE
8
BLACK
6
CONTINUOUS
10
3.1709311417322832
20
-4.2090566141732282
11
3.1727980314960629
21
-4.2062625984251971
0
LINE
8
BLACK
6
CONTINUOUS
10
3.1727980314960629
20
-4.2062625984251971
11
3.1755920472440944
21
-4.2043957086614174
0
LINE
8
BLACK
6
CONTINUOUS
10
3.1755920472440944
20
-4.2043957086614174
11
3.1788877952755903
21
-4.2037401574803148
0
LINE
8
BLACK
6
CONTINUOUS
10
3.1788877952755903
20
-4.2037401574803148
11
3.1990649606299213
21
-4.2037401574803148
0
LINE
8
BLACK
6
CONTINUOUS
10
3.1990649606299213
20
-4.2037401574803148
11
3.2023607086614172
21
-4.2043957086614174
0
LINE
8
BLACK
6
CONTINUOUS
10
3.1236205511811024
20
-4.2014429527559054
11
3.1264145669291339
21
-4.2033098425196851
0
LINE
8
BLACK
6
CONTINUOUS
10
3.1264145669291339
20
-4.2033098425196851
11
3.1282814566929131
21
-4.2061038582677162
0
LINE
8
BLACK
6
CONTINUOUS
10
3.1282814566929131
20
-4.2061038582677162
11
3.1289370078740157
21
-4.2093996062992121
0
LINE
8
BLACK
6
CONTINUOUS
10
3.1289370078740157
20
-4.2093996062992121
11
3.1289370078740157
21
-4.2266240157480315
0
LINE
8
BLACK
6
CONTINUOUS
10
3.1289370078740157
20
-4.2266240157480315
11
3.1282814566929131
21
-4.2299197637795274
0
LINE
8
BLACK
6
CONTINUOUS
10
3.1282814566929131
20
-4.2299197637795274
11
3.1264145669291339
21
-4.2327137795275593
0
LINE
8
BLACK
6
CONTINUOUS
10
3.1264145669291339
20
-4.2327137795275593
11
3.1236205511811024
21
-4.2345806692913381
0
LINE
8
BLACK
6
CONTINUOUS
10
3.1236205511811024
20
-4.2345806692913381
11
3.120324803149606
21
-4.2352362204724407
0
LINE
8
BLACK
6
CONTINUOUS
10
3.120324803149606
20
-4.2352362204724407
11
3.1001476377952755
21
-4.2352362204724407
0
LINE
8
BLACK
6
CONTINUOUS
10
3.1001476377952755
20
-4.2352362204724407
11
3.0968518897637796
21
-4.2345806692913381
0
LINE
8
BLACK
6
CONTINUOUS
10
3.0968518897637796
20
-4.2345806692913381
11
3.0940578740157481
21
-4.2327137795275593
0
LINE
8
BLACK
6
CONTINUOUS
10
3.0940578740157481
20
-4.2327137795275593
11
3.0921909842519684
21
-4.2299197637795274
0
LINE
8
BLACK
6
CONTINUOUS
10
3.0921909842519684
20
-4.2299197637795274
11
3.0915354330708662
21
-4.2266240157480315
0
LINE
8
BLACK
6
CONTINUOUS
10
3.0915354330708662
20
-4.2266240157480315
11
3.0915354330708662
21
-4.2093996062992121
0
LINE
8
BLACK
6
CONTINUOUS
10
3.0915354330708662
20
-4.2093996062992121
11
3.0921909842519684
21
-4.2061038582677162
0
LINE
8
BLACK
6
CONTINUOUS
10
3.0921909842519684
20
-4.2061038582677162
11
3.0940578740157481
21
-4.2033098425196851
0
LINE
8
BLACK
6
CONTINUOUS
10
3.0940578740157481
20
-4.2033098425196851
11
3.0968518897637796
21
-4.2014429527559054
0
LINE
8
BLACK
6
CONTINUOUS
10
3.0968518897637796
20
-4.2014429527559054
11
3.1001476377952755
21
-4.2007874015748028
0
LINE
8
BLACK
6
CONTINUOUS
10
3.1001476377952755
20
-4.2007874015748028
11
3.120324803149606
21
-4.2007874015748028
0
LINE
8
BLACK
6
CONTINUOUS
10
3.120324803149606
20
-4.2007874015748028
11
3.1236205511811024
21
-4.2014429527559054
0
LINE
8
BLACK
6
CONTINUOUS
10
2.4226449606299214
20
-4.2185039370078741
11
2.3655583464566927
21
-4.2185039370078741
0
LINE
8
BLACK
6
CONTINUOUS
10
2.3655583464566927
20
-4.2185039370078741
11
2.3655583464566927
21
-4.2066929133858268
0
LINE
8
BLACK
6
CONTINUOUS
10
2.3655583464566927
20
-4.2066929133858268
11
2.3655583464566927
21
-4.1948818897637796
0
LINE
8
BLACK
6
CONTINUOUS
10
2.3655583464566927
20
-4.1948818897637796
11
2.4226449606299214
21
-4.1948818897637796
0
LINE
8
BLACK
6
CONTINUOUS
10
2.4226449606299214
20
-4.1948818897637796
11
2.4226449606299214
21
-4.2066929133858268
0
LINE
8
BLACK
6
CONTINUOUS
10
2.4226449606299214
20
-4.2066929133858268
11
2.4226449606299214
21
-4.2185039370078741
0
LINE
8
BLACK
6
CONTINUOUS
10
2.954724409448819
20
-4.2086614173228343
11
2.9192913385826773
21
-4.2086614173228343
0
LINE
8
BLACK
6
CONTINUOUS
10
2.9192913385826773
20
-4.2086614173228343
11
2.9192913385826773
21
-4.1771653543307083
0
LINE
8
BLACK
6
CONTINUOUS
10
2.9192913385826773
20
-4.1771653543307083
11
2.954724409448819
21
-4.1771653543307083
0
LINE
8
BLACK
6
CONTINUOUS
10
2.954724409448819
20
-4.1771653543307083
11
2.954724409448819
21
-4.2086614173228343
0
LINE
8
BLACK
6
CONTINUOUS
10
4.2094073228346458
20
-4.1807570078740159
11
4.2112912598425192
21
-4.1820158267716536
0
LINE
8
BLACK
6
CONTINUOUS
10
4.2112912598425192
20
-4.1820158267716536
11
4.2125500787401577
21
-4.1838997637795279
0
LINE
8
BLACK
6
CONTINUOUS
10
4.2125500787401577
20
-4.1838997637795279
11
4.2129921259842522
21
-4.1861220472440941
0
LINE
8
BLACK
6
CONTINUOUS
10
4.2129921259842522
20
-4.1861220472440941
11
4.2129921259842522
21
-4.1997047244094485
0
LINE
8
BLACK
6
CONTINUOUS
10
4.2129921259842522
20
-4.1997047244094485
11
4.2125500787401577
21
-4.2019270078740156
0
LINE
8
BLACK
6
CONTINUOUS
10
4.2125500787401577
20
-4.2019270078740156
11
4.2112912598425192
21
-4.2038109448818899
0
LINE
8
BLACK
6
CONTINUOUS
10
4.2112912598425192
20
-4.2038109448818899
11
4.2094073228346458
21
-4.2050697637795276
0
LINE
8
BLACK
6
CONTINUOUS
10
4.2094073228346458
20
-4.2050697637795276
11
4.2071850393700787
21
-4.205511811023622
0
LINE
8
BLACK
6
CONTINUOUS
10
4.2071850393700787
20
-4.205511811023622
11
4.1955708661417326
21
-4.205511811023622
0
LINE
8
BLACK
6
CONTINUOUS
10
4.1955708661417326
20
-4.205511811023622
11
4.1933485826771655
21
-4.2050697637795276
0
LINE
8
BLACK
6
CONTINUOUS
10
4.1933485826771655
20
-4.2050697637795276
11
4.1914646456692912
21
-4.2038109448818899
0
LINE
8
BLACK
6
CONTINUOUS
10
4.1914646456692912
20
-4.2038109448818899
11
4.1902058267716535
21
-4.2019270078740156
0
LINE
8
BLACK
6
CONTINUOUS
10
4.1902058267716535
20
-4.2019270078740156
11
4.1897637795275591
21
-4.1997047244094485
0
LINE
8
BLACK
6
CONTINUOUS
10
4.1897637795275591
20
-4.1997047244094485
11
4.1897637795275591
21
-4.1861220472440941
0
LINE
8
BLACK
6
CONTINUOUS
10
4.1897637795275591
20
-4.1861220472440941
11
4.1902058267716535
21
-4.1838997637795279
0
LINE
8
BLACK
6
CONTINUOUS
10
4.1902058267716535
20
-4.1838997637795279
11
4.1914646456692912
21
-4.1820158267716536
0
LINE
8
BLACK
6
CONTINUOUS
10
4.1914646456692912
20
-4.1820158267716536
11
4.1933485826771655
21
-4.1807570078740159
0
LINE
8
BLACK
6
CONTINUOUS
10
4.1933485826771655
20
-4.1807570078740159
11
4.1955708661417326
21
-4.1803149606299215
0
LINE
8
BLACK
6
CONTINUOUS
10
4.1955708661417326
20
-4.1803149606299215
11
4.2071850393700787
21
-4.1803149606299215
0
LINE
8
BLACK
6
CONTINUOUS
10
4.2071850393700787
20
-4.1803149606299215
11
4.2094073228346458
21
-4.1807570078740159
0
LINE
8
BLACK
6
CONTINUOUS
10
4.2475962992125984
20
-4.1807570078740159
11
4.2494802362204727
21
-4.1820158267716536
0
LINE
8
BLACK
6
CONTINUOUS
10
4.2494802362204727
20
-4.1820158267716536
11
4.2507390551181103
21
-4.1838997637795279
0
LINE
8
BLACK
6
CONTINUOUS
10
4.2507390551181103
20
-4.1838997637795279
11
4.2511811023622048
21
-4.1861220472440941
0
LINE
8
BLACK
6
CONTINUOUS
10
4.2511811023622048
20
-4.1861220472440941
11
4.2511811023622048
21
-4.1997047244094485
0
LINE
8
BLACK
6
CONTINUOUS
10
4.2511811023622048
20
-4.1997047244094485
11
4.2507390551181103
21
-4.2019270078740156
0
LINE
8
BLACK
6
CONTINUOUS
10
4.2507390551181103
20
-4.2019270078740156
11
4.2494802362204727
21
-4.2038109448818899
0
LINE
8
BLACK
6
CONTINUOUS
10
4.2494802362204727
20
-4.2038109448818899
11
4.2475962992125984
21
-4.2050697637795276
0
LINE
8
BLACK
6
CONTINUOUS
10
4.2475962992125984
20
-4.2050697637795276
11
4.2453740157480313
21
-4.205511811023622
0
LINE
8
BLACK
6
CONTINUOUS
10
4.2453740157480313
20
-4.205511811023622
11
4.2337598425196852
21
-4.205511811023622
0
LINE
8
BLACK
6
CONTINUOUS
10
4.2337598425196852
20
-4.205511811023622
11
4.2315375590551181
21
-4.2050697637795276
0
LINE
8
BLACK
6
CONTINUOUS
10
4.2315375590551181
20
-4.2050697637795276
11
4.2296536220472438
21
-4.2038109448818899
0
LINE
8
BLACK
6
CONTINUOUS
10
4.2296536220472438
20
-4.2038109448818899
11
4.2283948031496061
21
-4.2019270078740156
0
LINE
8
BLACK
6
CONTINUOUS
10
4.2283948031496061
20
-4.2019270078740156
11
4.2279527559055117
21
-4.1997047244094485
0
LINE
8
BLACK
6
CONTINUOUS
10
4.2279527559055117
20
-4.1997047244094485
11
4.2279527559055117
21
-4.1861220472440941
0
LINE
8
BLACK
6
CONTINUOUS
10
4.2279527559055117
20
-4.1861220472440941
11
4.2283948031496061
21
-4.1838997637795279
0
LINE
8
BLACK
6
CONTINUOUS
10
4.2283948031496061
20
-4.1838997637795279
11
4.2296536220472438
21
-4.1820158267716536
0
LINE
8
BLACK
6
CONTINUOUS
10
4.2296536220472438
20
-4.1820158267716536
11
4.2315375590551181
21
-4.1807570078740159
0
LINE
8
BLACK
6
CONTINUOUS
10
4.2315375590551181
20
-4.1807570078740159
11
4.2337598425196852
21
-4.1803149606299215
0
LINE
8
BLACK
6
CONTINUOUS
10
4.2337598425196852
20
-4.1803149606299215
11
4.2453740157480313
21
-4.1803149606299215
0
LINE
8
BLACK
6
CONTINUOUS
10
4.2453740157480313
20
-4.1803149606299215
11
4.2475962992125984
21
-4.1807570078740159
0
LINE
8
BLACK
6
CONTINUOUS
10
2.4226449606299214
20
-4.1870078740157481
11
2.3655583464566927
21
-4.1870078740157481
0
LINE
8
BLACK
6
CONTINUOUS
10
2.3655583464566927
20
-4.1870078740157481
11
2.3655583464566927
21
-4.1751968503937009
0
LINE
8
BLACK
6
CONTINUOUS
10
2.3655583464566927
20
-4.1751968503937009
11
2.3655583464566927
21
-4.1633858267716537
0
LINE
8
BLACK
6
CONTINUOUS
10
2.3655583464566927
20
-4.1633858267716537
11
2.4226449606299214
21
-4.1633858267716537
0
LINE
8
BLACK
6
CONTINUOUS
10
2.4226449606299214
20
-4.1633858267716537
11
2.4226449606299214
21
-4.1751968503937009
0
LINE
8
BLACK
6
CONTINUOUS
10
2.4226449606299214
20
-4.1751968503937009
11
2.4226449606299214
21
-4.1870078740157481
0
LINE
8
BLACK
6
CONTINUOUS
10
3.0334645669291338
20
-4.1712598425196852
11
2.9980314960629921
21
-4.1712598425196852
0
LINE
8
BLACK
6
CONTINUOUS
10
2.9980314960629921
20
-4.1712598425196852
11
2.9980314960629921
21
-4.1397637795275593
0
LINE
8
BLACK
6
CONTINUOUS
10
2.9980314960629921
20
-4.1397637795275593
11
3.0334645669291338
21
-4.1397637795275593
0
LINE
8
BLACK
6
CONTINUOUS
10
3.0334645669291338
20
-4.1397637795275593
11
3.0334645669291338
21
-4.1712598425196852
0
LINE
8
BLACK
6
CONTINUOUS
10
4.2094073228346458
20
-4.1217018897637798
11
4.2112912598425192
21
-4.1229607086614175
0
LINE
8
BLACK
6
CONTINUOUS
10
4.2112912598425192
20
-4.1229607086614175
11
4.2125500787401577
21
-4.1248446456692909
0
LINE
8
BLACK
6
CONTINUOUS
10
4.2125500787401577
20
-4.1248446456692909
11
4.2129921259842522
21
-4.127066929133858
0
LINE
8
BLACK
6
CONTINUOUS
10
4.2129921259842522
20
-4.127066929133858
11
4.2129921259842522
21
-4.1406496062992124
0
LINE
8
BLACK
6
CONTINUOUS
10
4.2129921259842522
20
-4.1406496062992124
11
4.2125500787401577
21
-4.1428718897637795
0
LINE
8
BLACK
6
CONTINUOUS
10
4.2125500787401577
20
-4.1428718897637795
11
4.2112912598425192
21
-4.1447558267716538
0
LINE
8
BLACK
6
CONTINUOUS
10
4.2112912598425192
20
-4.1447558267716538
11
4.2094073228346458
21
-4.1460146456692915
0
LINE
8
BLACK
6
CONTINUOUS
10
4.2094073228346458
20
-4.1460146456692915
11
4.2071850393700787
21
-4.1464566929133859
0
LINE
8
BLACK
6
CONTINUOUS
10
4.2071850393700787
20
-4.1464566929133859
11
4.1955708661417326
21
-4.1464566929133859
0
LINE
8
BLACK
6
CONTINUOUS
10
4.1955708661417326
20
-4.1464566929133859
11
4.1933485826771655
21
-4.1460146456692915
0
LINE
8
BLACK
6
CONTINUOUS
10
4.1933485826771655
20
-4.1460146456692915
11
4.1914646456692912
21
-4.1447558267716538
0
LINE
8
BLACK
6
CONTINUOUS
10
4.1914646456692912
20
-4.1447558267716538
11
4.1902058267716535
21
-4.1428718897637795
0
LINE
8
BLACK
6
CONTINUOUS
10
4.1902058267716535
20
-4.1428718897637795
11
4.1897637795275591
21
-4.1406496062992124
0
LINE
8
BLACK
6
CONTINUOUS
10
4.1897637795275591
20
-4.1406496062992124
11
4.1897637795275591
21
-4.127066929133858
0
LINE
8
BLACK
6
CONTINUOUS
10
4.1897637795275591
20
-4.127066929133858
11
4.1902058267716535
21
-4.1248446456692909
0
LINE
8
BLACK
6
CONTINUOUS
10
4.1902058267716535
20
-4.1248446456692909
11
4.1914646456692912
21
-4.1229607086614175
0
LINE
8
BLACK
6
CONTINUOUS
10
4.1914646456692912
20
-4.1229607086614175
11
4.1933485826771655
21
-4.1217018897637798
0
LINE
8
BLACK
6
CONTINUOUS
10
4.1933485826771655
20
-4.1217018897637798
11
4.1955708661417326
21
-4.1212598425196854
0
LINE
8
BLACK
6
CONTINUOUS
10
4.1955708661417326
20
-4.1212598425196854
11
4.2071850393700787
21
-4.1212598425196854
0
LINE
8
BLACK
6
CONTINUOUS
10
4.2071850393700787
20
-4.1212598425196854
11
4.2094073228346458
21
-4.1217018897637798
0
LINE
8
BLACK
6
CONTINUOUS
10
4.2475962992125984
20
-4.1217018897637798
11
4.2494802362204727
21
-4.1229607086614175
0
LINE
8
BLACK
6
CONTINUOUS
10
4.2494802362204727
20
-4.1229607086614175
11
4.2507390551181103
21
-4.1248446456692909
0
LINE
8
BLACK
6
CONTINUOUS
10
4.2507390551181103
20
-4.1248446456692909
11
4.2511811023622048
21
-4.127066929133858
0
LINE
8
BLACK
6
CONTINUOUS
10
4.2511811023622048
20
-4.127066929133858
11
4.2511811023622048
21
-4.1406496062992124
0
LINE
8
BLACK
6
CONTINUOUS
10
4.2511811023622048
20
-4.1406496062992124
11
4.2507390551181103
21
-4.1428718897637795
0
LINE
8
BLACK
6
CONTINUOUS
10
4.2507390551181103
20
-4.1428718897637795
11
4.2494802362204727
21
-4.1447558267716538
0
LINE
8
BLACK
6
CONTINUOUS
10
4.2494802362204727
20
-4.1447558267716538
11
4.2475962992125984
21
-4.1460146456692915
0
LINE
8
BLACK
6
CONTINUOUS
10
4.2475962992125984
20
-4.1460146456692915
11
4.2453740157480313
21
-4.1464566929133859
0
LINE
8
BLACK
6
CONTINUOUS
10
4.2453740157480313
20
-4.1464566929133859
11
4.2337598425196852
21
-4.1464566929133859
0
LINE
8
BLACK
6
CONTINUOUS
10
4.2337598425196852
20
-4.1464566929133859
11
4.2315375590551181
21
-4.1460146456692915
0
LINE
8
BLACK
6
CONTINUOUS
10
4.2315375590551181
20
-4.1460146456692915
11
4.2296536220472438
21
-4.1447558267716538
0
LINE
8
BLACK
6
CONTINUOUS
10
4.2296536220472438
20
-4.1447558267716538
11
4.2283948031496061
21
-4.1428718897637795
0
LINE
8
BLACK
6
CONTINUOUS
10
4.2283948031496061
20
-4.1428718897637795
11
4.2279527559055117
21
-4.1406496062992124
0
LINE
8
BLACK
6
CONTINUOUS
10
4.2279527559055117
20
-4.1406496062992124
11
4.2279527559055117
21
-4.127066929133858
0
LINE
8
BLACK
6
CONTINUOUS
10
4.2279527559055117
20
-4.127066929133858
11
4.2283948031496061
21
-4.1248446456692909
0
LINE
8
BLACK
6
CONTINUOUS
10
4.2283948031496061
20
-4.1248446456692909
11
4.2296536220472438
21
-4.1229607086614175
0
LINE
8
BLACK
6
CONTINUOUS
10
4.2296536220472438
20
-4.1229607086614175
11
4.2315375590551181
21
-4.1217018897637798
0
LINE
8
BLACK
6
CONTINUOUS
10
4.2315375590551181
20
-4.1217018897637798
11
4.2337598425196852
21
-4.1212598425196854
0
LINE
8
BLACK
6
CONTINUOUS
10
4.2337598425196852
20
-4.1212598425196854
11
4.2453740157480313
21
-4.1212598425196854
0
LINE
8
BLACK
6
CONTINUOUS
10
4.2453740157480313
20
-4.1212598425196854
11
4.2475962992125984
21
-4.1217018897637798
0
LINE
8
BLACK
6
CONTINUOUS
10
2.6970434251968505
20
-4.0751542519685042
11
2.6989592913385825
21
-4.0764344094488187
0
LINE
8
BLACK
6
CONTINUOUS
10
2.6989592913385825
20
-4.0764344094488187
11
2.7002394488188974
21
-4.0783502755905507
0
LINE
8
BLACK
6
CONTINUOUS
10
2.7002394488188974
20
-4.0783502755905507
11
2.7006889763779527
21
-4.0806102362204726
0
LINE
8
BLACK
6
CONTINUOUS
10
2.7006889763779527
20
-4.0806102362204726
11
2.7006889763779527
21
-4.1376968503937004
0
LINE
8
BLACK
6
CONTINUOUS
10
2.7006889763779527
20
-4.1376968503937004
11
2.7002394488188974
21
-4.1399568110236222
0
LINE
8
BLACK
6
CONTINUOUS
10
2.7002394488188974
20
-4.1399568110236222
11
2.6989592913385825
21
-4.1418726771653542
0
LINE
8
BLACK
6
CONTINUOUS
10
2.6989592913385825
20
-4.1418726771653542
11
2.6970434251968505
21
-4.1431528346456696
0
LINE
8
BLACK
6
CONTINUOUS
10
2.6970434251968505
20
-4.1431528346456696
11
2.6947834645669291
21
-4.1436023622047244
0
LINE
8
BLACK
6
CONTINUOUS
10
2.6947834645669291
20
-4.1436023622047244
11
2.6829724409448819
21
-4.1436023622047244
0
LINE
8
BLACK
6
CONTINUOUS
10
2.6829724409448819
20
-4.1436023622047244
11
2.6807124803149605
21
-4.1431528346456696
0
LINE
8
BLACK
6
CONTINUOUS
10
2.6807124803149605
20
-4.1431528346456696
11
2.6787966141732285
21
-4.1418726771653542
0
LINE
8
BLACK
6
CONTINUOUS
10
2.6787966141732285
20
-4.1418726771653542
11
2.6775164566929135
21
-4.1399568110236222
0
LINE
8
BLACK
6
CONTINUOUS
10
2.6775164566929135
20
-4.1399568110236222
11
2.6770669291338582
21
-4.1376968503937004
0
LINE
8
BLACK
6
CONTINUOUS
10
2.6770669291338582
20
-4.1376968503937004
11
2.6770669291338582
21
-4.0806102362204726
0
LINE
8
BLACK
6
CONTINUOUS
10
2.6770669291338582
20
-4.0806102362204726
11
2.6775164566929135
21
-4.0783502755905507
0
LINE
8
BLACK
6
CONTINUOUS
10
2.6775164566929135
20
-4.0783502755905507
11
2.6787966141732285
21
-4.0764344094488187
0
LINE
8
BLACK
6
CONTINUOUS
10
2.6787966141732285
20
-4.0764344094488187
11
2.6807124803149605
21
-4.0751542519685042
0
LINE
8
BLACK
6
CONTINUOUS
10
2.6807124803149605
20
-4.0751542519685042
11
2.6829724409448819
21
-4.0747047244094485
0
LINE
8
BLACK
6
CONTINUOUS
10
2.6829724409448819
20
-4.0747047244094485
11
2.6947834645669291
21
-4.0747047244094485
0
LINE
8
BLACK
6
CONTINUOUS
10
2.6947834645669291
20
-4.0747047244094485
11
2.6970434251968505
21
-4.0751542519685042
0
LINE
8
BLACK
6
CONTINUOUS
10
2.7470434251968503
20
-4.0751542519685042
11
2.7489592913385827
21
-4.0764344094488187
0
LINE
8
BLACK
6
CONTINUOUS
10
2.7489592913385827
20
-4.0764344094488187
11
2.7502394488188977
21
-4.0783502755905507
0
LINE
8
BLACK
6
CONTINUOUS
10
2.7502394488188977
20
-4.0783502755905507
11
2.7506889763779525
21
-4.0806102362204726
0
LINE
8
BLACK
6
CONTINUOUS
10
2.7506889763779525
20
-4.0806102362204726
11
2.7506889763779525
21
-4.1376968503937004
0
LINE
8
BLACK
6
CONTINUOUS
10
2.7506889763779525
20
-4.1376968503937004
11
2.7502394488188977
21
-4.1399568110236222
0
LINE
8
BLACK
6
CONTINUOUS
10
2.7502394488188977
20
-4.1399568110236222
11
2.7489592913385827
21
-4.1418726771653542
0
LINE
8
BLACK
6
CONTINUOUS
10
2.7489592913385827
20
-4.1418726771653542
11
2.7470434251968503
21
-4.1431528346456696
0
LINE
8
BLACK
6
CONTINUOUS
10
2.7470434251968503
20
-4.1431528346456696
11
2.7447834645669289
21
-4.1436023622047244
0
LINE
8
BLACK
6
CONTINUOUS
10
2.7447834645669289
20
-4.1436023622047244
11
2.7329724409448817
21
-4.1436023622047244
0
LINE
8
BLACK
6
CONTINUOUS
10
2.7329724409448817
20
-4.1436023622047244
11
2.7307124803149607
21
-4.1431528346456696
0
LINE
8
BLACK
6
CONTINUOUS
10
2.7307124803149607
20
-4.1431528346456696
11
2.7287966141732283
21
-4.1418726771653542
0
LINE
8
BLACK
6
CONTINUOUS
10
2.7287966141732283
20
-4.1418726771653542
11
2.7275164566929133
21
-4.1399568110236222
0
LINE
8
BLACK
6
CONTINUOUS
10
2.7275164566929133
20
-4.1399568110236222
11
2.7270669291338581
21
-4.1376968503937004
0
LINE
8
BLACK
6
CONTINUOUS
10
2.7270669291338581
20
-4.1376968503937004
11
2.7270669291338581
21
-4.0806102362204726
0
LINE
8
BLACK
6
CONTINUOUS
10
2.7270669291338581
20
-4.0806102362204726
11
2.7275164566929133
21
-4.0783502755905507
0
LINE
8
BLACK
6
CONTINUOUS
10
2.7275164566929133
20
-4.0783502755905507
11
2.7287966141732283
21
-4.0764344094488187
0
LINE
8
BLACK
6
CONTINUOUS
10
2.7287966141732283
20
-4.0764344094488187
11
2.7307124803149607
21
-4.0751542519685042
0
LINE
8
BLACK
6
CONTINUOUS
10
2.7307124803149607
20
-4.0751542519685042
11
2.7329724409448817
21
-4.0747047244094485
0
LINE
8
BLACK
6
CONTINUOUS
10
2.7329724409448817
20
-4.0747047244094485
11
2.7447834645669289
21
-4.0747047244094485
0
LINE
8
BLACK
6
CONTINUOUS
10
2.7447834645669289
20
-4.0747047244094485
11
2.7470434251968503
21
-4.0751542519685042
0
LINE
8
BLACK
6
CONTINUOUS
10
2.7970434251968501
20
-4.0751542519685042
11
2.7989592913385826
21
-4.0764344094488187
0
LINE
8
BLACK
6
CONTINUOUS
10
2.7989592913385826
20
-4.0764344094488187
11
2.8002394488188975
21
-4.0783502755905507
0
LINE
8
BLACK
6
CONTINUOUS
10
2.8002394488188975
20
-4.0783502755905507
11
2.8006889763779528
21
-4.0806102362204726
0
LINE
8
BLACK
6
CONTINUOUS
10
2.8006889763779528
20
-4.0806102362204726
11
2.8006889763779528
21
-4.1376968503937004
0
LINE
8
BLACK
6
CONTINUOUS
10
2.8006889763779528
20
-4.1376968503937004
11
2.8002394488188975
21
-4.1399568110236222
0
LINE
8
BLACK
6
CONTINUOUS
10
2.8002394488188975
20
-4.1399568110236222
11
2.7989592913385826
21
-4.1418726771653542
0
LINE
8
BLACK
6
CONTINUOUS
10
2.7989592913385826
20
-4.1418726771653542
11
2.7970434251968501
21
-4.1431528346456696
0
LINE
8
BLACK
6
CONTINUOUS
10
2.7970434251968501
20
-4.1431528346456696
11
2.7947834645669292
21
-4.1436023622047244
0
LINE
8
BLACK
6
CONTINUOUS
10
2.7947834645669292
20
-4.1436023622047244
11
2.7829724409448819
21
-4.1436023622047244
0
LINE
8
BLACK
6
CONTINUOUS
10
2.7829724409448819
20
-4.1436023622047244
11
2.7807124803149605
21
-4.1431528346456696
0
LINE
8
BLACK
6
CONTINUOUS
10
2.7807124803149605
20
-4.1431528346456696
11
2.7787966141732281
21
-4.1418726771653542
0
LINE
8
BLACK
6
CONTINUOUS
10
2.7787966141732281
20
-4.1418726771653542
11
2.7775164566929131
21
-4.1399568110236222
0
LINE
8
BLACK
6
CONTINUOUS
10
2.7775164566929131
20
-4.1399568110236222
11
2.7770669291338583
21
-4.1376968503937004
0
LINE
8
BLACK
6
CONTINUOUS
10
2.7770669291338583
20
-4.1376968503937004
11
2.7770669291338583
21
-4.0806102362204726
0
LINE
8
BLACK
6
CONTINUOUS
10
2.7770669291338583
20
-4.0806102362204726
11
2.7775164566929131
21
-4.0783502755905507
0
LINE
8
BLACK
6
CONTINUOUS
10
2.7775164566929131
20
-4.0783502755905507
11
2.7787966141732281
21
-4.0764344094488187
0
LINE
8
BLACK
6
CONTINUOUS
10
2.7787966141732281
20
-4.0764344094488187
11
2.7807124803149605
21
-4.0751542519685042
0
LINE
8
BLACK
6
CONTINUOUS
10
2.7807124803149605
20
-4.0751542519685042
11
2.7829724409448819
21
-4.0747047244094485
0
LINE
8
BLACK
6
CONTINUOUS
10
2.7829724409448819
20
-4.0747047244094485
11
2.7947834645669292
21
-4.0747047244094485
0
LINE
8
BLACK
6
CONTINUOUS
10
2.7947834645669292
20
-4.0747047244094485
11
2.7970434251968501
21
-4.0751542519685042
0
LINE
8
BLACK
6
CONTINUOUS
10
2.8470434251968504
20
-4.0751542519685042
11
2.8489592913385828
21
-4.0764344094488187
0
LINE
8
BLACK
6
CONTINUOUS
10
2.8489592913385828
20
-4.0764344094488187
11
2.8502394488188978
21
-4.0783502755905507
0
LINE
8
BLACK
6
CONTINUOUS
10
2.8502394488188978
20
-4.0783502755905507
11
2.8506889763779526
21
-4.0806102362204726
0
LINE
8
BLACK
6
CONTINUOUS
10
2.8506889763779526
20
-4.0806102362204726
11
2.8506889763779526
21
-4.1376968503937004
0
LINE
8
BLACK
6
CONTINUOUS
10
2.8506889763779526
20
-4.1376968503937004
11
2.8502394488188978
21
-4.1399568110236222
0
LINE
8
BLACK
6
CONTINUOUS
10
2.8502394488188978
20
-4.1399568110236222
11
2.8489592913385828
21
-4.1418726771653542
0
LINE
8
BLACK
6
CONTINUOUS
10
2.8489592913385828
20
-4.1418726771653542
11
2.8470434251968504
21
-4.1431528346456696
0
LINE
8
BLACK
6
CONTINUOUS
10
2.8470434251968504
20
-4.1431528346456696
11
2.844783464566929
21
-4.1436023622047244
0
LINE
8
BLACK
6
CONTINUOUS
10
2.844783464566929
20
-4.1436023622047244
11
2.8329724409448818
21
-4.1436023622047244
0
LINE
8
BLACK
6
CONTINUOUS
10
2.8329724409448818
20
-4.1436023622047244
11
2.8307124803149604
21
-4.1431528346456696
0
LINE
8
BLACK
6
CONTINUOUS
10
2.8307124803149604
20
-4.1431528346456696
11
2.8287966141732284
21
-4.1418726771653542
0
LINE
8
BLACK
6
CONTINUOUS
10
2.8287966141732284
20
-4.1418726771653542
11
2.8275164566929134
21
-4.1399568110236222
0
LINE
8
BLACK
6
CONTINUOUS
10
2.8275164566929134
20
-4.1399568110236222
11
2.8270669291338582
21
-4.1376968503937004
0
LINE
8
BLACK
6
CONTINUOUS
10
2.8270669291338582
20
-4.1376968503937004
11
2.8270669291338582
21
-4.0806102362204726
0
LINE
8
BLACK
6
CONTINUOUS
10
2.8270669291338582
20
-4.0806102362204726
11
2.8275164566929134
21
-4.0783502755905507
0
LINE
8
BLACK
6
CONTINUOUS
10
2.8275164566929134
20
-4.0783502755905507
11
2.8287966141732284
21
-4.0764344094488187
0
LINE
8
BLACK
6
CONTINUOUS
10
2.8287966141732284
20
-4.0764344094488187
11
2.8307124803149604
21
-4.0751542519685042
0
LINE
8
BLACK
6
CONTINUOUS
10
2.8307124803149604
20
-4.0751542519685042
11
2.8329724409448818
21
-4.0747047244094485
0
LINE
8
BLACK
6
CONTINUOUS
10
2.8329724409448818
20
-4.0747047244094485
11
2.844783464566929
21
-4.0747047244094485
0
LINE
8
BLACK
6
CONTINUOUS
10
2.844783464566929
20
-4.0747047244094485
11
2.8470434251968504
21
-4.0751542519685042
0
LINE
8
BLACK
6
CONTINUOUS
10
3.5003719291338582
20
-4.1155984251968505
11
3.5025118110236217
21
-4.117738307086614
0
LINE
8
BLACK
6
CONTINUOUS
10
3.5025118110236217
20
-4.117738307086614
11
3.5036698818897638
21
-4.1205341338582677
0
LINE
8
BLACK
6
CONTINUOUS
10
3.5036698818897638
20
-4.1205341338582677
11
3.5036698818897638
21
-4.1235603543307082
0
LINE
8
BLACK
6
CONTINUOUS
10
3.5036698818897638
20
-4.1235603543307082
11
3.5025118110236217
21
-4.1263561811023619
0
LINE
8
BLACK
6
CONTINUOUS
10
3.5025118110236217
20
-4.1263561811023619
11
3.5003719291338582
21
-4.1284960629921255
0
LINE
8
BLACK
6
CONTINUOUS
10
3.5003719291338582
20
-4.1284960629921255
11
3.4975761023622045
21
-4.129654133858268
0
LINE
8
BLACK
6
CONTINUOUS
10
3.4975761023622045
20
-4.129654133858268
11
3.4945498818897636
21
-4.129654133858268
0
LINE
8
BLACK
6
CONTINUOUS
10
3.4945498818897636
20
-4.129654133858268
11
3.4917540551181103
21
-4.1284960629921255
0
LINE
8
BLACK
6
CONTINUOUS
10
3.4917540551181103
20
-4.1284960629921255
11
3.4896141732283463
21
-4.1263561811023619
0
LINE
8
BLACK
6
CONTINUOUS
10
3.4896141732283463
20
-4.1263561811023619
11
3.4884561023622047
21
-4.1235603543307082
0
LINE
8
BLACK
6
CONTINUOUS
10
3.4884561023622047
20
-4.1235603543307082
11
3.4884561023622047
21
-4.1205341338582677
0
LINE
8
BLACK
6
CONTINUOUS
10
3.4884561023622047
20
-4.1205341338582677
11
3.4896141732283463
21
-4.117738307086614
0
LINE
8
BLACK
6
CONTINUOUS
10
3.4896141732283463
20
-4.117738307086614
11
3.4917540551181103
21
-4.1155984251968505
0
LINE
8
BLACK
6
CONTINUOUS
10
3.4917540551181103
20
-4.1155984251968505
11
3.4945498818897636
21
-4.1144403543307089
0
LINE
8
BLACK
6
CONTINUOUS
10
3.4945498818897636
20
-4.1144403543307089
11
3.4975761023622045
21
-4.1144403543307089
0
LINE
8
BLACK
6
CONTINUOUS
10
3.4975761023622045
20
-4.1144403543307089
11
3.5003719291338582
21
-4.1155984251968505
0
LINE
8
BLACK
6
CONTINUOUS
10
3.5318679921259841
20
-4.1155984251968505
11
3.5340078740157481
21
-4.117738307086614
0
LINE
8
BLACK
6
CONTINUOUS
10
3.5340078740157481
20
-4.117738307086614
11
3.5351659448818897
21
-4.1205341338582677
0
LINE
8
BLACK
6
CONTINUOUS
10
3.5351659448818897
20
-4.1205341338582677
11
3.5351659448818897
21
-4.1235603543307082
0
LINE
8
BLACK
6
CONTINUOUS
10
3.5351659448818897
20
-4.1235603543307082
11
3.5340078740157481
21
-4.1263561811023619
0
LINE
8
BLACK
6
CONTINUOUS
10
3.5340078740157481
20
-4.1263561811023619
11
3.5318679921259841
21
-4.1284960629921255
0
LINE
8
BLACK
6
CONTINUOUS
10
3.5318679921259841
20
-4.1284960629921255
11
3.5290721653543304
21
-4.129654133858268
0
LINE
8
BLACK
6
CONTINUOUS
10
3.5290721653543304
20
-4.129654133858268
11
3.5260459448818895
21
-4.129654133858268
0
LINE
8
BLACK
6
CONTINUOUS
10
3.5260459448818895
20
-4.129654133858268
11
3.5232501181102363
21
-4.1284960629921255
0
LINE
8
BLACK
6
CONTINUOUS
10
3.5232501181102363
20
-4.1284960629921255
11
3.5211102362204723
21
-4.1263561811023619
0
LINE
8
BLACK
6
CONTINUOUS
10
3.5211102362204723
20
-4.1263561811023619
11
3.5199521653543306
21
-4.1235603543307082
0
LINE
8
BLACK
6
CONTINUOUS
10
3.5199521653543306
20
-4.1235603543307082
11
3.5199521653543306
21
-4.1205341338582677
0
LINE
8
BLACK
6
CONTINUOUS
10
3.5199521653543306
20
-4.1205341338582677
11
3.5211102362204723
21
-4.117738307086614
0
LINE
8
BLACK
6
CONTINUOUS
10
3.5211102362204723
20
-4.117738307086614
11
3.5232501181102363
21
-4.1155984251968505
0
LINE
8
BLACK
6
CONTINUOUS
10
3.5232501181102363
20
-4.1155984251968505
11
3.5260459448818895
21
-4.1144403543307089
0
LINE
8
BLACK
6
CONTINUOUS
10
3.5260459448818895
20
-4.1144403543307089
11
3.5290721653543304
21
-4.1144403543307089
0
LINE
8
BLACK
6
CONTINUOUS
10
3.5290721653543304
20
-4.1144403543307089
11
3.5318679921259841
21
-4.1155984251968505
0
LINE
8
BLACK
6
CONTINUOUS
10
3.5633640551181101
20
-4.1155984251968505
11
3.565503937007874
21
-4.117738307086614
0
LINE
8
BLACK
6
CONTINUOUS
10
3.565503937007874
20
-4.117738307086614
11
3.5666620078740157
21
-4.1205341338582677
0
LINE
8
BLACK
6
CONTINUOUS
10
3.5666620078740157
20
-4.1205341338582677
11
3.5666620078740157
21
-4.1235603543307082
0
LINE
8
BLACK
6
CONTINUOUS
10
3.5666620078740157
20
-4.1235603543307082
11
3.565503937007874
21
-4.1263561811023619
0
LINE
8
BLACK
6
CONTINUOUS
10
3.565503937007874
20
-4.1263561811023619
11
3.5633640551181101
21
-4.1284960629921255
0
LINE
8
BLACK
6
CONTINUOUS
10
3.5633640551181101
20
-4.1284960629921255
11
3.5605682283464568
21
-4.129654133858268
0
LINE
8
BLACK
6
CONTINUOUS
10
3.5605682283464568
20
-4.129654133858268
11
3.5575420078740159
21
-4.129654133858268
0
LINE
8
BLACK
6
CONTINUOUS
10
3.5575420078740159
20
-4.129654133858268
11
3.5547461811023622
21
-4.1284960629921255
0
LINE
8
BLACK
6
CONTINUOUS
10
3.5547461811023622
20
-4.1284960629921255
11
3.5526062992125982
21
-4.1263561811023619
0
LINE
8
BLACK
6
CONTINUOUS
10
3.5526062992125982
20
-4.1263561811023619
11
3.5514482283464566
21
-4.1235603543307082
0
LINE
8
BLACK
6
CONTINUOUS
10
3.5514482283464566
20
-4.1235603543307082
11
3.5514482283464566
21
-4.1205341338582677
0
LINE
8
BLACK
6
CONTINUOUS
10
3.5514482283464566
20
-4.1205341338582677
11
3.5526062992125982
21
-4.117738307086614
0
LINE
8
BLACK
6
CONTINUOUS
10
3.5526062992125982
20
-4.117738307086614
11
3.5547461811023622
21
-4.1155984251968505
0
LINE
8
BLACK
6
CONTINUOUS
10
3.5547461811023622
20
-4.1155984251968505
11
3.5575420078740159
21
-4.1144403543307089
0
LINE
8
BLACK
6
CONTINUOUS
10
3.5575420078740159
20
-4.1144403543307089
11
3.5605682283464568
21
-4.1144403543307089
0
LINE
8
BLACK
6
CONTINUOUS
10
3.5605682283464568
20
-4.1144403543307089
11
3.5633640551181101
21
-4.1155984251968505
0
LINE
8
BLACK
6
CONTINUOUS
10
3.594860118110236
20
-4.1155984251968505
11
3.597
21
-4.117738307086614
0
LINE
8
BLACK
6
CONTINUOUS
10
3.597
20
-4.117738307086614
11
3.5981580708661416
21
-4.1205341338582677
0
LINE
8
BLACK
6
CONTINUOUS
10
3.5981580708661416
20
-4.1205341338582677
11
3.5981580708661416
21
-4.1235603543307082
0
LINE
8
BLACK
6
CONTINUOUS
10
3.5981580708661416
20
-4.1235603543307082
11
3.597
21
-4.1263561811023619
0
LINE
8
BLACK
6
CONTINUOUS
10
3.597
20
-4.1263561811023619
11
3.594860118110236
21
-4.1284960629921255
0
LINE
8
BLACK
6
CONTINUOUS
10
3.594860118110236
20
-4.1284960629921255
11
3.5920642913385827
21
-4.129654133858268
0
LINE
8
BLACK
6
CONTINUOUS
10
3.5920642913385827
20
-4.129654133858268
11
3.5890380708661418
21
-4.129654133858268
0
LINE
8
BLACK
6
CONTINUOUS
10
3.5890380708661418
20
-4.129654133858268
11
3.5862422440944881
21
-4.1284960629921255
0
LINE
8
BLACK
6
CONTINUOUS
10
3.5862422440944881
20
-4.1284960629921255
11
3.5841023622047241
21
-4.1263561811023619
0
LINE
8
BLACK
6
CONTINUOUS
10
3.5841023622047241
20
-4.1263561811023619
11
3.5829442913385825
21
-4.1235603543307082
0
LINE
8
BLACK
6
CONTINUOUS
10
3.5829442913385825
20
-4.1235603543307082
11
3.5829442913385825
21
-4.1205341338582677
0
LINE
8
BLACK
6
CONTINUOUS
10
3.5829442913385825
20
-4.1205341338582677
11
3.5841023622047241
21
-4.117738307086614
0
LINE
8
BLACK
6
CONTINUOUS
10
3.5841023622047241
20
-4.117738307086614
11
3.5862422440944881
21
-4.1155984251968505
0
LINE
8
BLACK
6
CONTINUOUS
10
3.5862422440944881
20
-4.1155984251968505
11
3.5890380708661418
21
-4.1144403543307089
0
LINE
8
BLACK
6
CONTINUOUS
10
3.5890380708661418
20
-4.1144403543307089
11
3.5920642913385827
21
-4.1144403543307089
0
LINE
8
BLACK
6
CONTINUOUS
10
3.5920642913385827
20
-4.1144403543307089
11
3.594860118110236
21
-4.1155984251968505
0
LINE
8
BLACK
6
CONTINUOUS
10
3.6263561811023619
20
-4.1155984251968505
11
3.6284960629921259
21
-4.117738307086614
0
LINE
8
BLACK
6
CONTINUOUS
10
3.6284960629921259
20
-4.117738307086614
11
3.6296541338582675
21
-4.1205341338582677
0
LINE
8
BLACK
6
CONTINUOUS
10
3.6296541338582675
20
-4.1205341338582677
11
3.6296541338582675
21
-4.1235603543307082
0
LINE
8
BLACK
6
CONTINUOUS
10
3.6296541338582675
20
-4.1235603543307082
11
3.6284960629921259
21
-4.1263561811023619
0
LINE
8
BLACK
6
CONTINUOUS
10
3.6284960629921259
20
-4.1263561811023619
11
3.6263561811023619
21
-4.1284960629921255
0
LINE
8
BLACK
6
CONTINUOUS
10
3.6263561811023619
20
-4.1284960629921255
11
3.6235603543307087
21
-4.129654133858268
0
LINE
8
BLACK
6
CONTINUOUS
10
3.6235603543307087
20
-4.129654133858268
11
3.6205341338582677
21
-4.129654133858268
0
LINE
8
BLACK
6
CONTINUOUS
10
3.6205341338582677
20
-4.129654133858268
11
3.617738307086614
21
-4.1284960629921255
0
LINE
8
BLACK
6
CONTINUOUS
10
3.617738307086614
20
-4.1284960629921255
11
3.6155984251968505
21
-4.1263561811023619
0
LINE
8
BLACK
6
CONTINUOUS
10
3.6155984251968505
20
-4.1263561811023619
11
3.6144403543307084
21
-4.1235603543307082
0
LINE
8
BLACK
6
CONTINUOUS
10
3.6144403543307084
20
-4.1235603543307082
11
3.6144403543307084
21
-4.1205341338582677
0
LINE
8
BLACK
6
CONTINUOUS
10
3.6144403543307084
20
-4.1205341338582677
11
3.6155984251968505
21
-4.117738307086614
0
LINE
8
BLACK
6
CONTINUOUS
10
3.6155984251968505
20
-4.117738307086614
11
3.617738307086614
21
-4.1155984251968505
0
LINE
8
BLACK
6
CONTINUOUS
10
3.617738307086614
20
-4.1155984251968505
11
3.6205341338582677
21
-4.1144403543307089
0
LINE
8
BLACK
6
CONTINUOUS
10
3.6205341338582677
20
-4.1144403543307089
11
3.6235603543307087
21
-4.1144403543307089
0
LINE
8
BLACK
6
CONTINUOUS
10
3.6235603543307087
20
-4.1144403543307089
11
3.6263561811023619
21
-4.1155984251968505
0
LINE
8
BLACK
6
CONTINUOUS
10
3.6578522440944883
20
-4.1155984251968505
11
3.6599921259842518
21
-4.117738307086614
0
LINE
8
BLACK
6
CONTINUOUS
10
3.6599921259842518
20
-4.117738307086614
11
3.6611501968503934
21
-4.1205341338582677
0
LINE
8
BLACK
6
CONTINUOUS
10
3.6611501968503934
20
-4.1205341338582677
11
3.6611501968503934
21
-4.1235603543307082
0
LINE
8
BLACK
6
CONTINUOUS
10
3.6611501968503934
20
-4.1235603543307082
11
3.6599921259842518
21
-4.1263561811023619
0
LINE
8
BLACK
6
CONTINUOUS
10
3.6599921259842518
20
-4.1263561811023619
11
3.6578522440944883
21
-4.1284960629921255
0
LINE
8
BLACK
6
CONTINUOUS
10
3.6578522440944883
20
-4.1284960629921255
11
3.6550564173228346
21
-4.129654133858268
0
LINE
8
BLACK
6
CONTINUOUS
10
3.6550564173228346
20
-4.129654133858268
11
3.6520301968503937
21
-4.129654133858268
0
LINE
8
BLACK
6
CONTINUOUS
10
3.6520301968503937
20
-4.129654133858268
11
3.64923437007874
21
-4.1284960629921255
0
LINE
8
BLACK
6
CONTINUOUS
10
3.64923437007874
20
-4.1284960629921255
11
3.6470944881889764
21
-4.1263561811023619
0
LINE
8
BLACK
6
CONTINUOUS
10
3.6470944881889764
20
-4.1263561811023619
11
3.6459364173228344
21
-4.1235603543307082
0
LINE
8
BLACK
6
CONTINUOUS
10
3.6459364173228344
20
-4.1235603543307082
11
3.6459364173228344
21
-4.1205341338582677
0
LINE
8
BLACK
6
CONTINUOUS
10
3.6459364173228344
20
-4.1205341338582677
11
3.6470944881889764
21
-4.117738307086614
0
LINE
8
BLACK
6
CONTINUOUS
10
3.6470944881889764
20
-4.117738307086614
11
3.64923437007874
21
-4.1155984251968505
0
LINE
8
BLACK
6
CONTINUOUS
10
3.64923437007874
20
-4.1155984251968505
11
3.6520301968503937
21
-4.1144403543307089
0
LINE
8
BLACK
6
CONTINUOUS
10
3.6520301968503937
20
-4.1144403543307089
11
3.6550564173228346
21
-4.1144403543307089
0
LINE
8
BLACK
6
CONTINUOUS
10
3.6550564173228346
20
-4.1144403543307089
11
3.6578522440944883
21
-4.1155984251968505
0
LINE
8
BLACK
6
CONTINUOUS
10
3.6893483070866142
20
-4.1155984251968505
11
3.6914881889763778
21
-4.117738307086614
0
LINE
8
BLACK
6
CONTINUOUS
10
3.6914881889763778
20
-4.117738307086614
11
3.6926462598425198
21
-4.1205341338582677
0
LINE
8
BLACK
6
CONTINUOUS
10
3.6926462598425198
20
-4.1205341338582677
11
3.6926462598425198
21
-4.1235603543307082
0
LINE
8
BLACK
6
CONTINUOUS
10
3.6926462598425198
20
-4.1235603543307082
11
3.6914881889763778
21
-4.1263561811023619
0
LINE
8
BLACK
6
CONTINUOUS
10
3.6914881889763778
20
-4.1263561811023619
11
3.6893483070866142
21
-4.1284960629921255
0
LINE
8
BLACK
6
CONTINUOUS
10
3.6893483070866142
20
-4.1284960629921255
11
3.6865524803149605
21
-4.129654133858268
0
LINE
8
BLACK
6
CONTINUOUS
10
3.6865524803149605
20
-4.129654133858268
11
3.6835262598425196
21
-4.129654133858268
0
LINE
8
BLACK
6
CONTINUOUS
10
3.6835262598425196
20
-4.129654133858268
11
3.6807304330708659
21
-4.1284960629921255
0
LINE
8
BLACK
6
CONTINUOUS
10
3.6807304330708659
20
-4.1284960629921255
11
3.6785905511811023
21
-4.1263561811023619
0
LINE
8
BLACK
6
CONTINUOUS
10
3.6785905511811023
20
-4.1263561811023619
11
3.6774324803149607
21
-4.1235603543307082
0
LINE
8
BLACK
6
CONTINUOUS
10
3.6774324803149607
20
-4.1235603543307082
11
3.6774324803149607
21
-4.1205341338582677
0
LINE
8
BLACK
6
CONTINUOUS
10
3.6774324803149607
20
-4.1205341338582677
11
3.6785905511811023
21
-4.117738307086614
0
LINE
8
BLACK
6
CONTINUOUS
10
3.6785905511811023
20
-4.117738307086614
11
3.6807304330708659
21
-4.1155984251968505
0
LINE
8
BLACK
6
CONTINUOUS
10
3.6807304330708659
20
-4.1155984251968505
11
3.6835262598425196
21
-4.1144403543307089
0
LINE
8
BLACK
6
CONTINUOUS
10
3.6835262598425196
20
-4.1144403543307089
11
3.6865524803149605
21
-4.1144403543307089
0
LINE
8
BLACK
6
CONTINUOUS
10
3.6865524803149605
20
-4.1144403543307089
11
3.6893483070866142
21
-4.1155984251968505
0
LINE
8
BLACK
6
CONTINUOUS
10
3.7208443700787401
20
-4.1155984251968505
11
3.7229842519685037
21
-4.117738307086614
0
LINE
8
BLACK
6
CONTINUOUS
10
3.7229842519685037
20
-4.117738307086614
11
3.7241423228346457
21
-4.1205341338582677
0
LINE
8
BLACK
6
CONTINUOUS
10
3.7241423228346457
20
-4.1205341338582677
11
3.7241423228346457
21
-4.1235603543307082
0
LINE
8
BLACK
6
CONTINUOUS
10
3.7241423228346457
20
-4.1235603543307082
11
3.7229842519685037
21
-4.1263561811023619
0
LINE
8
BLACK
6
CONTINUOUS
10
3.7229842519685037
20
-4.1263561811023619
11
3.7208443700787401
21
-4.1284960629921255
0
LINE
8
BLACK
6
CONTINUOUS
10
3.7208443700787401
20
-4.1284960629921255
11
3.7180485433070865
21
-4.129654133858268
0
LINE
8
BLACK
6
CONTINUOUS
10
3.7180485433070865
20
-4.129654133858268
11
3.7150223228346455
21
-4.129654133858268
0
LINE
8
BLACK
6
CONTINUOUS
10
3.7150223228346455
20
-4.129654133858268
11
3.7122264960629918
21
-4.1284960629921255
0
LINE
8
BLACK
6
CONTINUOUS
10
3.7122264960629918
20
-4.1284960629921255
11
3.7100866141732283
21
-4.1263561811023619
0
LINE
8
BLACK
6
CONTINUOUS
10
3.7100866141732283
20
-4.1263561811023619
11
3.7089285433070867
21
-4.1235603543307082
0
LINE
8
BLACK
6
CONTINUOUS
10
3.7089285433070867
20
-4.1235603543307082
11
3.7089285433070867
21
-4.1205341338582677
0
LINE
8
BLACK
6
CONTINUOUS
10
3.7089285433070867
20
-4.1205341338582677
11
3.7100866141732283
21
-4.117738307086614
0
LINE
8
BLACK
6
CONTINUOUS
10
3.7100866141732283
20
-4.117738307086614
11
3.7122264960629918
21
-4.1155984251968505
0
LINE
8
BLACK
6
CONTINUOUS
10
3.7122264960629918
20
-4.1155984251968505
11
3.7150223228346455
21
-4.1144403543307089
0
LINE
8
BLACK
6
CONTINUOUS
10
3.7150223228346455
20
-4.1144403543307089
11
3.7180485433070865
21
-4.1144403543307089
0
LINE
8
BLACK
6
CONTINUOUS
10
3.7180485433070865
20
-4.1144403543307089
11
3.7208443700787401
21
-4.1155984251968505
0
LINE
8
BLACK
6
CONTINUOUS
10
3.7523404330708661
20
-4.1155984251968505
11
3.7544803149606296
21
-4.117738307086614
0
LINE
8
BLACK
6
CONTINUOUS
10
3.7544803149606296
20
-4.117738307086614
11
3.7556383858267717
21
-4.1205341338582677
0
LINE
8
BLACK
6
CONTINUOUS
10
3.7556383858267717
20
-4.1205341338582677
11
3.7556383858267717
21
-4.1235603543307082
0
LINE
8
BLACK
6
CONTINUOUS
10
3.7556383858267717
20
-4.1235603543307082
11
3.7544803149606296
21
-4.1263561811023619
0
LINE
8
BLACK
6
CONTINUOUS
10
3.7544803149606296
20
-4.1263561811023619
11
3.7523404330708661
21
-4.1284960629921255
0
LINE
8
BLACK
6
CONTINUOUS
10
3.7523404330708661
20
-4.1284960629921255
11
3.7495446062992124
21
-4.129654133858268
0
LINE
8
BLACK
6
CONTINUOUS
10
3.7495446062992124
20
-4.129654133858268
11
3.7465183858267714
21
-4.129654133858268
0
LINE
8
BLACK
6
CONTINUOUS
10
3.7465183858267714
20
-4.129654133858268
11
3.7437225590551182
21
-4.1284960629921255
0
LINE
8
BLACK
6
CONTINUOUS
10
3.7437225590551182
20
-4.1284960629921255
11
3.7415826771653542
21
-4.1263561811023619
0
LINE
8
BLACK
6
CONTINUOUS
10
3.7415826771653542
20
-4.1263561811023619
11
3.7404246062992126
21
-4.1235603543307082
0
LINE
8
BLACK
6
CONTINUOUS
10
3.7404246062992126
20
-4.1235603543307082
11
3.7404246062992126
21
-4.1205341338582677
0
LINE
8
BLACK
6
CONTINUOUS
10
3.7404246062992126
20
-4.1205341338582677
11
3.7415826771653542
21
-4.117738307086614
0
LINE
8
BLACK
6
CONTINUOUS
10
3.7415826771653542
20
-4.117738307086614
11
3.7437225590551182
21
-4.1155984251968505
0
LINE
8
BLACK
6
CONTINUOUS
10
3.7437225590551182
20
-4.1155984251968505
11
3.7465183858267714
21
-4.1144403543307089
0
LINE
8
BLACK
6
CONTINUOUS
10
3.7465183858267714
20
-4.1144403543307089
11
3.7495446062992124
21
-4.1144403543307089
0
LINE
8
BLACK
6
CONTINUOUS
10
3.7495446062992124
20
-4.1144403543307089
11
3.7523404330708661
21
-4.1155984251968505
0
LINE
8
BLACK
6
CONTINUOUS
10
3.783836496062992
20
-4.1155984251968505
11
3.785976377952756
21
-4.117738307086614
0
LINE
8
BLACK
6
CONTINUOUS
10
3.785976377952756
20
-4.117738307086614
11
3.7871344488188976
21
-4.1205341338582677
0
LINE
8
BLACK
6
CONTINUOUS
10
3.7871344488188976
20
-4.1205341338582677
11
3.7871344488188976
21
-4.1235603543307082
0
LINE
8
BLACK
6
CONTINUOUS
10
3.7871344488188976
20
-4.1235603543307082
11
3.785976377952756
21
-4.1263561811023619
0
LINE
8
BLACK
6
CONTINUOUS
10
3.785976377952756
20
-4.1263561811023619
11
3.783836496062992
21
-4.1284960629921255
0
LINE
8
BLACK
6
CONTINUOUS
10
3.783836496062992
20
-4.1284960629921255
11
3.7810406692913383
21
-4.129654133858268
0
LINE
8
BLACK
6
CONTINUOUS
10
3.7810406692913383
20
-4.129654133858268
11
3.7780144488188974
21
-4.129654133858268
0
LINE
8
BLACK
6
CONTINUOUS
10
3.7780144488188974
20
-4.129654133858268
11
3.7752186220472441
21
-4.1284960629921255
0
LINE
8
BLACK
6
CONTINUOUS
10
3.7752186220472441
20
-4.1284960629921255
11
3.7730787401574801
21
-4.1263561811023619
0
LINE
8
BLACK
6
CONTINUOUS
10
3.7730787401574801
20
-4.1263561811023619
11
3.7719206692913385
21
-4.1235603543307082
0
LINE
8
BLACK
6
CONTINUOUS
10
3.7719206692913385
20
-4.1235603543307082
11
3.7719206692913385
21
-4.1205341338582677
0
LINE
8
BLACK
6
CONTINUOUS
10
3.7719206692913385
20
-4.1205341338582677
11
3.7730787401574801
21
-4.117738307086614
0
LINE
8
BLACK
6
CONTINUOUS
10
3.7730787401574801
20
-4.117738307086614
11
3.7752186220472441
21
-4.1155984251968505
0
LINE
8
BLACK
6
CONTINUOUS
10
3.7752186220472441
20
-4.1155984251968505
11
3.7780144488188974
21
-4.1144403543307089
0
LINE
8
BLACK
6
CONTINUOUS
10
3.7780144488188974
20
-4.1144403543307089
11
3.7810406692913383
21
-4.1144403543307089
0
LINE
8
BLACK
6
CONTINUOUS
10
3.7810406692913383
20
-4.1144403543307089
11
3.783836496062992
21
-4.1155984251968505
0
LINE
8
BLACK
6
CONTINUOUS
10
3.8153325590551179
20
-4.1155984251968505
11
3.8174724409448819
21
-4.117738307086614
0
LINE
8
BLACK
6
CONTINUOUS
10
3.8174724409448819
20
-4.117738307086614
11
3.8186305118110235
21
-4.1205341338582677
0
LINE
8
BLACK
6
CONTINUOUS
10
3.8186305118110235
20
-4.1205341338582677
11
3.8186305118110235
21
-4.1235603543307082
0
LINE
8
BLACK
6
CONTINUOUS
10
3.8186305118110235
20
-4.1235603543307082
11
3.8174724409448819
21
-4.1263561811023619
0
LINE
8
BLACK
6
CONTINUOUS
10
3.8174724409448819
20
-4.1263561811023619
11
3.8153325590551179
21
-4.1284960629921255
0
LINE
8
BLACK
6
CONTINUOUS
10
3.8153325590551179
20
-4.1284960629921255
11
3.8125367322834647
21
-4.129654133858268
0
LINE
8
BLACK
6
CONTINUOUS
10
3.8125367322834647
20
-4.129654133858268
11
3.8095105118110237
21
-4.129654133858268
0
LINE
8
BLACK
6
CONTINUOUS
10
3.8095105118110237
20
-4.129654133858268
11
3.80671468503937
21
-4.1284960629921255
0
LINE
8
BLACK
6
CONTINUOUS
10
3.80671468503937
20
-4.1284960629921255
11
3.8045748031496061
21
-4.1263561811023619
0
LINE
8
BLACK
6
CONTINUOUS
10
3.8045748031496061
20
-4.1263561811023619
11
3.8034167322834644
21
-4.1235603543307082
0
LINE
8
BLACK
6
CONTINUOUS
10
3.8034167322834644
20
-4.1235603543307082
11
3.8034167322834644
21
-4.1205341338582677
0
LINE
8
BLACK
6
CONTINUOUS
10
3.8034167322834644
20
-4.1205341338582677
11
3.8045748031496061
21
-4.117738307086614
0
LINE
8
BLACK
6
CONTINUOUS
10
3.8045748031496061
20
-4.117738307086614
11
3.80671468503937
21
-4.1155984251968505
0
LINE
8
BLACK
6
CONTINUOUS
10
3.80671468503937
20
-4.1155984251968505
11
3.8095105118110237
21
-4.1144403543307089
0
LINE
8
BLACK
6
CONTINUOUS
10
3.8095105118110237
20
-4.1144403543307089
11
3.8125367322834647
21
-4.1144403543307089
0
LINE
8
BLACK
6
CONTINUOUS
10
3.8125367322834647
20
-4.1144403543307089
11
3.8153325590551179
21
-4.1155984251968505
0
LINE
8
BLACK
6
CONTINUOUS
10
3.8468286220472439
20
-4.1155984251968505
11
3.8489685039370078
21
-4.117738307086614
0
LINE
8
BLACK
6
CONTINUOUS
10
3.8489685039370078
20
-4.117738307086614
11
3.8501265748031495
21
-4.1205341338582677
0
LINE
8
BLACK
6
CONTINUOUS
10
3.8501265748031495
20
-4.1205341338582677
11
3.8501265748031495
21
-4.1235603543307082
0
LINE
8
BLACK
6
CONTINUOUS
10
3.8501265748031495
20
-4.1235603543307082
11
3.8489685039370078
21
-4.1263561811023619
0
LINE
8
BLACK
6
CONTINUOUS
10
3.8489685039370078
20
-4.1263561811023619
11
3.8468286220472439
21
-4.1284960629921255
0
LINE
8
BLACK
6
CONTINUOUS
10
3.8468286220472439
20
-4.1284960629921255
11
3.8440327952755906
21
-4.129654133858268
0
LINE
8
BLACK
6
CONTINUOUS
10
3.8440327952755906
20
-4.129654133858268
11
3.8410065748031497
21
-4.129654133858268
0
LINE
8
BLACK
6
CONTINUOUS
10
3.8410065748031497
20
-4.129654133858268
11
3.838210748031496
21
-4.1284960629921255
0
LINE
8
BLACK
6
CONTINUOUS
10
3.838210748031496
20
-4.1284960629921255
11
3.836070866141732
21
-4.1263561811023619
0
LINE
8
BLACK
6
CONTINUOUS
10
3.836070866141732
20
-4.1263561811023619
11
3.8349127952755904
21
-4.1235603543307082
0
LINE
8
BLACK
6
CONTINUOUS
10
3.8349127952755904
20
-4.1235603543307082
11
3.8349127952755904
21
-4.1205341338582677
0
LINE
8
BLACK
6
CONTINUOUS
10
3.8349127952755904
20
-4.1205341338582677
11
3.836070866141732
21
-4.117738307086614
0
LINE
8
BLACK
6
CONTINUOUS
10
3.836070866141732
20
-4.117738307086614
11
3.838210748031496
21
-4.1155984251968505
0
LINE
8
BLACK
6
CONTINUOUS
10
3.838210748031496
20
-4.1155984251968505
11
3.8410065748031497
21
-4.1144403543307089
0
LINE
8
BLACK
6
CONTINUOUS
10
3.8410065748031497
20
-4.1144403543307089
11
3.8440327952755906
21
-4.1144403543307089
0
LINE
8
BLACK
6
CONTINUOUS
10
3.8440327952755906
20
-4.1144403543307089
11
3.8468286220472439
21
-4.1155984251968505
0
LINE
8
BLACK
6
CONTINUOUS
10
3.8783246850393698
20
-4.1155984251968505
11
3.8804645669291338
21
-4.117738307086614
0
LINE
8
BLACK
6
CONTINUOUS
10
3.8804645669291338
20
-4.117738307086614
11
3.8816226377952754
21
-4.1205341338582677
0
LINE
8
BLACK
6
CONTINUOUS
10
3.8816226377952754
20
-4.1205341338582677
11
3.8816226377952754
21
-4.1235603543307082
0
LINE
8
BLACK
6
CONTINUOUS
10
3.8816226377952754
20
-4.1235603543307082
11
3.8804645669291338
21
-4.1263561811023619
0
LINE
8
BLACK
6
CONTINUOUS
10
3.8804645669291338
20
-4.1263561811023619
11
3.8783246850393698
21
-4.1284960629921255
0
LINE
8
BLACK
6
CONTINUOUS
10
3.8783246850393698
20
-4.1284960629921255
11
3.8755288582677165
21
-4.129654133858268
0
LINE
8
BLACK
6
CONTINUOUS
10
3.8755288582677165
20
-4.129654133858268
11
3.8725026377952756
21
-4.129654133858268
0
LINE
8
BLACK
6
CONTINUOUS
10
3.8725026377952756
20
-4.129654133858268
11
3.8697068110236219
21
-4.1284960629921255
0
LINE
8
BLACK
6
CONTINUOUS
10
3.8697068110236219
20
-4.1284960629921255
11
3.8675669291338584
21
-4.1263561811023619
0
LINE
8
BLACK
6
CONTINUOUS
10
3.8675669291338584
20
-4.1263561811023619
11
3.8664088582677163
21
-4.1235603543307082
0
LINE
8
BLACK
6
CONTINUOUS
10
3.8664088582677163
20
-4.1235603543307082
11
3.8664088582677163
21
-4.1205341338582677
0
LINE
8
BLACK
6
CONTINUOUS
10
3.8664088582677163
20
-4.1205341338582677
11
3.8675669291338584
21
-4.117738307086614
0
LINE
8
BLACK
6
CONTINUOUS
10
3.8675669291338584
20
-4.117738307086614
11
3.8697068110236219
21
-4.1155984251968505
0
LINE
8
BLACK
6
CONTINUOUS
10
3.8697068110236219
20
-4.1155984251968505
11
3.8725026377952756
21
-4.1144403543307089
0
LINE
8
BLACK
6
CONTINUOUS
10
3.8725026377952756
20
-4.1144403543307089
11
3.8755288582677165
21
-4.1144403543307089
0
LINE
8
BLACK
6
CONTINUOUS
10
3.8755288582677165
20
-4.1144403543307089
11
3.8783246850393698
21
-4.1155984251968505
0
LINE
8
BLACK
6
CONTINUOUS
10
3.9098207480314962
20
-4.1155984251968505
11
3.9119606299212597
21
-4.117738307086614
0
LINE
8
BLACK
6
CONTINUOUS
10
3.9119606299212597
20
-4.117738307086614
11
3.9131187007874013
21
-4.1205341338582677
0
LINE
8
BLACK
6
CONTINUOUS
10
3.9131187007874013
20
-4.1205341338582677
11
3.9131187007874013
21
-4.1235603543307082
0
LINE
8
BLACK
6
CONTINUOUS
10
3.9131187007874013
20
-4.1235603543307082
11
3.9119606299212597
21
-4.1263561811023619
0
LINE
8
BLACK
6
CONTINUOUS
10
3.9119606299212597
20
-4.1263561811023619
11
3.9098207480314962
21
-4.1284960629921255
0
LINE
8
BLACK
6
CONTINUOUS
10
3.9098207480314962
20
-4.1284960629921255
11
3.9070249212598425
21
-4.129654133858268
0
LINE
8
BLACK
6
CONTINUOUS
10
3.9070249212598425
20
-4.129654133858268
11
3.9039987007874015
21
-4.129654133858268
0
LINE
8
BLACK
6
CONTINUOUS
10
3.9039987007874015
20
-4.129654133858268
11
3.9012028740157478
21
-4.1284960629921255
0
LINE
8
BLACK
6
CONTINUOUS
10
3.9012028740157478
20
-4.1284960629921255
11
3.8990629921259843
21
-4.1263561811023619
0
LINE
8
BLACK
6
CONTINUOUS
10
3.8990629921259843
20
-4.1263561811023619
11
3.8979049212598422
21
-4.1235603543307082
0
LINE
8
BLACK
6
CONTINUOUS
10
3.8979049212598422
20
-4.1235603543307082
11
3.8979049212598422
21
-4.1205341338582677
0
LINE
8
BLACK
6
CONTINUOUS
10
3.8979049212598422
20
-4.1205341338582677
11
3.8990629921259843
21
-4.117738307086614
0
LINE
8
BLACK
6
CONTINUOUS
10
3.8990629921259843
20
-4.117738307086614
11
3.9012028740157478
21
-4.1155984251968505
0
LINE
8
BLACK
6
CONTINUOUS
10
3.9012028740157478
20
-4.1155984251968505
11
3.9039987007874015
21
-4.1144403543307089
0
LINE
8
BLACK
6
CONTINUOUS
10
3.9039987007874015
20
-4.1144403543307089
11
3.9070249212598425
21
-4.1144403543307089
0
LINE
8
BLACK
6
CONTINUOUS
10
3.9070249212598425
20
-4.1144403543307089
11
3.9098207480314962
21
-4.1155984251968505
0
LINE
8
BLACK
6
CONTINUOUS
10
3.5003719291338582
20
-4.0841023622047246
11
3.5025118110236217
21
-4.0862422440944881
0
LINE
8
BLACK
6
CONTINUOUS
10
3.5025118110236217
20
-4.0862422440944881
11
3.5036698818897638
21
-4.0890380708661418
0
LINE
8
BLACK
6
CONTINUOUS
10
3.5036698818897638
20
-4.0890380708661418
11
3.5036698818897638
21
-4.0920642913385823
0
LINE
8
BLACK
6
CONTINUOUS
10
3.5036698818897638
20
-4.0920642913385823
11
3.5025118110236217
21
-4.094860118110236
0
LINE
8
BLACK
6
CONTINUOUS
10
3.5025118110236217
20
-4.094860118110236
11
3.5003719291338582
21
-4.0969999999999995
0
LINE
8
BLACK
6
CONTINUOUS
10
3.5003719291338582
20
-4.0969999999999995
11
3.4975761023622045
21
-4.098158070866142
0
LINE
8
BLACK
6
CONTINUOUS
10
3.4975761023622045
20
-4.098158070866142
11
3.4945498818897636
21
-4.098158070866142
0
LINE
8
BLACK
6
CONTINUOUS
10
3.4945498818897636
20
-4.098158070866142
11
3.4917540551181103
21
-4.0969999999999995
0
LINE
8
BLACK
6
CONTINUOUS
10
3.4917540551181103
20
-4.0969999999999995
11
3.4896141732283463
21
-4.094860118110236
0
LINE
8
BLACK
6
CONTINUOUS
10
3.4896141732283463
20
-4.094860118110236
11
3.4884561023622047
21
-4.0920642913385823
0
LINE
8
BLACK
6
CONTINUOUS
10
3.4884561023622047
20
-4.0920642913385823
11
3.4884561023622047
21
-4.0890380708661418
0
LINE
8
BLACK
6
CONTINUOUS
10
3.4884561023622047
20
-4.0890380708661418
11
3.4896141732283463
21
-4.0862422440944881
0
LINE
8
BLACK
6
CONTINUOUS
10
3.4896141732283463
20
-4.0862422440944881
11
3.4917540551181103
21
-4.0841023622047246
0
LINE
8
BLACK
6
CONTINUOUS
10
3.4917540551181103
20
-4.0841023622047246
11
3.4945498818897636
21
-4.0829442913385829
0
LINE
8
BLACK
6
CONTINUOUS
10
3.4945498818897636
20
-4.0829442913385829
11
3.4975761023622045
21
-4.0829442913385829
0
LINE
8
BLACK
6
CONTINUOUS
10
3.4975761023622045
20
-4.0829442913385829
11
3.5003719291338582
21
-4.0841023622047246
0
LINE
8
BLACK
6
CONTINUOUS
10
3.5318679921259841
20
-4.0841023622047246
11
3.5340078740157481
21
-4.0862422440944881
0
LINE
8
BLACK
6
CONTINUOUS
10
3.5340078740157481
20
-4.0862422440944881
11
3.5351659448818897
21
-4.0890380708661418
0
LINE
8
BLACK
6
CONTINUOUS
10
3.5351659448818897
20
-4.0890380708661418
11
3.5351659448818897
21
-4.0920642913385823
0
LINE
8
BLACK
6
CONTINUOUS
10
3.5351659448818897
20
-4.0920642913385823
11
3.5340078740157481
21
-4.094860118110236
0
LINE
8
BLACK
6
CONTINUOUS
10
3.5340078740157481
20
-4.094860118110236
11
3.5318679921259841
21
-4.0969999999999995
0
LINE
8
BLACK
6
CONTINUOUS
10
3.5318679921259841
20
-4.0969999999999995
11
3.5290721653543304
21
-4.098158070866142
0
LINE
8
BLACK
6
CONTINUOUS
10
3.5290721653543304
20
-4.098158070866142
11
3.5260459448818895
21
-4.098158070866142
0
LINE
8
BLACK
6
CONTINUOUS
10
3.5260459448818895
20
-4.098158070866142
11
3.5232501181102363
21
-4.0969999999999995
0
LINE
8
BLACK
6
CONTINUOUS
10
3.5232501181102363
20
-4.0969999999999995
11
3.5211102362204723
21
-4.094860118110236
0
LINE
8
BLACK
6
CONTINUOUS
10
3.5211102362204723
20
-4.094860118110236
11
3.5199521653543306
21
-4.0920642913385823
0
LINE
8
BLACK
6
CONTINUOUS
10
3.5199521653543306
20
-4.0920642913385823
11
3.5199521653543306
21
-4.0890380708661418
0
LINE
8
BLACK
6
CONTINUOUS
10
3.5199521653543306
20
-4.0890380708661418
11
3.5211102362204723
21
-4.0862422440944881
0
LINE
8
BLACK
6
CONTINUOUS
10
3.5211102362204723
20
-4.0862422440944881
11
3.5232501181102363
21
-4.0841023622047246
0
LINE
8
BLACK
6
CONTINUOUS
10
3.5232501181102363
20
-4.0841023622047246
11
3.5260459448818895
21
-4.0829442913385829
0
LINE
8
BLACK
6
CONTINUOUS
10
3.5260459448818895
20
-4.0829442913385829
11
3.5290721653543304
21
-4.0829442913385829
0
LINE
8
BLACK
6
CONTINUOUS
10
3.5290721653543304
20
-4.0829442913385829
11
3.5318679921259841
21
-4.0841023622047246
0
LINE
8
BLACK
6
CONTINUOUS
10
3.5633640551181101
20
-4.0841023622047246
11
3.565503937007874
21
-4.0862422440944881
0
LINE
8
BLACK
6
CONTINUOUS
10
3.565503937007874
20
-4.0862422440944881
11
3.5666620078740157
21
-4.0890380708661418
0
LINE
8
BLACK
6
CONTINUOUS
10
3.5666620078740157
20
-4.0890380708661418
11
3.5666620078740157
21
-4.0920642913385823
0
LINE
8
BLACK
6
CONTINUOUS
10
3.5666620078740157
20
-4.0920642913385823
11
3.565503937007874
21
-4.094860118110236
0
LINE
8
BLACK
6
CONTINUOUS
10
3.565503937007874
20
-4.094860118110236
11
3.5633640551181101
21
-4.0969999999999995
0
LINE
8
BLACK
6
CONTINUOUS
10
3.5633640551181101
20
-4.0969999999999995
11
3.5605682283464568
21
-4.098158070866142
0
LINE
8
BLACK
6
CONTINUOUS
10
3.5605682283464568
20
-4.098158070866142
11
3.5575420078740159
21
-4.098158070866142
0
LINE
8
BLACK
6
CONTINUOUS
10
3.5575420078740159
20
-4.098158070866142
11
3.5547461811023622
21
-4.0969999999999995
0
LINE
8
BLACK
6
CONTINUOUS
10
3.5547461811023622
20
-4.0969999999999995
11
3.5526062992125982
21
-4.094860118110236
0
LINE
8
BLACK
6
CONTINUOUS
10
3.5526062992125982
20
-4.094860118110236
11
3.5514482283464566
21
-4.0920642913385823
0
LINE
8
BLACK
6
CONTINUOUS
10
3.5514482283464566
20
-4.0920642913385823
11
3.5514482283464566
21
-4.0890380708661418
0
LINE
8
BLACK
6
CONTINUOUS
10
3.5514482283464566
20
-4.0890380708661418
11
3.5526062992125982
21
-4.0862422440944881
0
LINE
8
BLACK
6
CONTINUOUS
10
3.5526062992125982
20
-4.0862422440944881
11
3.5547461811023622
21
-4.0841023622047246
0
LINE
8
BLACK
6
CONTINUOUS
10
3.5547461811023622
20
-4.0841023622047246
11
3.5575420078740159
21
-4.0829442913385829
0
LINE
8
BLACK
6
CONTINUOUS
10
3.5575420078740159
20
-4.0829442913385829
11
3.5605682283464568
21
-4.0829442913385829
0
LINE
8
BLACK
6
CONTINUOUS
10
3.5605682283464568
20
-4.0829442913385829
11
3.5633640551181101
21
-4.0841023622047246
0
LINE
8
BLACK
6
CONTINUOUS
10
3.594860118110236
20
-4.0841023622047246
11
3.597
21
-4.0862422440944881
0
LINE
8
BLACK
6
CONTINUOUS
10
3.597
20
-4.0862422440944881
11
3.5981580708661416
21
-4.0890380708661418
0
LINE
8
BLACK
6
CONTINUOUS
10
3.5981580708661416
20
-4.0890380708661418
11
3.5981580708661416
21
-4.0920642913385823
0
LINE
8
BLACK
6
CONTINUOUS
10
3.5981580708661416
20
-4.0920642913385823
11
3.597
21
-4.094860118110236
0
LINE
8
BLACK
6
CONTINUOUS
10
3.597
20
-4.094860118110236
11
3.594860118110236
21
-4.0969999999999995
0
LINE
8
BLACK
6
CONTINUOUS
10
3.594860118110236
20
-4.0969999999999995
11
3.5920642913385827
21
-4.098158070866142
0
LINE
8
BLACK
6
CONTINUOUS
10
3.5920642913385827
20
-4.098158070866142
11
3.5890380708661418
21
-4.098158070866142
0
LINE
8
BLACK
6
CONTINUOUS
10
3.5890380708661418
20
-4.098158070866142
11
3.5862422440944881
21
-4.0969999999999995
0
LINE
8
BLACK
6
CONTINUOUS
10
3.5862422440944881
20
-4.0969999999999995
11
3.5841023622047241
21
-4.094860118110236
0
LINE
8
BLACK
6
CONTINUOUS
10
3.5841023622047241
20
-4.094860118110236
11
3.5829442913385825
21
-4.0920642913385823
0
LINE
8
BLACK
6
CONTINUOUS
10
3.5829442913385825
20
-4.0920642913385823
11
3.5829442913385825
21
-4.0890380708661418
0
LINE
8
BLACK
6
CONTINUOUS
10
3.5829442913385825
20
-4.0890380708661418
11
3.5841023622047241
21
-4.0862422440944881
0
LINE
8
BLACK
6
CONTINUOUS
10
3.5841023622047241
20
-4.0862422440944881
11
3.5862422440944881
21
-4.0841023622047246
0
LINE
8
BLACK
6
CONTINUOUS
10
3.5862422440944881
20
-4.0841023622047246
11
3.5890380708661418
21
-4.0829442913385829
0
LINE
8
BLACK
6
CONTINUOUS
10
3.5890380708661418
20
-4.0829442913385829
11
3.5920642913385827
21
-4.0829442913385829
0
LINE
8
BLACK
6
CONTINUOUS
10
3.5920642913385827
20
-4.0829442913385829
11
3.594860118110236
21
-4.0841023622047246
0
LINE
8
BLACK
6
CONTINUOUS
10
3.6263561811023619
20
-4.0841023622047246
11
3.6284960629921259
21
-4.0862422440944881
0
LINE
8
BLACK
6
CONTINUOUS
10
3.6284960629921259
20
-4.0862422440944881
11
3.6296541338582675
21
-4.0890380708661418
0
LINE
8
BLACK
6
CONTINUOUS
10
3.6296541338582675
20
-4.0890380708661418
11
3.6296541338582675
21
-4.0920642913385823
0
LINE
8
BLACK
6
CONTINUOUS
10
3.6296541338582675
20
-4.0920642913385823
11
3.6284960629921259
21
-4.094860118110236
0
LINE
8
BLACK
6
CONTINUOUS
10
3.6284960629921259
20
-4.094860118110236
11
3.6263561811023619
21
-4.0969999999999995
0
LINE
8
BLACK
6
CONTINUOUS
10
3.6263561811023619
20
-4.0969999999999995
11
3.6235603543307087
21
-4.098158070866142
0
LINE
8
BLACK
6
CONTINUOUS
10
3.6235603543307087
20
-4.098158070866142
11
3.6205341338582677
21
-4.098158070866142
0
LINE
8
BLACK
6
CONTINUOUS
10
3.6205341338582677
20
-4.098158070866142
11
3.617738307086614
21
-4.0969999999999995
0
LINE
8
BLACK
6
CONTINUOUS
10
3.617738307086614
20
-4.0969999999999995
11
3.6155984251968505
21
-4.094860118110236
0
LINE
8
BLACK
6
CONTINUOUS
10
3.6155984251968505
20
-4.094860118110236
11
3.6144403543307084
21
-4.0920642913385823
0
LINE
8
BLACK
6
CONTINUOUS
10
3.6144403543307084
20
-4.0920642913385823
11
3.6144403543307084
21
-4.0890380708661418
0
LINE
8
BLACK
6
CONTINUOUS
10
3.6144403543307084
20
-4.0890380708661418
11
3.6155984251968505
21
-4.0862422440944881
0
LINE
8
BLACK
6
CONTINUOUS
10
3.6155984251968505
20
-4.0862422440944881
11
3.617738307086614
21
-4.0841023622047246
0
LINE
8
BLACK
6
CONTINUOUS
10
3.617738307086614
20
-4.0841023622047246
11
3.6205341338582677
21
-4.0829442913385829
0
LINE
8
BLACK
6
CONTINUOUS
10
3.6205341338582677
20
-4.0829442913385829
11
3.6235603543307087
21
-4.0829442913385829
0
LINE
8
BLACK
6
CONTINUOUS
10
3.6235603543307087
20
-4.0829442913385829
11
3.6263561811023619
21
-4.0841023622047246
0
LINE
8
BLACK
6
CONTINUOUS
10
3.6578522440944883
20
-4.0841023622047246
11
3.6599921259842518
21
-4.0862422440944881
0
LINE
8
BLACK
6
CONTINUOUS
10
3.6599921259842518
20
-4.0862422440944881
11
3.6611501968503934
21
-4.0890380708661418
0
LINE
8
BLACK
6
CONTINUOUS
10
3.6611501968503934
20
-4.0890380708661418
11
3.6611501968503934
21
-4.0920642913385823
0
LINE
8
BLACK
6
CONTINUOUS
10
3.6611501968503934
20
-4.0920642913385823
11
3.6599921259842518
21
-4.094860118110236
0
LINE
8
BLACK
6
CONTINUOUS
10
3.6599921259842518
20
-4.094860118110236
11
3.6578522440944883
21
-4.0969999999999995
0
LINE
8
BLACK
6
CONTINUOUS
10
3.6578522440944883
20
-4.0969999999999995
11
3.6550564173228346
21
-4.098158070866142
0
LINE
8
BLACK
6
CONTINUOUS
10
3.6550564173228346
20
-4.098158070866142
11
3.6520301968503937
21
-4.098158070866142
0
LINE
8
BLACK
6
CONTINUOUS
10
3.6520301968503937
20
-4.098158070866142
11
3.64923437007874
21
-4.0969999999999995
0
LINE
8
BLACK
6
CONTINUOUS
10
3.64923437007874
20
-4.0969999999999995
11
3.6470944881889764
21
-4.094860118110236
0
LINE
8
BLACK
6
CONTINUOUS
10
3.6470944881889764
20
-4.094860118110236
11
3.6459364173228344
21
-4.0920642913385823
0
LINE
8
BLACK
6
CONTINUOUS
10
3.6459364173228344
20
-4.0920642913385823
11
3.6459364173228344
21
-4.0890380708661418
0
LINE
8
BLACK
6
CONTINUOUS
10
3.6459364173228344
20
-4.0890380708661418
11
3.6470944881889764
21
-4.0862422440944881
0
LINE
8
BLACK
6
CONTINUOUS
10
3.6470944881889764
20
-4.0862422440944881
11
3.64923437007874
21
-4.0841023622047246
0
LINE
8
BLACK
6
CONTINUOUS
10
3.64923437007874
20
-4.0841023622047246
11
3.6520301968503937
21
-4.0829442913385829
0
LINE
8
BLACK
6
CONTINUOUS
10
3.6520301968503937
20
-4.0829442913385829
11
3.6550564173228346
21
-4.0829442913385829
0
LINE
8
BLACK
6
CONTINUOUS
10
3.6550564173228346
20
-4.0829442913385829
11
3.6578522440944883
21
-4.0841023622047246
0
LINE
8
BLACK
6
CONTINUOUS
10
3.6893483070866142
20
-4.0841023622047246
11
3.6914881889763778
21
-4.0862422440944881
0
LINE
8
BLACK
6
CONTINUOUS
10
3.6914881889763778
20
-4.0862422440944881
11
3.6926462598425198
21
-4.0890380708661418
0
LINE
8
BLACK
6
CONTINUOUS
10
3.6926462598425198
20
-4.0890380708661418
11
3.6926462598425198
21
-4.0920642913385823
0
LINE
8
BLACK
6
CONTINUOUS
10
3.6926462598425198
20
-4.0920642913385823
11
3.6914881889763778
21
-4.094860118110236
0
LINE
8
BLACK
6
CONTINUOUS
10
3.6914881889763778
20
-4.094860118110236
11
3.6893483070866142
21
-4.0969999999999995
0
LINE
8
BLACK
6
CONTINUOUS
10
3.6893483070866142
20
-4.0969999999999995
11
3.6865524803149605
21
-4.098158070866142
0
LINE
8
BLACK
6
CONTINUOUS
10
3.6865524803149605
20
-4.098158070866142
11
3.6835262598425196
21
-4.098158070866142
0
LINE
8
BLACK
6
CONTINUOUS
10
3.6835262598425196
20
-4.098158070866142
11
3.6807304330708659
21
-4.0969999999999995
0
LINE
8
BLACK
6
CONTINUOUS
10
3.6807304330708659
20
-4.0969999999999995
11
3.6785905511811023
21
-4.094860118110236
0
LINE
8
BLACK
6
CONTINUOUS
10
3.6785905511811023
20
-4.094860118110236
11
3.6774324803149607
21
-4.0920642913385823
0
LINE
8
BLACK
6
CONTINUOUS
10
3.6774324803149607
20
-4.0920642913385823
11
3.6774324803149607
21
-4.0890380708661418
0
LINE
8
BLACK
6
CONTINUOUS
10
3.6774324803149607
20
-4.0890380708661418
11
3.6785905511811023
21
-4.0862422440944881
0
LINE
8
BLACK
6
CONTINUOUS
10
3.6785905511811023
20
-4.0862422440944881
11
3.6807304330708659
21
-4.0841023622047246
0
LINE
8
BLACK
6
CONTINUOUS
10
3.6807304330708659
20
-4.0841023622047246
11
3.6835262598425196
21
-4.0829442913385829
0
LINE
8
BLACK
6
CONTINUOUS
10
3.6835262598425196
20
-4.0829442913385829
11
3.6865524803149605
21
-4.0829442913385829
0
LINE
8
BLACK
6
CONTINUOUS
10
3.6865524803149605
20
-4.0829442913385829
11
3.6893483070866142
21
-4.0841023622047246
0
LINE
8
BLACK
6
CONTINUOUS
10
3.7208443700787401
20
-4.0841023622047246
11
3.7229842519685037
21
-4.0862422440944881
0
LINE
8
BLACK
6
CONTINUOUS
10
3.7229842519685037
20
-4.0862422440944881
11
3.7241423228346457
21
-4.0890380708661418
0
LINE
8
BLACK
6
CONTINUOUS
10
3.7241423228346457
20
-4.0890380708661418
11
3.7241423228346457
21
-4.0920642913385823
0
LINE
8
BLACK
6
CONTINUOUS
10
3.7241423228346457
20
-4.0920642913385823
11
3.7229842519685037
21
-4.094860118110236
0
LINE
8
BLACK
6
CONTINUOUS
10
3.7229842519685037
20
-4.094860118110236
11
3.7208443700787401
21
-4.0969999999999995
0
LINE
8
BLACK
6
CONTINUOUS
10
3.7208443700787401
20
-4.0969999999999995
11
3.7180485433070865
21
-4.098158070866142
0
LINE
8
BLACK
6
CONTINUOUS
10
3.7180485433070865
20
-4.098158070866142
11
3.7150223228346455
21
-4.098158070866142
0
LINE
8
BLACK
6
CONTINUOUS
10
3.7150223228346455
20
-4.098158070866142
11
3.7122264960629918
21
-4.0969999999999995
0
LINE
8
BLACK
6
CONTINUOUS
10
3.7122264960629918
20
-4.0969999999999995
11
3.7100866141732283
21
-4.094860118110236
0
LINE
8
BLACK
6
CONTINUOUS
10
3.7100866141732283
20
-4.094860118110236
11
3.7089285433070867
21
-4.0920642913385823
0
LINE
8
BLACK
6
CONTINUOUS
10
3.7089285433070867
20
-4.0920642913385823
11
3.7089285433070867
21
-4.0890380708661418
0
LINE
8
BLACK
6
CONTINUOUS
10
3.7089285433070867
20
-4.0890380708661418
11
3.7100866141732283
21
-4.0862422440944881
0
LINE
8
BLACK
6
CONTINUOUS
10
3.7100866141732283
20
-4.0862422440944881
11
3.7122264960629918
21
-4.0841023622047246
0
LINE
8
BLACK
6
CONTINUOUS
10
3.7122264960629918
20
-4.0841023622047246
11
3.7150223228346455
21
-4.0829442913385829
0
LINE
8
BLACK
6
CONTINUOUS
10
3.7150223228346455
20
-4.0829442913385829
11
3.7180485433070865
21
-4.0829442913385829
0
LINE
8
BLACK
6
CONTINUOUS
10
3.7180485433070865
20
-4.0829442913385829
11
3.7208443700787401
21
-4.0841023622047246
0
LINE
8
BLACK
6
CONTINUOUS
10
3.7523404330708661
20
-4.0841023622047246
11
3.7544803149606296
21
-4.0862422440944881
0
LINE
8
BLACK
6
CONTINUOUS
10
3.7544803149606296
20
-4.0862422440944881
11
3.7556383858267717
21
-4.0890380708661418
0
LINE
8
BLACK
6
CONTINUOUS
10
3.7556383858267717
20
-4.0890380708661418
11
3.7556383858267717
21
-4.0920642913385823
0
LINE
8
BLACK
6
CONTINUOUS
10
3.7556383858267717
20
-4.0920642913385823
11
3.7544803149606296
21
-4.094860118110236
0
LINE
8
BLACK
6
CONTINUOUS
10
3.7544803149606296
20
-4.094860118110236
11
3.7523404330708661
21
-4.0969999999999995
0
LINE
8
BLACK
6
CONTINUOUS
10
3.7523404330708661
20
-4.0969999999999995
11
3.7495446062992124
21
-4.098158070866142
0
LINE
8
BLACK
6
CONTINUOUS
10
3.7495446062992124
20
-4.098158070866142
11
3.7465183858267714
21
-4.098158070866142
0
LINE
8
BLACK
6
CONTINUOUS
10
3.7465183858267714
20
-4.098158070866142
11
3.7437225590551182
21
-4.0969999999999995
0
LINE
8
BLACK
6
CONTINUOUS
10
3.7437225590551182
20
-4.0969999999999995
11
3.7415826771653542
21
-4.094860118110236
0
LINE
8
BLACK
6
CONTINUOUS
10
3.7415826771653542
20
-4.094860118110236
11
3.7404246062992126
21
-4.0920642913385823
0
LINE
8
BLACK
6
CONTINUOUS
10
3.7404246062992126
20
-4.0920642913385823
11
3.7404246062992126
21
-4.0890380708661418
0
LINE
8
BLACK
6
CONTINUOUS
10
3.7404246062992126
20
-4.0890380708661418
11
3.7415826771653542
21
-4.0862422440944881
0
LINE
8
BLACK
6
CONTINUOUS
10
3.7415826771653542
20
-4.0862422440944881
11
3.7437225590551182
21
-4.0841023622047246
0
LINE
8
BLACK
6
CONTINUOUS
10
3.7437225590551182
20
-4.0841023622047246
11
3.7465183858267714
21
-4.0829442913385829
0
LINE
8
BLACK
6
CONTINUOUS
10
3.7465183858267714
20
-4.0829442913385829
11
3.7495446062992124
21
-4.0829442913385829
0
LINE
8
BLACK
6
CONTINUOUS
10
3.7495446062992124
20
-4.0829442913385829
11
3.7523404330708661
21
-4.0841023622047246
0
LINE
8
BLACK
6
CONTINUOUS
10
3.783836496062992
20
-4.0841023622047246
11
3.785976377952756
21
-4.0862422440944881
0
LINE
8
BLACK
6
CONTINUOUS
10
3.785976377952756
20
-4.0862422440944881
11
3.7871344488188976
21
-4.0890380708661418
0
LINE
8
BLACK
6
CONTINUOUS
10
3.7871344488188976
20
-4.0890380708661418
11
3.7871344488188976
21
-4.0920642913385823
0
LINE
8
BLACK
6
CONTINUOUS
10
3.7871344488188976
20
-4.0920642913385823
11
3.785976377952756
21
-4.094860118110236
0
LINE
8
BLACK
6
CONTINUOUS
10
3.785976377952756
20
-4.094860118110236
11
3.783836496062992
21
-4.0969999999999995
0
LINE
8
BLACK
6
CONTINUOUS
10
3.783836496062992
20
-4.0969999999999995
11
3.7810406692913383
21
-4.098158070866142
0
LINE
8
BLACK
6
CONTINUOUS
10
3.7810406692913383
20
-4.098158070866142
11
3.7780144488188974
21
-4.098158070866142
0
LINE
8
BLACK
6
CONTINUOUS
10
3.7780144488188974
20
-4.098158070866142
11
3.7752186220472441
21
-4.0969999999999995
0
LINE
8
BLACK
6
CONTINUOUS
10
3.7752186220472441
20
-4.0969999999999995
11
3.7730787401574801
21
-4.094860118110236
0
LINE
8
BLACK
6
CONTINUOUS
10
3.7730787401574801
20
-4.094860118110236
11
3.7719206692913385
21
-4.0920642913385823
0
LINE
8
BLACK
6
CONTINUOUS
10
3.7719206692913385
20
-4.0920642913385823
11
3.7719206692913385
21
-4.0890380708661418
0
LINE
8
BLACK
6
CONTINUOUS
10
3.7719206692913385
20
-4.0890380708661418
11
3.7730787401574801
21
-4.0862422440944881
0
LINE
8
BLACK
6
CONTINUOUS
10
3.7730787401574801
20
-4.0862422440944881
11
3.7752186220472441
21
-4.0841023622047246
0
LINE
8
BLACK
6
CONTINUOUS
10
3.7752186220472441
20
-4.0841023622047246
11
3.7780144488188974
21
-4.0829442913385829
0
LINE
8
BLACK
6
CONTINUOUS
10
3.7780144488188974
20
-4.0829442913385829
11
3.7810406692913383
21
-4.0829442913385829
0
LINE
8
BLACK
6
CONTINUOUS
10
3.7810406692913383
20
-4.0829442913385829
11
3.783836496062992
21
-4.0841023622047246
0
LINE
8
BLACK
6
CONTINUOUS
10
3.8153325590551179
20
-4.0841023622047246
11
3.8174724409448819
21
-4.0862422440944881
0
LINE
8
BLACK
6
CONTINUOUS
10
3.8174724409448819
20
-4.0862422440944881
11
3.8186305118110235
21
-4.0890380708661418
0
LINE
8
BLACK
6
CONTINUOUS
10
3.8186305118110235
20
-4.0890380708661418
11
3.8186305118110235
21
-4.0920642913385823
0
LINE
8
BLACK
6
CONTINUOUS
10
3.8186305118110235
20
-4.0920642913385823
11
3.8174724409448819
21
-4.094860118110236
0
LINE
8
BLACK
6
CONTINUOUS
10
3.8174724409448819
20
-4.094860118110236
11
3.8153325590551179
21
-4.0969999999999995
0
LINE
8
BLACK
6
CONTINUOUS
10
3.8153325590551179
20
-4.0969999999999995
11
3.8125367322834647
21
-4.098158070866142
0
LINE
8
BLACK
6
CONTINUOUS
10
3.8125367322834647
20
-4.098158070866142
11
3.8095105118110237
21
-4.098158070866142
0
LINE
8
BLACK
6
CONTINUOUS
10
3.8095105118110237
20
-4.098158070866142
11
3.80671468503937
21
-4.0969999999999995
0
LINE
8
BLACK
6
CONTINUOUS
10
3.80671468503937
20
-4.0969999999999995
11
3.8045748031496061
21
-4.094860118110236
0
LINE
8
BLACK
6
CONTINUOUS
10
3.8045748031496061
20
-4.094860118110236
11
3.8034167322834644
21
-4.0920642913385823
0
LINE
8
BLACK
6
CONTINUOUS
10
3.8034167322834644
20
-4.0920642913385823
11
3.8034167322834644
21
-4.0890380708661418
0
LINE
8
BLACK
6
CONTINUOUS
10
3.8034167322834644
20
-4.0890380708661418
11
3.8045748031496061
21
-4.0862422440944881
0
LINE
8
BLACK
6
CONTINUOUS
10
3.8045748031496061
20
-4.0862422440944881
11
3.80671468503937
21
-4.0841023622047246
0
LINE
8
BLACK
6
CONTINUOUS
10
3.80671468503937
20
-4.0841023622047246
11
3.8095105118110237
21
-4.0829442913385829
0
LINE
8
BLACK
6
CONTINUOUS
10
3.8095105118110237
20
-4.0829442913385829
11
3.8125367322834647
21
-4.0829442913385829
0
LINE
8
BLACK
6
CONTINUOUS
10
3.8125367322834647
20
-4.0829442913385829
11
3.8153325590551179
21
-4.0841023622047246
0
LINE
8
BLACK
6
CONTINUOUS
10
3.8468286220472439
20
-4.0841023622047246
11
3.8489685039370078
21
-4.0862422440944881
0
LINE
8
BLACK
6
CONTINUOUS
10
3.8489685039370078
20
-4.0862422440944881
11
3.8501265748031495
21
-4.0890380708661418
0
LINE
8
BLACK
6
CONTINUOUS
10
3.8501265748031495
20
-4.0890380708661418
11
3.8501265748031495
21
-4.0920642913385823
0
LINE
8
BLACK
6
CONTINUOUS
10
3.8501265748031495
20
-4.0920642913385823
11
3.8489685039370078
21
-4.094860118110236
0
LINE
8
BLACK
6
CONTINUOUS
10
3.8489685039370078
20
-4.094860118110236
11
3.8468286220472439
21
-4.0969999999999995
0
LINE
8
BLACK
6
CONTINUOUS
10
3.8468286220472439
20
-4.0969999999999995
11
3.8440327952755906
21
-4.098158070866142
0
LINE
8
BLACK
6
CONTINUOUS
10
3.8440327952755906
20
-4.098158070866142
11
3.8410065748031497
21
-4.098158070866142
0
LINE
8
BLACK
6
CONTINUOUS
10
3.8410065748031497
20
-4.098158070866142
11
3.838210748031496
21
-4.0969999999999995
0
LINE
8
BLACK
6
CONTINUOUS
10
3.838210748031496
20
-4.0969999999999995
11
3.836070866141732
21
-4.094860118110236
0
LINE
8
BLACK
6
CONTINUOUS
10
3.836070866141732
20
-4.094860118110236
11
3.8349127952755904
21
-4.0920642913385823
0
LINE
8
BLACK
6
CONTINUOUS
10
3.8349127952755904
20
-4.0920642913385823
11
3.8349127952755904
21
-4.0890380708661418
0
LINE
8
BLACK
6
CONTINUOUS
10
3.8349127952755904
20
-4.0890380708661418
11
3.836070866141732
21
-4.0862422440944881
0
LINE
8
BLACK
6
CONTINUOUS
10
3.836070866141732
20
-4.0862422440944881
11
3.838210748031496
21
-4.0841023622047246
0
LINE
8
BLACK
6
CONTINUOUS
10
3.838210748031496
20
-4.0841023622047246
11
3.8410065748031497
21
-4.0829442913385829
0
LINE
8
BLACK
6
CONTINUOUS
10
3.8410065748031497
20
-4.0829442913385829
11
3.8440327952755906
21
-4.0829442913385829
0
LINE
8
BLACK
6
CONTINUOUS
10
3.8440327952755906
20
-4.0829442913385829
11
3.8468286220472439
21
-4.0841023622047246
0
LINE
8
BLACK
6
CONTINUOUS
10
3.8783246850393698
20
-4.0841023622047246
11
3.8804645669291338
21
-4.0862422440944881
0
LINE
8
BLACK
6
CONTINUOUS
10
3.8804645669291338
20
-4.0862422440944881
11
3.8816226377952754
21
-4.0890380708661418
0
LINE
8
BLACK
6
CONTINUOUS
10
3.8816226377952754
20
-4.0890380708661418
11
3.8816226377952754
21
-4.0920642913385823
0
LINE
8
BLACK
6
CONTINUOUS
10
3.8816226377952754
20
-4.0920642913385823
11
3.8804645669291338
21
-4.094860118110236
0
LINE
8
BLACK
6
CONTINUOUS
10
3.8804645669291338
20
-4.094860118110236
11
3.8783246850393698
21
-4.0969999999999995
0
LINE
8
BLACK
6
CONTINUOUS
10
3.8783246850393698
20
-4.0969999999999995
11
3.8755288582677165
21
-4.098158070866142
0
LINE
8
BLACK
6
CONTINUOUS
10
3.8755288582677165
20
-4.098158070866142
11
3.8725026377952756
21
-4.098158070866142
0
LINE
8
BLACK
6
CONTINUOUS
10
3.8725026377952756
20
-4.098158070866142
11
3.8697068110236219
21
-4.0969999999999995
0
LINE
8
BLACK
6
CONTINUOUS
10
3.8697068110236219
20
-4.0969999999999995
11
3.8675669291338584
21
-4.094860118110236
0
LINE
8
BLACK
6
CONTINUOUS
10
3.8675669291338584
20
-4.094860118110236
11
3.8664088582677163
21
-4.0920642913385823
0
LINE
8
BLACK
6
CONTINUOUS
10
3.8664088582677163
20
-4.0920642913385823
11
3.8664088582677163
21
-4.0890380708661418
0
LINE
8
BLACK
6
CONTINUOUS
10
3.8664088582677163
20
-4.0890380708661418
11
3.8675669291338584
21
-4.0862422440944881
0
LINE
8
BLACK
6
CONTINUOUS
10
3.8675669291338584
20
-4.0862422440944881
11
3.8697068110236219
21
-4.0841023622047246
0
LINE
8
BLACK
6
CONTINUOUS
10
3.8697068110236219
20
-4.0841023622047246
11
3.8725026377952756
21
-4.0829442913385829
0
LINE
8
BLACK
6
CONTINUOUS
10
3.8725026377952756
20
-4.0829442913385829
11
3.8755288582677165
21
-4.0829442913385829
0
LINE
8
BLACK
6
CONTINUOUS
10
3.8755288582677165
20
-4.0829442913385829
11
3.8783246850393698
21
-4.0841023622047246
0
LINE
8
BLACK
6
CONTINUOUS
10
3.9098207480314962
20
-4.0841023622047246
11
3.9119606299212597
21
-4.0862422440944881
0
LINE
8
BLACK
6
CONTINUOUS
10
3.9119606299212597
20
-4.0862422440944881
11
3.9131187007874013
21
-4.0890380708661418
0
LINE
8
BLACK
6
CONTINUOUS
10
3.9131187007874013
20
-4.0890380708661418
11
3.9131187007874013
21
-4.0920642913385823
0
LINE
8
BLACK
6
CONTINUOUS
10
3.9131187007874013
20
-4.0920642913385823
11
3.9119606299212597
21
-4.094860118110236
0
LINE
8
BLACK
6
CONTINUOUS
10
3.9119606299212597
20
-4.094860118110236
11
3.9098207480314962
21
-4.0969999999999995
0
LINE
8
BLACK
6
CONTINUOUS
10
3.9098207480314962
20
-4.0969999999999995
11
3.9070249212598425
21
-4.098158070866142
0
LINE
8
BLACK
6
CONTINUOUS
10
3.9070249212598425
20
-4.098158070866142
11
3.9039987007874015
21
-4.098158070866142
0
LINE
8
BLACK
6
CONTINUOUS
10
3.9039987007874015
20
-4.098158070866142
11
3.9012028740157478
21
-4.0969999999999995
0
LINE
8
BLACK
6
CONTINUOUS
10
3.9012028740157478
20
-4.0969999999999995
11
3.8990629921259843
21
-4.094860118110236
0
LINE
8
BLACK
6
CONTINUOUS
10
3.8990629921259843
20
-4.094860118110236
11
3.8979049212598422
21
-4.0920642913385823
0
LINE
8
BLACK
6
CONTINUOUS
10
3.8979049212598422
20
-4.0920642913385823
11
3.8979049212598422
21
-4.0890380708661418
0
LINE
8
BLACK
6
CONTINUOUS
10
3.8979049212598422
20
-4.0890380708661418
11
3.8990629921259843
21
-4.0862422440944881
0
LINE
8
BLACK
6
CONTINUOUS
10
3.8990629921259843
20
-4.0862422440944881
11
3.9012028740157478
21
-4.0841023622047246
0
LINE
8
BLACK
6
CONTINUOUS
10
3.9012028740157478
20
-4.0841023622047246
11
3.9039987007874015
21
-4.0829442913385829
0
LINE
8
BLACK
6
CONTINUOUS
10
3.9039987007874015
20
-4.0829442913385829
11
3.9070249212598425
21
-4.0829442913385829
0
LINE
8
BLACK
6
CONTINUOUS
10
3.9070249212598425
20
-4.0829442913385829
11
3.9098207480314962
21
-4.0841023622047246
0
LINE
8
BLACK
6
CONTINUOUS
10
3.3007859055118112
20
-4.0498681496062989
11
3.3035799212598422
21
-4.0517350393700786
0
LINE
8
BLACK
6
CONTINUOUS
10
3.3035799212598422
20
-4.0517350393700786
11
3.3054468110236219
21
-4.0545290551181106
0
LINE
8
BLACK
6
CONTINUOUS
10
3.3054468110236219
20
-4.0545290551181106
11
3.3061023622047245
21
-4.0578248031496065
0
LINE
8
BLACK
6
CONTINUOUS
10
3.3061023622047245
20
-4.0578248031496065
11
3.3061023622047245
21
-4.075049212598425
0
LINE
8
BLACK
6
CONTINUOUS
10
3.3061023622047245
20
-4.075049212598425
11
3.3054468110236219
21
-4.0783449606299209
0
LINE
8
BLACK
6
CONTINUOUS
10
3.3054468110236219
20
-4.0783449606299209
11
3.3035799212598422
21
-4.0811389763779529
0
LINE
8
BLACK
6
CONTINUOUS
10
3.3035799212598422
20
-4.0811389763779529
11
3.3007859055118112
21
-4.0830058661417326
0
LINE
8
BLACK
6
CONTINUOUS
10
3.3007859055118112
20
-4.0830058661417326
11
3.2974901574803148
21
-4.0836614173228343
0
LINE
8
BLACK
6
CONTINUOUS
10
3.2974901574803148
20
-4.0836614173228343
11
3.2773129921259843
21
-4.0836614173228343
0
LINE
8
BLACK
6
CONTINUOUS
10
3.2773129921259843
20
-4.0836614173228343
11
3.2740172440944879
21
-4.0830058661417326
0
LINE
8
BLACK
6
CONTINUOUS
10
3.2740172440944879
20
-4.0830058661417326
11
3.2712232283464564
21
-4.0811389763779529
0
LINE
8
BLACK
6
CONTINUOUS
10
3.2712232283464564
20
-4.0811389763779529
11
3.2693563385826772
21
-4.0783449606299209
0
LINE
8
BLACK
6
CONTINUOUS
10
3.2693563385826772
20
-4.0783449606299209
11
3.2687007874015745
21
-4.075049212598425
0
LINE
8
BLACK
6
CONTINUOUS
10
3.2687007874015745
20
-4.075049212598425
11
3.2687007874015745
21
-4.0578248031496065
0
LINE
8
BLACK
6
CONTINUOUS
10
3.2687007874015745
20
-4.0578248031496065
11
3.2693563385826772
21
-4.0545290551181106
0
LINE
8
BLACK
6
CONTINUOUS
10
3.2693563385826772
20
-4.0545290551181106
11
3.2712232283464564
21
-4.0517350393700786
0
LINE
8
BLACK
6
CONTINUOUS
10
3.2712232283464564
20
-4.0517350393700786
11
3.2740172440944879
21
-4.0498681496062989
0
LINE
8
BLACK
6
CONTINUOUS
10
3.2740172440944879
20
-4.0498681496062989
11
3.2773129921259843
21
-4.0492125984251963
0
LINE
8
BLACK
6
CONTINUOUS
10
3.2773129921259843
20
-4.0492125984251963
11
3.2974901574803148
21
-4.0492125984251963
0
LINE
8
BLACK
6
CONTINUOUS
10
3.2974901574803148
20
-4.0492125984251963
11
3.3007859055118112
21
-4.0498681496062989
0
LINE
8
BLACK
6
CONTINUOUS
10
3.3598410236220473
20
-4.0498681496062989
11
3.3626350393700788
21
-4.0517350393700786
0
LINE
8
BLACK
6
CONTINUOUS
10
3.3626350393700788
20
-4.0517350393700786
11
3.364501929133858
21
-4.0545290551181106
0
LINE
8
BLACK
6
CONTINUOUS
10
3.364501929133858
20
-4.0545290551181106
11
3.3651574803149606
21
-4.0578248031496065
0
LINE
8
BLACK
6
CONTINUOUS
10
3.3651574803149606
20
-4.0578248031496065
11
3.3651574803149606
21
-4.075049212598425
0
LINE
8
BLACK
6
CONTINUOUS
10
3.3651574803149606
20
-4.075049212598425
11
3.364501929133858
21
-4.0783449606299209
0
LINE
8
BLACK
6
CONTINUOUS
10
3.364501929133858
20
-4.0783449606299209
11
3.3626350393700788
21
-4.0811389763779529
0
LINE
8
BLACK
6
CONTINUOUS
10
3.3626350393700788
20
-4.0811389763779529
11
3.3598410236220473
21
-4.0830058661417326
0
LINE
8
BLACK
6
CONTINUOUS
10
3.3598410236220473
20
-4.0830058661417326
11
3.3565452755905509
21
-4.0836614173228343
0
LINE
8
BLACK
6
CONTINUOUS
10
3.3565452755905509
20
-4.0836614173228343
11
3.3363681102362204
21
-4.0836614173228343
0
LINE
8
BLACK
6
CONTINUOUS
10
3.3363681102362204
20
-4.0836614173228343
11
3.3330723622047245
21
-4.0830058661417326
0
LINE
8
BLACK
6
CONTINUOUS
10
3.3330723622047245
20
-4.0830058661417326
11
3.330278346456693
21
-4.0811389763779529
0
LINE
8
BLACK
6
CONTINUOUS
10
3.330278346456693
20
-4.0811389763779529
11
3.3284114566929133
21
-4.0783449606299209
0
LINE
8
BLACK
6
CONTINUOUS
10
3.3284114566929133
20
-4.0783449606299209
11
3.3277559055118111
21
-4.075049212598425
0
LINE
8
BLACK
6
CONTINUOUS
10
3.3277559055118111
20
-4.075049212598425
11
3.3277559055118111
21
-4.0578248031496065
0
LINE
8
BLACK
6
CONTINUOUS
10
3.3277559055118111
20
-4.0578248031496065
11
3.3284114566929133
21
-4.0545290551181106
0
LINE
8
BLACK
6
CONTINUOUS
10
3.3284114566929133
20
-4.0545290551181106
11
3.330278346456693
21
-4.0517350393700786
0
LINE
8
BLACK
6
CONTINUOUS
10
3.330278346456693
20
-4.0517350393700786
11
3.3330723622047245
21
-4.0498681496062989
0
LINE
8
BLACK
6
CONTINUOUS
10
3.3330723622047245
20
-4.0498681496062989
11
3.3363681102362204
21
-4.0492125984251963
0
LINE
8
BLACK
6
CONTINUOUS
10
3.3363681102362204
20
-4.0492125984251963
11
3.3565452755905509
21
-4.0492125984251963
0
LINE
8
BLACK
6
CONTINUOUS
10
3.3565452755905509
20
-4.0492125984251963
11
3.3598410236220473
21
-4.0498681496062989
0
LINE
8
BLACK
6
CONTINUOUS
10
3.5003719291338582
20
-4.0526062992125986
11
3.5025118110236217
21
-4.0547461811023622
0
LINE
8
BLACK
6
CONTINUOUS
10
3.5025118110236217
20
-4.0547461811023622
11
3.5036698818897638
21
-4.0575420078740159
0
LINE
8
BLACK
6
CONTINUOUS
10
3.5036698818897638
20
-4.0575420078740159
11
3.5036698818897638
21
-4.0605682283464564
0
LINE
8
BLACK
6
CONTINUOUS
10
3.5036698818897638
20
-4.0605682283464564
11
3.5025118110236217
21
-4.0633640551181101
0
LINE
8
BLACK
6
CONTINUOUS
10
3.5025118110236217
20
-4.0633640551181101
11
3.5003719291338582
21
-4.0655039370078736
0
LINE
8
BLACK
6
CONTINUOUS
10
3.5003719291338582
20
-4.0655039370078736
11
3.4975761023622045
21
-4.0666620078740152
0
LINE
8
BLACK
6
CONTINUOUS
10
3.4975761023622045
20
-4.0666620078740152
11
3.4945498818897636
21
-4.0666620078740152
0
LINE
8
BLACK
6
CONTINUOUS
10
3.4945498818897636
20
-4.0666620078740152
11
3.4917540551181103
21
-4.0655039370078736
0
LINE
8
BLACK
6
CONTINUOUS
10
3.4917540551181103
20
-4.0655039370078736
11
3.4896141732283463
21
-4.0633640551181101
0
LINE
8
BLACK
6
CONTINUOUS
10
3.4896141732283463
20
-4.0633640551181101
11
3.4884561023622047
21
-4.0605682283464564
0
LINE
8
BLACK
6
CONTINUOUS
10
3.4884561023622047
20
-4.0605682283464564
11
3.4884561023622047
21
-4.0575420078740159
0
LINE
8
BLACK
6
CONTINUOUS
10
3.4884561023622047
20
-4.0575420078740159
11
3.4896141732283463
21
-4.0547461811023622
0
LINE
8
BLACK
6
CONTINUOUS
10
3.4896141732283463
20
-4.0547461811023622
11
3.4917540551181103
21
-4.0526062992125986
0
LINE
8
BLACK
6
CONTINUOUS
10
3.4917540551181103
20
-4.0526062992125986
11
3.4945498818897636
21
-4.051448228346457
0
LINE
8
BLACK
6
CONTINUOUS
10
3.4945498818897636
20
-4.051448228346457
11
3.4975761023622045
21
-4.051448228346457
0
LINE
8
BLACK
6
CONTINUOUS
10
3.4975761023622045
20
-4.051448228346457
11
3.5003719291338582
21
-4.0526062992125986
0
LINE
8
BLACK
6
CONTINUOUS
10
3.5318679921259841
20
-4.0526062992125986
11
3.5340078740157481
21
-4.0547461811023622
0
LINE
8
BLACK
6
CONTINUOUS
10
3.5340078740157481
20
-4.0547461811023622
11
3.5351659448818897
21
-4.0575420078740159
0
LINE
8
BLACK
6
CONTINUOUS
10
3.5351659448818897
20
-4.0575420078740159
11
3.5351659448818897
21
-4.0605682283464564
0
LINE
8
BLACK
6
CONTINUOUS
10
3.5351659448818897
20
-4.0605682283464564
11
3.5340078740157481
21
-4.0633640551181101
0
LINE
8
BLACK
6
CONTINUOUS
10
3.5340078740157481
20
-4.0633640551181101
11
3.5318679921259841
21
-4.0655039370078736
0
LINE
8
BLACK
6
CONTINUOUS
10
3.5318679921259841
20
-4.0655039370078736
11
3.5290721653543304
21
-4.0666620078740152
0
LINE
8
BLACK
6
CONTINUOUS
10
3.5290721653543304
20
-4.0666620078740152
11
3.5260459448818895
21
-4.0666620078740152
0
LINE
8
BLACK
6
CONTINUOUS
10
3.5260459448818895
20
-4.0666620078740152
11
3.5232501181102363
21
-4.0655039370078736
0
LINE
8
BLACK
6
CONTINUOUS
10
3.5232501181102363
20
-4.0655039370078736
11
3.5211102362204723
21
-4.0633640551181101
0
LINE
8
BLACK
6
CONTINUOUS
10
3.5211102362204723
20
-4.0633640551181101
11
3.5199521653543306
21
-4.0605682283464564
0
LINE
8
BLACK
6
CONTINUOUS
10
3.5199521653543306
20
-4.0605682283464564
11
3.5199521653543306
21
-4.0575420078740159
0
LINE
8
BLACK
6
CONTINUOUS
10
3.5199521653543306
20
-4.0575420078740159
11
3.5211102362204723
21
-4.0547461811023622
0
LINE
8
BLACK
6
CONTINUOUS
10
3.5211102362204723
20
-4.0547461811023622
11
3.5232501181102363
21
-4.0526062992125986
0
LINE
8
BLACK
6
CONTINUOUS
10
3.5232501181102363
20
-4.0526062992125986
11
3.5260459448818895
21
-4.051448228346457
0
LINE
8
BLACK
6
CONTINUOUS
10
3.5260459448818895
20
-4.051448228346457
11
3.5290721653543304
21
-4.051448228346457
0
LINE
8
BLACK
6
CONTINUOUS
10
3.5290721653543304
20
-4.051448228346457
11
3.5318679921259841
21
-4.0526062992125986
0
LINE
8
BLACK
6
CONTINUOUS
10
3.5633640551181101
20
-4.0526062992125986
11
3.565503937007874
21
-4.0547461811023622
0
LINE
8
BLACK
6
CONTINUOUS
10
3.565503937007874
20
-4.0547461811023622
11
3.5666620078740157
21
-4.0575420078740159
0
LINE
8
BLACK
6
CONTINUOUS
10
3.5666620078740157
20
-4.0575420078740159
11
3.5666620078740157
21
-4.0605682283464564
0
LINE
8
BLACK
6
CONTINUOUS
10
3.5666620078740157
20
-4.0605682283464564
11
3.565503937007874
21
-4.0633640551181101
0
LINE
8
BLACK
6
CONTINUOUS
10
3.565503937007874
20
-4.0633640551181101
11
3.5633640551181101
21
-4.0655039370078736
0
LINE
8
BLACK
6
CONTINUOUS
10
3.5633640551181101
20
-4.0655039370078736
11
3.5605682283464568
21
-4.0666620078740152
0
LINE
8
BLACK
6
CONTINUOUS
10
3.5605682283464568
20
-4.0666620078740152
11
3.5575420078740159
21
-4.0666620078740152
0
LINE
8
BLACK
6
CONTINUOUS
10
3.5575420078740159
20
-4.0666620078740152
11
3.5547461811023622
21
-4.0655039370078736
0
LINE
8
BLACK
6
CONTINUOUS
10
3.5547461811023622
20
-4.0655039370078736
11
3.5526062992125982
21
-4.0633640551181101
0
LINE
8
BLACK
6
CONTINUOUS
10
3.5526062992125982
20
-4.0633640551181101
11
3.5514482283464566
21
-4.0605682283464564
0
LINE
8
BLACK
6
CONTINUOUS
10
3.5514482283464566
20
-4.0605682283464564
11
3.5514482283464566
21
-4.0575420078740159
0
LINE
8
BLACK
6
CONTINUOUS
10
3.5514482283464566
20
-4.0575420078740159
11
3.5526062992125982
21
-4.0547461811023622
0
LINE
8
BLACK
6
CONTINUOUS
10
3.5526062992125982
20
-4.0547461811023622
11
3.5547461811023622
21
-4.0526062992125986
0
LINE
8
BLACK
6
CONTINUOUS
10
3.5547461811023622
20
-4.0526062992125986
11
3.5575420078740159
21
-4.051448228346457
0
LINE
8
BLACK
6
CONTINUOUS
10
3.5575420078740159
20
-4.051448228346457
11
3.5605682283464568
21
-4.051448228346457
0
LINE
8
BLACK
6
CONTINUOUS
10
3.5605682283464568
20
-4.051448228346457
11
3.5633640551181101
21
-4.0526062992125986
0
LINE
8
BLACK
6
CONTINUOUS
10
3.594860118110236
20
-4.0526062992125986
11
3.597
21
-4.0547461811023622
0
LINE
8
BLACK
6
CONTINUOUS
10
3.597
20
-4.0547461811023622
11
3.5981580708661416
21
-4.0575420078740159
0
LINE
8
BLACK
6
CONTINUOUS
10
3.5981580708661416
20
-4.0575420078740159
11
3.5981580708661416
21
-4.0605682283464564
0
LINE
8
BLACK
6
CONTINUOUS
10
3.5981580708661416
20
-4.0605682283464564
11
3.597
21
-4.0633640551181101
0
LINE
8
BLACK
6
CONTINUOUS
10
3.597
20
-4.0633640551181101
11
3.594860118110236
21
-4.0655039370078736
0
LINE
8
BLACK
6
CONTINUOUS
10
3.594860118110236
20
-4.0655039370078736
11
3.5920642913385827
21
-4.0666620078740152
0
LINE
8
BLACK
6
CONTINUOUS
10
3.5920642913385827
20
-4.0666620078740152
11
3.5890380708661418
21
-4.0666620078740152
0
LINE
8
BLACK
6
CONTINUOUS
10
3.5890380708661418
20
-4.0666620078740152
11
3.5862422440944881
21
-4.0655039370078736
0
LINE
8
BLACK
6
CONTINUOUS
10
3.5862422440944881
20
-4.0655039370078736
11
3.5841023622047241
21
-4.0633640551181101
0
LINE
8
BLACK
6
CONTINUOUS
10
3.5841023622047241
20
-4.0633640551181101
11
3.5829442913385825
21
-4.0605682283464564
0
LINE
8
BLACK
6
CONTINUOUS
10
3.5829442913385825
20
-4.0605682283464564
11
3.5829442913385825
21
-4.0575420078740159
0
LINE
8
BLACK
6
CONTINUOUS
10
3.5829442913385825
20
-4.0575420078740159
11
3.5841023622047241
21
-4.0547461811023622
0
LINE
8
BLACK
6
CONTINUOUS
10
3.5841023622047241
20
-4.0547461811023622
11
3.5862422440944881
21
-4.0526062992125986
0
LINE
8
BLACK
6
CONTINUOUS
10
3.5862422440944881
20
-4.0526062992125986
11
3.5890380708661418
21
-4.051448228346457
0
LINE
8
BLACK
6
CONTINUOUS
10
3.5890380708661418
20
-4.051448228346457
11
3.5920642913385827
21
-4.051448228346457
0
LINE
8
BLACK
6
CONTINUOUS
10
3.5920642913385827
20
-4.051448228346457
11
3.594860118110236
21
-4.0526062992125986
0
LINE
8
BLACK
6
CONTINUOUS
10
3.6263561811023619
20
-4.0526062992125986
11
3.6284960629921259
21
-4.0547461811023622
0
LINE
8
BLACK
6
CONTINUOUS
10
3.6284960629921259
20
-4.0547461811023622
11
3.6296541338582675
21
-4.0575420078740159
0
LINE
8
BLACK
6
CONTINUOUS
10
3.6296541338582675
20
-4.0575420078740159
11
3.6296541338582675
21
-4.0605682283464564
0
LINE
8
BLACK
6
CONTINUOUS
10
3.6296541338582675
20
-4.0605682283464564
11
3.6284960629921259
21
-4.0633640551181101
0
LINE
8
BLACK
6
CONTINUOUS
10
3.6284960629921259
20
-4.0633640551181101
11
3.6263561811023619
21
-4.0655039370078736
0
LINE
8
BLACK
6
CONTINUOUS
10
3.6263561811023619
20
-4.0655039370078736
11
3.6235603543307087
21
-4.0666620078740152
0
LINE
8
BLACK
6
CONTINUOUS
10
3.6235603543307087
20
-4.0666620078740152
11
3.6205341338582677
21
-4.0666620078740152
0
LINE
8
BLACK
6
CONTINUOUS
10
3.6205341338582677
20
-4.0666620078740152
11
3.617738307086614
21
-4.0655039370078736
0
LINE
8
BLACK
6
CONTINUOUS
10
3.617738307086614
20
-4.0655039370078736
11
3.6155984251968505
21
-4.0633640551181101
0
LINE
8
BLACK
6
CONTINUOUS
10
3.6155984251968505
20
-4.0633640551181101
11
3.6144403543307084
21
-4.0605682283464564
0
LINE
8
BLACK
6
CONTINUOUS
10
3.6144403543307084
20
-4.0605682283464564
11
3.6144403543307084
21
-4.0575420078740159
0
LINE
8
BLACK
6
CONTINUOUS
10
3.6144403543307084
20
-4.0575420078740159
11
3.6155984251968505
21
-4.0547461811023622
0
LINE
8
BLACK
6
CONTINUOUS
10
3.6155984251968505
20
-4.0547461811023622
11
3.617738307086614
21
-4.0526062992125986
0
LINE
8
BLACK
6
CONTINUOUS
10
3.617738307086614
20
-4.0526062992125986
11
3.6205341338582677
21
-4.051448228346457
0
LINE
8
BLACK
6
CONTINUOUS
10
3.6205341338582677
20
-4.051448228346457
11
3.6235603543307087
21
-4.051448228346457
0
LINE
8
BLACK
6
CONTINUOUS
10
3.6235603543307087
20
-4.051448228346457
11
3.6263561811023619
21
-4.0526062992125986
0
LINE
8
BLACK
6
CONTINUOUS
10
3.6578522440944883
20
-4.0526062992125986
11
3.6599921259842518
21
-4.0547461811023622
0
LINE
8
BLACK
6
CONTINUOUS
10
3.6599921259842518
20
-4.0547461811023622
11
3.6611501968503934
21
-4.0575420078740159
0
LINE
8
BLACK
6
CONTINUOUS
10
3.6611501968503934
20
-4.0575420078740159
11
3.6611501968503934
21
-4.0605682283464564
0
LINE
8
BLACK
6
CONTINUOUS
10
3.6611501968503934
20
-4.0605682283464564
11
3.6599921259842518
21
-4.0633640551181101
0
LINE
8
BLACK
6
CONTINUOUS
10
3.6599921259842518
20
-4.0633640551181101
11
3.6578522440944883
21
-4.0655039370078736
0
LINE
8
BLACK
6
CONTINUOUS
10
3.6578522440944883
20
-4.0655039370078736
11
3.6550564173228346
21
-4.0666620078740152
0
LINE
8
BLACK
6
CONTINUOUS
10
3.6550564173228346
20
-4.0666620078740152
11
3.6520301968503937
21
-4.0666620078740152
0
LINE
8
BLACK
6
CONTINUOUS
10
3.6520301968503937
20
-4.0666620078740152
11
3.64923437007874
21
-4.0655039370078736
0
LINE
8
BLACK
6
CONTINUOUS
10
3.64923437007874
20
-4.0655039370078736
11
3.6470944881889764
21
-4.0633640551181101
0
LINE
8
BLACK
6
CONTINUOUS
10
3.6470944881889764
20
-4.0633640551181101
11
3.6459364173228344
21
-4.0605682283464564
0
LINE
8
BLACK
6
CONTINUOUS
10
3.6459364173228344
20
-4.0605682283464564
11
3.6459364173228344
21
-4.0575420078740159
0
LINE
8
BLACK
6
CONTINUOUS
10
3.6459364173228344
20
-4.0575420078740159
11
3.6470944881889764
21
-4.0547461811023622
0
LINE
8
BLACK
6
CONTINUOUS
10
3.6470944881889764
20
-4.0547461811023622
11
3.64923437007874
21
-4.0526062992125986
0
LINE
8
BLACK
6
CONTINUOUS
10
3.64923437007874
20
-4.0526062992125986
11
3.6520301968503937
21
-4.051448228346457
0
LINE
8
BLACK
6
CONTINUOUS
10
3.6520301968503937
20
-4.051448228346457
11
3.6550564173228346
21
-4.051448228346457
0
LINE
8
BLACK
6
CONTINUOUS
10
3.6550564173228346
20
-4.051448228346457
11
3.6578522440944883
21
-4.0526062992125986
0
LINE
8
BLACK
6
CONTINUOUS
10
3.6893483070866142
20
-4.0526062992125986
11
3.6914881889763778
21
-4.0547461811023622
0
LINE
8
BLACK
6
CONTINUOUS
10
3.6914881889763778
20
-4.0547461811023622
11
3.6926462598425198
21
-4.0575420078740159
0
LINE
8
BLACK
6
CONTINUOUS
10
3.6926462598425198
20
-4.0575420078740159
11
3.6926462598425198
21
-4.0605682283464564
0
LINE
8
BLACK
6
CONTINUOUS
10
3.6926462598425198
20
-4.0605682283464564
11
3.6914881889763778
21
-4.0633640551181101
0
LINE
8
BLACK
6
CONTINUOUS
10
3.6914881889763778
20
-4.0633640551181101
11
3.6893483070866142
21
-4.0655039370078736
0
LINE
8
BLACK
6
CONTINUOUS
10
3.6893483070866142
20
-4.0655039370078736
11
3.6865524803149605
21
-4.0666620078740152
0
LINE
8
BLACK
6
CONTINUOUS
10
3.6865524803149605
20
-4.0666620078740152
11
3.6835262598425196
21
-4.0666620078740152
0
LINE
8
BLACK
6
CONTINUOUS
10
3.6835262598425196
20
-4.0666620078740152
11
3.6807304330708659
21
-4.0655039370078736
0
LINE
8
BLACK
6
CONTINUOUS
10
3.6807304330708659
20
-4.0655039370078736
11
3.6785905511811023
21
-4.0633640551181101
0
LINE
8
BLACK
6
CONTINUOUS
10
3.6785905511811023
20
-4.0633640551181101
11
3.6774324803149607
21
-4.0605682283464564
0
LINE
8
BLACK
6
CONTINUOUS
10
3.6774324803149607
20
-4.0605682283464564
11
3.6774324803149607
21
-4.0575420078740159
0
LINE
8
BLACK
6
CONTINUOUS
10
3.6774324803149607
20
-4.0575420078740159
11
3.6785905511811023
21
-4.0547461811023622
0
LINE
8
BLACK
6
CONTINUOUS
10
3.6785905511811023
20
-4.0547461811023622
11
3.6807304330708659
21
-4.0526062992125986
0
LINE
8
BLACK
6
CONTINUOUS
10
3.6807304330708659
20
-4.0526062992125986
11
3.6835262598425196
21
-4.051448228346457
0
LINE
8
BLACK
6
CONTINUOUS
10
3.6835262598425196
20
-4.051448228346457
11
3.6865524803149605
21
-4.051448228346457
0
LINE
8
BLACK
6
CONTINUOUS
10
3.6865524803149605
20
-4.051448228346457
11
3.6893483070866142
21
-4.0526062992125986
0
LINE
8
BLACK
6
CONTINUOUS
10
3.7208443700787401
20
-4.0526062992125986
11
3.7229842519685037
21
-4.0547461811023622
0
LINE
8
BLACK
6
CONTINUOUS
10
3.7229842519685037
20
-4.0547461811023622
11
3.7241423228346457
21
-4.0575420078740159
0
LINE
8
BLACK
6
CONTINUOUS
10
3.7241423228346457
20
-4.0575420078740159
11
3.7241423228346457
21
-4.0605682283464564
0
LINE
8
BLACK
6
CONTINUOUS
10
3.7241423228346457
20
-4.0605682283464564
11
3.7229842519685037
21
-4.0633640551181101
0
LINE
8
BLACK
6
CONTINUOUS
10
3.7229842519685037
20
-4.0633640551181101
11
3.7208443700787401
21
-4.0655039370078736
0
LINE
8
BLACK
6
CONTINUOUS
10
3.7208443700787401
20
-4.0655039370078736
11
3.7180485433070865
21
-4.0666620078740152
0
LINE
8
BLACK
6
CONTINUOUS
10
3.7180485433070865
20
-4.0666620078740152
11
3.7150223228346455
21
-4.0666620078740152
0
LINE
8
BLACK
6
CONTINUOUS
10
3.7150223228346455
20
-4.0666620078740152
11
3.7122264960629918
21
-4.0655039370078736
0
LINE
8
BLACK
6
CONTINUOUS
10
3.7122264960629918
20
-4.0655039370078736
11
3.7100866141732283
21
-4.0633640551181101
0
LINE
8
BLACK
6
CONTINUOUS
10
3.7100866141732283
20
-4.0633640551181101
11
3.7089285433070867
21
-4.0605682283464564
0
LINE
8
BLACK
6
CONTINUOUS
10
3.7089285433070867
20
-4.0605682283464564
11
3.7089285433070867
21
-4.0575420078740159
0
LINE
8
BLACK
6
CONTINUOUS
10
3.7089285433070867
20
-4.0575420078740159
11
3.7100866141732283
21
-4.0547461811023622
0
LINE
8
BLACK
6
CONTINUOUS
10
3.7100866141732283
20
-4.0547461811023622
11
3.7122264960629918
21
-4.0526062992125986
0
LINE
8
BLACK
6
CONTINUOUS
10
3.7122264960629918
20
-4.0526062992125986
11
3.7150223228346455
21
-4.051448228346457
0
LINE
8
BLACK
6
CONTINUOUS
10
3.7150223228346455
20
-4.051448228346457
11
3.7180485433070865
21
-4.051448228346457
0
LINE
8
BLACK
6
CONTINUOUS
10
3.7180485433070865
20
-4.051448228346457
11
3.7208443700787401
21
-4.0526062992125986
0
LINE
8
BLACK
6
CONTINUOUS
10
3.7523404330708661
20
-4.0526062992125986
11
3.7544803149606296
21
-4.0547461811023622
0
LINE
8
BLACK
6
CONTINUOUS
10
3.7544803149606296
20
-4.0547461811023622
11
3.7556383858267717
21
-4.0575420078740159
0
LINE
8
BLACK
6
CONTINUOUS
10
3.7556383858267717
20
-4.0575420078740159
11
3.7556383858267717
21
-4.0605682283464564
0
LINE
8
BLACK
6
CONTINUOUS
10
3.7556383858267717
20
-4.0605682283464564
11
3.7544803149606296
21
-4.0633640551181101
0
LINE
8
BLACK
6
CONTINUOUS
10
3.7544803149606296
20
-4.0633640551181101
11
3.7523404330708661
21
-4.0655039370078736
0
LINE
8
BLACK
6
CONTINUOUS
10
3.7523404330708661
20
-4.0655039370078736
11
3.7495446062992124
21
-4.0666620078740152
0
LINE
8
BLACK
6
CONTINUOUS
10
3.7495446062992124
20
-4.0666620078740152
11
3.7465183858267714
21
-4.0666620078740152
0
LINE
8
BLACK
6
CONTINUOUS
10
3.7465183858267714
20
-4.0666620078740152
11
3.7437225590551182
21
-4.0655039370078736
0
LINE
8
BLACK
6
CONTINUOUS
10
3.7437225590551182
20
-4.0655039370078736
11
3.7415826771653542
21
-4.0633640551181101
0
LINE
8
BLACK
6
CONTINUOUS
10
3.7415826771653542
20
-4.0633640551181101
11
3.7404246062992126
21
-4.0605682283464564
0
LINE
8
BLACK
6
CONTINUOUS
10
3.7404246062992126
20
-4.0605682283464564
11
3.7404246062992126
21
-4.0575420078740159
0
LINE
8
BLACK
6
CONTINUOUS
10
3.7404246062992126
20
-4.0575420078740159
11
3.7415826771653542
21
-4.0547461811023622
0
LINE
8
BLACK
6
CONTINUOUS
10
3.7415826771653542
20
-4.0547461811023622
11
3.7437225590551182
21
-4.0526062992125986
0
LINE
8
BLACK
6
CONTINUOUS
10
3.7437225590551182
20
-4.0526062992125986
11
3.7465183858267714
21
-4.051448228346457
0
LINE
8
BLACK
6
CONTINUOUS
10
3.7465183858267714
20
-4.051448228346457
11
3.7495446062992124
21
-4.051448228346457
0
LINE
8
BLACK
6
CONTINUOUS
10
3.7495446062992124
20
-4.051448228346457
11
3.7523404330708661
21
-4.0526062992125986
0
LINE
8
BLACK
6
CONTINUOUS
10
3.783836496062992
20
-4.0526062992125986
11
3.785976377952756
21
-4.0547461811023622
0
LINE
8
BLACK
6
CONTINUOUS
10
3.785976377952756
20
-4.0547461811023622
11
3.7871344488188976
21
-4.0575420078740159
0
LINE
8
BLACK
6
CONTINUOUS
10
3.7871344488188976
20
-4.0575420078740159
11
3.7871344488188976
21
-4.0605682283464564
0
LINE
8
BLACK
6
CONTINUOUS
10
3.7871344488188976
20
-4.0605682283464564
11
3.785976377952756
21
-4.0633640551181101
0
LINE
8
BLACK
6
CONTINUOUS
10
3.785976377952756
20
-4.0633640551181101
11
3.783836496062992
21
-4.0655039370078736
0
LINE
8
BLACK
6
CONTINUOUS
10
3.783836496062992
20
-4.0655039370078736
11
3.7810406692913383
21
-4.0666620078740152
0
LINE
8
BLACK
6
CONTINUOUS
10
3.7810406692913383
20
-4.0666620078740152
11
3.7780144488188974
21
-4.0666620078740152
0
LINE
8
BLACK
6
CONTINUOUS
10
3.7780144488188974
20
-4.0666620078740152
11
3.7752186220472441
21
-4.0655039370078736
0
LINE
8
BLACK
6
CONTINUOUS
10
3.7752186220472441
20
-4.0655039370078736
11
3.7730787401574801
21
-4.0633640551181101
0
LINE
8
BLACK
6
CONTINUOUS
10
3.7730787401574801
20
-4.0633640551181101
11
3.7719206692913385
21
-4.0605682283464564
0
LINE
8
BLACK
6
CONTINUOUS
10
3.7719206692913385
20
-4.0605682283464564
11
3.7719206692913385
21
-4.0575420078740159
0
LINE
8
BLACK
6
CONTINUOUS
10
3.7719206692913385
20
-4.0575420078740159
11
3.7730787401574801
21
-4.0547461811023622
0
LINE
8
BLACK
6
CONTINUOUS
10
3.7730787401574801
20
-4.0547461811023622
11
3.7752186220472441
21
-4.0526062992125986
0
LINE
8
BLACK
6
CONTINUOUS
10
3.7752186220472441
20
-4.0526062992125986
11
3.7780144488188974
21
-4.051448228346457
0
LINE
8
BLACK
6
CONTINUOUS
10
3.7780144488188974
20
-4.051448228346457
11
3.7810406692913383
21
-4.051448228346457
0
LINE
8
BLACK
6
CONTINUOUS
10
3.7810406692913383
20
-4.051448228346457
11
3.783836496062992
21
-4.0526062992125986
0
LINE
8
BLACK
6
CONTINUOUS
10
3.8153325590551179
20
-4.0526062992125986
11
3.8174724409448819
21
-4.0547461811023622
0
LINE
8
BLACK
6
CONTINUOUS
10
3.8174724409448819
20
-4.0547461811023622
11
3.8186305118110235
21
-4.0575420078740159
0
LINE
8
BLACK
6
CONTINUOUS
10
3.8186305118110235
20
-4.0575420078740159
11
3.8186305118110235
21
-4.0605682283464564
0
LINE
8
BLACK
6
CONTINUOUS
10
3.8186305118110235
20
-4.0605682283464564
11
3.8174724409448819
21
-4.0633640551181101
0
LINE
8
BLACK
6
CONTINUOUS
10
3.8174724409448819
20
-4.0633640551181101
11
3.8153325590551179
21
-4.0655039370078736
0
LINE
8
BLACK
6
CONTINUOUS
10
3.8153325590551179
20
-4.0655039370078736
11
3.8125367322834647
21
-4.0666620078740152
0
LINE
8
BLACK
6
CONTINUOUS
10
3.8125367322834647
20
-4.0666620078740152
11
3.8095105118110237
21
-4.0666620078740152
0
LINE
8
BLACK
6
CONTINUOUS
10
3.8095105118110237
20
-4.0666620078740152
11
3.80671468503937
21
-4.0655039370078736
0
LINE
8
BLACK
6
CONTINUOUS
10
3.80671468503937
20
-4.0655039370078736
11
3.8045748031496061
21
-4.0633640551181101
0
LINE
8
BLACK
6
CONTINUOUS
10
3.8045748031496061
20
-4.0633640551181101
11
3.8034167322834644
21
-4.0605682283464564
0
LINE
8
BLACK
6
CONTINUOUS
10
3.8034167322834644
20
-4.0605682283464564
11
3.8034167322834644
21
-4.0575420078740159
0
LINE
8
BLACK
6
CONTINUOUS
10
3.8034167322834644
20
-4.0575420078740159
11
3.8045748031496061
21
-4.0547461811023622
0
LINE
8
BLACK
6
CONTINUOUS
10
3.8045748031496061
20
-4.0547461811023622
11
3.80671468503937
21
-4.0526062992125986
0
LINE
8
BLACK
6
CONTINUOUS
10
3.80671468503937
20
-4.0526062992125986
11
3.8095105118110237
21
-4.051448228346457
0
LINE
8
BLACK
6
CONTINUOUS
10
3.8095105118110237
20
-4.051448228346457
11
3.8125367322834647
21
-4.051448228346457
0
LINE
8
BLACK
6
CONTINUOUS
10
3.8125367322834647
20
-4.051448228346457
11
3.8153325590551179
21
-4.0526062992125986
0
LINE
8
BLACK
6
CONTINUOUS
10
3.8468286220472439
20
-4.0526062992125986
11
3.8489685039370078
21
-4.0547461811023622
0
LINE
8
BLACK
6
CONTINUOUS
10
3.8489685039370078
20
-4.0547461811023622
11
3.8501265748031495
21
-4.0575420078740159
0
LINE
8
BLACK
6
CONTINUOUS
10
3.8501265748031495
20
-4.0575420078740159
11
3.8501265748031495
21
-4.0605682283464564
0
LINE
8
BLACK
6
CONTINUOUS
10
3.8501265748031495
20
-4.0605682283464564
11
3.8489685039370078
21
-4.0633640551181101
0
LINE
8
BLACK
6
CONTINUOUS
10
3.8489685039370078
20
-4.0633640551181101
11
3.8468286220472439
21
-4.0655039370078736
0
LINE
8
BLACK
6
CONTINUOUS
10
3.8468286220472439
20
-4.0655039370078736
11
3.8440327952755906
21
-4.0666620078740152
0
LINE
8
BLACK
6
CONTINUOUS
10
3.8440327952755906
20
-4.0666620078740152
11
3.8410065748031497
21
-4.0666620078740152
0
LINE
8
BLACK
6
CONTINUOUS
10
3.8410065748031497
20
-4.0666620078740152
11
3.838210748031496
21
-4.0655039370078736
0
LINE
8
BLACK
6
CONTINUOUS
10
3.838210748031496
20
-4.0655039370078736
11
3.836070866141732
21
-4.0633640551181101
0
LINE
8
BLACK
6
CONTINUOUS
10
3.836070866141732
20
-4.0633640551181101
11
3.8349127952755904
21
-4.0605682283464564
0
LINE
8
BLACK
6
CONTINUOUS
10
3.8349127952755904
20
-4.0605682283464564
11
3.8349127952755904
21
-4.0575420078740159
0
LINE
8
BLACK
6
CONTINUOUS
10
3.8349127952755904
20
-4.0575420078740159
11
3.836070866141732
21
-4.0547461811023622
0
LINE
8
BLACK
6
CONTINUOUS
10
3.836070866141732
20
-4.0547461811023622
11
3.838210748031496
21
-4.0526062992125986
0
LINE
8
BLACK
6
CONTINUOUS
10
3.838210748031496
20
-4.0526062992125986
11
3.8410065748031497
21
-4.051448228346457
0
LINE
8
BLACK
6
CONTINUOUS
10
3.8410065748031497
20
-4.051448228346457
11
3.8440327952755906
21
-4.051448228346457
0
LINE
8
BLACK
6
CONTINUOUS
10
3.8440327952755906
20
-4.051448228346457
11
3.8468286220472439
21
-4.0526062992125986
0
LINE
8
BLACK
6
CONTINUOUS
10
3.8783246850393698
20
-4.0526062992125986
11
3.8804645669291338
21
-4.0547461811023622
0
LINE
8
BLACK
6
CONTINUOUS
10
3.8804645669291338
20
-4.0547461811023622
11
3.8816226377952754
21
-4.0575420078740159
0
LINE
8
BLACK
6
CONTINUOUS
10
3.8816226377952754
20
-4.0575420078740159
11
3.8816226377952754
21
-4.0605682283464564
0
LINE
8
BLACK
6
CONTINUOUS
10
3.8816226377952754
20
-4.0605682283464564
11
3.8804645669291338
21
-4.0633640551181101
0
LINE
8
BLACK
6
CONTINUOUS
10
3.8804645669291338
20
-4.0633640551181101
11
3.8783246850393698
21
-4.0655039370078736
0
LINE
8
BLACK
6
CONTINUOUS
10
3.8783246850393698
20
-4.0655039370078736
11
3.8755288582677165
21
-4.0666620078740152
0
LINE
8
BLACK
6
CONTINUOUS
10
3.8755288582677165
20
-4.0666620078740152
11
3.8725026377952756
21
-4.0666620078740152
0
LINE
8
BLACK
6
CONTINUOUS
10
3.8725026377952756
20
-4.0666620078740152
11
3.8697068110236219
21
-4.0655039370078736
0
LINE
8
BLACK
6
CONTINUOUS
10
3.8697068110236219
20
-4.0655039370078736
11
3.8675669291338584
21
-4.0633640551181101
0
LINE
8
BLACK
6
CONTINUOUS
10
3.8675669291338584
20
-4.0633640551181101
11
3.8664088582677163
21
-4.0605682283464564
0
LINE
8
BLACK
6
CONTINUOUS
10
3.8664088582677163
20
-4.0605682283464564
11
3.8664088582677163
21
-4.0575420078740159
0
LINE
8
BLACK
6
CONTINUOUS
10
3.8664088582677163
20
-4.0575420078740159
11
3.8675669291338584
21
-4.0547461811023622
0
LINE
8
BLACK
6
CONTINUOUS
10
3.8675669291338584
20
-4.0547461811023622
11
3.8697068110236219
21
-4.0526062992125986
0
LINE
8
BLACK
6
CONTINUOUS
10
3.8697068110236219
20
-4.0526062992125986
11
3.8725026377952756
21
-4.051448228346457
0
LINE
8
BLACK
6
CONTINUOUS
10
3.8725026377952756
20
-4.051448228346457
11
3.8755288582677165
21
-4.051448228346457
0
LINE
8
BLACK
6
CONTINUOUS
10
3.8755288582677165
20
-4.051448228346457
11
3.8783246850393698
21
-4.0526062992125986
0
LINE
8
BLACK
6
CONTINUOUS
10
3.9098207480314962
20
-4.0526062992125986
11
3.9119606299212597
21
-4.0547461811023622
0
LINE
8
BLACK
6
CONTINUOUS
10
3.9119606299212597
20
-4.0547461811023622
11
3.9131187007874013
21
-4.0575420078740159
0
LINE
8
BLACK
6
CONTINUOUS
10
3.9131187007874013
20
-4.0575420078740159
11
3.9131187007874013
21
-4.0605682283464564
0
LINE
8
BLACK
6
CONTINUOUS
10
3.9131187007874013
20
-4.0605682283464564
11
3.9119606299212597
21
-4.0633640551181101
0
LINE
8
BLACK
6
CONTINUOUS
10
3.9119606299212597
20
-4.0633640551181101
11
3.9098207480314962
21
-4.0655039370078736
0
LINE
8
BLACK
6
CONTINUOUS
10
3.9098207480314962
20
-4.0655039370078736
11
3.9070249212598425
21
-4.0666620078740152
0
LINE
8
BLACK
6
CONTINUOUS
10
3.9070249212598425
20
-4.0666620078740152
11
3.9039987007874015
21
-4.0666620078740152
0
LINE
8
BLACK
6
CONTINUOUS
10
3.9039987007874015
20
-4.0666620078740152
11
3.9012028740157478
21
-4.0655039370078736
0
LINE
8
BLACK
6
CONTINUOUS
10
3.9012028740157478
20
-4.0655039370078736
11
3.8990629921259843
21
-4.0633640551181101
0
LINE
8
BLACK
6
CONTINUOUS
10
3.8990629921259843
20
-4.0633640551181101
11
3.8979049212598422
21
-4.0605682283464564
0
LINE
8
BLACK
6
CONTINUOUS
10
3.8979049212598422
20
-4.0605682283464564
11
3.8979049212598422
21
-4.0575420078740159
0
LINE
8
BLACK
6
CONTINUOUS
10
3.8979049212598422
20
-4.0575420078740159
11
3.8990629921259843
21
-4.0547461811023622
0
LINE
8
BLACK
6
CONTINUOUS
10
3.8990629921259843
20
-4.0547461811023622
11
3.9012028740157478
21
-4.0526062992125986
0
LINE
8
BLACK
6
CONTINUOUS
10
3.9012028740157478
20
-4.0526062992125986
11
3.9039987007874015
21
-4.051448228346457
0
LINE
8
BLACK
6
CONTINUOUS
10
3.9039987007874015
20
-4.051448228346457
11
3.9070249212598425
21
-4.051448228346457
0
LINE
8
BLACK
6
CONTINUOUS
10
3.9070249212598425
20
-4.051448228346457
11
3.9098207480314962
21
-4.0526062992125986
0
LINE
8
BLACK
6
CONTINUOUS
10
4.1161231889763776
20
-4.0105729921259838
11
4.1192364960629924
21
-4.0126532677165354
0
LINE
8
BLACK
6
CONTINUOUS
10
4.1192364960629924
20
-4.0126532677165354
11
4.121316771653543
21
-4.0157665748031492
0
LINE
8
BLACK
6
CONTINUOUS
10
4.121316771653543
20
-4.0157665748031492
11
4.122047244094488
21
-4.0194389763779528
0
LINE
8
BLACK
6
CONTINUOUS
10
4.122047244094488
20
-4.0194389763779528
11
4.122047244094488
21
-4.0386318897637796
0
LINE
8
BLACK
6
CONTINUOUS
10
4.122047244094488
20
-4.0386318897637796
11
4.121316771653543
21
-4.0423042913385823
0
LINE
8
BLACK
6
CONTINUOUS
10
4.121316771653543
20
-4.0423042913385823
11
4.1192364960629924
21
-4.045417598425197
0
LINE
8
BLACK
6
CONTINUOUS
10
4.1192364960629924
20
-4.045417598425197
11
4.1161231889763776
21
-4.0474978740157477
0
LINE
8
BLACK
6
CONTINUOUS
10
4.1161231889763776
20
-4.0474978740157477
11
4.112450787401575
21
-4.0482283464566926
0
LINE
8
BLACK
6
CONTINUOUS
10
4.112450787401575
20
-4.0482283464566926
11
4.0765255905511806
21
-4.0482283464566926
0
LINE
8
BLACK
6
CONTINUOUS
10
4.0765255905511806
20
-4.0482283464566926
11
4.0728531889763779
21
-4.0474978740157477
0
LINE
8
BLACK
6
CONTINUOUS
10
4.0728531889763779
20
-4.0474978740157477
11
4.0697398818897641
21
-4.045417598425197
0
LINE
8
BLACK
6
CONTINUOUS
10
4.0697398818897641
20
-4.045417598425197
11
4.0676596062992125
21
-4.0423042913385823
0
LINE
8
BLACK
6
CONTINUOUS
10
4.0676596062992125
20
-4.0423042913385823
11
4.0669291338582676
21
-4.0386318897637796
0
LINE
8
BLACK
6
CONTINUOUS
10
4.0669291338582676
20
-4.0386318897637796
11
4.0669291338582676
21
-4.0194389763779528
0
LINE
8
BLACK
6
CONTINUOUS
10
4.0669291338582676
20
-4.0194389763779528
11
4.0676596062992125
21
-4.0157665748031492
0
LINE
8
BLACK
6
CONTINUOUS
10
4.0676596062992125
20
-4.0157665748031492
11
4.0697398818897641
21
-4.0126532677165354
0
LINE
8
BLACK
6
CONTINUOUS
10
4.0697398818897641
20
-4.0126532677165354
11
4.0728531889763779
21
-4.0105729921259838
0
LINE
8
BLACK
6
CONTINUOUS
10
4.0728531889763779
20
-4.0105729921259838
11
4.0765255905511806
21
-4.0098425196850389
0
LINE
8
BLACK
6
CONTINUOUS
10
4.0765255905511806
20
-4.0098425196850389
11
4.112450787401575
21
-4.0098425196850389
0
LINE
8
BLACK
6
CONTINUOUS
10
4.112450787401575
20
-4.0098425196850389
11
4.1161231889763776
21
-4.0105729921259838
0
LINE
8
BLACK
6
CONTINUOUS
10
3.5003719291338582
20
-4.0211102362204727
11
3.5025118110236217
21
-4.0232501181102363
0
LINE
8
BLACK
6
CONTINUOUS
10
3.5025118110236217
20
-4.0232501181102363
11
3.5036698818897638
21
-4.0260459448818899
0
LINE
8
BLACK
6
CONTINUOUS
10
3.5036698818897638
20
-4.0260459448818899
11
3.5036698818897638
21
-4.0290721653543304
0
LINE
8
BLACK
6
CONTINUOUS
10
3.5036698818897638
20
-4.0290721653543304
11
3.5025118110236217
21
-4.0318679921259841
0
LINE
8
BLACK
6
CONTINUOUS
10
3.5025118110236217
20
-4.0318679921259841
11
3.5003719291338582
21
-4.0340078740157477
0
LINE
8
BLACK
6
CONTINUOUS
10
3.5003719291338582
20
-4.0340078740157477
11
3.4975761023622045
21
-4.0351659448818893
0
LINE
8
BLACK
6
CONTINUOUS
10
3.4975761023622045
20
-4.0351659448818893
11
3.4945498818897636
21
-4.0351659448818893
0
LINE
8
BLACK
6
CONTINUOUS
10
3.4945498818897636
20
-4.0351659448818893
11
3.4917540551181103
21
-4.0340078740157477
0
LINE
8
BLACK
6
CONTINUOUS
10
3.4917540551181103
20
-4.0340078740157477
11
3.4896141732283463
21
-4.0318679921259841
0
LINE
8
BLACK
6
CONTINUOUS
10
3.4896141732283463
20
-4.0318679921259841
11
3.4884561023622047
21
-4.0290721653543304
0
LINE
8
BLACK
6
CONTINUOUS
10
3.4884561023622047
20
-4.0290721653543304
11
3.4884561023622047
21
-4.0260459448818899
0
LINE
8
BLACK
6
CONTINUOUS
10
3.4884561023622047
20
-4.0260459448818899
11
3.4896141732283463
21
-4.0232501181102363
0
LINE
8
BLACK
6
CONTINUOUS
10
3.4896141732283463
20
-4.0232501181102363
11
3.4917540551181103
21
-4.0211102362204727
0
LINE
8
BLACK
6
CONTINUOUS
10
3.4917540551181103
20
-4.0211102362204727
11
3.4945498818897636
21
-4.0199521653543302
0
LINE
8
BLACK
6
CONTINUOUS
10
3.4945498818897636
20
-4.0199521653543302
11
3.4975761023622045
21
-4.0199521653543302
0
LINE
8
BLACK
6
CONTINUOUS
10
3.4975761023622045
20
-4.0199521653543302
11
3.5003719291338582
21
-4.0211102362204727
0
LINE
8
BLACK
6
CONTINUOUS
10
3.5318679921259841
20
-4.0211102362204727
11
3.5340078740157481
21
-4.0232501181102363
0
LINE
8
BLACK
6
CONTINUOUS
10
3.5340078740157481
20
-4.0232501181102363
11
3.5351659448818897
21
-4.0260459448818899
0
LINE
8
BLACK
6
CONTINUOUS
10
3.5351659448818897
20
-4.0260459448818899
11
3.5351659448818897
21
-4.0290721653543304
0
LINE
8
BLACK
6
CONTINUOUS
10
3.5351659448818897
20
-4.0290721653543304
11
3.5340078740157481
21
-4.0318679921259841
0
LINE
8
BLACK
6
CONTINUOUS
10
3.5340078740157481
20
-4.0318679921259841
11
3.5318679921259841
21
-4.0340078740157477
0
LINE
8
BLACK
6
CONTINUOUS
10
3.5318679921259841
20
-4.0340078740157477
11
3.5290721653543304
21
-4.0351659448818893
0
LINE
8
BLACK
6
CONTINUOUS
10
3.5290721653543304
20
-4.0351659448818893
11
3.5260459448818895
21
-4.0351659448818893
0
LINE
8
BLACK
6
CONTINUOUS
10
3.5260459448818895
20
-4.0351659448818893
11
3.5232501181102363
21
-4.0340078740157477
0
LINE
8
BLACK
6
CONTINUOUS
10
3.5232501181102363
20
-4.0340078740157477
11
3.5211102362204723
21
-4.0318679921259841
0
LINE
8
BLACK
6
CONTINUOUS
10
3.5211102362204723
20
-4.0318679921259841
11
3.5199521653543306
21
-4.0290721653543304
0
LINE
8
BLACK
6
CONTINUOUS
10
3.5199521653543306
20
-4.0290721653543304
11
3.5199521653543306
21
-4.0260459448818899
0
LINE
8
BLACK
6
CONTINUOUS
10
3.5199521653543306
20
-4.0260459448818899
11
3.5211102362204723
21
-4.0232501181102363
0
LINE
8
BLACK
6
CONTINUOUS
10
3.5211102362204723
20
-4.0232501181102363
11
3.5232501181102363
21
-4.0211102362204727
0
LINE
8
BLACK
6
CONTINUOUS
10
3.5232501181102363
20
-4.0211102362204727
11
3.5260459448818895
21
-4.0199521653543302
0
LINE
8
BLACK
6
CONTINUOUS
10
3.5260459448818895
20
-4.0199521653543302
11
3.5290721653543304
21
-4.0199521653543302
0
LINE
8
BLACK
6
CONTINUOUS
10
3.5290721653543304
20
-4.0199521653543302
11
3.5318679921259841
21
-4.0211102362204727
0
LINE
8
BLACK
6
CONTINUOUS
10
3.5633640551181101
20
-4.0211102362204727
11
3.565503937007874
21
-4.0232501181102363
0
LINE
8
BLACK
6
CONTINUOUS
10
3.565503937007874
20
-4.0232501181102363
11
3.5666620078740157
21
-4.0260459448818899
0
LINE
8
BLACK
6
CONTINUOUS
10
3.5666620078740157
20
-4.0260459448818899
11
3.5666620078740157
21
-4.0290721653543304
0
LINE
8
BLACK
6
CONTINUOUS
10
3.5666620078740157
20
-4.0290721653543304
11
3.565503937007874
21
-4.0318679921259841
0
LINE
8
BLACK
6
CONTINUOUS
10
3.565503937007874
20
-4.0318679921259841
11
3.5633640551181101
21
-4.0340078740157477
0
LINE
8
BLACK
6
CONTINUOUS
10
3.5633640551181101
20
-4.0340078740157477
11
3.5605682283464568
21
-4.0351659448818893
0
LINE
8
BLACK
6
CONTINUOUS
10
3.5605682283464568
20
-4.0351659448818893
11
3.5575420078740159
21
-4.0351659448818893
0
LINE
8
BLACK
6
CONTINUOUS
10
3.5575420078740159
20
-4.0351659448818893
11
3.5547461811023622
21
-4.0340078740157477
0
LINE
8
BLACK
6
CONTINUOUS
10
3.5547461811023622
20
-4.0340078740157477
11
3.5526062992125982
21
-4.0318679921259841
0
LINE
8
BLACK
6
CONTINUOUS
10
3.5526062992125982
20
-4.0318679921259841
11
3.5514482283464566
21
-4.0290721653543304
0
LINE
8
BLACK
6
CONTINUOUS
10
3.5514482283464566
20
-4.0290721653543304
11
3.5514482283464566
21
-4.0260459448818899
0
LINE
8
BLACK
6
CONTINUOUS
10
3.5514482283464566
20
-4.0260459448818899
11
3.5526062992125982
21
-4.0232501181102363
0
LINE
8
BLACK
6
CONTINUOUS
10
3.5526062992125982
20
-4.0232501181102363
11
3.5547461811023622
21
-4.0211102362204727
0
LINE
8
BLACK
6
CONTINUOUS
10
3.5547461811023622
20
-4.0211102362204727
11
3.5575420078740159
21
-4.0199521653543302
0
LINE
8
BLACK
6
CONTINUOUS
10
3.5575420078740159
20
-4.0199521653543302
11
3.5605682283464568
21
-4.0199521653543302
0
LINE
8
BLACK
6
CONTINUOUS
10
3.5605682283464568
20
-4.0199521653543302
11
3.5633640551181101
21
-4.0211102362204727
0
LINE
8
BLACK
6
CONTINUOUS
10
3.594860118110236
20
-4.0211102362204727
11
3.597
21
-4.0232501181102363
0
LINE
8
BLACK
6
CONTINUOUS
10
3.597
20
-4.0232501181102363
11
3.5981580708661416
21
-4.0260459448818899
0
LINE
8
BLACK
6
CONTINUOUS
10
3.5981580708661416
20
-4.0260459448818899
11
3.5981580708661416
21
-4.0290721653543304
0
LINE
8
BLACK
6
CONTINUOUS
10
3.5981580708661416
20
-4.0290721653543304
11
3.597
21
-4.0318679921259841
0
LINE
8
BLACK
6
CONTINUOUS
10
3.597
20
-4.0318679921259841
11
3.594860118110236
21
-4.0340078740157477
0
LINE
8
BLACK
6
CONTINUOUS
10
3.594860118110236
20
-4.0340078740157477
11
3.5920642913385827
21
-4.0351659448818893
0
LINE
8
BLACK
6
CONTINUOUS
10
3.5920642913385827
20
-4.0351659448818893
11
3.5890380708661418
21
-4.0351659448818893
0
LINE
8
BLACK
6
CONTINUOUS
10
3.5890380708661418
20
-4.0351659448818893
11
3.5862422440944881
21
-4.0340078740157477
0
LINE
8
BLACK
6
CONTINUOUS
10
3.5862422440944881
20
-4.0340078740157477
11
3.5841023622047241
21
-4.0318679921259841
0
LINE
8
BLACK
6
CONTINUOUS
10
3.5841023622047241
20
-4.0318679921259841
11
3.5829442913385825
21
-4.0290721653543304
0
LINE
8
BLACK
6
CONTINUOUS
10
3.5829442913385825
20
-4.0290721653543304
11
3.5829442913385825
21
-4.0260459448818899
0
LINE
8
BLACK
6
CONTINUOUS
10
3.5829442913385825
20
-4.0260459448818899
11
3.5841023622047241
21
-4.0232501181102363
0
LINE
8
BLACK
6
CONTINUOUS
10
3.5841023622047241
20
-4.0232501181102363
11
3.5862422440944881
21
-4.0211102362204727
0
LINE
8
BLACK
6
CONTINUOUS
10
3.5862422440944881
20
-4.0211102362204727
11
3.5890380708661418
21
-4.0199521653543302
0
LINE
8
BLACK
6
CONTINUOUS
10
3.5890380708661418
20
-4.0199521653543302
11
3.5920642913385827
21
-4.0199521653543302
0
LINE
8
BLACK
6
CONTINUOUS
10
3.5920642913385827
20
-4.0199521653543302
11
3.594860118110236
21
-4.0211102362204727
0
LINE
8
BLACK
6
CONTINUOUS
10
3.6263561811023619
20
-4.0211102362204727
11
3.6284960629921259
21
-4.0232501181102363
0
LINE
8
BLACK
6
CONTINUOUS
10
3.6284960629921259
20
-4.0232501181102363
11
3.6296541338582675
21
-4.0260459448818899
0
LINE
8
BLACK
6
CONTINUOUS
10
3.6296541338582675
20
-4.0260459448818899
11
3.6296541338582675
21
-4.0290721653543304
0
LINE
8
BLACK
6
CONTINUOUS
10
3.6296541338582675
20
-4.0290721653543304
11
3.6284960629921259
21
-4.0318679921259841
0
LINE
8
BLACK
6
CONTINUOUS
10
3.6284960629921259
20
-4.0318679921259841
11
3.6263561811023619
21
-4.0340078740157477
0
LINE
8
BLACK
6
CONTINUOUS
10
3.6263561811023619
20
-4.0340078740157477
11
3.6235603543307087
21
-4.0351659448818893
0
LINE
8
BLACK
6
CONTINUOUS
10
3.6235603543307087
20
-4.0351659448818893
11
3.6205341338582677
21
-4.0351659448818893
0
LINE
8
BLACK
6
CONTINUOUS
10
3.6205341338582677
20
-4.0351659448818893
11
3.617738307086614
21
-4.0340078740157477
0
LINE
8
BLACK
6
CONTINUOUS
10
3.617738307086614
20
-4.0340078740157477
11
3.6155984251968505
21
-4.0318679921259841
0
LINE
8
BLACK
6
CONTINUOUS
10
3.6155984251968505
20
-4.0318679921259841
11
3.6144403543307084
21
-4.0290721653543304
0
LINE
8
BLACK
6
CONTINUOUS
10
3.6144403543307084
20
-4.0290721653543304
11
3.6144403543307084
21
-4.0260459448818899
0
LINE
8
BLACK
6
CONTINUOUS
10
3.6144403543307084
20
-4.0260459448818899
11
3.6155984251968505
21
-4.0232501181102363
0
LINE
8
BLACK
6
CONTINUOUS
10
3.6155984251968505
20
-4.0232501181102363
11
3.617738307086614
21
-4.0211102362204727
0
LINE
8
BLACK
6
CONTINUOUS
10
3.617738307086614
20
-4.0211102362204727
11
3.6205341338582677
21
-4.0199521653543302
0
LINE
8
BLACK
6
CONTINUOUS
10
3.6205341338582677
20
-4.0199521653543302
11
3.6235603543307087
21
-4.0199521653543302
0
LINE
8
BLACK
6
CONTINUOUS
10
3.6235603543307087
20
-4.0199521653543302
11
3.6263561811023619
21
-4.0211102362204727
0
LINE
8
BLACK
6
CONTINUOUS
10
3.6578522440944883
20
-4.0211102362204727
11
3.6599921259842518
21
-4.0232501181102363
0
LINE
8
BLACK
6
CONTINUOUS
10
3.6599921259842518
20
-4.0232501181102363
11
3.6611501968503934
21
-4.0260459448818899
0
LINE
8
BLACK
6
CONTINUOUS
10
3.6611501968503934
20
-4.0260459448818899
11
3.6611501968503934
21
-4.0290721653543304
0
LINE
8
BLACK
6
CONTINUOUS
10
3.6611501968503934
20
-4.0290721653543304
11
3.6599921259842518
21
-4.0318679921259841
0
LINE
8
BLACK
6
CONTINUOUS
10
3.6599921259842518
20
-4.0318679921259841
11
3.6578522440944883
21
-4.0340078740157477
0
LINE
8
BLACK
6
CONTINUOUS
10
3.6578522440944883
20
-4.0340078740157477
11
3.6550564173228346
21
-4.0351659448818893
0
LINE
8
BLACK
6
CONTINUOUS
10
3.6550564173228346
20
-4.0351659448818893
11
3.6520301968503937
21
-4.0351659448818893
0
LINE
8
BLACK
6
CONTINUOUS
10
3.6520301968503937
20
-4.0351659448818893
11
3.64923437007874
21
-4.0340078740157477
0
LINE
8
BLACK
6
CONTINUOUS
10
3.64923437007874
20
-4.0340078740157477
11
3.6470944881889764
21
-4.0318679921259841
0
LINE
8
BLACK
6
CONTINUOUS
10
3.6470944881889764
20
-4.0318679921259841
11
3.6459364173228344
21
-4.0290721653543304
0
LINE
8
BLACK
6
CONTINUOUS
10
3.6459364173228344
20
-4.0290721653543304
11
3.6459364173228344
21
-4.0260459448818899
0
LINE
8
BLACK
6
CONTINUOUS
10
3.6459364173228344
20
-4.0260459448818899
11
3.6470944881889764
21
-4.0232501181102363
0
LINE
8
BLACK
6
CONTINUOUS
10
3.6470944881889764
20
-4.0232501181102363
11
3.64923437007874
21
-4.0211102362204727
0
LINE
8
BLACK
6
CONTINUOUS
10
3.64923437007874
20
-4.0211102362204727
11
3.6520301968503937
21
-4.0199521653543302
0
LINE
8
BLACK
6
CONTINUOUS
10
3.6520301968503937
20
-4.0199521653543302
11
3.6550564173228346
21
-4.0199521653543302
0
LINE
8
BLACK
6
CONTINUOUS
10
3.6550564173228346
20
-4.0199521653543302
11
3.6578522440944883
21
-4.0211102362204727
0
LINE
8
BLACK
6
CONTINUOUS
10
3.6893483070866142
20
-4.0211102362204727
11
3.6914881889763778
21
-4.0232501181102363
0
LINE
8
BLACK
6
CONTINUOUS
10
3.6914881889763778
20
-4.0232501181102363
11
3.6926462598425198
21
-4.0260459448818899
0
LINE
8
BLACK
6
CONTINUOUS
10
3.6926462598425198
20
-4.0260459448818899
11
3.6926462598425198
21
-4.0290721653543304
0
LINE
8
BLACK
6
CONTINUOUS
10
3.6926462598425198
20
-4.0290721653543304
11
3.6914881889763778
21
-4.0318679921259841
0
LINE
8
BLACK
6
CONTINUOUS
10
3.6914881889763778
20
-4.0318679921259841
11
3.6893483070866142
21
-4.0340078740157477
0
LINE
8
BLACK
6
CONTINUOUS
10
3.6893483070866142
20
-4.0340078740157477
11
3.6865524803149605
21
-4.0351659448818893
0
LINE
8
BLACK
6
CONTINUOUS
10
3.6865524803149605
20
-4.0351659448818893
11
3.6835262598425196
21
-4.0351659448818893
0
LINE
8
BLACK
6
CONTINUOUS
10
3.6835262598425196
20
-4.0351659448818893
11
3.6807304330708659
21
-4.0340078740157477
0
LINE
8
BLACK
6
CONTINUOUS
10
3.6807304330708659
20
-4.0340078740157477
11
3.6785905511811023
21
-4.0318679921259841
0
LINE
8
BLACK
6
CONTINUOUS
10
3.6785905511811023
20
-4.0318679921259841
11
3.6774324803149607
21
-4.0290721653543304
0
LINE
8
BLACK
6
CONTINUOUS
10
3.6774324803149607
20
-4.0290721653543304
11
3.6774324803149607
21
-4.0260459448818899
0
LINE
8
BLACK
6
CONTINUOUS
10
3.6774324803149607
20
-4.0260459448818899
11
3.6785905511811023
21
-4.0232501181102363
0
LINE
8
BLACK
6
CONTINUOUS
10
3.6785905511811023
20
-4.0232501181102363
11
3.6807304330708659
21
-4.0211102362204727
0
LINE
8
BLACK
6
CONTINUOUS
10
3.6807304330708659
20
-4.0211102362204727
11
3.6835262598425196
21
-4.0199521653543302
0
LINE
8
BLACK
6
CONTINUOUS
10
3.6835262598425196
20
-4.0199521653543302
11
3.6865524803149605
21
-4.0199521653543302
0
LINE
8
BLACK
6
CONTINUOUS
10
3.6865524803149605
20
-4.0199521653543302
11
3.6893483070866142
21
-4.0211102362204727
0
LINE
8
BLACK
6
CONTINUOUS
10
3.7208443700787401
20
-4.0211102362204727
11
3.7229842519685037
21
-4.0232501181102363
0
LINE
8
BLACK
6
CONTINUOUS
10
3.7229842519685037
20
-4.0232501181102363
11
3.7241423228346457
21
-4.0260459448818899
0
LINE
8
BLACK
6
CONTINUOUS
10
3.7241423228346457
20
-4.0260459448818899
11
3.7241423228346457
21
-4.0290721653543304
0
LINE
8
BLACK
6
CONTINUOUS
10
3.7241423228346457
20
-4.0290721653543304
11
3.7229842519685037
21
-4.0318679921259841
0
LINE
8
BLACK
6
CONTINUOUS
10
3.7229842519685037
20
-4.0318679921259841
11
3.7208443700787401
21
-4.0340078740157477
0
LINE
8
BLACK
6
CONTINUOUS
10
3.7208443700787401
20
-4.0340078740157477
11
3.7180485433070865
21
-4.0351659448818893
0
LINE
8
BLACK
6
CONTINUOUS
10
3.7180485433070865
20
-4.0351659448818893
11
3.7150223228346455
21
-4.0351659448818893
0
LINE
8
BLACK
6
CONTINUOUS
10
3.7150223228346455
20
-4.0351659448818893
11
3.7122264960629918
21
-4.0340078740157477
0
LINE
8
BLACK
6
CONTINUOUS
10
3.7122264960629918
20
-4.0340078740157477
11
3.7100866141732283
21
-4.0318679921259841
0
LINE
8
BLACK
6
CONTINUOUS
10
3.7100866141732283
20
-4.0318679921259841
11
3.7089285433070867
21
-4.0290721653543304
0
LINE
8
BLACK
6
CONTINUOUS
10
3.7089285433070867
20
-4.0290721653543304
11
3.7089285433070867
21
-4.0260459448818899
0
LINE
8
BLACK
6
CONTINUOUS
10
3.7089285433070867
20
-4.0260459448818899
11
3.7100866141732283
21
-4.0232501181102363
0
LINE
8
BLACK
6
CONTINUOUS
10
3.7100866141732283
20
-4.0232501181102363
11
3.7122264960629918
21
-4.0211102362204727
0
LINE
8
BLACK
6
CONTINUOUS
10
3.7122264960629918
20
-4.0211102362204727
11
3.7150223228346455
21
-4.0199521653543302
0
LINE
8
BLACK
6
CONTINUOUS
10
3.7150223228346455
20
-4.0199521653543302
11
3.7180485433070865
21
-4.0199521653543302
0
LINE
8
BLACK
6
CONTINUOUS
10
3.7180485433070865
20
-4.0199521653543302
11
3.7208443700787401
21
-4.0211102362204727
0
LINE
8
BLACK
6
CONTINUOUS
10
3.7523404330708661
20
-4.0211102362204727
11
3.7544803149606296
21
-4.0232501181102363
0
LINE
8
BLACK
6
CONTINUOUS
10
3.7544803149606296
20
-4.0232501181102363
11
3.7556383858267717
21
-4.0260459448818899
0
LINE
8
BLACK
6
CONTINUOUS
10
3.7556383858267717
20
-4.0260459448818899
11
3.7556383858267717
21
-4.0290721653543304
0
LINE
8
BLACK
6
CONTINUOUS
10
3.7556383858267717
20
-4.0290721653543304
11
3.7544803149606296
21
-4.0318679921259841
0
LINE
8
BLACK
6
CONTINUOUS
10
3.7544803149606296
20
-4.0318679921259841
11
3.7523404330708661
21
-4.0340078740157477
0
LINE
8
BLACK
6
CONTINUOUS
10
3.7523404330708661
20
-4.0340078740157477
11
3.7495446062992124
21
-4.0351659448818893
0
LINE
8
BLACK
6
CONTINUOUS
10
3.7495446062992124
20
-4.0351659448818893
11
3.7465183858267714
21
-4.0351659448818893
0
LINE
8
BLACK
6
CONTINUOUS
10
3.7465183858267714
20
-4.0351659448818893
11
3.7437225590551182
21
-4.0340078740157477
0
LINE
8
BLACK
6
CONTINUOUS
10
3.7437225590551182
20
-4.0340078740157477
11
3.7415826771653542
21
-4.0318679921259841
0
LINE
8
BLACK
6
CONTINUOUS
10
3.7415826771653542
20
-4.0318679921259841
11
3.7404246062992126
21
-4.0290721653543304
0
LINE
8
BLACK
6
CONTINUOUS
10
3.7404246062992126
20
-4.0290721653543304
11
3.7404246062992126
21
-4.0260459448818899
0
LINE
8
BLACK
6
CONTINUOUS
10
3.7404246062992126
20
-4.0260459448818899
11
3.7415826771653542
21
-4.0232501181102363
0
LINE
8
BLACK
6
CONTINUOUS
10
3.7415826771653542
20
-4.0232501181102363
11
3.7437225590551182
21
-4.0211102362204727
0
LINE
8
BLACK
6
CONTINUOUS
10
3.7437225590551182
20
-4.0211102362204727
11
3.7465183858267714
21
-4.0199521653543302
0
LINE
8
BLACK
6
CONTINUOUS
10
3.7465183858267714
20
-4.0199521653543302
11
3.7495446062992124
21
-4.0199521653543302
0
LINE
8
BLACK
6
CONTINUOUS
10
3.7495446062992124
20
-4.0199521653543302
11
3.7523404330708661
21
-4.0211102362204727
0
LINE
8
BLACK
6
CONTINUOUS
10
3.783836496062992
20
-4.0211102362204727
11
3.785976377952756
21
-4.0232501181102363
0
LINE
8
BLACK
6
CONTINUOUS
10
3.785976377952756
20
-4.0232501181102363
11
3.7871344488188976
21
-4.0260459448818899
0
LINE
8
BLACK
6
CONTINUOUS
10
3.7871344488188976
20
-4.0260459448818899
11
3.7871344488188976
21
-4.0290721653543304
0
LINE
8
BLACK
6
CONTINUOUS
10
3.7871344488188976
20
-4.0290721653543304
11
3.785976377952756
21
-4.0318679921259841
0
LINE
8
BLACK
6
CONTINUOUS
10
3.785976377952756
20
-4.0318679921259841
11
3.783836496062992
21
-4.0340078740157477
0
LINE
8
BLACK
6
CONTINUOUS
10
3.783836496062992
20
-4.0340078740157477
11
3.7810406692913383
21
-4.0351659448818893
0
LINE
8
BLACK
6
CONTINUOUS
10
3.7810406692913383
20
-4.0351659448818893
11
3.7780144488188974
21
-4.0351659448818893
0
LINE
8
BLACK
6
CONTINUOUS
10
3.7780144488188974
20
-4.0351659448818893
11
3.7752186220472441
21
-4.0340078740157477
0
LINE
8
BLACK
6
CONTINUOUS
10
3.7752186220472441
20
-4.0340078740157477
11
3.7730787401574801
21
-4.0318679921259841
0
LINE
8
BLACK
6
CONTINUOUS
10
3.7730787401574801
20
-4.0318679921259841
11
3.7719206692913385
21
-4.0290721653543304
0
LINE
8
BLACK
6
CONTINUOUS
10
3.7719206692913385
20
-4.0290721653543304
11
3.7719206692913385
21
-4.0260459448818899
0
LINE
8
BLACK
6
CONTINUOUS
10
3.7719206692913385
20
-4.0260459448818899
11
3.7730787401574801
21
-4.0232501181102363
0
LINE
8
BLACK
6
CONTINUOUS
10
3.7730787401574801
20
-4.0232501181102363
11
3.7752186220472441
21
-4.0211102362204727
0
LINE
8
BLACK
6
CONTINUOUS
10
3.7752186220472441
20
-4.0211102362204727
11
3.7780144488188974
21
-4.0199521653543302
0
LINE
8
BLACK
6
CONTINUOUS
10
3.7780144488188974
20
-4.0199521653543302
11
3.7810406692913383
21
-4.0199521653543302
0
LINE
8
BLACK
6
CONTINUOUS
10
3.7810406692913383
20
-4.0199521653543302
11
3.783836496062992
21
-4.0211102362204727
0
LINE
8
BLACK
6
CONTINUOUS
10
3.8153325590551179
20
-4.0211102362204727
11
3.8174724409448819
21
-4.0232501181102363
0
LINE
8
BLACK
6
CONTINUOUS
10
3.8174724409448819
20
-4.0232501181102363
11
3.8186305118110235
21
-4.0260459448818899
0
LINE
8
BLACK
6
CONTINUOUS
10
3.8186305118110235
20
-4.0260459448818899
11
3.8186305118110235
21
-4.0290721653543304
0
LINE
8
BLACK
6
CONTINUOUS
10
3.8186305118110235
20
-4.0290721653543304
11
3.8174724409448819
21
-4.0318679921259841
0
LINE
8
BLACK
6
CONTINUOUS
10
3.8174724409448819
20
-4.0318679921259841
11
3.8153325590551179
21
-4.0340078740157477
0
LINE
8
BLACK
6
CONTINUOUS
10
3.8153325590551179
20
-4.0340078740157477
11
3.8125367322834647
21
-4.0351659448818893
0
LINE
8
BLACK
6
CONTINUOUS
10
3.8125367322834647
20
-4.0351659448818893
11
3.8095105118110237
21
-4.0351659448818893
0
LINE
8
BLACK
6
CONTINUOUS
10
3.8095105118110237
20
-4.0351659448818893
11
3.80671468503937
21
-4.0340078740157477
0
LINE
8
BLACK
6
CONTINUOUS
10
3.80671468503937
20
-4.0340078740157477
11
3.8045748031496061
21
-4.0318679921259841
0
LINE
8
BLACK
6
CONTINUOUS
10
3.8045748031496061
20
-4.0318679921259841
11
3.8034167322834644
21
-4.0290721653543304
0
LINE
8
BLACK
6
CONTINUOUS
10
3.8034167322834644
20
-4.0290721653543304
11
3.8034167322834644
21
-4.0260459448818899
0
LINE
8
BLACK
6
CONTINUOUS
10
3.8034167322834644
20
-4.0260459448818899
11
3.8045748031496061
21
-4.0232501181102363
0
LINE
8
BLACK
6
CONTINUOUS
10
3.8045748031496061
20
-4.0232501181102363
11
3.80671468503937
21
-4.0211102362204727
0
LINE
8
BLACK
6
CONTINUOUS
10
3.80671468503937
20
-4.0211102362204727
11
3.8095105118110237
21
-4.0199521653543302
0
LINE
8
BLACK
6
CONTINUOUS
10
3.8095105118110237
20
-4.0199521653543302
11
3.8125367322834647
21
-4.0199521653543302
0
LINE
8
BLACK
6
CONTINUOUS
10
3.8125367322834647
20
-4.0199521653543302
11
3.8153325590551179
21
-4.0211102362204727
0
LINE
8
BLACK
6
CONTINUOUS
10
3.8468286220472439
20
-4.0211102362204727
11
3.8489685039370078
21
-4.0232501181102363
0
LINE
8
BLACK
6
CONTINUOUS
10
3.8489685039370078
20
-4.0232501181102363
11
3.8501265748031495
21
-4.0260459448818899
0
LINE
8
BLACK
6
CONTINUOUS
10
3.8501265748031495
20
-4.0260459448818899
11
3.8501265748031495
21
-4.0290721653543304
0
LINE
8
BLACK
6
CONTINUOUS
10
3.8501265748031495
20
-4.0290721653543304
11
3.8489685039370078
21
-4.0318679921259841
0
LINE
8
BLACK
6
CONTINUOUS
10
3.8489685039370078
20
-4.0318679921259841
11
3.8468286220472439
21
-4.0340078740157477
0
LINE
8
BLACK
6
CONTINUOUS
10
3.8468286220472439
20
-4.0340078740157477
11
3.8440327952755906
21
-4.0351659448818893
0
LINE
8
BLACK
6
CONTINUOUS
10
3.8440327952755906
20
-4.0351659448818893
11
3.8410065748031497
21
-4.0351659448818893
0
LINE
8
BLACK
6
CONTINUOUS
10
3.8410065748031497
20
-4.0351659448818893
11
3.838210748031496
21
-4.0340078740157477
0
LINE
8
BLACK
6
CONTINUOUS
10
3.838210748031496
20
-4.0340078740157477
11
3.836070866141732
21
-4.0318679921259841
0
LINE
8
BLACK
6
CONTINUOUS
10
3.836070866141732
20
-4.0318679921259841
11
3.8349127952755904
21
-4.0290721653543304
0
LINE
8
BLACK
6
CONTINUOUS
10
3.8349127952755904
20
-4.0290721653543304
11
3.8349127952755904
21
-4.0260459448818899
0
LINE
8
BLACK
6
CONTINUOUS
10
3.8349127952755904
20
-4.0260459448818899
11
3.836070866141732
21
-4.0232501181102363
0
LINE
8
BLACK
6
CONTINUOUS
10
3.836070866141732
20
-4.0232501181102363
11
3.838210748031496
21
-4.0211102362204727
0
LINE
8
BLACK
6
CONTINUOUS
10
3.838210748031496
20
-4.0211102362204727
11
3.8410065748031497
21
-4.0199521653543302
0
LINE
8
BLACK
6
CONTINUOUS
10
3.8410065748031497
20
-4.0199521653543302
11
3.8440327952755906
21
-4.0199521653543302
0
LINE
8
BLACK
6
CONTINUOUS
10
3.8440327952755906
20
-4.0199521653543302
11
3.8468286220472439
21
-4.0211102362204727
0
LINE
8
BLACK
6
CONTINUOUS
10
3.8783246850393698
20
-4.0211102362204727
11
3.8804645669291338
21
-4.0232501181102363
0
LINE
8
BLACK
6
CONTINUOUS
10
3.8804645669291338
20
-4.0232501181102363
11
3.8816226377952754
21
-4.0260459448818899
0
LINE
8
BLACK
6
CONTINUOUS
10
3.8816226377952754
20
-4.0260459448818899
11
3.8816226377952754
21
-4.0290721653543304
0
LINE
8
BLACK
6
CONTINUOUS
10
3.8816226377952754
20
-4.0290721653543304
11
3.8804645669291338
21
-4.0318679921259841
0
LINE
8
BLACK
6
CONTINUOUS
10
3.8804645669291338
20
-4.0318679921259841
11
3.8783246850393698
21
-4.0340078740157477
0
LINE
8
BLACK
6
CONTINUOUS
10
3.8783246850393698
20
-4.0340078740157477
11
3.8755288582677165
21
-4.0351659448818893
0
LINE
8
BLACK
6
CONTINUOUS
10
3.8755288582677165
20
-4.0351659448818893
11
3.8725026377952756
21
-4.0351659448818893
0
LINE
8
BLACK
6
CONTINUOUS
10
3.8725026377952756
20
-4.0351659448818893
11
3.8697068110236219
21
-4.0340078740157477
0
LINE
8
BLACK
6
CONTINUOUS
10
3.8697068110236219
20
-4.0340078740157477
11
3.8675669291338584
21
-4.0318679921259841
0
LINE
8
BLACK
6
CONTINUOUS
10
3.8675669291338584
20
-4.0318679921259841
11
3.8664088582677163
21
-4.0290721653543304
0
LINE
8
BLACK
6
CONTINUOUS
10
3.8664088582677163
20
-4.0290721653543304
11
3.8664088582677163
21
-4.0260459448818899
0
LINE
8
BLACK
6
CONTINUOUS
10
3.8664088582677163
20
-4.0260459448818899
11
3.8675669291338584
21
-4.0232501181102363
0
LINE
8
BLACK
6
CONTINUOUS
10
3.8675669291338584
20
-4.0232501181102363
11
3.8697068110236219
21
-4.0211102362204727
0
LINE
8
BLACK
6
CONTINUOUS
10
3.8697068110236219
20
-4.0211102362204727
11
3.8725026377952756
21
-4.0199521653543302
0
LINE
8
BLACK
6
CONTINUOUS
10
3.8725026377952756
20
-4.0199521653543302
11
3.8755288582677165
21
-4.0199521653543302
0
LINE
8
BLACK
6
CONTINUOUS
10
3.8755288582677165
20
-4.0199521653543302
11
3.8783246850393698
21
-4.0211102362204727
0
LINE
8
BLACK
6
CONTINUOUS
10
3.9098207480314962
20
-4.0211102362204727
11
3.9119606299212597
21
-4.0232501181102363
0
LINE
8
BLACK
6
CONTINUOUS
10
3.9119606299212597
20
-4.0232501181102363
11
3.9131187007874013
21
-4.0260459448818899
0
LINE
8
BLACK
6
CONTINUOUS
10
3.9131187007874013
20
-4.0260459448818899
11
3.9131187007874013
21
-4.0290721653543304
0
LINE
8
BLACK
6
CONTINUOUS
10
3.9131187007874013
20
-4.0290721653543304
11
3.9119606299212597
21
-4.0318679921259841
0
LINE
8
BLACK
6
CONTINUOUS
10
3.9119606299212597
20
-4.0318679921259841
11
3.9098207480314962
21
-4.0340078740157477
0
LINE
8
BLACK
6
CONTINUOUS
10
3.9098207480314962
20
-4.0340078740157477
11
3.9070249212598425
21
-4.0351659448818893
0
LINE
8
BLACK
6
CONTINUOUS
10
3.9070249212598425
20
-4.0351659448818893
11
3.9039987007874015
21
-4.0351659448818893
0
LINE
8
BLACK
6
CONTINUOUS
10
3.9039987007874015
20
-4.0351659448818893
11
3.9012028740157478
21
-4.0340078740157477
0
LINE
8
BLACK
6
CONTINUOUS
10
3.9012028740157478
20
-4.0340078740157477
11
3.8990629921259843
21
-4.0318679921259841
0
LINE
8
BLACK
6
CONTINUOUS
10
3.8990629921259843
20
-4.0318679921259841
11
3.8979049212598422
21
-4.0290721653543304
0
LINE
8
BLACK
6
CONTINUOUS
10
3.8979049212598422
20
-4.0290721653543304
11
3.8979049212598422
21
-4.0260459448818899
0
LINE
8
BLACK
6
CONTINUOUS
10
3.8979049212598422
20
-4.0260459448818899
11
3.8990629921259843
21
-4.0232501181102363
0
LINE
8
BLACK
6
CONTINUOUS
10
3.8990629921259843
20
-4.0232501181102363
11
3.9012028740157478
21
-4.0211102362204727
0
LINE
8
BLACK
6
CONTINUOUS
10
3.9012028740157478
20
-4.0211102362204727
11
3.9039987007874015
21
-4.0199521653543302
0
LINE
8
BLACK
6
CONTINUOUS
10
3.9039987007874015
20
-4.0199521653543302
11
3.9070249212598425
21
-4.0199521653543302
0
LINE
8
BLACK
6
CONTINUOUS
10
3.9070249212598425
20
-4.0199521653543302
11
3.9098207480314962
21
-4.0211102362204727
0
LINE
8
BLACK
6
CONTINUOUS
10
4.0370063779527561
20
-3.9986870472440943
11
4.0398003937007871
21
-4.000553937007874
0
LINE
8
BLACK
6
CONTINUOUS
10
4.0398003937007871
20
-4.000553937007874
11
4.0416672834645668
21
-4.003347952755905
0
LINE
8
BLACK
6
CONTINUOUS
10
4.0416672834645668
20
-4.003347952755905
11
4.0423228346456694
21
-4.0066437007874018
0
LINE
8
BLACK
6
CONTINUOUS
10
4.0423228346456694
20
-4.0066437007874018
11
4.0423228346456694
21
-4.0238681102362204
0
LINE
8
BLACK
6
CONTINUOUS
10
4.0423228346456694
20
-4.0238681102362204
11
4.0416672834645668
21
-4.0271638582677163
0
LINE
8
BLACK
6
CONTINUOUS
10
4.0416672834645668
20
-4.0271638582677163
11
4.0398003937007871
21
-4.0299578740157482
0
LINE
8
BLACK
6
CONTINUOUS
10
4.0398003937007871
20
-4.0299578740157482
11
4.0370063779527561
21
-4.031824763779527
0
LINE
8
BLACK
6
CONTINUOUS
10
4.0370063779527561
20
-4.031824763779527
11
4.0337106299212602
21
-4.0324803149606296
0
LINE
8
BLACK
6
CONTINUOUS
10
4.0337106299212602
20
-4.0324803149606296
11
4.0135334645669287
21
-4.0324803149606296
0
LINE
8
BLACK
6
CONTINUOUS
10
4.0135334645669287
20
-4.0324803149606296
11
4.0102377165354328
21
-4.031824763779527
0
LINE
8
BLACK
6
CONTINUOUS
10
4.0102377165354328
20
-4.031824763779527
11
4.0074437007874018
21
-4.0299578740157482
0
LINE
8
BLACK
6
CONTINUOUS
10
4.0074437007874018
20
-4.0299578740157482
11
4.0055768110236221
21
-4.0271638582677163
0
LINE
8
BLACK
6
CONTINUOUS
10
4.0055768110236221
20
-4.0271638582677163
11
4.0049212598425195
21
-4.0238681102362204
0
LINE
8
BLACK
6
CONTINUOUS
10
4.0049212598425195
20
-4.0238681102362204
11
4.0049212598425195
21
-4.0066437007874018
0
LINE
8
BLACK
6
CONTINUOUS
10
4.0049212598425195
20
-4.0066437007874018
11
4.0055768110236221
21
-4.003347952755905
0
LINE
8
BLACK
6
CONTINUOUS
10
4.0055768110236221
20
-4.003347952755905
11
4.0074437007874018
21
-4.000553937007874
0
LINE
8
BLACK
6
CONTINUOUS
10
4.0074437007874018
20
-4.000553937007874
11
4.0102377165354328
21
-3.9986870472440943
0
LINE
8
BLACK
6
CONTINUOUS
10
4.0102377165354328
20
-3.9986870472440943
11
4.0135334645669287
21
-3.9980314960629921
0
LINE
8
BLACK
6
CONTINUOUS
10
4.0135334645669287
20
-3.9980314960629921
11
4.0337106299212602
21
-3.9980314960629921
0
LINE
8
BLACK
6
CONTINUOUS
10
4.0337106299212602
20
-3.9980314960629921
11
4.0370063779527561
21
-3.9986870472440943
0
LINE
8
BLACK
6
CONTINUOUS
10
3.0764407874015749
20
-3.9943324803149607
11
3.0792348031496064
21
-3.9961993700787399
0
LINE
8
BLACK
6
CONTINUOUS
10
3.0792348031496064
20
-3.9961993700787399
11
3.0811016929133856
21
-3.9989933858267714
0
LINE
8
BLACK
6
CONTINUOUS
10
3.0811016929133856
20
-3.9989933858267714
11
3.0817572440944883
21
-4.0022891338582678
0
LINE
8
BLACK
6
CONTINUOUS
10
3.0817572440944883
20
-4.0022891338582678
11
3.0817572440944883
21
-4.0224662992125984
0
LINE
8
BLACK
6
CONTINUOUS
10
3.0817572440944883
20
-4.0224662992125984
11
3.0811016929133856
21
-4.0257620472440943
0
LINE
8
BLACK
6
CONTINUOUS
10
3.0811016929133856
20
-4.0257620472440943
11
3.0792348031496064
21
-4.0285560629921262
0
LINE
8
BLACK
6
CONTINUOUS
10
3.0792348031496064
20
-4.0285560629921262
11
3.0764407874015749
21
-4.030422952755905
0
LINE
8
BLACK
6
CONTINUOUS
10
3.0764407874015749
20
-4.030422952755905
11
3.0731450393700785
21
-4.0310785039370076
0
LINE
8
BLACK
6
CONTINUOUS
10
3.0731450393700785
20
-4.0310785039370076
11
3.0559206299212596
21
-4.0310785039370076
0
LINE
8
BLACK
6
CONTINUOUS
10
3.0559206299212596
20
-4.0310785039370076
11
3.0526248818897637
21
-4.030422952755905
0
LINE
8
BLACK
6
CONTINUOUS
10
3.0526248818897637
20
-4.030422952755905
11
3.0498308661417322
21
-4.0285560629921262
0
LINE
8
BLACK
6
CONTINUOUS
10
3.0498308661417322
20
-4.0285560629921262
11
3.0479639763779525
21
-4.0257620472440943
0
LINE
8
BLACK
6
CONTINUOUS
10
3.0479639763779525
20
-4.0257620472440943
11
3.0473084251968503
21
-4.0224662992125984
0
LINE
8
BLACK
6
CONTINUOUS
10
3.0473084251968503
20
-4.0224662992125984
11
3.0473084251968503
21
-4.0022891338582678
0
LINE
8
BLACK
6
CONTINUOUS
10
3.0473084251968503
20
-4.0022891338582678
11
3.0479639763779525
21
-3.9989933858267714
0
LINE
8
BLACK
6
CONTINUOUS
10
3.0479639763779525
20
-3.9989933858267714
11
3.0498308661417322
21
-3.9961993700787399
0
LINE
8
BLACK
6
CONTINUOUS
10
3.0498308661417322
20
-3.9961993700787399
11
3.0526248818897637
21
-3.9943324803149607
0
LINE
8
BLACK
6
CONTINUOUS
10
3.0526248818897637
20
-3.9943324803149607
11
3.0559206299212596
21
-3.9936769291338581
0
LINE
8
BLACK
6
CONTINUOUS
10
3.0559206299212596
20
-3.9936769291338581
11
3.0731450393700785
21
-3.9936769291338581
0
LINE
8
BLACK
6
CONTINUOUS
10
3.0731450393700785
20
-3.9936769291338581
11
3.0764407874015749
21
-3.9943324803149607
0
LINE
8
BLACK
6
CONTINUOUS
10
3.1384486614173226
20
-3.9943324803149607
11
3.1412426771653541
21
-3.9961993700787399
0
LINE
8
BLACK
6
CONTINUOUS
10
3.1412426771653541
20
-3.9961993700787399
11
3.1431095669291338
21
-3.9989933858267714
0
LINE
8
BLACK
6
CONTINUOUS
10
3.1431095669291338
20
-3.9989933858267714
11
3.143765118110236
21
-4.0022891338582678
0
LINE
8
BLACK
6
CONTINUOUS
10
3.143765118110236
20
-4.0022891338582678
11
3.143765118110236
21
-4.0224662992125984
0
LINE
8
BLACK
6
CONTINUOUS
10
3.143765118110236
20
-4.0224662992125984
11
3.1431095669291338
21
-4.0257620472440943
0
LINE
8
BLACK
6
CONTINUOUS
10
3.1431095669291338
20
-4.0257620472440943
11
3.1412426771653541
21
-4.0285560629921262
0
LINE
8
BLACK
6
CONTINUOUS
10
3.1412426771653541
20
-4.0285560629921262
11
3.1384486614173226
21
-4.030422952755905
0
LINE
8
BLACK
6
CONTINUOUS
10
3.1384486614173226
20
-4.030422952755905
11
3.1351529133858267
21
-4.0310785039370076
0
LINE
8
BLACK
6
CONTINUOUS
10
3.1351529133858267
20
-4.0310785039370076
11
3.1179285039370077
21
-4.0310785039370076
0
LINE
8
BLACK
6
CONTINUOUS
10
3.1179285039370077
20
-4.0310785039370076
11
3.1146327559055118
21
-4.030422952755905
0
LINE
8
BLACK
6
CONTINUOUS
10
3.1146327559055118
20
-4.030422952755905
11
3.1118387401574803
21
-4.0285560629921262
0
LINE
8
BLACK
6
CONTINUOUS
10
3.1118387401574803
20
-4.0285560629921262
11
3.1099718503937006
21
-4.0257620472440943
0
LINE
8
BLACK
6
CONTINUOUS
10
3.1099718503937006
20
-4.0257620472440943
11
3.1093162992125984
21
-4.0224662992125984
0
LINE
8
BLACK
6
CONTINUOUS
10
3.1093162992125984
20
-4.0224662992125984
11
3.1093162992125984
21
-4.0022891338582678
0
LINE
8
BLACK
6
CONTINUOUS
10
3.1093162992125984
20
-4.0022891338582678
11
3.1099718503937006
21
-3.9989933858267714
0
LINE
8
BLACK
6
CONTINUOUS
10
3.1099718503937006
20
-3.9989933858267714
11
3.1118387401574803
21
-3.9961993700787399
0
LINE
8
BLACK
6
CONTINUOUS
10
3.1118387401574803
20
-3.9961993700787399
11
3.1146327559055118
21
-3.9943324803149607
0
LINE
8
BLACK
6
CONTINUOUS
10
3.1146327559055118
20
-3.9943324803149607
11
3.1179285039370077
21
-3.9936769291338581
0
LINE
8
BLACK
6
CONTINUOUS
10
3.1179285039370077
20
-3.9936769291338581
11
3.1351529133858267
21
-3.9936769291338581
0
LINE
8
BLACK
6
CONTINUOUS
10
3.1351529133858267
20
-3.9936769291338581
11
3.1384486614173226
21
-3.9943324803149607
0
LINE
8
BLACK
6
CONTINUOUS
10
2.2332733858267715
20
-3.991797283464567
11
2.236067401574803
21
-3.9936641732283462
0
LINE
8
BLACK
6
CONTINUOUS
10
2.236067401574803
20
-3.9936641732283462
11
2.2379342913385827
21
-3.9964581889763777
0
LINE
8
BLACK
6
CONTINUOUS
10
2.2379342913385827
20
-3.9964581889763777
11
2.2385898425196848
21
-3.9997539370078741
0
LINE
8
BLACK
6
CONTINUOUS
10
2.2385898425196848
20
-3.9997539370078741
11
2.2385898425196848
21
-4.0199311023622046
0
LINE
8
BLACK
6
CONTINUOUS
10
2.2385898425196848
20
-4.0199311023622046
11
2.2379342913385827
21
-4.0232268503937005
0
LINE
8
BLACK
6
CONTINUOUS
10
2.2379342913385827
20
-4.0232268503937005
11
2.236067401574803
21
-4.0260208661417325
0
LINE
8
BLACK
6
CONTINUOUS
10
2.236067401574803
20
-4.0260208661417325
11
2.2332733858267715
21
-4.0278877559055113
0
LINE
8
BLACK
6
CONTINUOUS
10
2.2332733858267715
20
-4.0278877559055113
11
2.2299776377952756
21
-4.0285433070866139
0
LINE
8
BLACK
6
CONTINUOUS
10
2.2299776377952756
20
-4.0285433070866139
11
2.2127532283464566
21
-4.0285433070866139
0
LINE
8
BLACK
6
CONTINUOUS
10
2.2127532283464566
20
-4.0285433070866139
11
2.2094574803149607
21
-4.0278877559055113
0
LINE
8
BLACK
6
CONTINUOUS
10
2.2094574803149607
20
-4.0278877559055113
11
2.2066634645669292
21
-4.0260208661417325
0
LINE
8
BLACK
6
CONTINUOUS
10
2.2066634645669292
20
-4.0260208661417325
11
2.2047965748031495
21
-4.0232268503937005
0
LINE
8
BLACK
6
CONTINUOUS
10
2.2047965748031495
20
-4.0232268503937005
11
2.2041410236220473
21
-4.0199311023622046
0
LINE
8
BLACK
6
CONTINUOUS
10
2.2041410236220473
20
-4.0199311023622046
11
2.2041410236220473
21
-3.9997539370078741
0
LINE
8
BLACK
6
CONTINUOUS
10
2.2041410236220473
20
-3.9997539370078741
11
2.2047965748031495
21
-3.9964581889763777
0
LINE
8
BLACK
6
CONTINUOUS
10
2.2047965748031495
20
-3.9964581889763777
11
2.2066634645669292
21
-3.9936641732283462
0
LINE
8
BLACK
6
CONTINUOUS
10
2.2066634645669292
20
-3.9936641732283462
11
2.2094574803149607
21
-3.991797283464567
0
LINE
8
BLACK
6
CONTINUOUS
10
2.2094574803149607
20
-3.991797283464567
11
2.2127532283464566
21
-3.9911417322834644
0
LINE
8
BLACK
6
CONTINUOUS
10
2.2127532283464566
20
-3.9911417322834644
11
2.2299776377952756
21
-3.9911417322834644
0
LINE
8
BLACK
6
CONTINUOUS
10
2.2299776377952756
20
-3.9911417322834644
11
2.2332733858267715
21
-3.991797283464567
0
LINE
8
BLACK
6
CONTINUOUS
10
2.2952812598425196
20
-3.991797283464567
11
2.2980752755905511
21
-3.9936641732283462
0
LINE
8
BLACK
6
CONTINUOUS
10
2.2980752755905511
20
-3.9936641732283462
11
2.2999421653543308
21
-3.9964581889763777
0
LINE
8
BLACK
6
CONTINUOUS
10
2.2999421653543308
20
-3.9964581889763777
11
2.300597716535433
21
-3.9997539370078741
0
LINE
8
BLACK
6
CONTINUOUS
10
2.300597716535433
20
-3.9997539370078741
11
2.300597716535433
21
-4.0199311023622046
0
LINE
8
BLACK
6
CONTINUOUS
10
2.300597716535433
20
-4.0199311023622046
11
2.2999421653543308
21
-4.0232268503937005
0
LINE
8
BLACK
6
CONTINUOUS
10
2.2999421653543308
20
-4.0232268503937005
11
2.2980752755905511
21
-4.0260208661417325
0
LINE
8
BLACK
6
CONTINUOUS
10
2.2980752755905511
20
-4.0260208661417325
11
2.2952812598425196
21
-4.0278877559055113
0
LINE
8
BLACK
6
CONTINUOUS
10
2.2952812598425196
20
-4.0278877559055113
11
2.2919855118110237
21
-4.0285433070866139
0
LINE
8
BLACK
6
CONTINUOUS
10
2.2919855118110237
20
-4.0285433070866139
11
2.2747611023622047
21
-4.0285433070866139
0
LINE
8
BLACK
6
CONTINUOUS
10
2.2747611023622047
20
-4.0285433070866139
11
2.2714653543307084
21
-4.0278877559055113
0
LINE
8
BLACK
6
CONTINUOUS
10
2.2714653543307084
20
-4.0278877559055113
11
2.2686713385826773
21
-4.0260208661417325
0
LINE
8
BLACK
6
CONTINUOUS
10
2.2686713385826773
20
-4.0260208661417325
11
2.2668044488188976
21
-4.0232268503937005
0
LINE
8
BLACK
6
CONTINUOUS
10
2.2668044488188976
20
-4.0232268503937005
11
2.266148897637795
21
-4.0199311023622046
0
LINE
8
BLACK
6
CONTINUOUS
10
2.266148897637795
20
-4.0199311023622046
11
2.266148897637795
21
-3.9997539370078741
0
LINE
8
BLACK
6
CONTINUOUS
10
2.266148897637795
20
-3.9997539370078741
11
2.2668044488188976
21
-3.9964581889763777
0
LINE
8
BLACK
6
CONTINUOUS
10
2.2668044488188976
20
-3.9964581889763777
11
2.2686713385826773
21
-3.9936641732283462
0
LINE
8
BLACK
6
CONTINUOUS
10
2.2686713385826773
20
-3.9936641732283462
11
2.2714653543307084
21
-3.991797283464567
0
LINE
8
BLACK
6
CONTINUOUS
10
2.2714653543307084
20
-3.991797283464567
11
2.2747611023622047
21
-3.9911417322834644
0
LINE
8
BLACK
6
CONTINUOUS
10
2.2747611023622047
20
-3.9911417322834644
11
2.2919855118110237
21
-3.9911417322834644
0
LINE
8
BLACK
6
CONTINUOUS
10
2.2919855118110237
20
-3.9911417322834644
11
2.2952812598425196
21
-3.991797283464567
0
LINE
8
BLACK
6
CONTINUOUS
10
3.3007859055118112
20
-3.9878602755905512
11
3.3035799212598422
21
-3.9897271653543305
0
LINE
8
BLACK
6
CONTINUOUS
10
3.3035799212598422
20
-3.9897271653543305
11
3.3054468110236219
21
-3.992521181102362
0
LINE
8
BLACK
6
CONTINUOUS
10
3.3054468110236219
20
-3.992521181102362
11
3.3061023622047245
21
-3.9958169291338583
0
LINE
8
BLACK
6
CONTINUOUS
10
3.3061023622047245
20
-3.9958169291338583
11
3.3061023622047245
21
-4.0130413385826769
0
LINE
8
BLACK
6
CONTINUOUS
10
3.3061023622047245
20
-4.0130413385826769
11
3.3054468110236219
21
-4.0163370866141728
0
LINE
8
BLACK
6
CONTINUOUS
10
3.3054468110236219
20
-4.0163370866141728
11
3.3035799212598422
21
-4.0191311023622047
0
LINE
8
BLACK
6
CONTINUOUS
10
3.3035799212598422
20
-4.0191311023622047
11
3.3007859055118112
21
-4.0209979921259844
0
LINE
8
BLACK
6
CONTINUOUS
10
3.3007859055118112
20
-4.0209979921259844
11
3.2974901574803148
21
-4.0216535433070861
0
LINE
8
BLACK
6
CONTINUOUS
10
3.2974901574803148
20
-4.0216535433070861
11
3.2773129921259843
21
-4.0216535433070861
0
LINE
8
BLACK
6
CONTINUOUS
10
3.2773129921259843
20
-4.0216535433070861
11
3.2740172440944879
21
-4.0209979921259844
0
LINE
8
BLACK
6
CONTINUOUS
10
3.2740172440944879
20
-4.0209979921259844
11
3.2712232283464564
21
-4.0191311023622047
0
LINE
8
BLACK
6
CONTINUOUS
10
3.2712232283464564
20
-4.0191311023622047
11
3.2693563385826772
21
-4.0163370866141728
0
LINE
8
BLACK
6
CONTINUOUS
10
3.2693563385826772
20
-4.0163370866141728
11
3.2687007874015745
21
-4.0130413385826769
0
LINE
8
BLACK
6
CONTINUOUS
10
3.2687007874015745
20
-4.0130413385826769
11
3.2687007874015745
21
-3.9958169291338583
0
LINE
8
BLACK
6
CONTINUOUS
10
3.2687007874015745
20
-3.9958169291338583
11
3.2693563385826772
21
-3.992521181102362
0
LINE
8
BLACK
6
CONTINUOUS
10
3.2693563385826772
20
-3.992521181102362
11
3.2712232283464564
21
-3.9897271653543305
0
LINE
8
BLACK
6
CONTINUOUS
10
3.2712232283464564
20
-3.9897271653543305
11
3.2740172440944879
21
-3.9878602755905512
0
LINE
8
BLACK
6
CONTINUOUS
10
3.2740172440944879
20
-3.9878602755905512
11
3.2773129921259843
21
-3.9872047244094486
0
LINE
8
BLACK
6
CONTINUOUS
10
3.2773129921259843
20
-3.9872047244094486
11
3.2974901574803148
21
-3.9872047244094486
0
LINE
8
BLACK
6
CONTINUOUS
10
3.2974901574803148
20
-3.9872047244094486
11
3.3007859055118112
21
-3.9878602755905512
0
LINE
8
BLACK
6
CONTINUOUS
10
3.3598410236220473
20
-3.9878602755905512
11
3.3626350393700788
21
-3.9897271653543305
0
LINE
8
BLACK
6
CONTINUOUS
10
3.3626350393700788
20
-3.9897271653543305
11
3.364501929133858
21
-3.992521181102362
0
LINE
8
BLACK
6
CONTINUOUS
10
3.364501929133858
20
-3.992521181102362
11
3.3651574803149606
21
-3.9958169291338583
0
LINE
8
BLACK
6
CONTINUOUS
10
3.3651574803149606
20
-3.9958169291338583
11
3.3651574803149606
21
-4.0130413385826769
0
LINE
8
BLACK
6
CONTINUOUS
10
3.3651574803149606
20
-4.0130413385826769
11
3.364501929133858
21
-4.0163370866141728
0
LINE
8
BLACK
6
CONTINUOUS
10
3.364501929133858
20
-4.0163370866141728
11
3.3626350393700788
21
-4.0191311023622047
0
LINE
8
BLACK
6
CONTINUOUS
10
3.3626350393700788
20
-4.0191311023622047
11
3.3598410236220473
21
-4.0209979921259844
0
LINE
8
BLACK
6
CONTINUOUS
10
3.3598410236220473
20
-4.0209979921259844
11
3.3565452755905509
21
-4.0216535433070861
0
LINE
8
BLACK
6
CONTINUOUS
10
3.3565452755905509
20
-4.0216535433070861
11
3.3363681102362204
21
-4.0216535433070861
0
LINE
8
BLACK
6
CONTINUOUS
10
3.3363681102362204
20
-4.0216535433070861
11
3.3330723622047245
21
-4.0209979921259844
0
LINE
8
BLACK
6
CONTINUOUS
10
3.3330723622047245
20
-4.0209979921259844
11
3.330278346456693
21
-4.0191311023622047
0
LINE
8
BLACK
6
CONTINUOUS
10
3.330278346456693
20
-4.0191311023622047
11
3.3284114566929133
21
-4.0163370866141728
0
LINE
8
BLACK
6
CONTINUOUS
10
3.3284114566929133
20
-4.0163370866141728
11
3.3277559055118111
21
-4.0130413385826769
0
LINE
8
BLACK
6
CONTINUOUS
10
3.3277559055118111
20
-4.0130413385826769
11
3.3277559055118111
21
-3.9958169291338583
0
LINE
8
BLACK
6
CONTINUOUS
10
3.3277559055118111
20
-3.9958169291338583
11
3.3284114566929133
21
-3.992521181102362
0
LINE
8
BLACK
6
CONTINUOUS
10
3.3284114566929133
20
-3.992521181102362
11
3.330278346456693
21
-3.9897271653543305
0
LINE
8
BLACK
6
CONTINUOUS
10
3.330278346456693
20
-3.9897271653543305
11
3.3330723622047245
21
-3.9878602755905512
0
LINE
8
BLACK
6
CONTINUOUS
10
3.3330723622047245
20
-3.9878602755905512
11
3.3363681102362204
21
-3.9872047244094486
0
LINE
8
BLACK
6
CONTINUOUS
10
3.3363681102362204
20
-3.9872047244094486
11
3.3565452755905509
21
-3.9872047244094486
0
LINE
8
BLACK
6
CONTINUOUS
10
3.3565452755905509
20
-3.9872047244094486
11
3.3598410236220473
21
-3.9878602755905512
0
LINE
8
BLACK
6
CONTINUOUS
10
3.5003719291338582
20
-3.9896141732283463
11
3.5025118110236217
21
-3.9917540551181103
0
LINE
8
BLACK
6
CONTINUOUS
10
3.5025118110236217
20
-3.9917540551181103
11
3.5036698818897638
21
-3.9945498818897636
0
LINE
8
BLACK
6
CONTINUOUS
10
3.5036698818897638
20
-3.9945498818897636
11
3.5036698818897638
21
-3.9975761023622045
0
LINE
8
BLACK
6
CONTINUOUS
10
3.5036698818897638
20
-3.9975761023622045
11
3.5025118110236217
21
-4.0003719291338582
0
LINE
8
BLACK
6
CONTINUOUS
10
3.5025118110236217
20
-4.0003719291338582
11
3.5003719291338582
21
-4.0025118110236217
0
LINE
8
BLACK
6
CONTINUOUS
10
3.5003719291338582
20
-4.0025118110236217
11
3.4975761023622045
21
-4.0036698818897634
0
LINE
8
BLACK
6
CONTINUOUS
10
3.4975761023622045
20
-4.0036698818897634
11
3.4945498818897636
21
-4.0036698818897634
0
LINE
8
BLACK
6
CONTINUOUS
10
3.4945498818897636
20
-4.0036698818897634
11
3.4917540551181103
21
-4.0025118110236217
0
LINE
8
BLACK
6
CONTINUOUS
10
3.4917540551181103
20
-4.0025118110236217
11
3.4896141732283463
21
-4.0003719291338582
0
LINE
8
BLACK
6
CONTINUOUS
10
3.4896141732283463
20
-4.0003719291338582
11
3.4884561023622047
21
-3.9975761023622045
0
LINE
8
BLACK
6
CONTINUOUS
10
3.4884561023622047
20
-3.9975761023622045
11
3.4884561023622047
21
-3.9945498818897636
0
LINE
8
BLACK
6
CONTINUOUS
10
3.4884561023622047
20
-3.9945498818897636
11
3.4896141732283463
21
-3.9917540551181103
0
LINE
8
BLACK
6
CONTINUOUS
10
3.4896141732283463
20
-3.9917540551181103
11
3.4917540551181103
21
-3.9896141732283463
0
LINE
8
BLACK
6
CONTINUOUS
10
3.4917540551181103
20
-3.9896141732283463
11
3.4945498818897636
21
-3.9884561023622047
0
LINE
8
BLACK
6
CONTINUOUS
10
3.4945498818897636
20
-3.9884561023622047
11
3.4975761023622045
21
-3.9884561023622047
0
LINE
8
BLACK
6
CONTINUOUS
10
3.4975761023622045
20
-3.9884561023622047
11
3.5003719291338582
21
-3.9896141732283463
0
LINE
8
BLACK
6
CONTINUOUS
10
3.5318679921259841
20
-3.9896141732283463
11
3.5340078740157481
21
-3.9917540551181103
0
LINE
8
BLACK
6
CONTINUOUS
10
3.5340078740157481
20
-3.9917540551181103
11
3.5351659448818897
21
-3.9945498818897636
0
LINE
8
BLACK
6
CONTINUOUS
10
3.5351659448818897
20
-3.9945498818897636
11
3.5351659448818897
21
-3.9975761023622045
0
LINE
8
BLACK
6
CONTINUOUS
10
3.5351659448818897
20
-3.9975761023622045
11
3.5340078740157481
21
-4.0003719291338582
0
LINE
8
BLACK
6
CONTINUOUS
10
3.5340078740157481
20
-4.0003719291338582
11
3.5318679921259841
21
-4.0025118110236217
0
LINE
8
BLACK
6
CONTINUOUS
10
3.5318679921259841
20
-4.0025118110236217
11
3.5290721653543304
21
-4.0036698818897634
0
LINE
8
BLACK
6
CONTINUOUS
10
3.5290721653543304
20
-4.0036698818897634
11
3.5260459448818895
21
-4.0036698818897634
0
LINE
8
BLACK
6
CONTINUOUS
10
3.5260459448818895
20
-4.0036698818897634
11
3.5232501181102363
21
-4.0025118110236217
0
LINE
8
BLACK
6
CONTINUOUS
10
3.5232501181102363
20
-4.0025118110236217
11
3.5211102362204723
21
-4.0003719291338582
0
LINE
8
BLACK
6
CONTINUOUS
10
3.5211102362204723
20
-4.0003719291338582
11
3.5199521653543306
21
-3.9975761023622045
0
LINE
8
BLACK
6
CONTINUOUS
10
3.5199521653543306
20
-3.9975761023622045
11
3.5199521653543306
21
-3.9945498818897636
0
LINE
8
BLACK
6
CONTINUOUS
10
3.5199521653543306
20
-3.9945498818897636
11
3.5211102362204723
21
-3.9917540551181103
0
LINE
8
BLACK
6
CONTINUOUS
10
3.5211102362204723
20
-3.9917540551181103
11
3.5232501181102363
21
-3.9896141732283463
0
LINE
8
BLACK
6
CONTINUOUS
10
3.5232501181102363
20
-3.9896141732283463
11
3.5260459448818895
21
-3.9884561023622047
0
LINE
8
BLACK
6
CONTINUOUS
10
3.5260459448818895
20
-3.9884561023622047
11
3.5290721653543304
21
-3.9884561023622047
0
LINE
8
BLACK
6
CONTINUOUS
10
3.5290721653543304
20
-3.9884561023622047
11
3.5318679921259841
21
-3.9896141732283463
0
LINE
8
BLACK
6
CONTINUOUS
10
3.5633640551181101
20
-3.9896141732283463
11
3.565503937007874
21
-3.9917540551181103
0
LINE
8
BLACK
6
CONTINUOUS
10
3.565503937007874
20
-3.9917540551181103
11
3.5666620078740157
21
-3.9945498818897636
0
LINE
8
BLACK
6
CONTINUOUS
10
3.5666620078740157
20
-3.9945498818897636
11
3.5666620078740157
21
-3.9975761023622045
0
LINE
8
BLACK
6
CONTINUOUS
10
3.5666620078740157
20
-3.9975761023622045
11
3.565503937007874
21
-4.0003719291338582
0
LINE
8
BLACK
6
CONTINUOUS
10
3.565503937007874
20
-4.0003719291338582
11
3.5633640551181101
21
-4.0025118110236217
0
LINE
8
BLACK
6
CONTINUOUS
10
3.5633640551181101
20
-4.0025118110236217
11
3.5605682283464568
21
-4.0036698818897634
0
LINE
8
BLACK
6
CONTINUOUS
10
3.5605682283464568
20
-4.0036698818897634
11
3.5575420078740159
21
-4.0036698818897634
0
LINE
8
BLACK
6
CONTINUOUS
10
3.5575420078740159
20
-4.0036698818897634
11
3.5547461811023622
21
-4.0025118110236217
0
LINE
8
BLACK
6
CONTINUOUS
10
3.5547461811023622
20
-4.0025118110236217
11
3.5526062992125982
21
-4.0003719291338582
0
LINE
8
BLACK
6
CONTINUOUS
10
3.5526062992125982
20
-4.0003719291338582
11
3.5514482283464566
21
-3.9975761023622045
0
LINE
8
BLACK
6
CONTINUOUS
10
3.5514482283464566
20
-3.9975761023622045
11
3.5514482283464566
21
-3.9945498818897636
0
LINE
8
BLACK
6
CONTINUOUS
10
3.5514482283464566
20
-3.9945498818897636
11
3.5526062992125982
21
-3.9917540551181103
0
LINE
8
BLACK
6
CONTINUOUS
10
3.5526062992125982
20
-3.9917540551181103
11
3.5547461811023622
21
-3.9896141732283463
0
LINE
8
BLACK
6
CONTINUOUS
10
3.5547461811023622
20
-3.9896141732283463
11
3.5575420078740159
21
-3.9884561023622047
0
LINE
8
BLACK
6
CONTINUOUS
10
3.5575420078740159
20
-3.9884561023622047
11
3.5605682283464568
21
-3.9884561023622047
0
LINE
8
BLACK
6
CONTINUOUS
10
3.5605682283464568
20
-3.9884561023622047
11
3.5633640551181101
21
-3.9896141732283463
0
LINE
8
BLACK
6
CONTINUOUS
10
3.594860118110236
20
-3.9896141732283463
11
3.597
21
-3.9917540551181103
0
LINE
8
BLACK
6
CONTINUOUS
10
3.597
20
-3.9917540551181103
11
3.5981580708661416
21
-3.9945498818897636
0
LINE
8
BLACK
6
CONTINUOUS
10
3.5981580708661416
20
-3.9945498818897636
11
3.5981580708661416
21
-3.9975761023622045
0
LINE
8
BLACK
6
CONTINUOUS
10
3.5981580708661416
20
-3.9975761023622045
11
3.597
21
-4.0003719291338582
0
LINE
8
BLACK
6
CONTINUOUS
10
3.597
20
-4.0003719291338582
11
3.594860118110236
21
-4.0025118110236217
0
LINE
8
BLACK
6
CONTINUOUS
10
3.594860118110236
20
-4.0025118110236217
11
3.5920642913385827
21
-4.0036698818897634
0
LINE
8
BLACK
6
CONTINUOUS
10
3.5920642913385827
20
-4.0036698818897634
11
3.5890380708661418
21
-4.0036698818897634
0
LINE
8
BLACK
6
CONTINUOUS
10
3.5890380708661418
20
-4.0036698818897634
11
3.5862422440944881
21
-4.0025118110236217
0
LINE
8
BLACK
6
CONTINUOUS
10
3.5862422440944881
20
-4.0025118110236217
11
3.5841023622047241
21
-4.0003719291338582
0
LINE
8
BLACK
6
CONTINUOUS
10
3.5841023622047241
20
-4.0003719291338582
11
3.5829442913385825
21
-3.9975761023622045
0
LINE
8
BLACK
6
CONTINUOUS
10
3.5829442913385825
20
-3.9975761023622045
11
3.5829442913385825
21
-3.9945498818897636
0
LINE
8
BLACK
6
CONTINUOUS
10
3.5829442913385825
20
-3.9945498818897636
11
3.5841023622047241
21
-3.9917540551181103
0
LINE
8
BLACK
6
CONTINUOUS
10
3.5841023622047241
20
-3.9917540551181103
11
3.5862422440944881
21
-3.9896141732283463
0
LINE
8
BLACK
6
CONTINUOUS
10
3.5862422440944881
20
-3.9896141732283463
11
3.5890380708661418
21
-3.9884561023622047
0
LINE
8
BLACK
6
CONTINUOUS
10
3.5890380708661418
20
-3.9884561023622047
11
3.5920642913385827
21
-3.9884561023622047
0
LINE
8
BLACK
6
CONTINUOUS
10
3.5920642913385827
20
-3.9884561023622047
11
3.594860118110236
21
-3.9896141732283463
0
LINE
8
BLACK
6
CONTINUOUS
10
3.6263561811023619
20
-3.9896141732283463
11
3.6284960629921259
21
-3.9917540551181103
0
LINE
8
BLACK
6
CONTINUOUS
10
3.6284960629921259
20
-3.9917540551181103
11
3.6296541338582675
21
-3.9945498818897636
0
LINE
8
BLACK
6
CONTINUOUS
10
3.6296541338582675
20
-3.9945498818897636
11
3.6296541338582675
21
-3.9975761023622045
0
LINE
8
BLACK
6
CONTINUOUS
10
3.6296541338582675
20
-3.9975761023622045
11
3.6284960629921259
21
-4.0003719291338582
0
LINE
8
BLACK
6
CONTINUOUS
10
3.6284960629921259
20
-4.0003719291338582
11
3.6263561811023619
21
-4.0025118110236217
0
LINE
8
BLACK
6
CONTINUOUS
10
3.6263561811023619
20
-4.0025118110236217
11
3.6235603543307087
21
-4.0036698818897634
0
LINE
8
BLACK
6
CONTINUOUS
10
3.6235603543307087
20
-4.0036698818897634
11
3.6205341338582677
21
-4.0036698818897634
0
LINE
8
BLACK
6
CONTINUOUS
10
3.6205341338582677
20
-4.0036698818897634
11
3.617738307086614
21
-4.0025118110236217
0
LINE
8
BLACK
6
CONTINUOUS
10
3.617738307086614
20
-4.0025118110236217
11
3.6155984251968505
21
-4.0003719291338582
0
LINE
8
BLACK
6
CONTINUOUS
10
3.6155984251968505
20
-4.0003719291338582
11
3.6144403543307084
21
-3.9975761023622045
0
LINE
8
BLACK
6
CONTINUOUS
10
3.6144403543307084
20
-3.9975761023622045
11
3.6144403543307084
21
-3.9945498818897636
0
LINE
8
BLACK
6
CONTINUOUS
10
3.6144403543307084
20
-3.9945498818897636
11
3.6155984251968505
21
-3.9917540551181103
0
LINE
8
BLACK
6
CONTINUOUS
10
3.6155984251968505
20
-3.9917540551181103
11
3.617738307086614
21
-3.9896141732283463
0
LINE
8
BLACK
6
CONTINUOUS
10
3.617738307086614
20
-3.9896141732283463
11
3.6205341338582677
21
-3.9884561023622047
0
LINE
8
BLACK
6
CONTINUOUS
10
3.6205341338582677
20
-3.9884561023622047
11
3.6235603543307087
21
-3.9884561023622047
0
LINE
8
BLACK
6
CONTINUOUS
10
3.6235603543307087
20
-3.9884561023622047
11
3.6263561811023619
21
-3.9896141732283463
0
LINE
8
BLACK
6
CONTINUOUS
10
3.6578522440944883
20
-3.9896141732283463
11
3.6599921259842518
21
-3.9917540551181103
0
LINE
8
BLACK
6
CONTINUOUS
10
3.6599921259842518
20
-3.9917540551181103
11
3.6611501968503934
21
-3.9945498818897636
0
LINE
8
BLACK
6
CONTINUOUS
10
3.6611501968503934
20
-3.9945498818897636
11
3.6611501968503934
21
-3.9975761023622045
0
LINE
8
BLACK
6
CONTINUOUS
10
3.6611501968503934
20
-3.9975761023622045
11
3.6599921259842518
21
-4.0003719291338582
0
LINE
8
BLACK
6
CONTINUOUS
10
3.6599921259842518
20
-4.0003719291338582
11
3.6578522440944883
21
-4.0025118110236217
0
LINE
8
BLACK
6
CONTINUOUS
10
3.6578522440944883
20
-4.0025118110236217
11
3.6550564173228346
21
-4.0036698818897634
0
LINE
8
BLACK
6
CONTINUOUS
10
3.6550564173228346
20
-4.0036698818897634
11
3.6520301968503937
21
-4.0036698818897634
0
LINE
8
BLACK
6
CONTINUOUS
10
3.6520301968503937
20
-4.0036698818897634
11
3.64923437007874
21
-4.0025118110236217
0
LINE
8
BLACK
6
CONTINUOUS
10
3.64923437007874
20
-4.0025118110236217
11
3.6470944881889764
21
-4.0003719291338582
0
LINE
8
BLACK
6
CONTINUOUS
10
3.6470944881889764
20
-4.0003719291338582
11
3.6459364173228344
21
-3.9975761023622045
0
LINE
8
BLACK
6
CONTINUOUS
10
3.6459364173228344
20
-3.9975761023622045
11
3.6459364173228344
21
-3.9945498818897636
0
LINE
8
BLACK
6
CONTINUOUS
10
3.6459364173228344
20
-3.9945498818897636
11
3.6470944881889764
21
-3.9917540551181103
0
LINE
8
BLACK
6
CONTINUOUS
10
3.6470944881889764
20
-3.9917540551181103
11
3.64923437007874
21
-3.9896141732283463
0
LINE
8
BLACK
6
CONTINUOUS
10
3.64923437007874
20
-3.9896141732283463
11
3.6520301968503937
21
-3.9884561023622047
0
LINE
8
BLACK
6
CONTINUOUS
10
3.6520301968503937
20
-3.9884561023622047
11
3.6550564173228346
21
-3.9884561023622047
0
LINE
8
BLACK
6
CONTINUOUS
10
3.6550564173228346
20
-3.9884561023622047
11
3.6578522440944883
21
-3.9896141732283463
0
LINE
8
BLACK
6
CONTINUOUS
10
3.6893483070866142
20
-3.9896141732283463
11
3.6914881889763778
21
-3.9917540551181103
0
LINE
8
BLACK
6
CONTINUOUS
10
3.6914881889763778
20
-3.9917540551181103
11
3.6926462598425198
21
-3.9945498818897636
0
LINE
8
BLACK
6
CONTINUOUS
10
3.6926462598425198
20
-3.9945498818897636
11
3.6926462598425198
21
-3.9975761023622045
0
LINE
8
BLACK
6
CONTINUOUS
10
3.6926462598425198
20
-3.9975761023622045
11
3.6914881889763778
21
-4.0003719291338582
0
LINE
8
BLACK
6
CONTINUOUS
10
3.6914881889763778
20
-4.0003719291338582
11
3.6893483070866142
21
-4.0025118110236217
0
LINE
8
BLACK
6
CONTINUOUS
10
3.6893483070866142
20
-4.0025118110236217
11
3.6865524803149605
21
-4.0036698818897634
0
LINE
8
BLACK
6
CONTINUOUS
10
3.6865524803149605
20
-4.0036698818897634
11
3.6835262598425196
21
-4.0036698818897634
0
LINE
8
BLACK
6
CONTINUOUS
10
3.6835262598425196
20
-4.0036698818897634
11
3.6807304330708659
21
-4.0025118110236217
0
LINE
8
BLACK
6
CONTINUOUS
10
3.6807304330708659
20
-4.0025118110236217
11
3.6785905511811023
21
-4.0003719291338582
0
LINE
8
BLACK
6
CONTINUOUS
10
3.6785905511811023
20
-4.0003719291338582
11
3.6774324803149607
21
-3.9975761023622045
0
LINE
8
BLACK
6
CONTINUOUS
10
3.6774324803149607
20
-3.9975761023622045
11
3.6774324803149607
21
-3.9945498818897636
0
LINE
8
BLACK
6
CONTINUOUS
10
3.6774324803149607
20
-3.9945498818897636
11
3.6785905511811023
21
-3.9917540551181103
0
LINE
8
BLACK
6
CONTINUOUS
10
3.6785905511811023
20
-3.9917540551181103
11
3.6807304330708659
21
-3.9896141732283463
0
LINE
8
BLACK
6
CONTINUOUS
10
3.6807304330708659
20
-3.9896141732283463
11
3.6835262598425196
21
-3.9884561023622047
0
LINE
8
BLACK
6
CONTINUOUS
10
3.6835262598425196
20
-3.9884561023622047
11
3.6865524803149605
21
-3.9884561023622047
0
LINE
8
BLACK
6
CONTINUOUS
10
3.6865524803149605
20
-3.9884561023622047
11
3.6893483070866142
21
-3.9896141732283463
0
LINE
8
BLACK
6
CONTINUOUS
10
3.7208443700787401
20
-3.9896141732283463
11
3.7229842519685037
21
-3.9917540551181103
0
LINE
8
BLACK
6
CONTINUOUS
10
3.7229842519685037
20
-3.9917540551181103
11
3.7241423228346457
21
-3.9945498818897636
0
LINE
8
BLACK
6
CONTINUOUS
10
3.7241423228346457
20
-3.9945498818897636
11
3.7241423228346457
21
-3.9975761023622045
0
LINE
8
BLACK
6
CONTINUOUS
10
3.7241423228346457
20
-3.9975761023622045
11
3.7229842519685037
21
-4.0003719291338582
0
LINE
8
BLACK
6
CONTINUOUS
10
3.7229842519685037
20
-4.0003719291338582
11
3.7208443700787401
21
-4.0025118110236217
0
LINE
8
BLACK
6
CONTINUOUS
10
3.7208443700787401
20
-4.0025118110236217
11
3.7180485433070865
21
-4.0036698818897634
0
LINE
8
BLACK
6
CONTINUOUS
10
3.7180485433070865
20
-4.0036698818897634
11
3.7150223228346455
21
-4.0036698818897634
0
LINE
8
BLACK
6
CONTINUOUS
10
3.7150223228346455
20
-4.0036698818897634
11
3.7122264960629918
21
-4.0025118110236217
0
LINE
8
BLACK
6
CONTINUOUS
10
3.7122264960629918
20
-4.0025118110236217
11
3.7100866141732283
21
-4.0003719291338582
0
LINE
8
BLACK
6
CONTINUOUS
10
3.7100866141732283
20
-4.0003719291338582
11
3.7089285433070867
21
-3.9975761023622045
0
LINE
8
BLACK
6
CONTINUOUS
10
3.7089285433070867
20
-3.9975761023622045
11
3.7089285433070867
21
-3.9945498818897636
0
LINE
8
BLACK
6
CONTINUOUS
10
3.7089285433070867
20
-3.9945498818897636
11
3.7100866141732283
21
-3.9917540551181103
0
LINE
8
BLACK
6
CONTINUOUS
10
3.7100866141732283
20
-3.9917540551181103
11
3.7122264960629918
21
-3.9896141732283463
0
LINE
8
BLACK
6
CONTINUOUS
10
3.7122264960629918
20
-3.9896141732283463
11
3.7150223228346455
21
-3.9884561023622047
0
LINE
8
BLACK
6
CONTINUOUS
10
3.7150223228346455
20
-3.9884561023622047
11
3.7180485433070865
21
-3.9884561023622047
0
LINE
8
BLACK
6
CONTINUOUS
10
3.7180485433070865
20
-3.9884561023622047
11
3.7208443700787401
21
-3.9896141732283463
0
LINE
8
BLACK
6
CONTINUOUS
10
3.7523404330708661
20
-3.9896141732283463
11
3.7544803149606296
21
-3.9917540551181103
0
LINE
8
BLACK
6
CONTINUOUS
10
3.7544803149606296
20
-3.9917540551181103
11
3.7556383858267717
21
-3.9945498818897636
0
LINE
8
BLACK
6
CONTINUOUS
10
3.7556383858267717
20
-3.9945498818897636
11
3.7556383858267717
21
-3.9975761023622045
0
LINE
8
BLACK
6
CONTINUOUS
10
3.7556383858267717
20
-3.9975761023622045
11
3.7544803149606296
21
-4.0003719291338582
0
LINE
8
BLACK
6
CONTINUOUS
10
3.7544803149606296
20
-4.0003719291338582
11
3.7523404330708661
21
-4.0025118110236217
0
LINE
8
BLACK
6
CONTINUOUS
10
3.7523404330708661
20
-4.0025118110236217
11
3.7495446062992124
21
-4.0036698818897634
0
LINE
8
BLACK
6
CONTINUOUS
10
3.7495446062992124
20
-4.0036698818897634
11
3.7465183858267714
21
-4.0036698818897634
0
LINE
8
BLACK
6
CONTINUOUS
10
3.7465183858267714
20
-4.0036698818897634
11
3.7437225590551182
21
-4.0025118110236217
0
LINE
8
BLACK
6
CONTINUOUS
10
3.7437225590551182
20
-4.0025118110236217
11
3.7415826771653542
21
-4.0003719291338582
0
LINE
8
BLACK
6
CONTINUOUS
10
3.7415826771653542
20
-4.0003719291338582
11
3.7404246062992126
21
-3.9975761023622045
0
LINE
8
BLACK
6
CONTINUOUS
10
3.7404246062992126
20
-3.9975761023622045
11
3.7404246062992126
21
-3.9945498818897636
0
LINE
8
BLACK
6
CONTINUOUS
10
3.7404246062992126
20
-3.9945498818897636
11
3.7415826771653542
21
-3.9917540551181103
0
LINE
8
BLACK
6
CONTINUOUS
10
3.7415826771653542
20
-3.9917540551181103
11
3.7437225590551182
21
-3.9896141732283463
0
LINE
8
BLACK
6
CONTINUOUS
10
3.7437225590551182
20
-3.9896141732283463
11
3.7465183858267714
21
-3.9884561023622047
0
LINE
8
BLACK
6
CONTINUOUS
10
3.7465183858267714
20
-3.9884561023622047
11
3.7495446062992124
21
-3.9884561023622047
0
LINE
8
BLACK
6
CONTINUOUS
10
3.7495446062992124
20
-3.9884561023622047
11
3.7523404330708661
21
-3.9896141732283463
0
LINE
8
BLACK
6
CONTINUOUS
10
3.783836496062992
20
-3.9896141732283463
11
3.785976377952756
21
-3.9917540551181103
0
LINE
8
BLACK
6
CONTINUOUS
10
3.785976377952756
20
-3.9917540551181103
11
3.7871344488188976
21
-3.9945498818897636
0
LINE
8
BLACK
6
CONTINUOUS
10
3.7871344488188976
20
-3.9945498818897636
11
3.7871344488188976
21
-3.9975761023622045
0
LINE
8
BLACK
6
CONTINUOUS
10
3.7871344488188976
20
-3.9975761023622045
11
3.785976377952756
21
-4.0003719291338582
0
LINE
8
BLACK
6
CONTINUOUS
10
3.785976377952756
20
-4.0003719291338582
11
3.783836496062992
21
-4.0025118110236217
0
LINE
8
BLACK
6
CONTINUOUS
10
3.783836496062992
20
-4.0025118110236217
11
3.7810406692913383
21
-4.0036698818897634
0
LINE
8
BLACK
6
CONTINUOUS
10
3.7810406692913383
20
-4.0036698818897634
11
3.7780144488188974
21
-4.0036698818897634
0
LINE
8
BLACK
6
CONTINUOUS
10
3.7780144488188974
20
-4.0036698818897634
11
3.7752186220472441
21
-4.0025118110236217
0
LINE
8
BLACK
6
CONTINUOUS
10
3.7752186220472441
20
-4.0025118110236217
11
3.7730787401574801
21
-4.0003719291338582
0
LINE
8
BLACK
6
CONTINUOUS
10
3.7730787401574801
20
-4.0003719291338582
11
3.7719206692913385
21
-3.9975761023622045
0
LINE
8
BLACK
6
CONTINUOUS
10
3.7719206692913385
20
-3.9975761023622045
11
3.7719206692913385
21
-3.9945498818897636
0
LINE
8
BLACK
6
CONTINUOUS
10
3.7719206692913385
20
-3.9945498818897636
11
3.7730787401574801
21
-3.9917540551181103
0
LINE
8
BLACK
6
CONTINUOUS
10
3.7730787401574801
20
-3.9917540551181103
11
3.7752186220472441
21
-3.9896141732283463
0
LINE
8
BLACK
6
CONTINUOUS
10
3.7752186220472441
20
-3.9896141732283463
11
3.7780144488188974
21
-3.9884561023622047
0
LINE
8
BLACK
6
CONTINUOUS
10
3.7780144488188974
20
-3.9884561023622047
11
3.7810406692913383
21
-3.9884561023622047
0
LINE
8
BLACK
6
CONTINUOUS
10
3.7810406692913383
20
-3.9884561023622047
11
3.783836496062992
21
-3.9896141732283463
0
LINE
8
BLACK
6
CONTINUOUS
10
3.8153325590551179
20
-3.9896141732283463
11
3.8174724409448819
21
-3.9917540551181103
0
LINE
8
BLACK
6
CONTINUOUS
10
3.8174724409448819
20
-3.9917540551181103
11
3.8186305118110235
21
-3.9945498818897636
0
LINE
8
BLACK
6
CONTINUOUS
10
3.8186305118110235
20
-3.9945498818897636
11
3.8186305118110235
21
-3.9975761023622045
0
LINE
8
BLACK
6
CONTINUOUS
10
3.8186305118110235
20
-3.9975761023622045
11
3.8174724409448819
21
-4.0003719291338582
0
LINE
8
BLACK
6
CONTINUOUS
10
3.8174724409448819
20
-4.0003719291338582
11
3.8153325590551179
21
-4.0025118110236217
0
LINE
8
BLACK
6
CONTINUOUS
10
3.8153325590551179
20
-4.0025118110236217
11
3.8125367322834647
21
-4.0036698818897634
0
LINE
8
BLACK
6
CONTINUOUS
10
3.8125367322834647
20
-4.0036698818897634
11
3.8095105118110237
21
-4.0036698818897634
0
LINE
8
BLACK
6
CONTINUOUS
10
3.8095105118110237
20
-4.0036698818897634
11
3.80671468503937
21
-4.0025118110236217
0
LINE
8
BLACK
6
CONTINUOUS
10
3.80671468503937
20
-4.0025118110236217
11
3.8045748031496061
21
-4.0003719291338582
0
LINE
8
BLACK
6
CONTINUOUS
10
3.8045748031496061
20
-4.0003719291338582
11
3.8034167322834644
21
-3.9975761023622045
0
LINE
8
BLACK
6
CONTINUOUS
10
3.8034167322834644
20
-3.9975761023622045
11
3.8034167322834644
21
-3.9945498818897636
0
LINE
8
BLACK
6
CONTINUOUS
10
3.8034167322834644
20
-3.9945498818897636
11
3.8045748031496061
21
-3.9917540551181103
0
LINE
8
BLACK
6
CONTINUOUS
10
3.8045748031496061
20
-3.9917540551181103
11
3.80671468503937
21
-3.9896141732283463
0
LINE
8
BLACK
6
CONTINUOUS
10
3.80671468503937
20
-3.9896141732283463
11
3.8095105118110237
21
-3.9884561023622047
0
LINE
8
BLACK
6
CONTINUOUS
10
3.8095105118110237
20
-3.9884561023622047
11
3.8125367322834647
21
-3.9884561023622047
0
LINE
8
BLACK
6
CONTINUOUS
10
3.8125367322834647
20
-3.9884561023622047
11
3.8153325590551179
21
-3.9896141732283463
0
LINE
8
BLACK
6
CONTINUOUS
10
3.8468286220472439
20
-3.9896141732283463
11
3.8489685039370078
21
-3.9917540551181103
0
LINE
8
BLACK
6
CONTINUOUS
10
3.8489685039370078
20
-3.9917540551181103
11
3.8501265748031495
21
-3.9945498818897636
0
LINE
8
BLACK
6
CONTINUOUS
10
3.8501265748031495
20
-3.9945498818897636
11
3.8501265748031495
21
-3.9975761023622045
0
LINE
8
BLACK
6
CONTINUOUS
10
3.8501265748031495
20
-3.9975761023622045
11
3.8489685039370078
21
-4.0003719291338582
0
LINE
8
BLACK
6
CONTINUOUS
10
3.8489685039370078
20
-4.0003719291338582
11
3.8468286220472439
21
-4.0025118110236217
0
LINE
8
BLACK
6
CONTINUOUS
10
3.8468286220472439
20
-4.0025118110236217
11
3.8440327952755906
21
-4.0036698818897634
0
LINE
8
BLACK
6
CONTINUOUS
10
3.8440327952755906
20
-4.0036698818897634
11
3.8410065748031497
21
-4.0036698818897634
0
LINE
8
BLACK
6
CONTINUOUS
10
3.8410065748031497
20
-4.0036698818897634
11
3.838210748031496
21
-4.0025118110236217
0
LINE
8
BLACK
6
CONTINUOUS
10
3.838210748031496
20
-4.0025118110236217
11
3.836070866141732
21
-4.0003719291338582
0
LINE
8
BLACK
6
CONTINUOUS
10
3.836070866141732
20
-4.0003719291338582
11
3.8349127952755904
21
-3.9975761023622045
0
LINE
8
BLACK
6
CONTINUOUS
10
3.8349127952755904
20
-3.9975761023622045
11
3.8349127952755904
21
-3.9945498818897636
0
LINE
8
BLACK
6
CONTINUOUS
10
3.8349127952755904
20
-3.9945498818897636
11
3.836070866141732
21
-3.9917540551181103
0
LINE
8
BLACK
6
CONTINUOUS
10
3.836070866141732
20
-3.9917540551181103
11
3.838210748031496
21
-3.9896141732283463
0
LINE
8
BLACK
6
CONTINUOUS
10
3.838210748031496
20
-3.9896141732283463
11
3.8410065748031497
21
-3.9884561023622047
0
LINE
8
BLACK
6
CONTINUOUS
10
3.8410065748031497
20
-3.9884561023622047
11
3.8440327952755906
21
-3.9884561023622047
0
LINE
8
BLACK
6
CONTINUOUS
10
3.8440327952755906
20
-3.9884561023622047
11
3.8468286220472439
21
-3.9896141732283463
0
LINE
8
BLACK
6
CONTINUOUS
10
3.8783246850393698
20
-3.9896141732283463
11
3.8804645669291338
21
-3.9917540551181103
0
LINE
8
BLACK
6
CONTINUOUS
10
3.8804645669291338
20
-3.9917540551181103
11
3.8816226377952754
21
-3.9945498818897636
0
LINE
8
BLACK
6
CONTINUOUS
10
3.8816226377952754
20
-3.9945498818897636
11
3.8816226377952754
21
-3.9975761023622045
0
LINE
8
BLACK
6
CONTINUOUS
10
3.8816226377952754
20
-3.9975761023622045
11
3.8804645669291338
21
-4.0003719291338582
0
LINE
8
BLACK
6
CONTINUOUS
10
3.8804645669291338
20
-4.0003719291338582
11
3.8783246850393698
21
-4.0025118110236217
0
LINE
8
BLACK
6
CONTINUOUS
10
3.8783246850393698
20
-4.0025118110236217
11
3.8755288582677165
21
-4.0036698818897634
0
LINE
8
BLACK
6
CONTINUOUS
10
3.8755288582677165
20
-4.0036698818897634
11
3.8725026377952756
21
-4.0036698818897634
0
LINE
8
BLACK
6
CONTINUOUS
10
3.8725026377952756
20
-4.0036698818897634
11
3.8697068110236219
21
-4.0025118110236217
0
LINE
8
BLACK
6
CONTINUOUS
10
3.8697068110236219
20
-4.0025118110236217
11
3.8675669291338584
21
-4.0003719291338582
0
LINE
8
BLACK
6
CONTINUOUS
10
3.8675669291338584
20
-4.0003719291338582
11
3.8664088582677163
21
-3.9975761023622045
0
LINE
8
BLACK
6
CONTINUOUS
10
3.8664088582677163
20
-3.9975761023622045
11
3.8664088582677163
21
-3.9945498818897636
0
LINE
8
BLACK
6
CONTINUOUS
10
3.8664088582677163
20
-3.9945498818897636
11
3.8675669291338584
21
-3.9917540551181103
0
LINE
8
BLACK
6
CONTINUOUS
10
3.8675669291338584
20
-3.9917540551181103
11
3.8697068110236219
21
-3.9896141732283463
0
LINE
8
BLACK
6
CONTINUOUS
10
3.8697068110236219
20
-3.9896141732283463
11
3.8725026377952756
21
-3.9884561023622047
0
LINE
8
BLACK
6
CONTINUOUS
10
3.8725026377952756
20
-3.9884561023622047
11
3.8755288582677165
21
-3.9884561023622047
0
LINE
8
BLACK
6
CONTINUOUS
10
3.8755288582677165
20
-3.9884561023622047
11
3.8783246850393698
21
-3.9896141732283463
0
LINE
8
BLACK
6
CONTINUOUS
10
3.9098207480314962
20
-3.9896141732283463
11
3.9119606299212597
21
-3.9917540551181103
0
LINE
8
BLACK
6
CONTINUOUS
10
3.9119606299212597
20
-3.9917540551181103
11
3.9131187007874013
21
-3.9945498818897636
0
LINE
8
BLACK
6
CONTINUOUS
10
3.9131187007874013
20
-3.9945498818897636
11
3.9131187007874013
21
-3.9975761023622045
0
LINE
8
BLACK
6
CONTINUOUS
10
3.9131187007874013
20
-3.9975761023622045
11
3.9119606299212597
21
-4.0003719291338582
0
LINE
8
BLACK
6
CONTINUOUS
10
3.9119606299212597
20
-4.0003719291338582
11
3.9098207480314962
21
-4.0025118110236217
0
LINE
8
BLACK
6
CONTINUOUS
10
3.9098207480314962
20
-4.0025118110236217
11
3.9070249212598425
21
-4.0036698818897634
0
LINE
8
BLACK
6
CONTINUOUS
10
3.9070249212598425
20
-4.0036698818897634
11
3.9039987007874015
21
-4.0036698818897634
0
LINE
8
BLACK
6
CONTINUOUS
10
3.9039987007874015
20
-4.0036698818897634
11
3.9012028740157478
21
-4.0025118110236217
0
LINE
8
BLACK
6
CONTINUOUS
10
3.9012028740157478
20
-4.0025118110236217
11
3.8990629921259843
21
-4.0003719291338582
0
LINE
8
BLACK
6
CONTINUOUS
10
3.8990629921259843
20
-4.0003719291338582
11
3.8979049212598422
21
-3.9975761023622045
0
LINE
8
BLACK
6
CONTINUOUS
10
3.8979049212598422
20
-3.9975761023622045
11
3.8979049212598422
21
-3.9945498818897636
0
LINE
8
BLACK
6
CONTINUOUS
10
3.8979049212598422
20
-3.9945498818897636
11
3.8990629921259843
21
-3.9917540551181103
0
LINE
8
BLACK
6
CONTINUOUS
10
3.8990629921259843
20
-3.9917540551181103
11
3.9012028740157478
21
-3.9896141732283463
0
LINE
8
BLACK
6
CONTINUOUS
10
3.9012028740157478
20
-3.9896141732283463
11
3.9039987007874015
21
-3.9884561023622047
0
LINE
8
BLACK
6
CONTINUOUS
10
3.9039987007874015
20
-3.9884561023622047
11
3.9070249212598425
21
-3.9884561023622047
0
LINE
8
BLACK
6
CONTINUOUS
10
3.9070249212598425
20
-3.9884561023622047
11
3.9098207480314962
21
-3.9896141732283463
0
LINE
8
BLACK
6
CONTINUOUS
10
4.1161231889763776
20
-3.9367540944881889
11
4.1192364960629924
21
-3.93883437007874
0
LINE
8
BLACK
6
CONTINUOUS
10
4.1192364960629924
20
-3.93883437007874
11
4.121316771653543
21
-3.9419476771653543
0
LINE
8
BLACK
6
CONTINUOUS
10
4.121316771653543
20
-3.9419476771653543
11
4.122047244094488
21
-3.9456200787401574
0
LINE
8
BLACK
6
CONTINUOUS
10
4.122047244094488
20
-3.9456200787401574
11
4.122047244094488
21
-3.9648129921259843
0
LINE
8
BLACK
6
CONTINUOUS
10
4.122047244094488
20
-3.9648129921259843
11
4.121316771653543
21
-3.9684853937007873
0
LINE
8
BLACK
6
CONTINUOUS
10
4.121316771653543
20
-3.9684853937007873
11
4.1192364960629924
21
-3.9715987007874016
0
LINE
8
BLACK
6
CONTINUOUS
10
4.1192364960629924
20
-3.9715987007874016
11
4.1161231889763776
21
-3.9736789763779528
0
LINE
8
BLACK
6
CONTINUOUS
10
4.1161231889763776
20
-3.9736789763779528
11
4.112450787401575
21
-3.9744094488188977
0
LINE
8
BLACK
6
CONTINUOUS
10
4.112450787401575
20
-3.9744094488188977
11
4.0765255905511806
21
-3.9744094488188977
0
LINE
8
BLACK
6
CONTINUOUS
10
4.0765255905511806
20
-3.9744094488188977
11
4.0728531889763779
21
-3.9736789763779528
0
LINE
8
BLACK
6
CONTINUOUS
10
4.0728531889763779
20
-3.9736789763779528
11
4.0697398818897641
21
-3.9715987007874016
0
LINE
8
BLACK
6
CONTINUOUS
10
4.0697398818897641
20
-3.9715987007874016
11
4.0676596062992125
21
-3.9684853937007873
0
LINE
8
BLACK
6
CONTINUOUS
10
4.0676596062992125
20
-3.9684853937007873
11
4.0669291338582676
21
-3.9648129921259843
0
LINE
8
BLACK
6
CONTINUOUS
10
4.0669291338582676
20
-3.9648129921259843
11
4.0669291338582676
21
-3.9456200787401574
0
LINE
8
BLACK
6
CONTINUOUS
10
4.0669291338582676
20
-3.9456200787401574
11
4.0676596062992125
21
-3.9419476771653543
0
LINE
8
BLACK
6
CONTINUOUS
10
4.0676596062992125
20
-3.9419476771653543
11
4.0697398818897641
21
-3.93883437007874
0
LINE
8
BLACK
6
CONTINUOUS
10
4.0697398818897641
20
-3.93883437007874
11
4.0728531889763779
21
-3.9367540944881889
0
LINE
8
BLACK
6
CONTINUOUS
10
4.0728531889763779
20
-3.9367540944881889
11
4.0765255905511806
21
-3.936023622047244
0
LINE
8
BLACK
6
CONTINUOUS
10
4.0765255905511806
20
-3.936023622047244
11
4.112450787401575
21
-3.936023622047244
0
LINE
8
BLACK
6
CONTINUOUS
10
4.112450787401575
20
-3.936023622047244
11
4.1161231889763776
21
-3.9367540944881889
0
LINE
8
BLACK
6
CONTINUOUS
10
3.5003719291338582
20
-3.9581181102362204
11
3.5025118110236217
21
-3.960257992125984
0
LINE
8
BLACK
6
CONTINUOUS
10
3.5025118110236217
20
-3.960257992125984
11
3.5036698818897638
21
-3.9630538188976376
0
LINE
8
BLACK
6
CONTINUOUS
10
3.5036698818897638
20
-3.9630538188976376
11
3.5036698818897638
21
-3.9660800393700786
0
LINE
8
BLACK
6
CONTINUOUS
10
3.5036698818897638
20
-3.9660800393700786
11
3.5025118110236217
21
-3.9688758661417323
0
LINE
8
BLACK
6
CONTINUOUS
10
3.5025118110236217
20
-3.9688758661417323
11
3.5003719291338582
21
-3.9710157480314958
0
LINE
8
BLACK
6
CONTINUOUS
10
3.5003719291338582
20
-3.9710157480314958
11
3.4975761023622045
21
-3.9721738188976379
0
LINE
8
BLACK
6
CONTINUOUS
10
3.4975761023622045
20
-3.9721738188976379
11
3.4945498818897636
21
-3.9721738188976379
0
LINE
8
BLACK
6
CONTINUOUS
10
3.4945498818897636
20
-3.9721738188976379
11
3.4917540551181103
21
-3.9710157480314958
0
LINE
8
BLACK
6
CONTINUOUS
10
3.4917540551181103
20
-3.9710157480314958
11
3.4896141732283463
21
-3.9688758661417323
0
LINE
8
BLACK
6
CONTINUOUS
10
3.4896141732283463
20
-3.9688758661417323
11
3.4884561023622047
21
-3.9660800393700786
0
LINE
8
BLACK
6
CONTINUOUS
10
3.4884561023622047
20
-3.9660800393700786
11
3.4884561023622047
21
-3.9630538188976376
0
LINE
8
BLACK
6
CONTINUOUS
10
3.4884561023622047
20
-3.9630538188976376
11
3.4896141732283463
21
-3.960257992125984
0
LINE
8
BLACK
6
CONTINUOUS
10
3.4896141732283463
20
-3.960257992125984
11
3.4917540551181103
21
-3.9581181102362204
0
LINE
8
BLACK
6
CONTINUOUS
10
3.4917540551181103
20
-3.9581181102362204
11
3.4945498818897636
21
-3.9569600393700788
0
LINE
8
BLACK
6
CONTINUOUS
10
3.4945498818897636
20
-3.9569600393700788
11
3.4975761023622045
21
-3.9569600393700788
0
LINE
8
BLACK
6
CONTINUOUS
10
3.4975761023622045
20
-3.9569600393700788
11
3.5003719291338582
21
-3.9581181102362204
0
LINE
8
BLACK
6
CONTINUOUS
10
3.5318679921259841
20
-3.9581181102362204
11
3.5340078740157481
21
-3.960257992125984
0
LINE
8
BLACK
6
CONTINUOUS
10
3.5340078740157481
20
-3.960257992125984
11
3.5351659448818897
21
-3.9630538188976376
0
LINE
8
BLACK
6
CONTINUOUS
10
3.5351659448818897
20
-3.9630538188976376
11
3.5351659448818897
21
-3.9660800393700786
0
LINE
8
BLACK
6
CONTINUOUS
10
3.5351659448818897
20
-3.9660800393700786
11
3.5340078740157481
21
-3.9688758661417323
0
LINE
8
BLACK
6
CONTINUOUS
10
3.5340078740157481
20
-3.9688758661417323
11
3.5318679921259841
21
-3.9710157480314958
0
LINE
8
BLACK
6
CONTINUOUS
10
3.5318679921259841
20
-3.9710157480314958
11
3.5290721653543304
21
-3.9721738188976379
0
LINE
8
BLACK
6
CONTINUOUS
10
3.5290721653543304
20
-3.9721738188976379
11
3.5260459448818895
21
-3.9721738188976379
0
LINE
8
BLACK
6
CONTINUOUS
10
3.5260459448818895
20
-3.9721738188976379
11
3.5232501181102363
21
-3.9710157480314958
0
LINE
8
BLACK
6
CONTINUOUS
10
3.5232501181102363
20
-3.9710157480314958
11
3.5211102362204723
21
-3.9688758661417323
0
LINE
8
BLACK
6
CONTINUOUS
10
3.5211102362204723
20
-3.9688758661417323
11
3.5199521653543306
21
-3.9660800393700786
0
LINE
8
BLACK
6
CONTINUOUS
10
3.5199521653543306
20
-3.9660800393700786
11
3.5199521653543306
21
-3.9630538188976376
0
LINE
8
BLACK
6
CONTINUOUS
10
3.5199521653543306
20
-3.9630538188976376
11
3.5211102362204723
21
-3.960257992125984
0
LINE
8
BLACK
6
CONTINUOUS
10
3.5211102362204723
20
-3.960257992125984
11
3.5232501181102363
21
-3.9581181102362204
0
LINE
8
BLACK
6
CONTINUOUS
10
3.5232501181102363
20
-3.9581181102362204
11
3.5260459448818895
21
-3.9569600393700788
0
LINE
8
BLACK
6
CONTINUOUS
10
3.5260459448818895
20
-3.9569600393700788
11
3.5290721653543304
21
-3.9569600393700788
0
LINE
8
BLACK
6
CONTINUOUS
10
3.5290721653543304
20
-3.9569600393700788
11
3.5318679921259841
21
-3.9581181102362204
0
LINE
8
BLACK
6
CONTINUOUS
10
3.5633640551181101
20
-3.9581181102362204
11
3.565503937007874
21
-3.960257992125984
0
LINE
8
BLACK
6
CONTINUOUS
10
3.565503937007874
20
-3.960257992125984
11
3.5666620078740157
21
-3.9630538188976376
0
LINE
8
BLACK
6
CONTINUOUS
10
3.5666620078740157
20
-3.9630538188976376
11
3.5666620078740157
21
-3.9660800393700786
0
LINE
8
BLACK
6
CONTINUOUS
10
3.5666620078740157
20
-3.9660800393700786
11
3.565503937007874
21
-3.9688758661417323
0
LINE
8
BLACK
6
CONTINUOUS
10
3.565503937007874
20
-3.9688758661417323
11
3.5633640551181101
21
-3.9710157480314958
0
LINE
8
BLACK
6
CONTINUOUS
10
3.5633640551181101
20
-3.9710157480314958
11
3.5605682283464568
21
-3.9721738188976379
0
LINE
8
BLACK
6
CONTINUOUS
10
3.5605682283464568
20
-3.9721738188976379
11
3.5575420078740159
21
-3.9721738188976379
0
LINE
8
BLACK
6
CONTINUOUS
10
3.5575420078740159
20
-3.9721738188976379
11
3.5547461811023622
21
-3.9710157480314958
0
LINE
8
BLACK
6
CONTINUOUS
10
3.5547461811023622
20
-3.9710157480314958
11
3.5526062992125982
21
-3.9688758661417323
0
LINE
8
BLACK
6
CONTINUOUS
10
3.5526062992125982
20
-3.9688758661417323
11
3.5514482283464566
21
-3.9660800393700786
0
LINE
8
BLACK
6
CONTINUOUS
10
3.5514482283464566
20
-3.9660800393700786
11
3.5514482283464566
21
-3.9630538188976376
0
LINE
8
BLACK
6
CONTINUOUS
10
3.5514482283464566
20
-3.9630538188976376
11
3.5526062992125982
21
-3.960257992125984
0
LINE
8
BLACK
6
CONTINUOUS
10
3.5526062992125982
20
-3.960257992125984
11
3.5547461811023622
21
-3.9581181102362204
0
LINE
8
BLACK
6
CONTINUOUS
10
3.5547461811023622
20
-3.9581181102362204
11
3.5575420078740159
21
-3.9569600393700788
0
LINE
8
BLACK
6
CONTINUOUS
10
3.5575420078740159
20
-3.9569600393700788
11
3.5605682283464568
21
-3.9569600393700788
0
LINE
8
BLACK
6
CONTINUOUS
10
3.5605682283464568
20
-3.9569600393700788
11
3.5633640551181101
21
-3.9581181102362204
0
LINE
8
BLACK
6
CONTINUOUS
10
3.594860118110236
20
-3.9581181102362204
11
3.597
21
-3.960257992125984
0
LINE
8
BLACK
6
CONTINUOUS
10
3.597
20
-3.960257992125984
11
3.5981580708661416
21
-3.9630538188976376
0
LINE
8
BLACK
6
CONTINUOUS
10
3.5981580708661416
20
-3.9630538188976376
11
3.5981580708661416
21
-3.9660800393700786
0
LINE
8
BLACK
6
CONTINUOUS
10
3.5981580708661416
20
-3.9660800393700786
11
3.597
21
-3.9688758661417323
0
LINE
8
BLACK
6
CONTINUOUS
10
3.597
20
-3.9688758661417323
11
3.594860118110236
21
-3.9710157480314958
0
LINE
8
BLACK
6
CONTINUOUS
10
3.594860118110236
20
-3.9710157480314958
11
3.5920642913385827
21
-3.9721738188976379
0
LINE
8
BLACK
6
CONTINUOUS
10
3.5920642913385827
20
-3.9721738188976379
11
3.5890380708661418
21
-3.9721738188976379
0
LINE
8
BLACK
6
CONTINUOUS
10
3.5890380708661418
20
-3.9721738188976379
11
3.5862422440944881
21
-3.9710157480314958
0
LINE
8
BLACK
6
CONTINUOUS
10
3.5862422440944881
20
-3.9710157480314958
11
3.5841023622047241
21
-3.9688758661417323
0
LINE
8
BLACK
6
CONTINUOUS
10
3.5841023622047241
20
-3.9688758661417323
11
3.5829442913385825
21
-3.9660800393700786
0
LINE
8
BLACK
6
CONTINUOUS
10
3.5829442913385825
20
-3.9660800393700786
11
3.5829442913385825
21
-3.9630538188976376
0
LINE
8
BLACK
6
CONTINUOUS
10
3.5829442913385825
20
-3.9630538188976376
11
3.5841023622047241
21
-3.960257992125984
0
LINE
8
BLACK
6
CONTINUOUS
10
3.5841023622047241
20
-3.960257992125984
11
3.5862422440944881
21
-3.9581181102362204
0
LINE
8
BLACK
6
CONTINUOUS
10
3.5862422440944881
20
-3.9581181102362204
11
3.5890380708661418
21
-3.9569600393700788
0
LINE
8
BLACK
6
CONTINUOUS
10
3.5890380708661418
20
-3.9569600393700788
11
3.5920642913385827
21
-3.9569600393700788
0
LINE
8
BLACK
6
CONTINUOUS
10
3.5920642913385827
20
-3.9569600393700788
11
3.594860118110236
21
-3.9581181102362204
0
LINE
8
BLACK
6
CONTINUOUS
10
3.6263561811023619
20
-3.9581181102362204
11
3.6284960629921259
21
-3.960257992125984
0
LINE
8
BLACK
6
CONTINUOUS
10
3.6284960629921259
20
-3.960257992125984
11
3.6296541338582675
21
-3.9630538188976376
0
LINE
8
BLACK
6
CONTINUOUS
10
3.6296541338582675
20
-3.9630538188976376
11
3.6296541338582675
21
-3.9660800393700786
0
LINE
8
BLACK
6
CONTINUOUS
10
3.6296541338582675
20
-3.9660800393700786
11
3.6284960629921259
21
-3.9688758661417323
0
LINE
8
BLACK
6
CONTINUOUS
10
3.6284960629921259
20
-3.9688758661417323
11
3.6263561811023619
21
-3.9710157480314958
0
LINE
8
BLACK
6
CONTINUOUS
10
3.6263561811023619
20
-3.9710157480314958
11
3.6235603543307087
21
-3.9721738188976379
0
LINE
8
BLACK
6
CONTINUOUS
10
3.6235603543307087
20
-3.9721738188976379
11
3.6205341338582677
21
-3.9721738188976379
0
LINE
8
BLACK
6
CONTINUOUS
10
3.6205341338582677
20
-3.9721738188976379
11
3.617738307086614
21
-3.9710157480314958
0
LINE
8
BLACK
6
CONTINUOUS
10
3.617738307086614
20
-3.9710157480314958
11
3.6155984251968505
21
-3.9688758661417323
0
LINE
8
BLACK
6
CONTINUOUS
10
3.6155984251968505
20
-3.9688758661417323
11
3.6144403543307084
21
-3.9660800393700786
0
LINE
8
BLACK
6
CONTINUOUS
10
3.6144403543307084
20
-3.9660800393700786
11
3.6144403543307084
21
-3.9630538188976376
0
LINE
8
BLACK
6
CONTINUOUS
10
3.6144403543307084
20
-3.9630538188976376
11
3.6155984251968505
21
-3.960257992125984
0
LINE
8
BLACK
6
CONTINUOUS
10
3.6155984251968505
20
-3.960257992125984
11
3.617738307086614
21
-3.9581181102362204
0
LINE
8
BLACK
6
CONTINUOUS
10
3.617738307086614
20
-3.9581181102362204
11
3.6205341338582677
21
-3.9569600393700788
0
LINE
8
BLACK
6
CONTINUOUS
10
3.6205341338582677
20
-3.9569600393700788
11
3.6235603543307087
21
-3.9569600393700788
0
LINE
8
BLACK
6
CONTINUOUS
10
3.6235603543307087
20
-3.9569600393700788
11
3.6263561811023619
21
-3.9581181102362204
0
LINE
8
BLACK
6
CONTINUOUS
10
3.6578522440944883
20
-3.9581181102362204
11
3.6599921259842518
21
-3.960257992125984
0
LINE
8
BLACK
6
CONTINUOUS
10
3.6599921259842518
20
-3.960257992125984
11
3.6611501968503934
21
-3.9630538188976376
0
LINE
8
BLACK
6
CONTINUOUS
10
3.6611501968503934
20
-3.9630538188976376
11
3.6611501968503934
21
-3.9660800393700786
0
LINE
8
BLACK
6
CONTINUOUS
10
3.6611501968503934
20
-3.9660800393700786
11
3.6599921259842518
21
-3.9688758661417323
0
LINE
8
BLACK
6
CONTINUOUS
10
3.6599921259842518
20
-3.9688758661417323
11
3.6578522440944883
21
-3.9710157480314958
0
LINE
8
BLACK
6
CONTINUOUS
10
3.6578522440944883
20
-3.9710157480314958
11
3.6550564173228346
21
-3.9721738188976379
0
LINE
8
BLACK
6
CONTINUOUS
10
3.6550564173228346
20
-3.9721738188976379
11
3.6520301968503937
21
-3.9721738188976379
0
LINE
8
BLACK
6
CONTINUOUS
10
3.6520301968503937
20
-3.9721738188976379
11
3.64923437007874
21
-3.9710157480314958
0
LINE
8
BLACK
6
CONTINUOUS
10
3.64923437007874
20
-3.9710157480314958
11
3.6470944881889764
21
-3.9688758661417323
0
LINE
8
BLACK
6
CONTINUOUS
10
3.6470944881889764
20
-3.9688758661417323
11
3.6459364173228344
21
-3.9660800393700786
0
LINE
8
BLACK
6
CONTINUOUS
10
3.6459364173228344
20
-3.9660800393700786
11
3.6459364173228344
21
-3.9630538188976376
0
LINE
8
BLACK
6
CONTINUOUS
10
3.6459364173228344
20
-3.9630538188976376
11
3.6470944881889764
21
-3.960257992125984
0
LINE
8
BLACK
6
CONTINUOUS
10
3.6470944881889764
20
-3.960257992125984
11
3.64923437007874
21
-3.9581181102362204
0
LINE
8
BLACK
6
CONTINUOUS
10
3.64923437007874
20
-3.9581181102362204
11
3.6520301968503937
21
-3.9569600393700788
0
LINE
8
BLACK
6
CONTINUOUS
10
3.6520301968503937
20
-3.9569600393700788
11
3.6550564173228346
21
-3.9569600393700788
0
LINE
8
BLACK
6
CONTINUOUS
10
3.6550564173228346
20
-3.9569600393700788
11
3.6578522440944883
21
-3.9581181102362204
0
LINE
8
BLACK
6
CONTINUOUS
10
3.6893483070866142
20
-3.9581181102362204
11
3.6914881889763778
21
-3.960257992125984
0
LINE
8
BLACK
6
CONTINUOUS
10
3.6914881889763778
20
-3.960257992125984
11
3.6926462598425198
21
-3.9630538188976376
0
LINE
8
BLACK
6
CONTINUOUS
10
3.6926462598425198
20
-3.9630538188976376
11
3.6926462598425198
21
-3.9660800393700786
0
LINE
8
BLACK
6
CONTINUOUS
10
3.6926462598425198
20
-3.9660800393700786
11
3.6914881889763778
21
-3.9688758661417323
0
LINE
8
BLACK
6
CONTINUOUS
10
3.6914881889763778
20
-3.9688758661417323
11
3.6893483070866142
21
-3.9710157480314958
0
LINE
8
BLACK
6
CONTINUOUS
10
3.6893483070866142
20
-3.9710157480314958
11
3.6865524803149605
21
-3.9721738188976379
0
LINE
8
BLACK
6
CONTINUOUS
10
3.6865524803149605
20
-3.9721738188976379
11
3.6835262598425196
21
-3.9721738188976379
0
LINE
8
BLACK
6
CONTINUOUS
10
3.6835262598425196
20
-3.9721738188976379
11
3.6807304330708659
21
-3.9710157480314958
0
LINE
8
BLACK
6
CONTINUOUS
10
3.6807304330708659
20
-3.9710157480314958
11
3.6785905511811023
21
-3.9688758661417323
0
LINE
8
BLACK
6
CONTINUOUS
10
3.6785905511811023
20
-3.9688758661417323
11
3.6774324803149607
21
-3.9660800393700786
0
LINE
8
BLACK
6
CONTINUOUS
10
3.6774324803149607
20
-3.9660800393700786
11
3.6774324803149607
21
-3.9630538188976376
0
LINE
8
BLACK
6
CONTINUOUS
10
3.6774324803149607
20
-3.9630538188976376
11
3.6785905511811023
21
-3.960257992125984
0
LINE
8
BLACK
6
CONTINUOUS
10
3.6785905511811023
20
-3.960257992125984
11
3.6807304330708659
21
-3.9581181102362204
0
LINE
8
BLACK
6
CONTINUOUS
10
3.6807304330708659
20
-3.9581181102362204
11
3.6835262598425196
21
-3.9569600393700788
0
LINE
8
BLACK
6
CONTINUOUS
10
3.6835262598425196
20
-3.9569600393700788
11
3.6865524803149605
21
-3.9569600393700788
0
LINE
8
BLACK
6
CONTINUOUS
10
3.6865524803149605
20
-3.9569600393700788
11
3.6893483070866142
21
-3.9581181102362204
0
LINE
8
BLACK
6
CONTINUOUS
10
3.7208443700787401
20
-3.9581181102362204
11
3.7229842519685037
21
-3.960257992125984
0
LINE
8
BLACK
6
CONTINUOUS
10
3.7229842519685037
20
-3.960257992125984
11
3.7241423228346457
21
-3.9630538188976376
0
LINE
8
BLACK
6
CONTINUOUS
10
3.7241423228346457
20
-3.9630538188976376
11
3.7241423228346457
21
-3.9660800393700786
0
LINE
8
BLACK
6
CONTINUOUS
10
3.7241423228346457
20
-3.9660800393700786
11
3.7229842519685037
21
-3.9688758661417323
0
LINE
8
BLACK
6
CONTINUOUS
10
3.7229842519685037
20
-3.9688758661417323
11
3.7208443700787401
21
-3.9710157480314958
0
LINE
8
BLACK
6
CONTINUOUS
10
3.7208443700787401
20
-3.9710157480314958
11
3.7180485433070865
21
-3.9721738188976379
0
LINE
8
BLACK
6
CONTINUOUS
10
3.7180485433070865
20
-3.9721738188976379
11
3.7150223228346455
21
-3.9721738188976379
0
LINE
8
BLACK
6
CONTINUOUS
10
3.7150223228346455
20
-3.9721738188976379
11
3.7122264960629918
21
-3.9710157480314958
0
LINE
8
BLACK
6
CONTINUOUS
10
3.7122264960629918
20
-3.9710157480314958
11
3.7100866141732283
21
-3.9688758661417323
0
LINE
8
BLACK
6
CONTINUOUS
10
3.7100866141732283
20
-3.9688758661417323
11
3.7089285433070867
21
-3.9660800393700786
0
LINE
8
BLACK
6
CONTINUOUS
10
3.7089285433070867
20
-3.9660800393700786
11
3.7089285433070867
21
-3.9630538188976376
0
LINE
8
BLACK
6
CONTINUOUS
10
3.7089285433070867
20
-3.9630538188976376
11
3.7100866141732283
21
-3.960257992125984
0
LINE
8
BLACK
6
CONTINUOUS
10
3.7100866141732283
20
-3.960257992125984
11
3.7122264960629918
21
-3.9581181102362204
0
LINE
8
BLACK
6
CONTINUOUS
10
3.7122264960629918
20
-3.9581181102362204
11
3.7150223228346455
21
-3.9569600393700788
0
LINE
8
BLACK
6
CONTINUOUS
10
3.7150223228346455
20
-3.9569600393700788
11
3.7180485433070865
21
-3.9569600393700788
0
LINE
8
BLACK
6
CONTINUOUS
10
3.7180485433070865
20
-3.9569600393700788
11
3.7208443700787401
21
-3.9581181102362204
0
LINE
8
BLACK
6
CONTINUOUS
10
3.7523404330708661
20
-3.9581181102362204
11
3.7544803149606296
21
-3.960257992125984
0
LINE
8
BLACK
6
CONTINUOUS
10
3.7544803149606296
20
-3.960257992125984
11
3.7556383858267717
21
-3.9630538188976376
0
LINE
8
BLACK
6
CONTINUOUS
10
3.7556383858267717
20
-3.9630538188976376
11
3.7556383858267717
21
-3.9660800393700786
0
LINE
8
BLACK
6
CONTINUOUS
10
3.7556383858267717
20
-3.9660800393700786
11
3.7544803149606296
21
-3.9688758661417323
0
LINE
8
BLACK
6
CONTINUOUS
10
3.7544803149606296
20
-3.9688758661417323
11
3.7523404330708661
21
-3.9710157480314958
0
LINE
8
BLACK
6
CONTINUOUS
10
3.7523404330708661
20
-3.9710157480314958
11
3.7495446062992124
21
-3.9721738188976379
0
LINE
8
BLACK
6
CONTINUOUS
10
3.7495446062992124
20
-3.9721738188976379
11
3.7465183858267714
21
-3.9721738188976379
0
LINE
8
BLACK
6
CONTINUOUS
10
3.7465183858267714
20
-3.9721738188976379
11
3.7437225590551182
21
-3.9710157480314958
0
LINE
8
BLACK
6
CONTINUOUS
10
3.7437225590551182
20
-3.9710157480314958
11
3.7415826771653542
21
-3.9688758661417323
0
LINE
8
BLACK
6
CONTINUOUS
10
3.7415826771653542
20
-3.9688758661417323
11
3.7404246062992126
21
-3.9660800393700786
0
LINE
8
BLACK
6
CONTINUOUS
10
3.7404246062992126
20
-3.9660800393700786
11
3.7404246062992126
21
-3.9630538188976376
0
LINE
8
BLACK
6
CONTINUOUS
10
3.7404246062992126
20
-3.9630538188976376
11
3.7415826771653542
21
-3.960257992125984
0
LINE
8
BLACK
6
CONTINUOUS
10
3.7415826771653542
20
-3.960257992125984
11
3.7437225590551182
21
-3.9581181102362204
0
LINE
8
BLACK
6
CONTINUOUS
10
3.7437225590551182
20
-3.9581181102362204
11
3.7465183858267714
21
-3.9569600393700788
0
LINE
8
BLACK
6
CONTINUOUS
10
3.7465183858267714
20
-3.9569600393700788
11
3.7495446062992124
21
-3.9569600393700788
0
LINE
8
BLACK
6
CONTINUOUS
10
3.7495446062992124
20
-3.9569600393700788
11
3.7523404330708661
21
-3.9581181102362204
0
LINE
8
BLACK
6
CONTINUOUS
10
3.783836496062992
20
-3.9581181102362204
11
3.785976377952756
21
-3.960257992125984
0
LINE
8
BLACK
6
CONTINUOUS
10
3.785976377952756
20
-3.960257992125984
11
3.7871344488188976
21
-3.9630538188976376
0
LINE
8
BLACK
6
CONTINUOUS
10
3.7871344488188976
20
-3.9630538188976376
11
3.7871344488188976
21
-3.9660800393700786
0
LINE
8
BLACK
6
CONTINUOUS
10
3.7871344488188976
20
-3.9660800393700786
11
3.785976377952756
21
-3.9688758661417323
0
LINE
8
BLACK
6
CONTINUOUS
10
3.785976377952756
20
-3.9688758661417323
11
3.783836496062992
21
-3.9710157480314958
0
LINE
8
BLACK
6
CONTINUOUS
10
3.783836496062992
20
-3.9710157480314958
11
3.7810406692913383
21
-3.9721738188976379
0
LINE
8
BLACK
6
CONTINUOUS
10
3.7810406692913383
20
-3.9721738188976379
11
3.7780144488188974
21
-3.9721738188976379
0
LINE
8
BLACK
6
CONTINUOUS
10
3.7780144488188974
20
-3.9721738188976379
11
3.7752186220472441
21
-3.9710157480314958
0
LINE
8
BLACK
6
CONTINUOUS
10
3.7752186220472441
20
-3.9710157480314958
11
3.7730787401574801
21
-3.9688758661417323
0
LINE
8
BLACK
6
CONTINUOUS
10
3.7730787401574801
20
-3.9688758661417323
11
3.7719206692913385
21
-3.9660800393700786
0
LINE
8
BLACK
6
CONTINUOUS
10
3.7719206692913385
20
-3.9660800393700786
11
3.7719206692913385
21
-3.9630538188976376
0
LINE
8
BLACK
6
CONTINUOUS
10
3.7719206692913385
20
-3.9630538188976376
11
3.7730787401574801
21
-3.960257992125984
0
LINE
8
BLACK
6
CONTINUOUS
10
3.7730787401574801
20
-3.960257992125984
11
3.7752186220472441
21
-3.9581181102362204
0
LINE
8
BLACK
6
CONTINUOUS
10
3.7752186220472441
20
-3.9581181102362204
11
3.7780144488188974
21
-3.9569600393700788
0
LINE
8
BLACK
6
CONTINUOUS
10
3.7780144488188974
20
-3.9569600393700788
11
3.7810406692913383
21
-3.9569600393700788
0
LINE
8
BLACK
6
CONTINUOUS
10
3.7810406692913383
20
-3.9569600393700788
11
3.783836496062992
21
-3.9581181102362204
0
LINE
8
BLACK
6
CONTINUOUS
10
3.8153325590551179
20
-3.9581181102362204
11
3.8174724409448819
21
-3.960257992125984
0
LINE
8
BLACK
6
CONTINUOUS
10
3.8174724409448819
20
-3.960257992125984
11
3.8186305118110235
21
-3.9630538188976376
0
LINE
8
BLACK
6
CONTINUOUS
10
3.8186305118110235
20
-3.9630538188976376
11
3.8186305118110235
21
-3.9660800393700786
0
LINE
8
BLACK
6
CONTINUOUS
10
3.8186305118110235
20
-3.9660800393700786
11
3.8174724409448819
21
-3.9688758661417323
0
LINE
8
BLACK
6
CONTINUOUS
10
3.8174724409448819
20
-3.9688758661417323
11
3.8153325590551179
21
-3.9710157480314958
0
LINE
8
BLACK
6
CONTINUOUS
10
3.8153325590551179
20
-3.9710157480314958
11
3.8125367322834647
21
-3.9721738188976379
0
LINE
8
BLACK
6
CONTINUOUS
10
3.8125367322834647
20
-3.9721738188976379
11
3.8095105118110237
21
-3.9721738188976379
0
LINE
8
BLACK
6
CONTINUOUS
10
3.8095105118110237
20
-3.9721738188976379
11
3.80671468503937
21
-3.9710157480314958
0
LINE
8
BLACK
6
CONTINUOUS
10
3.80671468503937
20
-3.9710157480314958
11
3.8045748031496061
21
-3.9688758661417323
0
LINE
8
BLACK
6
CONTINUOUS
10
3.8045748031496061
20
-3.9688758661417323
11
3.8034167322834644
21
-3.9660800393700786
0
LINE
8
BLACK
6
CONTINUOUS
10
3.8034167322834644
20
-3.9660800393700786
11
3.8034167322834644
21
-3.9630538188976376
0
LINE
8
BLACK
6
CONTINUOUS
10
3.8034167322834644
20
-3.9630538188976376
11
3.8045748031496061
21
-3.960257992125984
0
LINE
8
BLACK
6
CONTINUOUS
10
3.8045748031496061
20
-3.960257992125984
11
3.80671468503937
21
-3.9581181102362204
0
LINE
8
BLACK
6
CONTINUOUS
10
3.80671468503937
20
-3.9581181102362204
11
3.8095105118110237
21
-3.9569600393700788
0
LINE
8
BLACK
6
CONTINUOUS
10
3.8095105118110237
20
-3.9569600393700788
11
3.8125367322834647
21
-3.9569600393700788
0
LINE
8
BLACK
6
CONTINUOUS
10
3.8125367322834647
20
-3.9569600393700788
11
3.8153325590551179
21
-3.9581181102362204
0
LINE
8
BLACK
6
CONTINUOUS
10
3.8468286220472439
20
-3.9581181102362204
11
3.8489685039370078
21
-3.960257992125984
0
LINE
8
BLACK
6
CONTINUOUS
10
3.8489685039370078
20
-3.960257992125984
11
3.8501265748031495
21
-3.9630538188976376
0
LINE
8
BLACK
6
CONTINUOUS
10
3.8501265748031495
20
-3.9630538188976376
11
3.8501265748031495
21
-3.9660800393700786
0
LINE
8
BLACK
6
CONTINUOUS
10
3.8501265748031495
20
-3.9660800393700786
11
3.8489685039370078
21
-3.9688758661417323
0
LINE
8
BLACK
6
CONTINUOUS
10
3.8489685039370078
20
-3.9688758661417323
11
3.8468286220472439
21
-3.9710157480314958
0
LINE
8
BLACK
6
CONTINUOUS
10
3.8468286220472439
20
-3.9710157480314958
11
3.8440327952755906
21
-3.9721738188976379
0
LINE
8
BLACK
6
CONTINUOUS
10
3.8440327952755906
20
-3.9721738188976379
11
3.8410065748031497
21
-3.9721738188976379
0
LINE
8
BLACK
6
CONTINUOUS
10
3.8410065748031497
20
-3.9721738188976379
11
3.838210748031496
21
-3.9710157480314958
0
LINE
8
BLACK
6
CONTINUOUS
10
3.838210748031496
20
-3.9710157480314958
11
3.836070866141732
21
-3.9688758661417323
0
LINE
8
BLACK
6
CONTINUOUS
10
3.836070866141732
20
-3.9688758661417323
11
3.8349127952755904
21
-3.9660800393700786
0
LINE
8
BLACK
6
CONTINUOUS
10
3.8349127952755904
20
-3.9660800393700786
11
3.8349127952755904
21
-3.9630538188976376
0
LINE
8
BLACK
6
CONTINUOUS
10
3.8349127952755904
20
-3.9630538188976376
11
3.836070866141732
21
-3.960257992125984
0
LINE
8
BLACK
6
CONTINUOUS
10
3.836070866141732
20
-3.960257992125984
11
3.838210748031496
21
-3.9581181102362204
0
LINE
8
BLACK
6
CONTINUOUS
10
3.838210748031496
20
-3.9581181102362204
11
3.8410065748031497
21
-3.9569600393700788
0
LINE
8
BLACK
6
CONTINUOUS
10
3.8410065748031497
20
-3.9569600393700788
11
3.8440327952755906
21
-3.9569600393700788
0
LINE
8
BLACK
6
CONTINUOUS
10
3.8440327952755906
20
-3.9569600393700788
11
3.8468286220472439
21
-3.9581181102362204
0
LINE
8
BLACK
6
CONTINUOUS
10
3.8783246850393698
20
-3.9581181102362204
11
3.8804645669291338
21
-3.960257992125984
0
LINE
8
BLACK
6
CONTINUOUS
10
3.8804645669291338
20
-3.960257992125984
11
3.8816226377952754
21
-3.9630538188976376
0
LINE
8
BLACK
6
CONTINUOUS
10
3.8816226377952754
20
-3.9630538188976376
11
3.8816226377952754
21
-3.9660800393700786
0
LINE
8
BLACK
6
CONTINUOUS
10
3.8816226377952754
20
-3.9660800393700786
11
3.8804645669291338
21
-3.9688758661417323
0
LINE
8
BLACK
6
CONTINUOUS
10
3.8804645669291338
20
-3.9688758661417323
11
3.8783246850393698
21
-3.9710157480314958
0
LINE
8
BLACK
6
CONTINUOUS
10
3.8783246850393698
20
-3.9710157480314958
11
3.8755288582677165
21
-3.9721738188976379
0
LINE
8
BLACK
6
CONTINUOUS
10
3.8755288582677165
20
-3.9721738188976379
11
3.8725026377952756
21
-3.9721738188976379
0
LINE
8
BLACK
6
CONTINUOUS
10
3.8725026377952756
20
-3.9721738188976379
11
3.8697068110236219
21
-3.9710157480314958
0
LINE
8
BLACK
6
CONTINUOUS
10
3.8697068110236219
20
-3.9710157480314958
11
3.8675669291338584
21
-3.9688758661417323
0
LINE
8
BLACK
6
CONTINUOUS
10
3.8675669291338584
20
-3.9688758661417323
11
3.8664088582677163
21
-3.9660800393700786
0
LINE
8
BLACK
6
CONTINUOUS
10
3.8664088582677163
20
-3.9660800393700786
11
3.8664088582677163
21
-3.9630538188976376
0
LINE
8
BLACK
6
CONTINUOUS
10
3.8664088582677163
20
-3.9630538188976376
11
3.8675669291338584
21
-3.960257992125984
0
LINE
8
BLACK
6
CONTINUOUS
10
3.8675669291338584
20
-3.960257992125984
11
3.8697068110236219
21
-3.9581181102362204
0
LINE
8
BLACK
6
CONTINUOUS
10
3.8697068110236219
20
-3.9581181102362204
11
3.8725026377952756
21
-3.9569600393700788
0
LINE
8
BLACK
6
CONTINUOUS
10
3.8725026377952756
20
-3.9569600393700788
11
3.8755288582677165
21
-3.9569600393700788
0
LINE
8
BLACK
6
CONTINUOUS
10
3.8755288582677165
20
-3.9569600393700788
11
3.8783246850393698
21
-3.9581181102362204
0
LINE
8
BLACK
6
CONTINUOUS
10
3.9098207480314962
20
-3.9581181102362204
11
3.9119606299212597
21
-3.960257992125984
0
LINE
8
BLACK
6
CONTINUOUS
10
3.9119606299212597
20
-3.960257992125984
11
3.9131187007874013
21
-3.9630538188976376
0
LINE
8
BLACK
6
CONTINUOUS
10
3.9131187007874013
20
-3.9630538188976376
11
3.9131187007874013
21
-3.9660800393700786
0
LINE
8
BLACK
6
CONTINUOUS
10
3.9131187007874013
20
-3.9660800393700786
11
3.9119606299212597
21
-3.9688758661417323
0
LINE
8
BLACK
6
CONTINUOUS
10
3.9119606299212597
20
-3.9688758661417323
11
3.9098207480314962
21
-3.9710157480314958
0
LINE
8
BLACK
6
CONTINUOUS
10
3.9098207480314962
20
-3.9710157480314958
11
3.9070249212598425
21
-3.9721738188976379
0
LINE
8
BLACK
6
CONTINUOUS
10
3.9070249212598425
20
-3.9721738188976379
11
3.9039987007874015
21
-3.9721738188976379
0
LINE
8
BLACK
6
CONTINUOUS
10
3.9039987007874015
20
-3.9721738188976379
11
3.9012028740157478
21
-3.9710157480314958
0
LINE
8
BLACK
6
CONTINUOUS
10
3.9012028740157478
20
-3.9710157480314958
11
3.8990629921259843
21
-3.9688758661417323
0
LINE
8
BLACK
6
CONTINUOUS
10
3.8990629921259843
20
-3.9688758661417323
11
3.8979049212598422
21
-3.9660800393700786
0
LINE
8
BLACK
6
CONTINUOUS
10
3.8979049212598422
20
-3.9660800393700786
11
3.8979049212598422
21
-3.9630538188976376
0
LINE
8
BLACK
6
CONTINUOUS
10
3.8979049212598422
20
-3.9630538188976376
11
3.8990629921259843
21
-3.960257992125984
0
LINE
8
BLACK
6
CONTINUOUS
10
3.8990629921259843
20
-3.960257992125984
11
3.9012028740157478
21
-3.9581181102362204
0
LINE
8
BLACK
6
CONTINUOUS
10
3.9012028740157478
20
-3.9581181102362204
11
3.9039987007874015
21
-3.9569600393700788
0
LINE
8
BLACK
6
CONTINUOUS
10
3.9039987007874015
20
-3.9569600393700788
11
3.9070249212598425
21
-3.9569600393700788
0
LINE
8
BLACK
6
CONTINUOUS
10
3.9070249212598425
20
-3.9569600393700788
11
3.9098207480314962
21
-3.9581181102362204
0
LINE
8
BLACK
6
CONTINUOUS
10
4.0370063779527561
20
-3.9366791732283462
11
4.0398003937007871
21
-3.9385460629921258
0
LINE
8
BLACK
6
CONTINUOUS
10
4.0398003937007871
20
-3.9385460629921258
11
4.0416672834645668
21
-3.9413400787401573
0
LINE
8
BLACK
6
CONTINUOUS
10
4.0416672834645668
20
-3.9413400787401573
11
4.0423228346456694
21
-3.9446358267716533
0
LINE
8
BLACK
6
CONTINUOUS
10
4.0423228346456694
20
-3.9446358267716533
11
4.0423228346456694
21
-3.9618602362204722
0
LINE
8
BLACK
6
CONTINUOUS
10
4.0423228346456694
20
-3.9618602362204722
11
4.0416672834645668
21
-3.9651559842519686
0
LINE
8
BLACK
6
CONTINUOUS
10
4.0416672834645668
20
-3.9651559842519686
11
4.0398003937007871
21
-3.9679500000000001
0
LINE
8
BLACK
6
CONTINUOUS
10
4.0398003937007871
20
-3.9679500000000001
11
4.0370063779527561
21
-3.9698168897637793
0
LINE
8
BLACK
6
CONTINUOUS
10
4.0370063779527561
20
-3.9698168897637793
11
4.0337106299212602
21
-3.9704724409448819
0
LINE
8
BLACK
6
CONTINUOUS
10
4.0337106299212602
20
-3.9704724409448819
11
4.0135334645669287
21
-3.9704724409448819
0
LINE
8
BLACK
6
CONTINUOUS
10
4.0135334645669287
20
-3.9704724409448819
11
4.0102377165354328
21
-3.9698168897637793
0
LINE
8
BLACK
6
CONTINUOUS
10
4.0102377165354328
20
-3.9698168897637793
11
4.0074437007874018
21
-3.9679500000000001
0
LINE
8
BLACK
6
CONTINUOUS
10
4.0074437007874018
20
-3.9679500000000001
11
4.0055768110236221
21
-3.9651559842519686
0
LINE
8
BLACK
6
CONTINUOUS
10
4.0055768110236221
20
-3.9651559842519686
11
4.0049212598425195
21
-3.9618602362204722
0
LINE
8
BLACK
6
CONTINUOUS
10
4.0049212598425195
20
-3.9618602362204722
11
4.0049212598425195
21
-3.9446358267716533
0
LINE
8
BLACK
6
CONTINUOUS
10
4.0049212598425195
20
-3.9446358267716533
11
4.0055768110236221
21
-3.9413400787401573
0
LINE
8
BLACK
6
CONTINUOUS
10
4.0055768110236221
20
-3.9413400787401573
11
4.0074437007874018
21
-3.9385460629921258
0
LINE
8
BLACK
6
CONTINUOUS
10
4.0074437007874018
20
-3.9385460629921258
11
4.0102377165354328
21
-3.9366791732283462
0
LINE
8
BLACK
6
CONTINUOUS
10
4.0102377165354328
20
-3.9366791732283462
11
4.0135334645669287
21
-3.936023622047244
0
LINE
8
BLACK
6
CONTINUOUS
10
4.0135334645669287
20
-3.936023622047244
11
4.0337106299212602
21
-3.936023622047244
0
LINE
8
BLACK
6
CONTINUOUS
10
4.0337106299212602
20
-3.936023622047244
11
4.0370063779527561
21
-3.9366791732283462
0
LINE
8
BLACK
6
CONTINUOUS
10
3.3877952755905509
20
-3.9566929133858268
11
3.3444881889763778
21
-3.9566929133858268
0
LINE
8
BLACK
6
CONTINUOUS
10
3.3444881889763778
20
-3.9566929133858268
11
3.3444881889763778
21
-3.9330708661417324
0
LINE
8
BLACK
6
CONTINUOUS
10
3.3444881889763778
20
-3.9330708661417324
11
3.3877952755905509
21
-3.9330708661417324
0
LINE
8
BLACK
6
CONTINUOUS
10
3.3877952755905509
20
-3.9330708661417324
11
3.3877952755905509
21
-3.9566929133858268
0
LINE
8
BLACK
6
CONTINUOUS
10
3.1895654330708663
20
-3.9189626377952753
11
3.1923594488188978
21
-3.920829527559055
0
LINE
8
BLACK
6
CONTINUOUS
10
3.1923594488188978
20
-3.920829527559055
11
3.194226338582677
21
-3.9236235433070865
0
LINE
8
BLACK
6
CONTINUOUS
10
3.194226338582677
20
-3.9236235433070865
11
3.1948818897637796
21
-3.9269192913385824
0
LINE
8
BLACK
6
CONTINUOUS
10
3.1948818897637796
20
-3.9269192913385824
11
3.1948818897637796
21
-3.9470964566929134
0
LINE
8
BLACK
6
CONTINUOUS
10
3.1948818897637796
20
-3.9470964566929134
11
3.194226338582677
21
-3.9503922047244093
0
LINE
8
BLACK
6
CONTINUOUS
10
3.194226338582677
20
-3.9503922047244093
11
3.1923594488188978
21
-3.9531862204724408
0
LINE
8
BLACK
6
CONTINUOUS
10
3.1923594488188978
20
-3.9531862204724408
11
3.1895654330708663
21
-3.9550531102362205
0
LINE
8
BLACK
6
CONTINUOUS
10
3.1895654330708663
20
-3.9550531102362205
11
3.1862696850393699
21
-3.9557086614173227
0
LINE
8
BLACK
6
CONTINUOUS
10
3.1862696850393699
20
-3.9557086614173227
11
3.1690452755905509
21
-3.9557086614173227
0
LINE
8
BLACK
6
CONTINUOUS
10
3.1690452755905509
20
-3.9557086614173227
11
3.165749527559055
21
-3.9550531102362205
0
LINE
8
BLACK
6
CONTINUOUS
10
3.165749527559055
20
-3.9550531102362205
11
3.1629555118110235
21
-3.9531862204724408
0
LINE
8
BLACK
6
CONTINUOUS
10
3.1629555118110235
20
-3.9531862204724408
11
3.1610886220472438
21
-3.9503922047244093
0
LINE
8
BLACK
6
CONTINUOUS
10
3.1610886220472438
20
-3.9503922047244093
11
3.1604330708661417
21
-3.9470964566929134
0
LINE
8
BLACK
6
CONTINUOUS
10
3.1604330708661417
20
-3.9470964566929134
11
3.1604330708661417
21
-3.9269192913385824
0
LINE
8
BLACK
6
CONTINUOUS
10
3.1604330708661417
20
-3.9269192913385824
11
3.1610886220472438
21
-3.9236235433070865
0
LINE
8
BLACK
6
CONTINUOUS
10
3.1610886220472438
20
-3.9236235433070865
11
3.1629555118110235
21
-3.920829527559055
0
LINE
8
BLACK
6
CONTINUOUS
10
3.1629555118110235
20
-3.920829527559055
11
3.165749527559055
21
-3.9189626377952753
0
LINE
8
BLACK
6
CONTINUOUS
10
3.165749527559055
20
-3.9189626377952753
11
3.1690452755905509
21
-3.9183070866141732
0
LINE
8
BLACK
6
CONTINUOUS
10
3.1690452755905509
20
-3.9183070866141732
11
3.1862696850393699
21
-3.9183070866141732
0
LINE
8
BLACK
6
CONTINUOUS
10
3.1862696850393699
20
-3.9183070866141732
11
3.1895654330708663
21
-3.9189626377952753
0
LINE
8
BLACK
6
CONTINUOUS
10
3.251573307086614
20
-3.9189626377952753
11
3.2543673228346455
21
-3.920829527559055
0
LINE
8
BLACK
6
CONTINUOUS
10
3.2543673228346455
20
-3.920829527559055
11
3.2562342125984252
21
-3.9236235433070865
0
LINE
8
BLACK
6
CONTINUOUS
10
3.2562342125984252
20
-3.9236235433070865
11
3.2568897637795273
21
-3.9269192913385824
0
LINE
8
BLACK
6
CONTINUOUS
10
3.2568897637795273
20
-3.9269192913385824
11
3.2568897637795273
21
-3.9470964566929134
0
LINE
8
BLACK
6
CONTINUOUS
10
3.2568897637795273
20
-3.9470964566929134
11
3.2562342125984252
21
-3.9503922047244093
0
LINE
8
BLACK
6
CONTINUOUS
10
3.2562342125984252
20
-3.9503922047244093
11
3.2543673228346455
21
-3.9531862204724408
0
LINE
8
BLACK
6
CONTINUOUS
10
3.2543673228346455
20
-3.9531862204724408
11
3.251573307086614
21
-3.9550531102362205
0
LINE
8
BLACK
6
CONTINUOUS
10
3.251573307086614
20
-3.9550531102362205
11
3.2482775590551181
21
-3.9557086614173227
0
LINE
8
BLACK
6
CONTINUOUS
10
3.2482775590551181
20
-3.9557086614173227
11
3.2310531496062991
21
-3.9557086614173227
0
LINE
8
BLACK
6
CONTINUOUS
10
3.2310531496062991
20
-3.9557086614173227
11
3.2277574015748032
21
-3.9550531102362205
0
LINE
8
BLACK
6
CONTINUOUS
10
3.2277574015748032
20
-3.9550531102362205
11
3.2249633858267717
21
-3.9531862204724408
0
LINE
8
BLACK
6
CONTINUOUS
10
3.2249633858267717
20
-3.9531862204724408
11
3.223096496062992
21
-3.9503922047244093
0
LINE
8
BLACK
6
CONTINUOUS
10
3.223096496062992
20
-3.9503922047244093
11
3.2224409448818898
21
-3.9470964566929134
0
LINE
8
BLACK
6
CONTINUOUS
10
3.2224409448818898
20
-3.9470964566929134
11
3.2224409448818898
21
-3.9269192913385824
0
LINE
8
BLACK
6
CONTINUOUS
10
3.2224409448818898
20
-3.9269192913385824
11
3.223096496062992
21
-3.9236235433070865
0
LINE
8
BLACK
6
CONTINUOUS
10
3.223096496062992
20
-3.9236235433070865
11
3.2249633858267717
21
-3.920829527559055
0
LINE
8
BLACK
6
CONTINUOUS
10
3.2249633858267717
20
-3.920829527559055
11
3.2277574015748032
21
-3.9189626377952753
0
LINE
8
BLACK
6
CONTINUOUS
10
3.2277574015748032
20
-3.9189626377952753
11
3.2310531496062991
21
-3.9183070866141732
0
LINE
8
BLACK
6
CONTINUOUS
10
3.2310531496062991
20
-3.9183070866141732
11
3.2482775590551181
21
-3.9183070866141732
0
LINE
8
BLACK
6
CONTINUOUS
10
3.2482775590551181
20
-3.9183070866141732
11
3.251573307086614
21
-3.9189626377952753
0
LINE
8
BLACK
6
CONTINUOUS
10
2.6970434251968505
20
-3.8723983464566927
11
2.6989592913385825
21
-3.8736785039370076
0
LINE
8
BLACK
6
CONTINUOUS
10
2.6989592913385825
20
-3.8736785039370076
11
2.7002394488188974
21
-3.8755943700787401
0
LINE
8
BLACK
6
CONTINUOUS
10
2.7002394488188974
20
-3.8755943700787401
11
2.7006889763779527
21
-3.8778543307086615
0
LINE
8
BLACK
6
CONTINUOUS
10
2.7006889763779527
20
-3.8778543307086615
11
2.7006889763779527
21
-3.9349409448818897
0
LINE
8
BLACK
6
CONTINUOUS
10
2.7006889763779527
20
-3.9349409448818897
11
2.7002394488188974
21
-3.9372009055118111
0
LINE
8
BLACK
6
CONTINUOUS
10
2.7002394488188974
20
-3.9372009055118111
11
2.6989592913385825
21
-3.9391167716535431
0
LINE
8
BLACK
6
CONTINUOUS
10
2.6989592913385825
20
-3.9391167716535431
11
2.6970434251968505
21
-3.9403969291338581
0
LINE
8
BLACK
6
CONTINUOUS
10
2.6970434251968505
20
-3.9403969291338581
11
2.6947834645669291
21
-3.9408464566929133
0
LINE
8
BLACK
6
CONTINUOUS
10
2.6947834645669291
20
-3.9408464566929133
11
2.6829724409448819
21
-3.9408464566929133
0
LINE
8
BLACK
6
CONTINUOUS
10
2.6829724409448819
20
-3.9408464566929133
11
2.6807124803149605
21
-3.9403969291338581
0
LINE
8
BLACK
6
CONTINUOUS
10
2.6807124803149605
20
-3.9403969291338581
11
2.6787966141732285
21
-3.9391167716535431
0
LINE
8
BLACK
6
CONTINUOUS
10
2.6787966141732285
20
-3.9391167716535431
11
2.6775164566929135
21
-3.9372009055118111
0
LINE
8
BLACK
6
CONTINUOUS
10
2.6775164566929135
20
-3.9372009055118111
11
2.6770669291338582
21
-3.9349409448818897
0
LINE
8
BLACK
6
CONTINUOUS
10
2.6770669291338582
20
-3.9349409448818897
11
2.6770669291338582
21
-3.8778543307086615
0
LINE
8
BLACK
6
CONTINUOUS
10
2.6770669291338582
20
-3.8778543307086615
11
2.6775164566929135
21
-3.8755943700787401
0
LINE
8
BLACK
6
CONTINUOUS
10
2.6775164566929135
20
-3.8755943700787401
11
2.6787966141732285
21
-3.8736785039370076
0
LINE
8
BLACK
6
CONTINUOUS
10
2.6787966141732285
20
-3.8736785039370076
11
2.6807124803149605
21
-3.8723983464566927
0
LINE
8
BLACK
6
CONTINUOUS
10
2.6807124803149605
20
-3.8723983464566927
11
2.6829724409448819
21
-3.8719488188976379
0
LINE
8
BLACK
6
CONTINUOUS
10
2.6829724409448819
20
-3.8719488188976379
11
2.6947834645669291
21
-3.8719488188976379
0
LINE
8
BLACK
6
CONTINUOUS
10
2.6947834645669291
20
-3.8719488188976379
11
2.6970434251968505
21
-3.8723983464566927
0
LINE
8
BLACK
6
CONTINUOUS
10
2.7470434251968503
20
-3.8723983464566927
11
2.7489592913385827
21
-3.8736785039370076
0
LINE
8
BLACK
6
CONTINUOUS
10
2.7489592913385827
20
-3.8736785039370076
11
2.7502394488188977
21
-3.8755943700787401
0
LINE
8
BLACK
6
CONTINUOUS
10
2.7502394488188977
20
-3.8755943700787401
11
2.7506889763779525
21
-3.8778543307086615
0
LINE
8
BLACK
6
CONTINUOUS
10
2.7506889763779525
20
-3.8778543307086615
11
2.7506889763779525
21
-3.9349409448818897
0
LINE
8
BLACK
6
CONTINUOUS
10
2.7506889763779525
20
-3.9349409448818897
11
2.7502394488188977
21
-3.9372009055118111
0
LINE
8
BLACK
6
CONTINUOUS
10
2.7502394488188977
20
-3.9372009055118111
11
2.7489592913385827
21
-3.9391167716535431
0
LINE
8
BLACK
6
CONTINUOUS
10
2.7489592913385827
20
-3.9391167716535431
11
2.7470434251968503
21
-3.9403969291338581
0
LINE
8
BLACK
6
CONTINUOUS
10
2.7470434251968503
20
-3.9403969291338581
11
2.7447834645669289
21
-3.9408464566929133
0
LINE
8
BLACK
6
CONTINUOUS
10
2.7447834645669289
20
-3.9408464566929133
11
2.7329724409448817
21
-3.9408464566929133
0
LINE
8
BLACK
6
CONTINUOUS
10
2.7329724409448817
20
-3.9408464566929133
11
2.7307124803149607
21
-3.9403969291338581
0
LINE
8
BLACK
6
CONTINUOUS
10
2.7307124803149607
20
-3.9403969291338581
11
2.7287966141732283
21
-3.9391167716535431
0
LINE
8
BLACK
6
CONTINUOUS
10
2.7287966141732283
20
-3.9391167716535431
11
2.7275164566929133
21
-3.9372009055118111
0
LINE
8
BLACK
6
CONTINUOUS
10
2.7275164566929133
20
-3.9372009055118111
11
2.7270669291338581
21
-3.9349409448818897
0
LINE
8
BLACK
6
CONTINUOUS
10
2.7270669291338581
20
-3.9349409448818897
11
2.7270669291338581
21
-3.8778543307086615
0
LINE
8
BLACK
6
CONTINUOUS
10
2.7270669291338581
20
-3.8778543307086615
11
2.7275164566929133
21
-3.8755943700787401
0
LINE
8
BLACK
6
CONTINUOUS
10
2.7275164566929133
20
-3.8755943700787401
11
2.7287966141732283
21
-3.8736785039370076
0
LINE
8
BLACK
6
CONTINUOUS
10
2.7287966141732283
20
-3.8736785039370076
11
2.7307124803149607
21
-3.8723983464566927
0
LINE
8
BLACK
6
CONTINUOUS
10
2.7307124803149607
20
-3.8723983464566927
11
2.7329724409448817
21
-3.8719488188976379
0
LINE
8
BLACK
6
CONTINUOUS
10
2.7329724409448817
20
-3.8719488188976379
11
2.7447834645669289
21
-3.8719488188976379
0
LINE
8
BLACK
6
CONTINUOUS
10
2.7447834645669289
20
-3.8719488188976379
11
2.7470434251968503
21
-3.8723983464566927
0
LINE
8
BLACK
6
CONTINUOUS
10
2.7970434251968501
20
-3.8723983464566927
11
2.7989592913385826
21
-3.8736785039370076
0
LINE
8
BLACK
6
CONTINUOUS
10
2.7989592913385826
20
-3.8736785039370076
11
2.8002394488188975
21
-3.8755943700787401
0
LINE
8
BLACK
6
CONTINUOUS
10
2.8002394488188975
20
-3.8755943700787401
11
2.8006889763779528
21
-3.8778543307086615
0
LINE
8
BLACK
6
CONTINUOUS
10
2.8006889763779528
20
-3.8778543307086615
11
2.8006889763779528
21
-3.9349409448818897
0
LINE
8
BLACK
6
CONTINUOUS
10
2.8006889763779528
20
-3.9349409448818897
11
2.8002394488188975
21
-3.9372009055118111
0
LINE
8
BLACK
6
CONTINUOUS
10
2.8002394488188975
20
-3.9372009055118111
11
2.7989592913385826
21
-3.9391167716535431
0
LINE
8
BLACK
6
CONTINUOUS
10
2.7989592913385826
20
-3.9391167716535431
11
2.7970434251968501
21
-3.9403969291338581
0
LINE
8
BLACK
6
CONTINUOUS
10
2.7970434251968501
20
-3.9403969291338581
11
2.7947834645669292
21
-3.9408464566929133
0
LINE
8
BLACK
6
CONTINUOUS
10
2.7947834645669292
20
-3.9408464566929133
11
2.7829724409448819
21
-3.9408464566929133
0
LINE
8
BLACK
6
CONTINUOUS
10
2.7829724409448819
20
-3.9408464566929133
11
2.7807124803149605
21
-3.9403969291338581
0
LINE
8
BLACK
6
CONTINUOUS
10
2.7807124803149605
20
-3.9403969291338581
11
2.7787966141732281
21
-3.9391167716535431
0
LINE
8
BLACK
6
CONTINUOUS
10
2.7787966141732281
20
-3.9391167716535431
11
2.7775164566929131
21
-3.9372009055118111
0
LINE
8
BLACK
6
CONTINUOUS
10
2.7775164566929131
20
-3.9372009055118111
11
2.7770669291338583
21
-3.9349409448818897
0
LINE
8
BLACK
6
CONTINUOUS
10
2.7770669291338583
20
-3.9349409448818897
11
2.7770669291338583
21
-3.8778543307086615
0
LINE
8
BLACK
6
CONTINUOUS
10
2.7770669291338583
20
-3.8778543307086615
11
2.7775164566929131
21
-3.8755943700787401
0
LINE
8
BLACK
6
CONTINUOUS
10
2.7775164566929131
20
-3.8755943700787401
11
2.7787966141732281
21
-3.8736785039370076
0
LINE
8
BLACK
6
CONTINUOUS
10
2.7787966141732281
20
-3.8736785039370076
11
2.7807124803149605
21
-3.8723983464566927
0
LINE
8
BLACK
6
CONTINUOUS
10
2.7807124803149605
20
-3.8723983464566927
11
2.7829724409448819
21
-3.8719488188976379
0
LINE
8
BLACK
6
CONTINUOUS
10
2.7829724409448819
20
-3.8719488188976379
11
2.7947834645669292
21
-3.8719488188976379
0
LINE
8
BLACK
6
CONTINUOUS
10
2.7947834645669292
20
-3.8719488188976379
11
2.7970434251968501
21
-3.8723983464566927
0
LINE
8
BLACK
6
CONTINUOUS
10
2.8470434251968504
20
-3.8723983464566927
11
2.8489592913385828
21
-3.8736785039370076
0
LINE
8
BLACK
6
CONTINUOUS
10
2.8489592913385828
20
-3.8736785039370076
11
2.8502394488188978
21
-3.8755943700787401
0
LINE
8
BLACK
6
CONTINUOUS
10
2.8502394488188978
20
-3.8755943700787401
11
2.8506889763779526
21
-3.8778543307086615
0
LINE
8
BLACK
6
CONTINUOUS
10
2.8506889763779526
20
-3.8778543307086615
11
2.8506889763779526
21
-3.9349409448818897
0
LINE
8
BLACK
6
CONTINUOUS
10
2.8506889763779526
20
-3.9349409448818897
11
2.8502394488188978
21
-3.9372009055118111
0
LINE
8
BLACK
6
CONTINUOUS
10
2.8502394488188978
20
-3.9372009055118111
11
2.8489592913385828
21
-3.9391167716535431
0
LINE
8
BLACK
6
CONTINUOUS
10
2.8489592913385828
20
-3.9391167716535431
11
2.8470434251968504
21
-3.9403969291338581
0
LINE
8
BLACK
6
CONTINUOUS
10
2.8470434251968504
20
-3.9403969291338581
11
2.844783464566929
21
-3.9408464566929133
0
LINE
8
BLACK
6
CONTINUOUS
10
2.844783464566929
20
-3.9408464566929133
11
2.8329724409448818
21
-3.9408464566929133
0
LINE
8
BLACK
6
CONTINUOUS
10
2.8329724409448818
20
-3.9408464566929133
11
2.8307124803149604
21
-3.9403969291338581
0
LINE
8
BLACK
6
CONTINUOUS
10
2.8307124803149604
20
-3.9403969291338581
11
2.8287966141732284
21
-3.9391167716535431
0
LINE
8
BLACK
6
CONTINUOUS
10
2.8287966141732284
20
-3.9391167716535431
11
2.8275164566929134
21
-3.9372009055118111
0
LINE
8
BLACK
6
CONTINUOUS
10
2.8275164566929134
20
-3.9372009055118111
11
2.8270669291338582
21
-3.9349409448818897
0
LINE
8
BLACK
6
CONTINUOUS
10
2.8270669291338582
20
-3.9349409448818897
11
2.8270669291338582
21
-3.8778543307086615
0
LINE
8
BLACK
6
CONTINUOUS
10
2.8270669291338582
20
-3.8778543307086615
11
2.8275164566929134
21
-3.8755943700787401
0
LINE
8
BLACK
6
CONTINUOUS
10
2.8275164566929134
20
-3.8755943700787401
11
2.8287966141732284
21
-3.8736785039370076
0
LINE
8
BLACK
6
CONTINUOUS
10
2.8287966141732284
20
-3.8736785039370076
11
2.8307124803149604
21
-3.8723983464566927
0
LINE
8
BLACK
6
CONTINUOUS
10
2.8307124803149604
20
-3.8723983464566927
11
2.8329724409448818
21
-3.8719488188976379
0
LINE
8
BLACK
6
CONTINUOUS
10
2.8329724409448818
20
-3.8719488188976379
11
2.844783464566929
21
-3.8719488188976379
0
LINE
8
BLACK
6
CONTINUOUS
10
2.844783464566929
20
-3.8719488188976379
11
2.8470434251968504
21
-3.8723983464566927
0
LINE
8
BLACK
6
CONTINUOUS
10
3.5003719291338582
20
-3.9266220472440945
11
3.5025118110236217
21
-3.928761929133858
0
LINE
8
BLACK
6
CONTINUOUS
10
3.5025118110236217
20
-3.928761929133858
11
3.5036698818897638
21
-3.9315577559055117
0
LINE
8
BLACK
6
CONTINUOUS
10
3.5036698818897638
20
-3.9315577559055117
11
3.5036698818897638
21
-3.9345839763779527
0
LINE
8
BLACK
6
CONTINUOUS
10
3.5036698818897638
20
-3.9345839763779527
11
3.5025118110236217
21
-3.9373798031496063
0
LINE
8
BLACK
6
CONTINUOUS
10
3.5025118110236217
20
-3.9373798031496063
11
3.5003719291338582
21
-3.9395196850393699
0
LINE
8
BLACK
6
CONTINUOUS
10
3.5003719291338582
20
-3.9395196850393699
11
3.4975761023622045
21
-3.9406777559055115
0
LINE
8
BLACK
6
CONTINUOUS
10
3.4975761023622045
20
-3.9406777559055115
11
3.4945498818897636
21
-3.9406777559055115
0
LINE
8
BLACK
6
CONTINUOUS
10
3.4945498818897636
20
-3.9406777559055115
11
3.4917540551181103
21
-3.9395196850393699
0
LINE
8
BLACK
6
CONTINUOUS
10
3.4917540551181103
20
-3.9395196850393699
11
3.4896141732283463
21
-3.9373798031496063
0
LINE
8
BLACK
6
CONTINUOUS
10
3.4896141732283463
20
-3.9373798031496063
11
3.4884561023622047
21
-3.9345839763779527
0
LINE
8
BLACK
6
CONTINUOUS
10
3.4884561023622047
20
-3.9345839763779527
11
3.4884561023622047
21
-3.9315577559055117
0
LINE
8
BLACK
6
CONTINUOUS
10
3.4884561023622047
20
-3.9315577559055117
11
3.4896141732283463
21
-3.928761929133858
0
LINE
8
BLACK
6
CONTINUOUS
10
3.4896141732283463
20
-3.928761929133858
11
3.4917540551181103
21
-3.9266220472440945
0
LINE
8
BLACK
6
CONTINUOUS
10
3.4917540551181103
20
-3.9266220472440945
11
3.4945498818897636
21
-3.9254639763779529
0
LINE
8
BLACK
6
CONTINUOUS
10
3.4945498818897636
20
-3.9254639763779529
11
3.4975761023622045
21
-3.9254639763779529
0
LINE
8
BLACK
6
CONTINUOUS
10
3.4975761023622045
20
-3.9254639763779529
11
3.5003719291338582
21
-3.9266220472440945
0
LINE
8
BLACK
6
CONTINUOUS
10
3.5318679921259841
20
-3.9266220472440945
11
3.5340078740157481
21
-3.928761929133858
0
LINE
8
BLACK
6
CONTINUOUS
10
3.5340078740157481
20
-3.928761929133858
11
3.5351659448818897
21
-3.9315577559055117
0
LINE
8
BLACK
6
CONTINUOUS
10
3.5351659448818897
20
-3.9315577559055117
11
3.5351659448818897
21
-3.9345839763779527
0
LINE
8
BLACK
6
CONTINUOUS
10
3.5351659448818897
20
-3.9345839763779527
11
3.5340078740157481
21
-3.9373798031496063
0
LINE
8
BLACK
6
CONTINUOUS
10
3.5340078740157481
20
-3.9373798031496063
11
3.5318679921259841
21
-3.9395196850393699
0
LINE
8
BLACK
6
CONTINUOUS
10
3.5318679921259841
20
-3.9395196850393699
11
3.5290721653543304
21
-3.9406777559055115
0
LINE
8
BLACK
6
CONTINUOUS
10
3.5290721653543304
20
-3.9406777559055115
11
3.5260459448818895
21
-3.9406777559055115
0
LINE
8
BLACK
6
CONTINUOUS
10
3.5260459448818895
20
-3.9406777559055115
11
3.5232501181102363
21
-3.9395196850393699
0
LINE
8
BLACK
6
CONTINUOUS
10
3.5232501181102363
20
-3.9395196850393699
11
3.5211102362204723
21
-3.9373798031496063
0
LINE
8
BLACK
6
CONTINUOUS
10
3.5211102362204723
20
-3.9373798031496063
11
3.5199521653543306
21
-3.9345839763779527
0
LINE
8
BLACK
6
CONTINUOUS
10
3.5199521653543306
20
-3.9345839763779527
11
3.5199521653543306
21
-3.9315577559055117
0
LINE
8
BLACK
6
CONTINUOUS
10
3.5199521653543306
20
-3.9315577559055117
11
3.5211102362204723
21
-3.928761929133858
0
LINE
8
BLACK
6
CONTINUOUS
10
3.5211102362204723
20
-3.928761929133858
11
3.5232501181102363
21
-3.9266220472440945
0
LINE
8
BLACK
6
CONTINUOUS
10
3.5232501181102363
20
-3.9266220472440945
11
3.5260459448818895
21
-3.9254639763779529
0
LINE
8
BLACK
6
CONTINUOUS
10
3.5260459448818895
20
-3.9254639763779529
11
3.5290721653543304
21
-3.9254639763779529
0
LINE
8
BLACK
6
CONTINUOUS
10
3.5290721653543304
20
-3.9254639763779529
11
3.5318679921259841
21
-3.9266220472440945
0
LINE
8
BLACK
6
CONTINUOUS
10
3.5633640551181101
20
-3.9266220472440945
11
3.565503937007874
21
-3.928761929133858
0
LINE
8
BLACK
6
CONTINUOUS
10
3.565503937007874
20
-3.928761929133858
11
3.5666620078740157
21
-3.9315577559055117
0
LINE
8
BLACK
6
CONTINUOUS
10
3.5666620078740157
20
-3.9315577559055117
11
3.5666620078740157
21
-3.9345839763779527
0
LINE
8
BLACK
6
CONTINUOUS
10
3.5666620078740157
20
-3.9345839763779527
11
3.565503937007874
21
-3.9373798031496063
0
LINE
8
BLACK
6
CONTINUOUS
10
3.565503937007874
20
-3.9373798031496063
11
3.5633640551181101
21
-3.9395196850393699
0
LINE
8
BLACK
6
CONTINUOUS
10
3.5633640551181101
20
-3.9395196850393699
11
3.5605682283464568
21
-3.9406777559055115
0
LINE
8
BLACK
6
CONTINUOUS
10
3.5605682283464568
20
-3.9406777559055115
11
3.5575420078740159
21
-3.9406777559055115
0
LINE
8
BLACK
6
CONTINUOUS
10
3.5575420078740159
20
-3.9406777559055115
11
3.5547461811023622
21
-3.9395196850393699
0
LINE
8
BLACK
6
CONTINUOUS
10
3.5547461811023622
20
-3.9395196850393699
11
3.5526062992125982
21
-3.9373798031496063
0
LINE
8
BLACK
6
CONTINUOUS
10
3.5526062992125982
20
-3.9373798031496063
11
3.5514482283464566
21
-3.9345839763779527
0
LINE
8
BLACK
6
CONTINUOUS
10
3.5514482283464566
20
-3.9345839763779527
11
3.5514482283464566
21
-3.9315577559055117
0
LINE
8
BLACK
6
CONTINUOUS
10
3.5514482283464566
20
-3.9315577559055117
11
3.5526062992125982
21
-3.928761929133858
0
LINE
8
BLACK
6
CONTINUOUS
10
3.5526062992125982
20
-3.928761929133858
11
3.5547461811023622
21
-3.9266220472440945
0
LINE
8
BLACK
6
CONTINUOUS
10
3.5547461811023622
20
-3.9266220472440945
11
3.5575420078740159
21
-3.9254639763779529
0
LINE
8
BLACK
6
CONTINUOUS
10
3.5575420078740159
20
-3.9254639763779529
11
3.5605682283464568
21
-3.9254639763779529
0
LINE
8
BLACK
6
CONTINUOUS
10
3.5605682283464568
20
-3.9254639763779529
11
3.5633640551181101
21
-3.9266220472440945
0
LINE
8
BLACK
6
CONTINUOUS
10
3.594860118110236
20
-3.9266220472440945
11
3.597
21
-3.928761929133858
0
LINE
8
BLACK
6
CONTINUOUS
10
3.597
20
-3.928761929133858
11
3.5981580708661416
21
-3.9315577559055117
0
LINE
8
BLACK
6
CONTINUOUS
10
3.5981580708661416
20
-3.9315577559055117
11
3.5981580708661416
21
-3.9345839763779527
0
LINE
8
BLACK
6
CONTINUOUS
10
3.5981580708661416
20
-3.9345839763779527
11
3.597
21
-3.9373798031496063
0
LINE
8
BLACK
6
CONTINUOUS
10
3.597
20
-3.9373798031496063
11
3.594860118110236
21
-3.9395196850393699
0
LINE
8
BLACK
6
CONTINUOUS
10
3.594860118110236
20
-3.9395196850393699
11
3.5920642913385827
21
-3.9406777559055115
0
LINE
8
BLACK
6
CONTINUOUS
10
3.5920642913385827
20
-3.9406777559055115
11
3.5890380708661418
21
-3.9406777559055115
0
LINE
8
BLACK
6
CONTINUOUS
10
3.5890380708661418
20
-3.9406777559055115
11
3.5862422440944881
21
-3.9395196850393699
0
LINE
8
BLACK
6
CONTINUOUS
10
3.5862422440944881
20
-3.9395196850393699
11
3.5841023622047241
21
-3.9373798031496063
0
LINE
8
BLACK
6
CONTINUOUS
10
3.5841023622047241
20
-3.9373798031496063
11
3.5829442913385825
21
-3.9345839763779527
0
LINE
8
BLACK
6
CONTINUOUS
10
3.5829442913385825
20
-3.9345839763779527
11
3.5829442913385825
21
-3.9315577559055117
0
LINE
8
BLACK
6
CONTINUOUS
10
3.5829442913385825
20
-3.9315577559055117
11
3.5841023622047241
21
-3.928761929133858
0
LINE
8
BLACK
6
CONTINUOUS
10
3.5841023622047241
20
-3.928761929133858
11
3.5862422440944881
21
-3.9266220472440945
0
LINE
8
BLACK
6
CONTINUOUS
10
3.5862422440944881
20
-3.9266220472440945
11
3.5890380708661418
21
-3.9254639763779529
0
LINE
8
BLACK
6
CONTINUOUS
10
3.5890380708661418
20
-3.9254639763779529
11
3.5920642913385827
21
-3.9254639763779529
0
LINE
8
BLACK
6
CONTINUOUS
10
3.5920642913385827
20
-3.9254639763779529
11
3.594860118110236
21
-3.9266220472440945
0
LINE
8
BLACK
6
CONTINUOUS
10
3.6263561811023619
20
-3.9266220472440945
11
3.6284960629921259
21
-3.928761929133858
0
LINE
8
BLACK
6
CONTINUOUS
10
3.6284960629921259
20
-3.928761929133858
11
3.6296541338582675
21
-3.9315577559055117
0
LINE
8
BLACK
6
CONTINUOUS
10
3.6296541338582675
20
-3.9315577559055117
11
3.6296541338582675
21
-3.9345839763779527
0
LINE
8
BLACK
6
CONTINUOUS
10
3.6296541338582675
20
-3.9345839763779527
11
3.6284960629921259
21
-3.9373798031496063
0
LINE
8
BLACK
6
CONTINUOUS
10
3.6284960629921259
20
-3.9373798031496063
11
3.6263561811023619
21
-3.9395196850393699
0
LINE
8
BLACK
6
CONTINUOUS
10
3.6263561811023619
20
-3.9395196850393699
11
3.6235603543307087
21
-3.9406777559055115
0
LINE
8
BLACK
6
CONTINUOUS
10
3.6235603543307087
20
-3.9406777559055115
11
3.6205341338582677
21
-3.9406777559055115
0
LINE
8
BLACK
6
CONTINUOUS
10
3.6205341338582677
20
-3.9406777559055115
11
3.617738307086614
21
-3.9395196850393699
0
LINE
8
BLACK
6
CONTINUOUS
10
3.617738307086614
20
-3.9395196850393699
11
3.6155984251968505
21
-3.9373798031496063
0
LINE
8
BLACK
6
CONTINUOUS
10
3.6155984251968505
20
-3.9373798031496063
11
3.6144403543307084
21
-3.9345839763779527
0
LINE
8
BLACK
6
CONTINUOUS
10
3.6144403543307084
20
-3.9345839763779527
11
3.6144403543307084
21
-3.9315577559055117
0
LINE
8
BLACK
6
CONTINUOUS
10
3.6144403543307084
20
-3.9315577559055117
11
3.6155984251968505
21
-3.928761929133858
0
LINE
8
BLACK
6
CONTINUOUS
10
3.6155984251968505
20
-3.928761929133858
11
3.617738307086614
21
-3.9266220472440945
0
LINE
8
BLACK
6
CONTINUOUS
10
3.617738307086614
20
-3.9266220472440945
11
3.6205341338582677
21
-3.9254639763779529
0
LINE
8
BLACK
6
CONTINUOUS
10
3.6205341338582677
20
-3.9254639763779529
11
3.6235603543307087
21
-3.9254639763779529
0
LINE
8
BLACK
6
CONTINUOUS
10
3.6235603543307087
20
-3.9254639763779529
11
3.6263561811023619
21
-3.9266220472440945
0
LINE
8
BLACK
6
CONTINUOUS
10
3.6578522440944883
20
-3.9266220472440945
11
3.6599921259842518
21
-3.928761929133858
0
LINE
8
BLACK
6
CONTINUOUS
10
3.6599921259842518
20
-3.928761929133858
11
3.6611501968503934
21
-3.9315577559055117
0
LINE
8
BLACK
6
CONTINUOUS
10
3.6611501968503934
20
-3.9315577559055117
11
3.6611501968503934
21
-3.9345839763779527
0
LINE
8
BLACK
6
CONTINUOUS
10
3.6611501968503934
20
-3.9345839763779527
11
3.6599921259842518
21
-3.9373798031496063
0
LINE
8
BLACK
6
CONTINUOUS
10
3.6599921259842518
20
-3.9373798031496063
11
3.6578522440944883
21
-3.9395196850393699
0
LINE
8
BLACK
6
CONTINUOUS
10
3.6578522440944883
20
-3.9395196850393699
11
3.6550564173228346
21
-3.9406777559055115
0
LINE
8
BLACK
6
CONTINUOUS
10
3.6550564173228346
20
-3.9406777559055115
11
3.6520301968503937
21
-3.9406777559055115
0
LINE
8
BLACK
6
CONTINUOUS
10
3.6520301968503937
20
-3.9406777559055115
11
3.64923437007874
21
-3.9395196850393699
0
LINE
8
BLACK
6
CONTINUOUS
10
3.64923437007874
20
-3.9395196850393699
11
3.6470944881889764
21
-3.9373798031496063
0
LINE
8
BLACK
6
CONTINUOUS
10
3.6470944881889764
20
-3.9373798031496063
11
3.6459364173228344
21
-3.9345839763779527
0
LINE
8
BLACK
6
CONTINUOUS
10
3.6459364173228344
20
-3.9345839763779527
11
3.6459364173228344
21
-3.9315577559055117
0
LINE
8
BLACK
6
CONTINUOUS
10
3.6459364173228344
20
-3.9315577559055117
11
3.6470944881889764
21
-3.928761929133858
0
LINE
8
BLACK
6
CONTINUOUS
10
3.6470944881889764
20
-3.928761929133858
11
3.64923437007874
21
-3.9266220472440945
0
LINE
8
BLACK
6
CONTINUOUS
10
3.64923437007874
20
-3.9266220472440945
11
3.6520301968503937
21
-3.9254639763779529
0
LINE
8
BLACK
6
CONTINUOUS
10
3.6520301968503937
20
-3.9254639763779529
11
3.6550564173228346
21
-3.9254639763779529
0
LINE
8
BLACK
6
CONTINUOUS
10
3.6550564173228346
20
-3.9254639763779529
11
3.6578522440944883
21
-3.9266220472440945
0
LINE
8
BLACK
6
CONTINUOUS
10
3.6893483070866142
20
-3.9266220472440945
11
3.6914881889763778
21
-3.928761929133858
0
LINE
8
BLACK
6
CONTINUOUS
10
3.6914881889763778
20
-3.928761929133858
11
3.6926462598425198
21
-3.9315577559055117
0
LINE
8
BLACK
6
CONTINUOUS
10
3.6926462598425198
20
-3.9315577559055117
11
3.6926462598425198
21
-3.9345839763779527
0
LINE
8
BLACK
6
CONTINUOUS
10
3.6926462598425198
20
-3.9345839763779527
11
3.6914881889763778
21
-3.9373798031496063
0
LINE
8
BLACK
6
CONTINUOUS
10
3.6914881889763778
20
-3.9373798031496063
11
3.6893483070866142
21
-3.9395196850393699
0
LINE
8
BLACK
6
CONTINUOUS
10
3.6893483070866142
20
-3.9395196850393699
11
3.6865524803149605
21
-3.9406777559055115
0
LINE
8
BLACK
6
CONTINUOUS
10
3.6865524803149605
20
-3.9406777559055115
11
3.6835262598425196
21
-3.9406777559055115
0
LINE
8
BLACK
6
CONTINUOUS
10
3.6835262598425196
20
-3.9406777559055115
11
3.6807304330708659
21
-3.9395196850393699
0
LINE
8
BLACK
6
CONTINUOUS
10
3.6807304330708659
20
-3.9395196850393699
11
3.6785905511811023
21
-3.9373798031496063
0
LINE
8
BLACK
6
CONTINUOUS
10
3.6785905511811023
20
-3.9373798031496063
11
3.6774324803149607
21
-3.9345839763779527
0
LINE
8
BLACK
6
CONTINUOUS
10
3.6774324803149607
20
-3.9345839763779527
11
3.6774324803149607
21
-3.9315577559055117
0
LINE
8
BLACK
6
CONTINUOUS
10
3.6774324803149607
20
-3.9315577559055117
11
3.6785905511811023
21
-3.928761929133858
0
LINE
8
BLACK
6
CONTINUOUS
10
3.6785905511811023
20
-3.928761929133858
11
3.6807304330708659
21
-3.9266220472440945
0
LINE
8
BLACK
6
CONTINUOUS
10
3.6807304330708659
20
-3.9266220472440945
11
3.6835262598425196
21
-3.9254639763779529
0
LINE
8
BLACK
6
CONTINUOUS
10
3.6835262598425196
20
-3.9254639763779529
11
3.6865524803149605
21
-3.9254639763779529
0
LINE
8
BLACK
6
CONTINUOUS
10
3.6865524803149605
20
-3.9254639763779529
11
3.6893483070866142
21
-3.9266220472440945
0
LINE
8
BLACK
6
CONTINUOUS
10
3.7208443700787401
20
-3.9266220472440945
11
3.7229842519685037
21
-3.928761929133858
0
LINE
8
BLACK
6
CONTINUOUS
10
3.7229842519685037
20
-3.928761929133858
11
3.7241423228346457
21
-3.9315577559055117
0
LINE
8
BLACK
6
CONTINUOUS
10
3.7241423228346457
20
-3.9315577559055117
11
3.7241423228346457
21
-3.9345839763779527
0
LINE
8
BLACK
6
CONTINUOUS
10
3.7241423228346457
20
-3.9345839763779527
11
3.7229842519685037
21
-3.9373798031496063
0
LINE
8
BLACK
6
CONTINUOUS
10
3.7229842519685037
20
-3.9373798031496063
11
3.7208443700787401
21
-3.9395196850393699
0
LINE
8
BLACK
6
CONTINUOUS
10
3.7208443700787401
20
-3.9395196850393699
11
3.7180485433070865
21
-3.9406777559055115
0
LINE
8
BLACK
6
CONTINUOUS
10
3.7180485433070865
20
-3.9406777559055115
11
3.7150223228346455
21
-3.9406777559055115
0
LINE
8
BLACK
6
CONTINUOUS
10
3.7150223228346455
20
-3.9406777559055115
11
3.7122264960629918
21
-3.9395196850393699
0
LINE
8
BLACK
6
CONTINUOUS
10
3.7122264960629918
20
-3.9395196850393699
11
3.7100866141732283
21
-3.9373798031496063
0
LINE
8
BLACK
6
CONTINUOUS
10
3.7100866141732283
20
-3.9373798031496063
11
3.7089285433070867
21
-3.9345839763779527
0
LINE
8
BLACK
6
CONTINUOUS
10
3.7089285433070867
20
-3.9345839763779527
11
3.7089285433070867
21
-3.9315577559055117
0
LINE
8
BLACK
6
CONTINUOUS
10
3.7089285433070867
20
-3.9315577559055117
11
3.7100866141732283
21
-3.928761929133858
0
LINE
8
BLACK
6
CONTINUOUS
10
3.7100866141732283
20
-3.928761929133858
11
3.7122264960629918
21
-3.9266220472440945
0
LINE
8
BLACK
6
CONTINUOUS
10
3.7122264960629918
20
-3.9266220472440945
11
3.7150223228346455
21
-3.9254639763779529
0
LINE
8
BLACK
6
CONTINUOUS
10
3.7150223228346455
20
-3.9254639763779529
11
3.7180485433070865
21
-3.9254639763779529
0
LINE
8
BLACK
6
CONTINUOUS
10
3.7180485433070865
20
-3.9254639763779529
11
3.7208443700787401
21
-3.9266220472440945
0
LINE
8
BLACK
6
CONTINUOUS
10
3.7523404330708661
20
-3.9266220472440945
11
3.7544803149606296
21
-3.928761929133858
0
LINE
8
BLACK
6
CONTINUOUS
10
3.7544803149606296
20
-3.928761929133858
11
3.7556383858267717
21
-3.9315577559055117
0
LINE
8
BLACK
6
CONTINUOUS
10
3.7556383858267717
20
-3.9315577559055117
11
3.7556383858267717
21
-3.9345839763779527
0
LINE
8
BLACK
6
CONTINUOUS
10
3.7556383858267717
20
-3.9345839763779527
11
3.7544803149606296
21
-3.9373798031496063
0
LINE
8
BLACK
6
CONTINUOUS
10
3.7544803149606296
20
-3.9373798031496063
11
3.7523404330708661
21
-3.9395196850393699
0
LINE
8
BLACK
6
CONTINUOUS
10
3.7523404330708661
20
-3.9395196850393699
11
3.7495446062992124
21
-3.9406777559055115
0
LINE
8
BLACK
6
CONTINUOUS
10
3.7495446062992124
20
-3.9406777559055115
11
3.7465183858267714
21
-3.9406777559055115
0
LINE
8
BLACK
6
CONTINUOUS
10
3.7465183858267714
20
-3.9406777559055115
11
3.7437225590551182
21
-3.9395196850393699
0
LINE
8
BLACK
6
CONTINUOUS
10
3.7437225590551182
20
-3.9395196850393699
11
3.7415826771653542
21
-3.9373798031496063
0
LINE
8
BLACK
6
CONTINUOUS
10
3.7415826771653542
20
-3.9373798031496063
11
3.7404246062992126
21
-3.9345839763779527
0
LINE
8
BLACK
6
CONTINUOUS
10
3.7404246062992126
20
-3.9345839763779527
11
3.7404246062992126
21
-3.9315577559055117
0
LINE
8
BLACK
6
CONTINUOUS
10
3.7404246062992126
20
-3.9315577559055117
11
3.7415826771653542
21
-3.928761929133858
0
LINE
8
BLACK
6
CONTINUOUS
10
3.7415826771653542
20
-3.928761929133858
11
3.7437225590551182
21
-3.9266220472440945
0
LINE
8
BLACK
6
CONTINUOUS
10
3.7437225590551182
20
-3.9266220472440945
11
3.7465183858267714
21
-3.9254639763779529
0
LINE
8
BLACK
6
CONTINUOUS
10
3.7465183858267714
20
-3.9254639763779529
11
3.7495446062992124
21
-3.9254639763779529
0
LINE
8
BLACK
6
CONTINUOUS
10
3.7495446062992124
20
-3.9254639763779529
11
3.7523404330708661
21
-3.9266220472440945
0
LINE
8
BLACK
6
CONTINUOUS
10
3.783836496062992
20
-3.9266220472440945
11
3.785976377952756
21
-3.928761929133858
0
LINE
8
BLACK
6
CONTINUOUS
10
3.785976377952756
20
-3.928761929133858
11
3.7871344488188976
21
-3.9315577559055117
0
LINE
8
BLACK
6
CONTINUOUS
10
3.7871344488188976
20
-3.9315577559055117
11
3.7871344488188976
21
-3.9345839763779527
0
LINE
8
BLACK
6
CONTINUOUS
10
3.7871344488188976
20
-3.9345839763779527
11
3.785976377952756
21
-3.9373798031496063
0
LINE
8
BLACK
6
CONTINUOUS
10
3.785976377952756
20
-3.9373798031496063
11
3.783836496062992
21
-3.9395196850393699
0
LINE
8
BLACK
6
CONTINUOUS
10
3.783836496062992
20
-3.9395196850393699
11
3.7810406692913383
21
-3.9406777559055115
0
LINE
8
BLACK
6
CONTINUOUS
10
3.7810406692913383
20
-3.9406777559055115
11
3.7780144488188974
21
-3.9406777559055115
0
LINE
8
BLACK
6
CONTINUOUS
10
3.7780144488188974
20
-3.9406777559055115
11
3.7752186220472441
21
-3.9395196850393699
0
LINE
8
BLACK
6
CONTINUOUS
10
3.7752186220472441
20
-3.9395196850393699
11
3.7730787401574801
21
-3.9373798031496063
0
LINE
8
BLACK
6
CONTINUOUS
10
3.7730787401574801
20
-3.9373798031496063
11
3.7719206692913385
21
-3.9345839763779527
0
LINE
8
BLACK
6
CONTINUOUS
10
3.7719206692913385
20
-3.9345839763779527
11
3.7719206692913385
21
-3.9315577559055117
0
LINE
8
BLACK
6
CONTINUOUS
10
3.7719206692913385
20
-3.9315577559055117
11
3.7730787401574801
21
-3.928761929133858
0
LINE
8
BLACK
6
CONTINUOUS
10
3.7730787401574801
20
-3.928761929133858
11
3.7752186220472441
21
-3.9266220472440945
0
LINE
8
BLACK
6
CONTINUOUS
10
3.7752186220472441
20
-3.9266220472440945
11
3.7780144488188974
21
-3.9254639763779529
0
LINE
8
BLACK
6
CONTINUOUS
10
3.7780144488188974
20
-3.9254639763779529
11
3.7810406692913383
21
-3.9254639763779529
0
LINE
8
BLACK
6
CONTINUOUS
10
3.7810406692913383
20
-3.9254639763779529
11
3.783836496062992
21
-3.9266220472440945
0
LINE
8
BLACK
6
CONTINUOUS
10
3.8153325590551179
20
-3.9266220472440945
11
3.8174724409448819
21
-3.928761929133858
0
LINE
8
BLACK
6
CONTINUOUS
10
3.8174724409448819
20
-3.928761929133858
11
3.8186305118110235
21
-3.9315577559055117
0
LINE
8
BLACK
6
CONTINUOUS
10
3.8186305118110235
20
-3.9315577559055117
11
3.8186305118110235
21
-3.9345839763779527
0
LINE
8
BLACK
6
CONTINUOUS
10
3.8186305118110235
20
-3.9345839763779527
11
3.8174724409448819
21
-3.9373798031496063
0
LINE
8
BLACK
6
CONTINUOUS
10
3.8174724409448819
20
-3.9373798031496063
11
3.8153325590551179
21
-3.9395196850393699
0
LINE
8
BLACK
6
CONTINUOUS
10
3.8153325590551179
20
-3.9395196850393699
11
3.8125367322834647
21
-3.9406777559055115
0
LINE
8
BLACK
6
CONTINUOUS
10
3.8125367322834647
20
-3.9406777559055115
11
3.8095105118110237
21
-3.9406777559055115
0
LINE
8
BLACK
6
CONTINUOUS
10
3.8095105118110237
20
-3.9406777559055115
11
3.80671468503937
21
-3.9395196850393699
0
LINE
8
BLACK
6
CONTINUOUS
10
3.80671468503937
20
-3.9395196850393699
11
3.8045748031496061
21
-3.9373798031496063
0
LINE
8
BLACK
6
CONTINUOUS
10
3.8045748031496061
20
-3.9373798031496063
11
3.8034167322834644
21
-3.9345839763779527
0
LINE
8
BLACK
6
CONTINUOUS
10
3.8034167322834644
20
-3.9345839763779527
11
3.8034167322834644
21
-3.9315577559055117
0
LINE
8
BLACK
6
CONTINUOUS
10
3.8034167322834644
20
-3.9315577559055117
11
3.8045748031496061
21
-3.928761929133858
0
LINE
8
BLACK
6
CONTINUOUS
10
3.8045748031496061
20
-3.928761929133858
11
3.80671468503937
21
-3.9266220472440945
0
LINE
8
BLACK
6
CONTINUOUS
10
3.80671468503937
20
-3.9266220472440945
11
3.8095105118110237
21
-3.9254639763779529
0
LINE
8
BLACK
6
CONTINUOUS
10
3.8095105118110237
20
-3.9254639763779529
11
3.8125367322834647
21
-3.9254639763779529
0
LINE
8
BLACK
6
CONTINUOUS
10
3.8125367322834647
20
-3.9254639763779529
11
3.8153325590551179
21
-3.9266220472440945
0
LINE
8
BLACK
6
CONTINUOUS
10
3.8468286220472439
20
-3.9266220472440945
11
3.8489685039370078
21
-3.928761929133858
0
LINE
8
BLACK
6
CONTINUOUS
10
3.8489685039370078
20
-3.928761929133858
11
3.8501265748031495
21
-3.9315577559055117
0
LINE
8
BLACK
6
CONTINUOUS
10
3.8501265748031495
20
-3.9315577559055117
11
3.8501265748031495
21
-3.9345839763779527
0
LINE
8
BLACK
6
CONTINUOUS
10
3.8501265748031495
20
-3.9345839763779527
11
3.8489685039370078
21
-3.9373798031496063
0
LINE
8
BLACK
6
CONTINUOUS
10
3.8489685039370078
20
-3.9373798031496063
11
3.8468286220472439
21
-3.9395196850393699
0
LINE
8
BLACK
6
CONTINUOUS
10
3.8468286220472439
20
-3.9395196850393699
11
3.8440327952755906
21
-3.9406777559055115
0
LINE
8
BLACK
6
CONTINUOUS
10
3.8440327952755906
20
-3.9406777559055115
11
3.8410065748031497
21
-3.9406777559055115
0
LINE
8
BLACK
6
CONTINUOUS
10
3.8410065748031497
20
-3.9406777559055115
11
3.838210748031496
21
-3.9395196850393699
0
LINE
8
BLACK
6
CONTINUOUS
10
3.838210748031496
20
-3.9395196850393699
11
3.836070866141732
21
-3.9373798031496063
0
LINE
8
BLACK
6
CONTINUOUS
10
3.836070866141732
20
-3.9373798031496063
11
3.8349127952755904
21
-3.9345839763779527
0
LINE
8
BLACK
6
CONTINUOUS
10
3.8349127952755904
20
-3.9345839763779527
11
3.8349127952755904
21
-3.9315577559055117
0
LINE
8
BLACK
6
CONTINUOUS
10
3.8349127952755904
20
-3.9315577559055117
11
3.836070866141732
21
-3.928761929133858
0
LINE
8
BLACK
6
CONTINUOUS
10
3.836070866141732
20
-3.928761929133858
11
3.838210748031496
21
-3.9266220472440945
0
LINE
8
BLACK
6
CONTINUOUS
10
3.838210748031496
20
-3.9266220472440945
11
3.8410065748031497
21
-3.9254639763779529
0
LINE
8
BLACK
6
CONTINUOUS
10
3.8410065748031497
20
-3.9254639763779529
11
3.8440327952755906
21
-3.9254639763779529
0
LINE
8
BLACK
6
CONTINUOUS
10
3.8440327952755906
20
-3.9254639763779529
11
3.8468286220472439
21
-3.9266220472440945
0
LINE
8
BLACK
6
CONTINUOUS
10
3.8783246850393698
20
-3.9266220472440945
11
3.8804645669291338
21
-3.928761929133858
0
LINE
8
BLACK
6
CONTINUOUS
10
3.8804645669291338
20
-3.928761929133858
11
3.8816226377952754
21
-3.9315577559055117
0
LINE
8
BLACK
6
CONTINUOUS
10
3.8816226377952754
20
-3.9315577559055117
11
3.8816226377952754
21
-3.9345839763779527
0
LINE
8
BLACK
6
CONTINUOUS
10
3.8816226377952754
20
-3.9345839763779527
11
3.8804645669291338
21
-3.9373798031496063
0
LINE
8
BLACK
6
CONTINUOUS
10
3.8804645669291338
20
-3.9373798031496063
11
3.8783246850393698
21
-3.9395196850393699
0
LINE
8
BLACK
6
CONTINUOUS
10
3.8783246850393698
20
-3.9395196850393699
11
3.8755288582677165
21
-3.9406777559055115
0
LINE
8
BLACK
6
CONTINUOUS
10
3.8755288582677165
20
-3.9406777559055115
11
3.8725026377952756
21
-3.9406777559055115
0
LINE
8
BLACK
6
CONTINUOUS
10
3.8725026377952756
20
-3.9406777559055115
11
3.8697068110236219
21
-3.9395196850393699
0
LINE
8
BLACK
6
CONTINUOUS
10
3.8697068110236219
20
-3.9395196850393699
11
3.8675669291338584
21
-3.9373798031496063
0
LINE
8
BLACK
6
CONTINUOUS
10
3.8675669291338584
20
-3.9373798031496063
11
3.8664088582677163
21
-3.9345839763779527
0
LINE
8
BLACK
6
CONTINUOUS
10
3.8664088582677163
20
-3.9345839763779527
11
3.8664088582677163
21
-3.9315577559055117
0
LINE
8
BLACK
6
CONTINUOUS
10
3.8664088582677163
20
-3.9315577559055117
11
3.8675669291338584
21
-3.928761929133858
0
LINE
8
BLACK
6
CONTINUOUS
10
3.8675669291338584
20
-3.928761929133858
11
3.8697068110236219
21
-3.9266220472440945
0
LINE
8
BLACK
6
CONTINUOUS
10
3.8697068110236219
20
-3.9266220472440945
11
3.8725026377952756
21
-3.9254639763779529
0
LINE
8
BLACK
6
CONTINUOUS
10
3.8725026377952756
20
-3.9254639763779529
11
3.8755288582677165
21
-3.9254639763779529
0
LINE
8
BLACK
6
CONTINUOUS
10
3.8755288582677165
20
-3.9254639763779529
11
3.8783246850393698
21
-3.9266220472440945
0
LINE
8
BLACK
6
CONTINUOUS
10
3.9098207480314962
20
-3.9266220472440945
11
3.9119606299212597
21
-3.928761929133858
0
LINE
8
BLACK
6
CONTINUOUS
10
3.9119606299212597
20
-3.928761929133858
11
3.9131187007874013
21
-3.9315577559055117
0
LINE
8
BLACK
6
CONTINUOUS
10
3.9131187007874013
20
-3.9315577559055117
11
3.9131187007874013
21
-3.9345839763779527
0
LINE
8
BLACK
6
CONTINUOUS
10
3.9131187007874013
20
-3.9345839763779527
11
3.9119606299212597
21
-3.9373798031496063
0
LINE
8
BLACK
6
CONTINUOUS
10
3.9119606299212597
20
-3.9373798031496063
11
3.9098207480314962
21
-3.9395196850393699
0
LINE
8
BLACK
6
CONTINUOUS
10
3.9098207480314962
20
-3.9395196850393699
11
3.9070249212598425
21
-3.9406777559055115
0
LINE
8
BLACK
6
CONTINUOUS
10
3.9070249212598425
20
-3.9406777559055115
11
3.9039987007874015
21
-3.9406777559055115
0
LINE
8
BLACK
6
CONTINUOUS
10
3.9039987007874015
20
-3.9406777559055115
11
3.9012028740157478
21
-3.9395196850393699
0
LINE
8
BLACK
6
CONTINUOUS
10
3.9012028740157478
20
-3.9395196850393699
11
3.8990629921259843
21
-3.9373798031496063
0
LINE
8
BLACK
6
CONTINUOUS
10
3.8990629921259843
20
-3.9373798031496063
11
3.8979049212598422
21
-3.9345839763779527
0
LINE
8
BLACK
6
CONTINUOUS
10
3.8979049212598422
20
-3.9345839763779527
11
3.8979049212598422
21
-3.9315577559055117
0
LINE
8
BLACK
6
CONTINUOUS
10
3.8979049212598422
20
-3.9315577559055117
11
3.8990629921259843
21
-3.928761929133858
0
LINE
8
BLACK
6
CONTINUOUS
10
3.8990629921259843
20
-3.928761929133858
11
3.9012028740157478
21
-3.9266220472440945
0
LINE
8
BLACK
6
CONTINUOUS
10
3.9012028740157478
20
-3.9266220472440945
11
3.9039987007874015
21
-3.9254639763779529
0
LINE
8
BLACK
6
CONTINUOUS
10
3.9039987007874015
20
-3.9254639763779529
11
3.9070249212598425
21
-3.9254639763779529
0
LINE
8
BLACK
6
CONTINUOUS
10
3.9070249212598425
20
-3.9254639763779529
11
3.9098207480314962
21
-3.9266220472440945
0
LINE
8
BLACK
6
CONTINUOUS
10
4.0370063779527561
20
-3.8766398031496063
11
4.0398003937007871
21
-3.8785066929133856
0
LINE
8
BLACK
6
CONTINUOUS
10
4.0398003937007871
20
-3.8785066929133856
11
4.0416672834645668
21
-3.8813007086614171
0
LINE
8
BLACK
6
CONTINUOUS
10
4.0416672834645668
20
-3.8813007086614171
11
4.0423228346456694
21
-3.8845964566929134
0
LINE
8
BLACK
6
CONTINUOUS
10
4.0423228346456694
20
-3.8845964566929134
11
4.0423228346456694
21
-3.9018208661417324
0
LINE
8
BLACK
6
CONTINUOUS
10
4.0423228346456694
20
-3.9018208661417324
11
4.0416672834645668
21
-3.9051166141732283
0
LINE
8
BLACK
6
CONTINUOUS
10
4.0416672834645668
20
-3.9051166141732283
11
4.0398003937007871
21
-3.9079106299212598
0
LINE
8
BLACK
6
CONTINUOUS
10
4.0398003937007871
20
-3.9079106299212598
11
4.0370063779527561
21
-3.9097775196850391
0
LINE
8
BLACK
6
CONTINUOUS
10
4.0370063779527561
20
-3.9097775196850391
11
4.0337106299212602
21
-3.9104330708661417
0
LINE
8
BLACK
6
CONTINUOUS
10
4.0337106299212602
20
-3.9104330708661417
11
4.0135334645669287
21
-3.9104330708661417
0
LINE
8
BLACK
6
CONTINUOUS
10
4.0135334645669287
20
-3.9104330708661417
11
4.0102377165354328
21
-3.9097775196850391
0
LINE
8
BLACK
6
CONTINUOUS
10
4.0102377165354328
20
-3.9097775196850391
11
4.0074437007874018
21
-3.9079106299212598
0
LINE
8
BLACK
6
CONTINUOUS
10
4.0074437007874018
20
-3.9079106299212598
11
4.0055768110236221
21
-3.9051166141732283
0
LINE
8
BLACK
6
CONTINUOUS
10
4.0055768110236221
20
-3.9051166141732283
11
4.0049212598425195
21
-3.9018208661417324
0
LINE
8
BLACK
6
CONTINUOUS
10
4.0049212598425195
20
-3.9018208661417324
11
4.0049212598425195
21
-3.8845964566929134
0
LINE
8
BLACK
6
CONTINUOUS
10
4.0049212598425195
20
-3.8845964566929134
11
4.0055768110236221
21
-3.8813007086614171
0
LINE
8
BLACK
6
CONTINUOUS
10
4.0055768110236221
20
-3.8813007086614171
11
4.0074437007874018
21
-3.8785066929133856
0
LINE
8
BLACK
6
CONTINUOUS
10
4.0074437007874018
20
-3.8785066929133856
11
4.0102377165354328
21
-3.8766398031496063
0
LINE
8
BLACK
6
CONTINUOUS
10
4.0102377165354328
20
-3.8766398031496063
11
4.0135334645669287
21
-3.8759842519685037
0
LINE
8
BLACK
6
CONTINUOUS
10
4.0135334645669287
20
-3.8759842519685037
11
4.0337106299212602
21
-3.8759842519685037
0
LINE
8
BLACK
6
CONTINUOUS
10
4.0337106299212602
20
-3.8759842519685037
11
4.0370063779527561
21
-3.8766398031496063
0
LINE
8
BLACK
6
CONTINUOUS
10
4.0960614960629922
20
-3.8766398031496063
11
4.0988555118110233
21
-3.8785066929133856
0
LINE
8
BLACK
6
CONTINUOUS
10
4.0988555118110233
20
-3.8785066929133856
11
4.1007224015748029
21
-3.8813007086614171
0
LINE
8
BLACK
6
CONTINUOUS
10
4.1007224015748029
20
-3.8813007086614171
11
4.1013779527559056
21
-3.8845964566929134
0
LINE
8
BLACK
6
CONTINUOUS
10
4.1013779527559056
20
-3.8845964566929134
11
4.1013779527559056
21
-3.9018208661417324
0
LINE
8
BLACK
6
CONTINUOUS
10
4.1013779527559056
20
-3.9018208661417324
11
4.1007224015748029
21
-3.9051166141732283
0
LINE
8
BLACK
6
CONTINUOUS
10
4.1007224015748029
20
-3.9051166141732283
11
4.0988555118110233
21
-3.9079106299212598
0
LINE
8
BLACK
6
CONTINUOUS
10
4.0988555118110233
20
-3.9079106299212598
11
4.0960614960629922
21
-3.9097775196850391
0
LINE
8
BLACK
6
CONTINUOUS
10
4.0960614960629922
20
-3.9097775196850391
11
4.0927657480314963
21
-3.9104330708661417
0
LINE
8
BLACK
6
CONTINUOUS
10
4.0927657480314963
20
-3.9104330708661417
11
4.0725885826771648
21
-3.9104330708661417
0
LINE
8
BLACK
6
CONTINUOUS
10
4.0725885826771648
20
-3.9104330708661417
11
4.0692928346456689
21
-3.9097775196850391
0
LINE
8
BLACK
6
CONTINUOUS
10
4.0692928346456689
20
-3.9097775196850391
11
4.0664988188976379
21
-3.9079106299212598
0
LINE
8
BLACK
6
CONTINUOUS
10
4.0664988188976379
20
-3.9079106299212598
11
4.0646319291338582
21
-3.9051166141732283
0
LINE
8
BLACK
6
CONTINUOUS
10
4.0646319291338582
20
-3.9051166141732283
11
4.0639763779527556
21
-3.9018208661417324
0
LINE
8
BLACK
6
CONTINUOUS
10
4.0639763779527556
20
-3.9018208661417324
11
4.0639763779527556
21
-3.8845964566929134
0
LINE
8
BLACK
6
CONTINUOUS
10
4.0639763779527556
20
-3.8845964566929134
11
4.0646319291338582
21
-3.8813007086614171
0
LINE
8
BLACK
6
CONTINUOUS
10
4.0646319291338582
20
-3.8813007086614171
11
4.0664988188976379
21
-3.8785066929133856
0
LINE
8
BLACK
6
CONTINUOUS
10
4.0664988188976379
20
-3.8785066929133856
11
4.0692928346456689
21
-3.8766398031496063
0
LINE
8
BLACK
6
CONTINUOUS
10
4.0692928346456689
20
-3.8766398031496063
11
4.0725885826771648
21
-3.8759842519685037
0
LINE
8
BLACK
6
CONTINUOUS
10
4.0725885826771648
20
-3.8759842519685037
11
4.0927657480314963
21
-3.8759842519685037
0
LINE
8
BLACK
6
CONTINUOUS
10
4.0927657480314963
20
-3.8759842519685037
11
4.0960614960629922
21
-3.8766398031496063
0
LINE
8
BLACK
6
CONTINUOUS
10
3.5003719291338582
20
-3.8951259842519685
11
3.5025118110236217
21
-3.8972658661417321
0
LINE
8
BLACK
6
CONTINUOUS
10
3.5025118110236217
20
-3.8972658661417321
11
3.5036698818897638
21
-3.9000616929133858
0
LINE
8
BLACK
6
CONTINUOUS
10
3.5036698818897638
20
-3.9000616929133858
11
3.5036698818897638
21
-3.9030879133858267
0
LINE
8
BLACK
6
CONTINUOUS
10
3.5036698818897638
20
-3.9030879133858267
11
3.5025118110236217
21
-3.9058837401574804
0
LINE
8
BLACK
6
CONTINUOUS
10
3.5025118110236217
20
-3.9058837401574804
11
3.5003719291338582
21
-3.908023622047244
0
LINE
8
BLACK
6
CONTINUOUS
10
3.5003719291338582
20
-3.908023622047244
11
3.4975761023622045
21
-3.9091816929133856
0
LINE
8
BLACK
6
CONTINUOUS
10
3.4975761023622045
20
-3.9091816929133856
11
3.4945498818897636
21
-3.9091816929133856
0
LINE
8
BLACK
6
CONTINUOUS
10
3.4945498818897636
20
-3.9091816929133856
11
3.4917540551181103
21
-3.908023622047244
0
LINE
8
BLACK
6
CONTINUOUS
10
3.4917540551181103
20
-3.908023622047244
11
3.4896141732283463
21
-3.9058837401574804
0
LINE
8
BLACK
6
CONTINUOUS
10
3.4896141732283463
20
-3.9058837401574804
11
3.4884561023622047
21
-3.9030879133858267
0
LINE
8
BLACK
6
CONTINUOUS
10
3.4884561023622047
20
-3.9030879133858267
11
3.4884561023622047
21
-3.9000616929133858
0
LINE
8
BLACK
6
CONTINUOUS
10
3.4884561023622047
20
-3.9000616929133858
11
3.4896141732283463
21
-3.8972658661417321
0
LINE
8
BLACK
6
CONTINUOUS
10
3.4896141732283463
20
-3.8972658661417321
11
3.4917540551181103
21
-3.8951259842519685
0
LINE
8
BLACK
6
CONTINUOUS
10
3.4917540551181103
20
-3.8951259842519685
11
3.4945498818897636
21
-3.8939679133858265
0
LINE
8
BLACK
6
CONTINUOUS
10
3.4945498818897636
20
-3.8939679133858265
11
3.4975761023622045
21
-3.8939679133858265
0
LINE
8
BLACK
6
CONTINUOUS
10
3.4975761023622045
20
-3.8939679133858265
11
3.5003719291338582
21
-3.8951259842519685
0
LINE
8
BLACK
6
CONTINUOUS
10
3.5318679921259841
20
-3.8951259842519685
11
3.5340078740157481
21
-3.8972658661417321
0
LINE
8
BLACK
6
CONTINUOUS
10
3.5340078740157481
20
-3.8972658661417321
11
3.5351659448818897
21
-3.9000616929133858
0
LINE
8
BLACK
6
CONTINUOUS
10
3.5351659448818897
20
-3.9000616929133858
11
3.5351659448818897
21
-3.9030879133858267
0
LINE
8
BLACK
6
CONTINUOUS
10
3.5351659448818897
20
-3.9030879133858267
11
3.5340078740157481
21
-3.9058837401574804
0
LINE
8
BLACK
6
CONTINUOUS
10
3.5340078740157481
20
-3.9058837401574804
11
3.5318679921259841
21
-3.908023622047244
0
LINE
8
BLACK
6
CONTINUOUS
10
3.5318679921259841
20
-3.908023622047244
11
3.5290721653543304
21
-3.9091816929133856
0
LINE
8
BLACK
6
CONTINUOUS
10
3.5290721653543304
20
-3.9091816929133856
11
3.5260459448818895
21
-3.9091816929133856
0
LINE
8
BLACK
6
CONTINUOUS
10
3.5260459448818895
20
-3.9091816929133856
11
3.5232501181102363
21
-3.908023622047244
0
LINE
8
BLACK
6
CONTINUOUS
10
3.5232501181102363
20
-3.908023622047244
11
3.5211102362204723
21
-3.9058837401574804
0
LINE
8
BLACK
6
CONTINUOUS
10
3.5211102362204723
20
-3.9058837401574804
11
3.5199521653543306
21
-3.9030879133858267
0
LINE
8
BLACK
6
CONTINUOUS
10
3.5199521653543306
20
-3.9030879133858267
11
3.5199521653543306
21
-3.9000616929133858
0
LINE
8
BLACK
6
CONTINUOUS
10
3.5199521653543306
20
-3.9000616929133858
11
3.5211102362204723
21
-3.8972658661417321
0
LINE
8
BLACK
6
CONTINUOUS
10
3.5211102362204723
20
-3.8972658661417321
11
3.5232501181102363
21
-3.8951259842519685
0
LINE
8
BLACK
6
CONTINUOUS
10
3.5232501181102363
20
-3.8951259842519685
11
3.5260459448818895
21
-3.8939679133858265
0
LINE
8
BLACK
6
CONTINUOUS
10
3.5260459448818895
20
-3.8939679133858265
11
3.5290721653543304
21
-3.8939679133858265
0
LINE
8
BLACK
6
CONTINUOUS
10
3.5290721653543304
20
-3.8939679133858265
11
3.5318679921259841
21
-3.8951259842519685
0
LINE
8
BLACK
6
CONTINUOUS
10
3.5633640551181101
20
-3.8951259842519685
11
3.565503937007874
21
-3.8972658661417321
0
LINE
8
BLACK
6
CONTINUOUS
10
3.565503937007874
20
-3.8972658661417321
11
3.5666620078740157
21
-3.9000616929133858
0
LINE
8
BLACK
6
CONTINUOUS
10
3.5666620078740157
20
-3.9000616929133858
11
3.5666620078740157
21
-3.9030879133858267
0
LINE
8
BLACK
6
CONTINUOUS
10
3.5666620078740157
20
-3.9030879133858267
11
3.565503937007874
21
-3.9058837401574804
0
LINE
8
BLACK
6
CONTINUOUS
10
3.565503937007874
20
-3.9058837401574804
11
3.5633640551181101
21
-3.908023622047244
0
LINE
8
BLACK
6
CONTINUOUS
10
3.5633640551181101
20
-3.908023622047244
11
3.5605682283464568
21
-3.9091816929133856
0
LINE
8
BLACK
6
CONTINUOUS
10
3.5605682283464568
20
-3.9091816929133856
11
3.5575420078740159
21
-3.9091816929133856
0
LINE
8
BLACK
6
CONTINUOUS
10
3.5575420078740159
20
-3.9091816929133856
11
3.5547461811023622
21
-3.908023622047244
0
LINE
8
BLACK
6
CONTINUOUS
10
3.5547461811023622
20
-3.908023622047244
11
3.5526062992125982
21
-3.9058837401574804
0
LINE
8
BLACK
6
CONTINUOUS
10
3.5526062992125982
20
-3.9058837401574804
11
3.5514482283464566
21
-3.9030879133858267
0
LINE
8
BLACK
6
CONTINUOUS
10
3.5514482283464566
20
-3.9030879133858267
11
3.5514482283464566
21
-3.9000616929133858
0
LINE
8
BLACK
6
CONTINUOUS
10
3.5514482283464566
20
-3.9000616929133858
11
3.5526062992125982
21
-3.8972658661417321
0
LINE
8
BLACK
6
CONTINUOUS
10
3.5526062992125982
20
-3.8972658661417321
11
3.5547461811023622
21
-3.8951259842519685
0
LINE
8
BLACK
6
CONTINUOUS
10
3.5547461811023622
20
-3.8951259842519685
11
3.5575420078740159
21
-3.8939679133858265
0
LINE
8
BLACK
6
CONTINUOUS
10
3.5575420078740159
20
-3.8939679133858265
11
3.5605682283464568
21
-3.8939679133858265
0
LINE
8
BLACK
6
CONTINUOUS
10
3.5605682283464568
20
-3.8939679133858265
11
3.5633640551181101
21
-3.8951259842519685
0
LINE
8
BLACK
6
CONTINUOUS
10
3.594860118110236
20
-3.8951259842519685
11
3.597
21
-3.8972658661417321
0
LINE
8
BLACK
6
CONTINUOUS
10
3.597
20
-3.8972658661417321
11
3.5981580708661416
21
-3.9000616929133858
0
LINE
8
BLACK
6
CONTINUOUS
10
3.5981580708661416
20
-3.9000616929133858
11
3.5981580708661416
21
-3.9030879133858267
0
LINE
8
BLACK
6
CONTINUOUS
10
3.5981580708661416
20
-3.9030879133858267
11
3.597
21
-3.9058837401574804
0
LINE
8
BLACK
6
CONTINUOUS
10
3.597
20
-3.9058837401574804
11
3.594860118110236
21
-3.908023622047244
0
LINE
8
BLACK
6
CONTINUOUS
10
3.594860118110236
20
-3.908023622047244
11
3.5920642913385827
21
-3.9091816929133856
0
LINE
8
BLACK
6
CONTINUOUS
10
3.5920642913385827
20
-3.9091816929133856
11
3.5890380708661418
21
-3.9091816929133856
0
LINE
8
BLACK
6
CONTINUOUS
10
3.5890380708661418
20
-3.9091816929133856
11
3.5862422440944881
21
-3.908023622047244
0
LINE
8
BLACK
6
CONTINUOUS
10
3.5862422440944881
20
-3.908023622047244
11
3.5841023622047241
21
-3.9058837401574804
0
LINE
8
BLACK
6
CONTINUOUS
10
3.5841023622047241
20
-3.9058837401574804
11
3.5829442913385825
21
-3.9030879133858267
0
LINE
8
BLACK
6
CONTINUOUS
10
3.5829442913385825
20
-3.9030879133858267
11
3.5829442913385825
21
-3.9000616929133858
0
LINE
8
BLACK
6
CONTINUOUS
10
3.5829442913385825
20
-3.9000616929133858
11
3.5841023622047241
21
-3.8972658661417321
0
LINE
8
BLACK
6
CONTINUOUS
10
3.5841023622047241
20
-3.8972658661417321
11
3.5862422440944881
21
-3.8951259842519685
0
LINE
8
BLACK
6
CONTINUOUS
10
3.5862422440944881
20
-3.8951259842519685
11
3.5890380708661418
21
-3.8939679133858265
0
LINE
8
BLACK
6
CONTINUOUS
10
3.5890380708661418
20
-3.8939679133858265
11
3.5920642913385827
21
-3.8939679133858265
0
LINE
8
BLACK
6
CONTINUOUS
10
3.5920642913385827
20
-3.8939679133858265
11
3.594860118110236
21
-3.8951259842519685
0
LINE
8
BLACK
6
CONTINUOUS
10
3.6263561811023619
20
-3.8951259842519685
11
3.6284960629921259
21
-3.8972658661417321
0
LINE
8
BLACK
6
CONTINUOUS
10
3.6284960629921259
20
-3.8972658661417321
11
3.6296541338582675
21
-3.9000616929133858
0
LINE
8
BLACK
6
CONTINUOUS
10
3.6296541338582675
20
-3.9000616929133858
11
3.6296541338582675
21
-3.9030879133858267
0
LINE
8
BLACK
6
CONTINUOUS
10
3.6296541338582675
20
-3.9030879133858267
11
3.6284960629921259
21
-3.9058837401574804
0
LINE
8
BLACK
6
CONTINUOUS
10
3.6284960629921259
20
-3.9058837401574804
11
3.6263561811023619
21
-3.908023622047244
0
LINE
8
BLACK
6
CONTINUOUS
10
3.6263561811023619
20
-3.908023622047244
11
3.6235603543307087
21
-3.9091816929133856
0
LINE
8
BLACK
6
CONTINUOUS
10
3.6235603543307087
20
-3.9091816929133856
11
3.6205341338582677
21
-3.9091816929133856
0
LINE
8
BLACK
6
CONTINUOUS
10
3.6205341338582677
20
-3.9091816929133856
11
3.617738307086614
21
-3.908023622047244
0
LINE
8
BLACK
6
CONTINUOUS
10
3.617738307086614
20
-3.908023622047244
11
3.6155984251968505
21
-3.9058837401574804
0
LINE
8
BLACK
6
CONTINUOUS
10
3.6155984251968505
20
-3.9058837401574804
11
3.6144403543307084
21
-3.9030879133858267
0
LINE
8
BLACK
6
CONTINUOUS
10
3.6144403543307084
20
-3.9030879133858267
11
3.6144403543307084
21
-3.9000616929133858
0
LINE
8
BLACK
6
CONTINUOUS
10
3.6144403543307084
20
-3.9000616929133858
11
3.6155984251968505
21
-3.8972658661417321
0
LINE
8
BLACK
6
CONTINUOUS
10
3.6155984251968505
20
-3.8972658661417321
11
3.617738307086614
21
-3.8951259842519685
0
LINE
8
BLACK
6
CONTINUOUS
10
3.617738307086614
20
-3.8951259842519685
11
3.6205341338582677
21
-3.8939679133858265
0
LINE
8
BLACK
6
CONTINUOUS
10
3.6205341338582677
20
-3.8939679133858265
11
3.6235603543307087
21
-3.8939679133858265
0
LINE
8
BLACK
6
CONTINUOUS
10
3.6235603543307087
20
-3.8939679133858265
11
3.6263561811023619
21
-3.8951259842519685
0
LINE
8
BLACK
6
CONTINUOUS
10
3.6578522440944883
20
-3.8951259842519685
11
3.6599921259842518
21
-3.8972658661417321
0
LINE
8
BLACK
6
CONTINUOUS
10
3.6599921259842518
20
-3.8972658661417321
11
3.6611501968503934
21
-3.9000616929133858
0
LINE
8
BLACK
6
CONTINUOUS
10
3.6611501968503934
20
-3.9000616929133858
11
3.6611501968503934
21
-3.9030879133858267
0
LINE
8
BLACK
6
CONTINUOUS
10
3.6611501968503934
20
-3.9030879133858267
11
3.6599921259842518
21
-3.9058837401574804
0
LINE
8
BLACK
6
CONTINUOUS
10
3.6599921259842518
20
-3.9058837401574804
11
3.6578522440944883
21
-3.908023622047244
0
LINE
8
BLACK
6
CONTINUOUS
10
3.6578522440944883
20
-3.908023622047244
11
3.6550564173228346
21
-3.9091816929133856
0
LINE
8
BLACK
6
CONTINUOUS
10
3.6550564173228346
20
-3.9091816929133856
11
3.6520301968503937
21
-3.9091816929133856
0
LINE
8
BLACK
6
CONTINUOUS
10
3.6520301968503937
20
-3.9091816929133856
11
3.64923437007874
21
-3.908023622047244
0
LINE
8
BLACK
6
CONTINUOUS
10
3.64923437007874
20
-3.908023622047244
11
3.6470944881889764
21
-3.9058837401574804
0
LINE
8
BLACK
6
CONTINUOUS
10
3.6470944881889764
20
-3.9058837401574804
11
3.6459364173228344
21
-3.9030879133858267
0
LINE
8
BLACK
6
CONTINUOUS
10
3.6459364173228344
20
-3.9030879133858267
11
3.6459364173228344
21
-3.9000616929133858
0
LINE
8
BLACK
6
CONTINUOUS
10
3.6459364173228344
20
-3.9000616929133858
11
3.6470944881889764
21
-3.8972658661417321
0
LINE
8
BLACK
6
CONTINUOUS
10
3.6470944881889764
20
-3.8972658661417321
11
3.64923437007874
21
-3.8951259842519685
0
LINE
8
BLACK
6
CONTINUOUS
10
3.64923437007874
20
-3.8951259842519685
11
3.6520301968503937
21
-3.8939679133858265
0
LINE
8
BLACK
6
CONTINUOUS
10
3.6520301968503937
20
-3.8939679133858265
11
3.6550564173228346
21
-3.8939679133858265
0
LINE
8
BLACK
6
CONTINUOUS
10
3.6550564173228346
20
-3.8939679133858265
11
3.6578522440944883
21
-3.8951259842519685
0
LINE
8
BLACK
6
CONTINUOUS
10
3.6893483070866142
20
-3.8951259842519685
11
3.6914881889763778
21
-3.8972658661417321
0
LINE
8
BLACK
6
CONTINUOUS
10
3.6914881889763778
20
-3.8972658661417321
11
3.6926462598425198
21
-3.9000616929133858
0
LINE
8
BLACK
6
CONTINUOUS
10
3.6926462598425198
20
-3.9000616929133858
11
3.6926462598425198
21
-3.9030879133858267
0
LINE
8
BLACK
6
CONTINUOUS
10
3.6926462598425198
20
-3.9030879133858267
11
3.6914881889763778
21
-3.9058837401574804
0
LINE
8
BLACK
6
CONTINUOUS
10
3.6914881889763778
20
-3.9058837401574804
11
3.6893483070866142
21
-3.908023622047244
0
LINE
8
BLACK
6
CONTINUOUS
10
3.6893483070866142
20
-3.908023622047244
11
3.6865524803149605
21
-3.9091816929133856
0
LINE
8
BLACK
6
CONTINUOUS
10
3.6865524803149605
20
-3.9091816929133856
11
3.6835262598425196
21
-3.9091816929133856
0
LINE
8
BLACK
6
CONTINUOUS
10
3.6835262598425196
20
-3.9091816929133856
11
3.6807304330708659
21
-3.908023622047244
0
LINE
8
BLACK
6
CONTINUOUS
10
3.6807304330708659
20
-3.908023622047244
11
3.6785905511811023
21
-3.9058837401574804
0
LINE
8
BLACK
6
CONTINUOUS
10
3.6785905511811023
20
-3.9058837401574804
11
3.6774324803149607
21
-3.9030879133858267
0
LINE
8
BLACK
6
CONTINUOUS
10
3.6774324803149607
20
-3.9030879133858267
11
3.6774324803149607
21
-3.9000616929133858
0
LINE
8
BLACK
6
CONTINUOUS
10
3.6774324803149607
20
-3.9000616929133858
11
3.6785905511811023
21
-3.8972658661417321
0
LINE
8
BLACK
6
CONTINUOUS
10
3.6785905511811023
20
-3.8972658661417321
11
3.6807304330708659
21
-3.8951259842519685
0
LINE
8
BLACK
6
CONTINUOUS
10
3.6807304330708659
20
-3.8951259842519685
11
3.6835262598425196
21
-3.8939679133858265
0
LINE
8
BLACK
6
CONTINUOUS
10
3.6835262598425196
20
-3.8939679133858265
11
3.6865524803149605
21
-3.8939679133858265
0
LINE
8
BLACK
6
CONTINUOUS
10
3.6865524803149605
20
-3.8939679133858265
11
3.6893483070866142
21
-3.8951259842519685
0
LINE
8
BLACK
6
CONTINUOUS
10
3.7208443700787401
20
-3.8951259842519685
11
3.7229842519685037
21
-3.8972658661417321
0
LINE
8
BLACK
6
CONTINUOUS
10
3.7229842519685037
20
-3.8972658661417321
11
3.7241423228346457
21
-3.9000616929133858
0
LINE
8
BLACK
6
CONTINUOUS
10
3.7241423228346457
20
-3.9000616929133858
11
3.7241423228346457
21
-3.9030879133858267
0
LINE
8
BLACK
6
CONTINUOUS
10
3.7241423228346457
20
-3.9030879133858267
11
3.7229842519685037
21
-3.9058837401574804
0
LINE
8
BLACK
6
CONTINUOUS
10
3.7229842519685037
20
-3.9058837401574804
11
3.7208443700787401
21
-3.908023622047244
0
LINE
8
BLACK
6
CONTINUOUS
10
3.7208443700787401
20
-3.908023622047244
11
3.7180485433070865
21
-3.9091816929133856
0
LINE
8
BLACK
6
CONTINUOUS
10
3.7180485433070865
20
-3.9091816929133856
11
3.7150223228346455
21
-3.9091816929133856
0
LINE
8
BLACK
6
CONTINUOUS
10
3.7150223228346455
20
-3.9091816929133856
11
3.7122264960629918
21
-3.908023622047244
0
LINE
8
BLACK
6
CONTINUOUS
10
3.7122264960629918
20
-3.908023622047244
11
3.7100866141732283
21
-3.9058837401574804
0
LINE
8
BLACK
6
CONTINUOUS
10
3.7100866141732283
20
-3.9058837401574804
11
3.7089285433070867
21
-3.9030879133858267
0
LINE
8
BLACK
6
CONTINUOUS
10
3.7089285433070867
20
-3.9030879133858267
11
3.7089285433070867
21
-3.9000616929133858
0
LINE
8
BLACK
6
CONTINUOUS
10
3.7089285433070867
20
-3.9000616929133858
11
3.7100866141732283
21
-3.8972658661417321
0
LINE
8
BLACK
6
CONTINUOUS
10
3.7100866141732283
20
-3.8972658661417321
11
3.7122264960629918
21
-3.8951259842519685
0
LINE
8
BLACK
6
CONTINUOUS
10
3.7122264960629918
20
-3.8951259842519685
11
3.7150223228346455
21
-3.8939679133858265
0
LINE
8
BLACK
6
CONTINUOUS
10
3.7150223228346455
20
-3.8939679133858265
11
3.7180485433070865
21
-3.8939679133858265
0
LINE
8
BLACK
6
CONTINUOUS
10
3.7180485433070865
20
-3.8939679133858265
11
3.7208443700787401
21
-3.8951259842519685
0
LINE
8
BLACK
6
CONTINUOUS
10
3.7523404330708661
20
-3.8951259842519685
11
3.7544803149606296
21
-3.8972658661417321
0
LINE
8
BLACK
6
CONTINUOUS
10
3.7544803149606296
20
-3.8972658661417321
11
3.7556383858267717
21
-3.9000616929133858
0
LINE
8
BLACK
6
CONTINUOUS
10
3.7556383858267717
20
-3.9000616929133858
11
3.7556383858267717
21
-3.9030879133858267
0
LINE
8
BLACK
6
CONTINUOUS
10
3.7556383858267717
20
-3.9030879133858267
11
3.7544803149606296
21
-3.9058837401574804
0
LINE
8
BLACK
6
CONTINUOUS
10
3.7544803149606296
20
-3.9058837401574804
11
3.7523404330708661
21
-3.908023622047244
0
LINE
8
BLACK
6
CONTINUOUS
10
3.7523404330708661
20
-3.908023622047244
11
3.7495446062992124
21
-3.9091816929133856
0
LINE
8
BLACK
6
CONTINUOUS
10
3.7495446062992124
20
-3.9091816929133856
11
3.7465183858267714
21
-3.9091816929133856
0
LINE
8
BLACK
6
CONTINUOUS
10
3.7465183858267714
20
-3.9091816929133856
11
3.7437225590551182
21
-3.908023622047244
0
LINE
8
BLACK
6
CONTINUOUS
10
3.7437225590551182
20
-3.908023622047244
11
3.7415826771653542
21
-3.9058837401574804
0
LINE
8
BLACK
6
CONTINUOUS
10
3.7415826771653542
20
-3.9058837401574804
11
3.7404246062992126
21
-3.9030879133858267
0
LINE
8
BLACK
6
CONTINUOUS
10
3.7404246062992126
20
-3.9030879133858267
11
3.7404246062992126
21
-3.9000616929133858
0
LINE
8
BLACK
6
CONTINUOUS
10
3.7404246062992126
20
-3.9000616929133858
11
3.7415826771653542
21
-3.8972658661417321
0
LINE
8
BLACK
6
CONTINUOUS
10
3.7415826771653542
20
-3.8972658661417321
11
3.7437225590551182
21
-3.8951259842519685
0
LINE
8
BLACK
6
CONTINUOUS
10
3.7437225590551182
20
-3.8951259842519685
11
3.7465183858267714
21
-3.8939679133858265
0
LINE
8
BLACK
6
CONTINUOUS
10
3.7465183858267714
20
-3.8939679133858265
11
3.7495446062992124
21
-3.8939679133858265
0
LINE
8
BLACK
6
CONTINUOUS
10
3.7495446062992124
20
-3.8939679133858265
11
3.7523404330708661
21
-3.8951259842519685
0
LINE
8
BLACK
6
CONTINUOUS
10
3.783836496062992
20
-3.8951259842519685
11
3.785976377952756
21
-3.8972658661417321
0
LINE
8
BLACK
6
CONTINUOUS
10
3.785976377952756
20
-3.8972658661417321
11
3.7871344488188976
21
-3.9000616929133858
0
LINE
8
BLACK
6
CONTINUOUS
10
3.7871344488188976
20
-3.9000616929133858
11
3.7871344488188976
21
-3.9030879133858267
0
LINE
8
BLACK
6
CONTINUOUS
10
3.7871344488188976
20
-3.9030879133858267
11
3.785976377952756
21
-3.9058837401574804
0
LINE
8
BLACK
6
CONTINUOUS
10
3.785976377952756
20
-3.9058837401574804
11
3.783836496062992
21
-3.908023622047244
0
LINE
8
BLACK
6
CONTINUOUS
10
3.783836496062992
20
-3.908023622047244
11
3.7810406692913383
21
-3.9091816929133856
0
LINE
8
BLACK
6
CONTINUOUS
10
3.7810406692913383
20
-3.9091816929133856
11
3.7780144488188974
21
-3.9091816929133856
0
LINE
8
BLACK
6
CONTINUOUS
10
3.7780144488188974
20
-3.9091816929133856
11
3.7752186220472441
21
-3.908023622047244
0
LINE
8
BLACK
6
CONTINUOUS
10
3.7752186220472441
20
-3.908023622047244
11
3.7730787401574801
21
-3.9058837401574804
0
LINE
8
BLACK
6
CONTINUOUS
10
3.7730787401574801
20
-3.9058837401574804
11
3.7719206692913385
21
-3.9030879133858267
0
LINE
8
BLACK
6
CONTINUOUS
10
3.7719206692913385
20
-3.9030879133858267
11
3.7719206692913385
21
-3.9000616929133858
0
LINE
8
BLACK
6
CONTINUOUS
10
3.7719206692913385
20
-3.9000616929133858
11
3.7730787401574801
21
-3.8972658661417321
0
LINE
8
BLACK
6
CONTINUOUS
10
3.7730787401574801
20
-3.8972658661417321
11
3.7752186220472441
21
-3.8951259842519685
0
LINE
8
BLACK
6
CONTINUOUS
10
3.7752186220472441
20
-3.8951259842519685
11
3.7780144488188974
21
-3.8939679133858265
0
LINE
8
BLACK
6
CONTINUOUS
10
3.7780144488188974
20
-3.8939679133858265
11
3.7810406692913383
21
-3.8939679133858265
0
LINE
8
BLACK
6
CONTINUOUS
10
3.7810406692913383
20
-3.8939679133858265
11
3.783836496062992
21
-3.8951259842519685
0
LINE
8
BLACK
6
CONTINUOUS
10
3.8153325590551179
20
-3.8951259842519685
11
3.8174724409448819
21
-3.8972658661417321
0
LINE
8
BLACK
6
CONTINUOUS
10
3.8174724409448819
20
-3.8972658661417321
11
3.8186305118110235
21
-3.9000616929133858
0
LINE
8
BLACK
6
CONTINUOUS
10
3.8186305118110235
20
-3.9000616929133858
11
3.8186305118110235
21
-3.9030879133858267
0
LINE
8
BLACK
6
CONTINUOUS
10
3.8186305118110235
20
-3.9030879133858267
11
3.8174724409448819
21
-3.9058837401574804
0
LINE
8
BLACK
6
CONTINUOUS
10
3.8174724409448819
20
-3.9058837401574804
11
3.8153325590551179
21
-3.908023622047244
0
LINE
8
BLACK
6
CONTINUOUS
10
3.8153325590551179
20
-3.908023622047244
11
3.8125367322834647
21
-3.9091816929133856
0
LINE
8
BLACK
6
CONTINUOUS
10
3.8125367322834647
20
-3.9091816929133856
11
3.8095105118110237
21
-3.9091816929133856
0
LINE
8
BLACK
6
CONTINUOUS
10
3.8095105118110237
20
-3.9091816929133856
11
3.80671468503937
21
-3.908023622047244
0
LINE
8
BLACK
6
CONTINUOUS
10
3.80671468503937
20
-3.908023622047244
11
3.8045748031496061
21
-3.9058837401574804
0
LINE
8
BLACK
6
CONTINUOUS
10
3.8045748031496061
20
-3.9058837401574804
11
3.8034167322834644
21
-3.9030879133858267
0
LINE
8
BLACK
6
CONTINUOUS
10
3.8034167322834644
20
-3.9030879133858267
11
3.8034167322834644
21
-3.9000616929133858
0
LINE
8
BLACK
6
CONTINUOUS
10
3.8034167322834644
20
-3.9000616929133858
11
3.8045748031496061
21
-3.8972658661417321
0
LINE
8
BLACK
6
CONTINUOUS
10
3.8045748031496061
20
-3.8972658661417321
11
3.80671468503937
21
-3.8951259842519685
0
LINE
8
BLACK
6
CONTINUOUS
10
3.80671468503937
20
-3.8951259842519685
11
3.8095105118110237
21
-3.8939679133858265
0
LINE
8
BLACK
6
CONTINUOUS
10
3.8095105118110237
20
-3.8939679133858265
11
3.8125367322834647
21
-3.8939679133858265
0
LINE
8
BLACK
6
CONTINUOUS
10
3.8125367322834647
20
-3.8939679133858265
11
3.8153325590551179
21
-3.8951259842519685
0
LINE
8
BLACK
6
CONTINUOUS
10
3.8468286220472439
20
-3.8951259842519685
11
3.8489685039370078
21
-3.8972658661417321
0
LINE
8
BLACK
6
CONTINUOUS
10
3.8489685039370078
20
-3.8972658661417321
11
3.8501265748031495
21
-3.9000616929133858
0
LINE
8
BLACK
6
CONTINUOUS
10
3.8501265748031495
20
-3.9000616929133858
11
3.8501265748031495
21
-3.9030879133858267
0
LINE
8
BLACK
6
CONTINUOUS
10
3.8501265748031495
20
-3.9030879133858267
11
3.8489685039370078
21
-3.9058837401574804
0
LINE
8
BLACK
6
CONTINUOUS
10
3.8489685039370078
20
-3.9058837401574804
11
3.8468286220472439
21
-3.908023622047244
0
LINE
8
BLACK
6
CONTINUOUS
10
3.8468286220472439
20
-3.908023622047244
11
3.8440327952755906
21
-3.9091816929133856
0
LINE
8
BLACK
6
CONTINUOUS
10
3.8440327952755906
20
-3.9091816929133856
11
3.8410065748031497
21
-3.9091816929133856
0
LINE
8
BLACK
6
CONTINUOUS
10
3.8410065748031497
20
-3.9091816929133856
11
3.838210748031496
21
-3.908023622047244
0
LINE
8
BLACK
6
CONTINUOUS
10
3.838210748031496
20
-3.908023622047244
11
3.836070866141732
21
-3.9058837401574804
0
LINE
8
BLACK
6
CONTINUOUS
10
3.836070866141732
20
-3.9058837401574804
11
3.8349127952755904
21
-3.9030879133858267
0
LINE
8
BLACK
6
CONTINUOUS
10
3.8349127952755904
20
-3.9030879133858267
11
3.8349127952755904
21
-3.9000616929133858
0
LINE
8
BLACK
6
CONTINUOUS
10
3.8349127952755904
20
-3.9000616929133858
11
3.836070866141732
21
-3.8972658661417321
0
LINE
8
BLACK
6
CONTINUOUS
10
3.836070866141732
20
-3.8972658661417321
11
3.838210748031496
21
-3.8951259842519685
0
LINE
8
BLACK
6
CONTINUOUS
10
3.838210748031496
20
-3.8951259842519685
11
3.8410065748031497
21
-3.8939679133858265
0
LINE
8
BLACK
6
CONTINUOUS
10
3.8410065748031497
20
-3.8939679133858265
11
3.8440327952755906
21
-3.8939679133858265
0
LINE
8
BLACK
6
CONTINUOUS
10
3.8440327952755906
20
-3.8939679133858265
11
3.8468286220472439
21
-3.8951259842519685
0
LINE
8
BLACK
6
CONTINUOUS
10
3.8783246850393698
20
-3.8951259842519685
11
3.8804645669291338
21
-3.8972658661417321
0
LINE
8
BLACK
6
CONTINUOUS
10
3.8804645669291338
20
-3.8972658661417321
11
3.8816226377952754
21
-3.9000616929133858
0
LINE
8
BLACK
6
CONTINUOUS
10
3.8816226377952754
20
-3.9000616929133858
11
3.8816226377952754
21
-3.9030879133858267
0
LINE
8
BLACK
6
CONTINUOUS
10
3.8816226377952754
20
-3.9030879133858267
11
3.8804645669291338
21
-3.9058837401574804
0
LINE
8
BLACK
6
CONTINUOUS
10
3.8804645669291338
20
-3.9058837401574804
11
3.8783246850393698
21
-3.908023622047244
0
LINE
8
BLACK
6
CONTINUOUS
10
3.8783246850393698
20
-3.908023622047244
11
3.8755288582677165
21
-3.9091816929133856
0
LINE
8
BLACK
6
CONTINUOUS
10
3.8755288582677165
20
-3.9091816929133856
11
3.8725026377952756
21
-3.9091816929133856
0
LINE
8
BLACK
6
CONTINUOUS
10
3.8725026377952756
20
-3.9091816929133856
11
3.8697068110236219
21
-3.908023622047244
0
LINE
8
BLACK
6
CONTINUOUS
10
3.8697068110236219
20
-3.908023622047244
11
3.8675669291338584
21
-3.9058837401574804
0
LINE
8
BLACK
6
CONTINUOUS
10
3.8675669291338584
20
-3.9058837401574804
11
3.8664088582677163
21
-3.9030879133858267
0
LINE
8
BLACK
6
CONTINUOUS
10
3.8664088582677163
20
-3.9030879133858267
11
3.8664088582677163
21
-3.9000616929133858
0
LINE
8
BLACK
6
CONTINUOUS
10
3.8664088582677163
20
-3.9000616929133858
11
3.8675669291338584
21
-3.8972658661417321
0
LINE
8
BLACK
6
CONTINUOUS
10
3.8675669291338584
20
-3.8972658661417321
11
3.8697068110236219
21
-3.8951259842519685
0
LINE
8
BLACK
6
CONTINUOUS
10
3.8697068110236219
20
-3.8951259842519685
11
3.8725026377952756
21
-3.8939679133858265
0
LINE
8
BLACK
6
CONTINUOUS
10
3.8725026377952756
20
-3.8939679133858265
11
3.8755288582677165
21
-3.8939679133858265
0
LINE
8
BLACK
6
CONTINUOUS
10
3.8755288582677165
20
-3.8939679133858265
11
3.8783246850393698
21
-3.8951259842519685
0
LINE
8
BLACK
6
CONTINUOUS
10
3.9098207480314962
20
-3.8951259842519685
11
3.9119606299212597
21
-3.8972658661417321
0
LINE
8
BLACK
6
CONTINUOUS
10
3.9119606299212597
20
-3.8972658661417321
11
3.9131187007874013
21
-3.9000616929133858
0
LINE
8
BLACK
6
CONTINUOUS
10
3.9131187007874013
20
-3.9000616929133858
11
3.9131187007874013
21
-3.9030879133858267
0
LINE
8
BLACK
6
CONTINUOUS
10
3.9131187007874013
20
-3.9030879133858267
11
3.9119606299212597
21
-3.9058837401574804
0
LINE
8
BLACK
6
CONTINUOUS
10
3.9119606299212597
20
-3.9058837401574804
11
3.9098207480314962
21
-3.908023622047244
0
LINE
8
BLACK
6
CONTINUOUS
10
3.9098207480314962
20
-3.908023622047244
11
3.9070249212598425
21
-3.9091816929133856
0
LINE
8
BLACK
6
CONTINUOUS
10
3.9070249212598425
20
-3.9091816929133856
11
3.9039987007874015
21
-3.9091816929133856
0
LINE
8
BLACK
6
CONTINUOUS
10
3.9039987007874015
20
-3.9091816929133856
11
3.9012028740157478
21
-3.908023622047244
0
LINE
8
BLACK
6
CONTINUOUS
10
3.9012028740157478
20
-3.908023622047244
11
3.8990629921259843
21
-3.9058837401574804
0
LINE
8
BLACK
6
CONTINUOUS
10
3.8990629921259843
20
-3.9058837401574804
11
3.8979049212598422
21
-3.9030879133858267
0
LINE
8
BLACK
6
CONTINUOUS
10
3.8979049212598422
20
-3.9030879133858267
11
3.8979049212598422
21
-3.9000616929133858
0
LINE
8
BLACK
6
CONTINUOUS
10
3.8979049212598422
20
-3.9000616929133858
11
3.8990629921259843
21
-3.8972658661417321
0
LINE
8
BLACK
6
CONTINUOUS
10
3.8990629921259843
20
-3.8972658661417321
11
3.9012028740157478
21
-3.8951259842519685
0
LINE
8
BLACK
6
CONTINUOUS
10
3.9012028740157478
20
-3.8951259842519685
11
3.9039987007874015
21
-3.8939679133858265
0
LINE
8
BLACK
6
CONTINUOUS
10
3.9039987007874015
20
-3.8939679133858265
11
3.9070249212598425
21
-3.8939679133858265
0
LINE
8
BLACK
6
CONTINUOUS
10
3.9070249212598425
20
-3.8939679133858265
11
3.9098207480314962
21
-3.8951259842519685
0
LINE
8
BLACK
6
CONTINUOUS
10
3.3877952755905509
20
-3.901574803149606
11
3.3444881889763778
21
-3.901574803149606
0
LINE
8
BLACK
6
CONTINUOUS
10
3.3444881889763778
20
-3.901574803149606
11
3.3444881889763778
21
-3.8779527559055116
0
LINE
8
BLACK
6
CONTINUOUS
10
3.3444881889763778
20
-3.8779527559055116
11
3.3877952755905509
21
-3.8779527559055116
0
LINE
8
BLACK
6
CONTINUOUS
10
3.3877952755905509
20
-3.8779527559055116
11
3.3877952755905509
21
-3.901574803149606
0
LINE
8
BLACK
6
CONTINUOUS
10
3.5003719291338582
20
-3.8636299212598426
11
3.5025118110236217
21
-3.8657698031496062
0
LINE
8
BLACK
6
CONTINUOUS
10
3.5025118110236217
20
-3.8657698031496062
11
3.5036698818897638
21
-3.8685656299212599
0
LINE
8
BLACK
6
CONTINUOUS
10
3.5036698818897638
20
-3.8685656299212599
11
3.5036698818897638
21
-3.8715918503937008
0
LINE
8
BLACK
6
CONTINUOUS
10
3.5036698818897638
20
-3.8715918503937008
11
3.5025118110236217
21
-3.874387677165354
0
LINE
8
BLACK
6
CONTINUOUS
10
3.5025118110236217
20
-3.874387677165354
11
3.5003719291338582
21
-3.876527559055118
0
LINE
8
BLACK
6
CONTINUOUS
10
3.5003719291338582
20
-3.876527559055118
11
3.4975761023622045
21
-3.8776856299212596
0
LINE
8
BLACK
6
CONTINUOUS
10
3.4975761023622045
20
-3.8776856299212596
11
3.4945498818897636
21
-3.8776856299212596
0
LINE
8
BLACK
6
CONTINUOUS
10
3.4945498818897636
20
-3.8776856299212596
11
3.4917540551181103
21
-3.876527559055118
0
LINE
8
BLACK
6
CONTINUOUS
10
3.4917540551181103
20
-3.876527559055118
11
3.4896141732283463
21
-3.874387677165354
0
LINE
8
BLACK
6
CONTINUOUS
10
3.4896141732283463
20
-3.874387677165354
11
3.4884561023622047
21
-3.8715918503937008
0
LINE
8
BLACK
6
CONTINUOUS
10
3.4884561023622047
20
-3.8715918503937008
11
3.4884561023622047
21
-3.8685656299212599
0
LINE
8
BLACK
6
CONTINUOUS
10
3.4884561023622047
20
-3.8685656299212599
11
3.4896141732283463
21
-3.8657698031496062
0
LINE
8
BLACK
6
CONTINUOUS
10
3.4896141732283463
20
-3.8657698031496062
11
3.4917540551181103
21
-3.8636299212598426
0
LINE
8
BLACK
6
CONTINUOUS
10
3.4917540551181103
20
-3.8636299212598426
11
3.4945498818897636
21
-3.8624718503937006
0
LINE
8
BLACK
6
CONTINUOUS
10
3.4945498818897636
20
-3.8624718503937006
11
3.4975761023622045
21
-3.8624718503937006
0
LINE
8
BLACK
6
CONTINUOUS
10
3.4975761023622045
20
-3.8624718503937006
11
3.5003719291338582
21
-3.8636299212598426
0
LINE
8
BLACK
6
CONTINUOUS
10
3.5318679921259841
20
-3.8636299212598426
11
3.5340078740157481
21
-3.8657698031496062
0
LINE
8
BLACK
6
CONTINUOUS
10
3.5340078740157481
20
-3.8657698031496062
11
3.5351659448818897
21
-3.8685656299212599
0
LINE
8
BLACK
6
CONTINUOUS
10
3.5351659448818897
20
-3.8685656299212599
11
3.5351659448818897
21
-3.8715918503937008
0
LINE
8
BLACK
6
CONTINUOUS
10
3.5351659448818897
20
-3.8715918503937008
11
3.5340078740157481
21
-3.874387677165354
0
LINE
8
BLACK
6
CONTINUOUS
10
3.5340078740157481
20
-3.874387677165354
11
3.5318679921259841
21
-3.876527559055118
0
LINE
8
BLACK
6
CONTINUOUS
10
3.5318679921259841
20
-3.876527559055118
11
3.5290721653543304
21
-3.8776856299212596
0
LINE
8
BLACK
6
CONTINUOUS
10
3.5290721653543304
20
-3.8776856299212596
11
3.5260459448818895
21
-3.8776856299212596
0
LINE
8
BLACK
6
CONTINUOUS
10
3.5260459448818895
20
-3.8776856299212596
11
3.5232501181102363
21
-3.876527559055118
0
LINE
8
BLACK
6
CONTINUOUS
10
3.5232501181102363
20
-3.876527559055118
11
3.5211102362204723
21
-3.874387677165354
0
LINE
8
BLACK
6
CONTINUOUS
10
3.5211102362204723
20
-3.874387677165354
11
3.5199521653543306
21
-3.8715918503937008
0
LINE
8
BLACK
6
CONTINUOUS
10
3.5199521653543306
20
-3.8715918503937008
11
3.5199521653543306
21
-3.8685656299212599
0
LINE
8
BLACK
6
CONTINUOUS
10
3.5199521653543306
20
-3.8685656299212599
11
3.5211102362204723
21
-3.8657698031496062
0
LINE
8
BLACK
6
CONTINUOUS
10
3.5211102362204723
20
-3.8657698031496062
11
3.5232501181102363
21
-3.8636299212598426
0
LINE
8
BLACK
6
CONTINUOUS
10
3.5232501181102363
20
-3.8636299212598426
11
3.5260459448818895
21
-3.8624718503937006
0
LINE
8
BLACK
6
CONTINUOUS
10
3.5260459448818895
20
-3.8624718503937006
11
3.5290721653543304
21
-3.8624718503937006
0
LINE
8
BLACK
6
CONTINUOUS
10
3.5290721653543304
20
-3.8624718503937006
11
3.5318679921259841
21
-3.8636299212598426
0
LINE
8
BLACK
6
CONTINUOUS
10
3.5633640551181101
20
-3.8636299212598426
11
3.565503937007874
21
-3.8657698031496062
0
LINE
8
BLACK
6
CONTINUOUS
10
3.565503937007874
20
-3.8657698031496062
11
3.5666620078740157
21
-3.8685656299212599
0
LINE
8
BLACK
6
CONTINUOUS
10
3.5666620078740157
20
-3.8685656299212599
11
3.5666620078740157
21
-3.8715918503937008
0
LINE
8
BLACK
6
CONTINUOUS
10
3.5666620078740157
20
-3.8715918503937008
11
3.565503937007874
21
-3.874387677165354
0
LINE
8
BLACK
6
CONTINUOUS
10
3.565503937007874
20
-3.874387677165354
11
3.5633640551181101
21
-3.876527559055118
0
LINE
8
BLACK
6
CONTINUOUS
10
3.5633640551181101
20
-3.876527559055118
11
3.5605682283464568
21
-3.8776856299212596
0
LINE
8
BLACK
6
CONTINUOUS
10
3.5605682283464568
20
-3.8776856299212596
11
3.5575420078740159
21
-3.8776856299212596
0
LINE
8
BLACK
6
CONTINUOUS
10
3.5575420078740159
20
-3.8776856299212596
11
3.5547461811023622
21
-3.876527559055118
0
LINE
8
BLACK
6
CONTINUOUS
10
3.5547461811023622
20
-3.876527559055118
11
3.5526062992125982
21
-3.874387677165354
0
LINE
8
BLACK
6
CONTINUOUS
10
3.5526062992125982
20
-3.874387677165354
11
3.5514482283464566
21
-3.8715918503937008
0
LINE
8
BLACK
6
CONTINUOUS
10
3.5514482283464566
20
-3.8715918503937008
11
3.5514482283464566
21
-3.8685656299212599
0
LINE
8
BLACK
6
CONTINUOUS
10
3.5514482283464566
20
-3.8685656299212599
11
3.5526062992125982
21
-3.8657698031496062
0
LINE
8
BLACK
6
CONTINUOUS
10
3.5526062992125982
20
-3.8657698031496062
11
3.5547461811023622
21
-3.8636299212598426
0
LINE
8
BLACK
6
CONTINUOUS
10
3.5547461811023622
20
-3.8636299212598426
11
3.5575420078740159
21
-3.8624718503937006
0
LINE
8
BLACK
6
CONTINUOUS
10
3.5575420078740159
20
-3.8624718503937006
11
3.5605682283464568
21
-3.8624718503937006
0
LINE
8
BLACK
6
CONTINUOUS
10
3.5605682283464568
20
-3.8624718503937006
11
3.5633640551181101
21
-3.8636299212598426
0
LINE
8
BLACK
6
CONTINUOUS
10
3.594860118110236
20
-3.8636299212598426
11
3.597
21
-3.8657698031496062
0
LINE
8
BLACK
6
CONTINUOUS
10
3.597
20
-3.8657698031496062
11
3.5981580708661416
21
-3.8685656299212599
0
LINE
8
BLACK
6
CONTINUOUS
10
3.5981580708661416
20
-3.8685656299212599
11
3.5981580708661416
21
-3.8715918503937008
0
LINE
8
BLACK
6
CONTINUOUS
10
3.5981580708661416
20
-3.8715918503937008
11
3.597
21
-3.874387677165354
0
LINE
8
BLACK
6
CONTINUOUS
10
3.597
20
-3.874387677165354
11
3.594860118110236
21
-3.876527559055118
0
LINE
8
BLACK
6
CONTINUOUS
10
3.594860118110236
20
-3.876527559055118
11
3.5920642913385827
21
-3.8776856299212596
0
LINE
8
BLACK
6
CONTINUOUS
10
3.5920642913385827
20
-3.8776856299212596
11
3.5890380708661418
21
-3.8776856299212596
0
LINE
8
BLACK
6
CONTINUOUS
10
3.5890380708661418
20
-3.8776856299212596
11
3.5862422440944881
21
-3.876527559055118
0
LINE
8
BLACK
6
CONTINUOUS
10
3.5862422440944881
20
-3.876527559055118
11
3.5841023622047241
21
-3.874387677165354
0
LINE
8
BLACK
6
CONTINUOUS
10
3.5841023622047241
20
-3.874387677165354
11
3.5829442913385825
21
-3.8715918503937008
0
LINE
8
BLACK
6
CONTINUOUS
10
3.5829442913385825
20
-3.8715918503937008
11
3.5829442913385825
21
-3.8685656299212599
0
LINE
8
BLACK
6
CONTINUOUS
10
3.5829442913385825
20
-3.8685656299212599
11
3.5841023622047241
21
-3.8657698031496062
0
LINE
8
BLACK
6
CONTINUOUS
10
3.5841023622047241
20
-3.8657698031496062
11
3.5862422440944881
21
-3.8636299212598426
0
LINE
8
BLACK
6
CONTINUOUS
10
3.5862422440944881
20
-3.8636299212598426
11
3.5890380708661418
21
-3.8624718503937006
0
LINE
8
BLACK
6
CONTINUOUS
10
3.5890380708661418
20
-3.8624718503937006
11
3.5920642913385827
21
-3.8624718503937006
0
LINE
8
BLACK
6
CONTINUOUS
10
3.5920642913385827
20
-3.8624718503937006
11
3.594860118110236
21
-3.8636299212598426
0
LINE
8
BLACK
6
CONTINUOUS
10
3.6263561811023619
20
-3.8636299212598426
11
3.6284960629921259
21
-3.8657698031496062
0
LINE
8
BLACK
6
CONTINUOUS
10
3.6284960629921259
20
-3.8657698031496062
11
3.6296541338582675
21
-3.8685656299212599
0
LINE
8
BLACK
6
CONTINUOUS
10
3.6296541338582675
20
-3.8685656299212599
11
3.6296541338582675
21
-3.8715918503937008
0
LINE
8
BLACK
6
CONTINUOUS
10
3.6296541338582675
20
-3.8715918503937008
11
3.6284960629921259
21
-3.874387677165354
0
LINE
8
BLACK
6
CONTINUOUS
10
3.6284960629921259
20
-3.874387677165354
11
3.6263561811023619
21
-3.876527559055118
0
LINE
8
BLACK
6
CONTINUOUS
10
3.6263561811023619
20
-3.876527559055118
11
3.6235603543307087
21
-3.8776856299212596
0
LINE
8
BLACK
6
CONTINUOUS
10
3.6235603543307087
20
-3.8776856299212596
11
3.6205341338582677
21
-3.8776856299212596
0
LINE
8
BLACK
6
CONTINUOUS
10
3.6205341338582677
20
-3.8776856299212596
11
3.617738307086614
21
-3.876527559055118
0
LINE
8
BLACK
6
CONTINUOUS
10
3.617738307086614
20
-3.876527559055118
11
3.6155984251968505
21
-3.874387677165354
0
LINE
8
BLACK
6
CONTINUOUS
10
3.6155984251968505
20
-3.874387677165354
11
3.6144403543307084
21
-3.8715918503937008
0
LINE
8
BLACK
6
CONTINUOUS
10
3.6144403543307084
20
-3.8715918503937008
11
3.6144403543307084
21
-3.8685656299212599
0
LINE
8
BLACK
6
CONTINUOUS
10
3.6144403543307084
20
-3.8685656299212599
11
3.6155984251968505
21
-3.8657698031496062
0
LINE
8
BLACK
6
CONTINUOUS
10
3.6155984251968505
20
-3.8657698031496062
11
3.617738307086614
21
-3.8636299212598426
0
LINE
8
BLACK
6
CONTINUOUS
10
3.617738307086614
20
-3.8636299212598426
11
3.6205341338582677
21
-3.8624718503937006
0
LINE
8
BLACK
6
CONTINUOUS
10
3.6205341338582677
20
-3.8624718503937006
11
3.6235603543307087
21
-3.8624718503937006
0
LINE
8
BLACK
6
CONTINUOUS
10
3.6235603543307087
20
-3.8624718503937006
11
3.6263561811023619
21
-3.8636299212598426
0
LINE
8
BLACK
6
CONTINUOUS
10
3.6578522440944883
20
-3.8636299212598426
11
3.6599921259842518
21
-3.8657698031496062
0
LINE
8
BLACK
6
CONTINUOUS
10
3.6599921259842518
20
-3.8657698031496062
11
3.6611501968503934
21
-3.8685656299212599
0
LINE
8
BLACK
6
CONTINUOUS
10
3.6611501968503934
20
-3.8685656299212599
11
3.6611501968503934
21
-3.8715918503937008
0
LINE
8
BLACK
6
CONTINUOUS
10
3.6611501968503934
20
-3.8715918503937008
11
3.6599921259842518
21
-3.874387677165354
0
LINE
8
BLACK
6
CONTINUOUS
10
3.6599921259842518
20
-3.874387677165354
11
3.6578522440944883
21
-3.876527559055118
0
LINE
8
BLACK
6
CONTINUOUS
10
3.6578522440944883
20
-3.876527559055118
11
3.6550564173228346
21
-3.8776856299212596
0
LINE
8
BLACK
6
CONTINUOUS
10
3.6550564173228346
20
-3.8776856299212596
11
3.6520301968503937
21
-3.8776856299212596
0
LINE
8
BLACK
6
CONTINUOUS
10
3.6520301968503937
20
-3.8776856299212596
11
3.64923437007874
21
-3.876527559055118
0
LINE
8
BLACK
6
CONTINUOUS
10
3.64923437007874
20
-3.876527559055118
11
3.6470944881889764
21
-3.874387677165354
0
LINE
8
BLACK
6
CONTINUOUS
10
3.6470944881889764
20
-3.874387677165354
11
3.6459364173228344
21
-3.8715918503937008
0
LINE
8
BLACK
6
CONTINUOUS
10
3.6459364173228344
20
-3.8715918503937008
11
3.6459364173228344
21
-3.8685656299212599
0
LINE
8
BLACK
6
CONTINUOUS
10
3.6459364173228344
20
-3.8685656299212599
11
3.6470944881889764
21
-3.8657698031496062
0
LINE
8
BLACK
6
CONTINUOUS
10
3.6470944881889764
20
-3.8657698031496062
11
3.64923437007874
21
-3.8636299212598426
0
LINE
8
BLACK
6
CONTINUOUS
10
3.64923437007874
20
-3.8636299212598426
11
3.6520301968503937
21
-3.8624718503937006
0
LINE
8
BLACK
6
CONTINUOUS
10
3.6520301968503937
20
-3.8624718503937006
11
3.6550564173228346
21
-3.8624718503937006
0
LINE
8
BLACK
6
CONTINUOUS
10
3.6550564173228346
20
-3.8624718503937006
11
3.6578522440944883
21
-3.8636299212598426
0
LINE
8
BLACK
6
CONTINUOUS
10
3.6893483070866142
20
-3.8636299212598426
11
3.6914881889763778
21
-3.8657698031496062
0
LINE
8
BLACK
6
CONTINUOUS
10
3.6914881889763778
20
-3.8657698031496062
11
3.6926462598425198
21
-3.8685656299212599
0
LINE
8
BLACK
6
CONTINUOUS
10
3.6926462598425198
20
-3.8685656299212599
11
3.6926462598425198
21
-3.8715918503937008
0
LINE
8
BLACK
6
CONTINUOUS
10
3.6926462598425198
20
-3.8715918503937008
11
3.6914881889763778
21
-3.874387677165354
0
LINE
8
BLACK
6
CONTINUOUS
10
3.6914881889763778
20
-3.874387677165354
11
3.6893483070866142
21
-3.876527559055118
0
LINE
8
BLACK
6
CONTINUOUS
10
3.6893483070866142
20
-3.876527559055118
11
3.6865524803149605
21
-3.8776856299212596
0
LINE
8
BLACK
6
CONTINUOUS
10
3.6865524803149605
20
-3.8776856299212596
11
3.6835262598425196
21
-3.8776856299212596
0
LINE
8
BLACK
6
CONTINUOUS
10
3.6835262598425196
20
-3.8776856299212596
11
3.6807304330708659
21
-3.876527559055118
0
LINE
8
BLACK
6
CONTINUOUS
10
3.6807304330708659
20
-3.876527559055118
11
3.6785905511811023
21
-3.874387677165354
0
LINE
8
BLACK
6
CONTINUOUS
10
3.6785905511811023
20
-3.874387677165354
11
3.6774324803149607
21
-3.8715918503937008
0
LINE
8
BLACK
6
CONTINUOUS
10
3.6774324803149607
20
-3.8715918503937008
11
3.6774324803149607
21
-3.8685656299212599
0
LINE
8
BLACK
6
CONTINUOUS
10
3.6774324803149607
20
-3.8685656299212599
11
3.6785905511811023
21
-3.8657698031496062
0
LINE
8
BLACK
6
CONTINUOUS
10
3.6785905511811023
20
-3.8657698031496062
11
3.6807304330708659
21
-3.8636299212598426
0
LINE
8
BLACK
6
CONTINUOUS
10
3.6807304330708659
20
-3.8636299212598426
11
3.6835262598425196
21
-3.8624718503937006
0
LINE
8
BLACK
6
CONTINUOUS
10
3.6835262598425196
20
-3.8624718503937006
11
3.6865524803149605
21
-3.8624718503937006
0
LINE
8
BLACK
6
CONTINUOUS
10
3.6865524803149605
20
-3.8624718503937006
11
3.6893483070866142
21
-3.8636299212598426
0
LINE
8
BLACK
6
CONTINUOUS
10
3.7208443700787401
20
-3.8636299212598426
11
3.7229842519685037
21
-3.8657698031496062
0
LINE
8
BLACK
6
CONTINUOUS
10
3.7229842519685037
20
-3.8657698031496062
11
3.7241423228346457
21
-3.8685656299212599
0
LINE
8
BLACK
6
CONTINUOUS
10
3.7241423228346457
20
-3.8685656299212599
11
3.7241423228346457
21
-3.8715918503937008
0
LINE
8
BLACK
6
CONTINUOUS
10
3.7241423228346457
20
-3.8715918503937008
11
3.7229842519685037
21
-3.874387677165354
0
LINE
8
BLACK
6
CONTINUOUS
10
3.7229842519685037
20
-3.874387677165354
11
3.7208443700787401
21
-3.876527559055118
0
LINE
8
BLACK
6
CONTINUOUS
10
3.7208443700787401
20
-3.876527559055118
11
3.7180485433070865
21
-3.8776856299212596
0
LINE
8
BLACK
6
CONTINUOUS
10
3.7180485433070865
20
-3.8776856299212596
11
3.7150223228346455
21
-3.8776856299212596
0
LINE
8
BLACK
6
CONTINUOUS
10
3.7150223228346455
20
-3.8776856299212596
11
3.7122264960629918
21
-3.876527559055118
0
LINE
8
BLACK
6
CONTINUOUS
10
3.7122264960629918
20
-3.876527559055118
11
3.7100866141732283
21
-3.874387677165354
0
LINE
8
BLACK
6
CONTINUOUS
10
3.7100866141732283
20
-3.874387677165354
11
3.7089285433070867
21
-3.8715918503937008
0
LINE
8
BLACK
6
CONTINUOUS
10
3.7089285433070867
20
-3.8715918503937008
11
3.7089285433070867
21
-3.8685656299212599
0
LINE
8
BLACK
6
CONTINUOUS
10
3.7089285433070867
20
-3.8685656299212599
11
3.7100866141732283
21
-3.8657698031496062
0
LINE
8
BLACK
6
CONTINUOUS
10
3.7100866141732283
20
-3.8657698031496062
11
3.7122264960629918
21
-3.8636299212598426
0
LINE
8
BLACK
6
CONTINUOUS
10
3.7122264960629918
20
-3.8636299212598426
11
3.7150223228346455
21
-3.8624718503937006
0
LINE
8
BLACK
6
CONTINUOUS
10
3.7150223228346455
20
-3.8624718503937006
11
3.7180485433070865
21
-3.8624718503937006
0
LINE
8
BLACK
6
CONTINUOUS
10
3.7180485433070865
20
-3.8624718503937006
11
3.7208443700787401
21
-3.8636299212598426
0
LINE
8
BLACK
6
CONTINUOUS
10
3.7523404330708661
20
-3.8636299212598426
11
3.7544803149606296
21
-3.8657698031496062
0
LINE
8
BLACK
6
CONTINUOUS
10
3.7544803149606296
20
-3.8657698031496062
11
3.7556383858267717
21
-3.8685656299212599
0
LINE
8
BLACK
6
CONTINUOUS
10
3.7556383858267717
20
-3.8685656299212599
11
3.7556383858267717
21
-3.8715918503937008
0
LINE
8
BLACK
6
CONTINUOUS
10
3.7556383858267717
20
-3.8715918503937008
11
3.7544803149606296
21
-3.874387677165354
0
LINE
8
BLACK
6
CONTINUOUS
10
3.7544803149606296
20
-3.874387677165354
11
3.7523404330708661
21
-3.876527559055118
0
LINE
8
BLACK
6
CONTINUOUS
10
3.7523404330708661
20
-3.876527559055118
11
3.7495446062992124
21
-3.8776856299212596
0
LINE
8
BLACK
6
CONTINUOUS
10
3.7495446062992124
20
-3.8776856299212596
11
3.7465183858267714
21
-3.8776856299212596
0
LINE
8
BLACK
6
CONTINUOUS
10
3.7465183858267714
20
-3.8776856299212596
11
3.7437225590551182
21
-3.876527559055118
0
LINE
8
BLACK
6
CONTINUOUS
10
3.7437225590551182
20
-3.876527559055118
11
3.7415826771653542
21
-3.874387677165354
0
LINE
8
BLACK
6
CONTINUOUS
10
3.7415826771653542
20
-3.874387677165354
11
3.7404246062992126
21
-3.8715918503937008
0
LINE
8
BLACK
6
CONTINUOUS
10
3.7404246062992126
20
-3.8715918503937008
11
3.7404246062992126
21
-3.8685656299212599
0
LINE
8
BLACK
6
CONTINUOUS
10
3.7404246062992126
20
-3.8685656299212599
11
3.7415826771653542
21
-3.8657698031496062
0
LINE
8
BLACK
6
CONTINUOUS
10
3.7415826771653542
20
-3.8657698031496062
11
3.7437225590551182
21
-3.8636299212598426
0
LINE
8
BLACK
6
CONTINUOUS
10
3.7437225590551182
20
-3.8636299212598426
11
3.7465183858267714
21
-3.8624718503937006
0
LINE
8
BLACK
6
CONTINUOUS
10
3.7465183858267714
20
-3.8624718503937006
11
3.7495446062992124
21
-3.8624718503937006
0
LINE
8
BLACK
6
CONTINUOUS
10
3.7495446062992124
20
-3.8624718503937006
11
3.7523404330708661
21
-3.8636299212598426
0
LINE
8
BLACK
6
CONTINUOUS
10
3.783836496062992
20
-3.8636299212598426
11
3.785976377952756
21
-3.8657698031496062
0
LINE
8
BLACK
6
CONTINUOUS
10
3.785976377952756
20
-3.8657698031496062
11
3.7871344488188976
21
-3.8685656299212599
0
LINE
8
BLACK
6
CONTINUOUS
10
3.7871344488188976
20
-3.8685656299212599
11
3.7871344488188976
21
-3.8715918503937008
0
LINE
8
BLACK
6
CONTINUOUS
10
3.7871344488188976
20
-3.8715918503937008
11
3.785976377952756
21
-3.874387677165354
0
LINE
8
BLACK
6
CONTINUOUS
10
3.785976377952756
20
-3.874387677165354
11
3.783836496062992
21
-3.876527559055118
0
LINE
8
BLACK
6
CONTINUOUS
10
3.783836496062992
20
-3.876527559055118
11
3.7810406692913383
21
-3.8776856299212596
0
LINE
8
BLACK
6
CONTINUOUS
10
3.7810406692913383
20
-3.8776856299212596
11
3.7780144488188974
21
-3.8776856299212596
0
LINE
8
BLACK
6
CONTINUOUS
10
3.7780144488188974
20
-3.8776856299212596
11
3.7752186220472441
21
-3.876527559055118
0
LINE
8
BLACK
6
CONTINUOUS
10
3.7752186220472441
20
-3.876527559055118
11
3.7730787401574801
21
-3.874387677165354
0
LINE
8
BLACK
6
CONTINUOUS
10
3.7730787401574801
20
-3.874387677165354
11
3.7719206692913385
21
-3.8715918503937008
0
LINE
8
BLACK
6
CONTINUOUS
10
3.7719206692913385
20
-3.8715918503937008
11
3.7719206692913385
21
-3.8685656299212599
0
LINE
8
BLACK
6
CONTINUOUS
10
3.7719206692913385
20
-3.8685656299212599
11
3.7730787401574801
21
-3.8657698031496062
0
LINE
8
BLACK
6
CONTINUOUS
10
3.7730787401574801
20
-3.8657698031496062
11
3.7752186220472441
21
-3.8636299212598426
0
LINE
8
BLACK
6
CONTINUOUS
10
3.7752186220472441
20
-3.8636299212598426
11
3.7780144488188974
21
-3.8624718503937006
0
LINE
8
BLACK
6
CONTINUOUS
10
3.7780144488188974
20
-3.8624718503937006
11
3.7810406692913383
21
-3.8624718503937006
0
LINE
8
BLACK
6
CONTINUOUS
10
3.7810406692913383
20
-3.8624718503937006
11
3.783836496062992
21
-3.8636299212598426
0
LINE
8
BLACK
6
CONTINUOUS
10
3.8153325590551179
20
-3.8636299212598426
11
3.8174724409448819
21
-3.8657698031496062
0
LINE
8
BLACK
6
CONTINUOUS
10
3.8174724409448819
20
-3.8657698031496062
11
3.8186305118110235
21
-3.8685656299212599
0
LINE
8
BLACK
6
CONTINUOUS
10
3.8186305118110235
20
-3.8685656299212599
11
3.8186305118110235
21
-3.8715918503937008
0
LINE
8
BLACK
6
CONTINUOUS
10
3.8186305118110235
20
-3.8715918503937008
11
3.8174724409448819
21
-3.874387677165354
0
LINE
8
BLACK
6
CONTINUOUS
10
3.8174724409448819
20
-3.874387677165354
11
3.8153325590551179
21
-3.876527559055118
0
LINE
8
BLACK
6
CONTINUOUS
10
3.8153325590551179
20
-3.876527559055118
11
3.8125367322834647
21
-3.8776856299212596
0
LINE
8
BLACK
6
CONTINUOUS
10
3.8125367322834647
20
-3.8776856299212596
11
3.8095105118110237
21
-3.8776856299212596
0
LINE
8
BLACK
6
CONTINUOUS
10
3.8095105118110237
20
-3.8776856299212596
11
3.80671468503937
21
-3.876527559055118
0
LINE
8
BLACK
6
CONTINUOUS
10
3.80671468503937
20
-3.876527559055118
11
3.8045748031496061
21
-3.874387677165354
0
LINE
8
BLACK
6
CONTINUOUS
10
3.8045748031496061
20
-3.874387677165354
11
3.8034167322834644
21
-3.8715918503937008
0
LINE
8
BLACK
6
CONTINUOUS
10
3.8034167322834644
20
-3.8715918503937008
11
3.8034167322834644
21
-3.8685656299212599
0
LINE
8
BLACK
6
CONTINUOUS
10
3.8034167322834644
20
-3.8685656299212599
11
3.8045748031496061
21
-3.8657698031496062
0
LINE
8
BLACK
6
CONTINUOUS
10
3.8045748031496061
20
-3.8657698031496062
11
3.80671468503937
21
-3.8636299212598426
0
LINE
8
BLACK
6
CONTINUOUS
10
3.80671468503937
20
-3.8636299212598426
11
3.8095105118110237
21
-3.8624718503937006
0
LINE
8
BLACK
6
CONTINUOUS
10
3.8095105118110237
20
-3.8624718503937006
11
3.8125367322834647
21
-3.8624718503937006
0
LINE
8
BLACK
6
CONTINUOUS
10
3.8125367322834647
20
-3.8624718503937006
11
3.8153325590551179
21
-3.8636299212598426
0
LINE
8
BLACK
6
CONTINUOUS
10
3.8468286220472439
20
-3.8636299212598426
11
3.8489685039370078
21
-3.8657698031496062
0
LINE
8
BLACK
6
CONTINUOUS
10
3.8489685039370078
20
-3.8657698031496062
11
3.8501265748031495
21
-3.8685656299212599
0
LINE
8
BLACK
6
CONTINUOUS
10
3.8501265748031495
20
-3.8685656299212599
11
3.8501265748031495
21
-3.8715918503937008
0
LINE
8
BLACK
6
CONTINUOUS
10
3.8501265748031495
20
-3.8715918503937008
11
3.8489685039370078
21
-3.874387677165354
0
LINE
8
BLACK
6
CONTINUOUS
10
3.8489685039370078
20
-3.874387677165354
11
3.8468286220472439
21
-3.876527559055118
0
LINE
8
BLACK
6
CONTINUOUS
10
3.8468286220472439
20
-3.876527559055118
11
3.8440327952755906
21
-3.8776856299212596
0
LINE
8
BLACK
6
CONTINUOUS
10
3.8440327952755906
20
-3.8776856299212596
11
3.8410065748031497
21
-3.8776856299212596
0
LINE
8
BLACK
6
CONTINUOUS
10
3.8410065748031497
20
-3.8776856299212596
11
3.838210748031496
21
-3.876527559055118
0
LINE
8
BLACK
6
CONTINUOUS
10
3.838210748031496
20
-3.876527559055118
11
3.836070866141732
21
-3.874387677165354
0
LINE
8
BLACK
6
CONTINUOUS
10
3.836070866141732
20
-3.874387677165354
11
3.8349127952755904
21
-3.8715918503937008
0
LINE
8
BLACK
6
CONTINUOUS
10
3.8349127952755904
20
-3.8715918503937008
11
3.8349127952755904
21
-3.8685656299212599
0
LINE
8
BLACK
6
CONTINUOUS
10
3.8349127952755904
20
-3.8685656299212599
11
3.836070866141732
21
-3.8657698031496062
0
LINE
8
BLACK
6
CONTINUOUS
10
3.836070866141732
20
-3.8657698031496062
11
3.838210748031496
21
-3.8636299212598426
0
LINE
8
BLACK
6
CONTINUOUS
10
3.838210748031496
20
-3.8636299212598426
11
3.8410065748031497
21
-3.8624718503937006
0
LINE
8
BLACK
6
CONTINUOUS
10
3.8410065748031497
20
-3.8624718503937006
11
3.8440327952755906
21
-3.8624718503937006
0
LINE
8
BLACK
6
CONTINUOUS
10
3.8440327952755906
20
-3.8624718503937006
11
3.8468286220472439
21
-3.8636299212598426
0
LINE
8
BLACK
6
CONTINUOUS
10
3.8783246850393698
20
-3.8636299212598426
11
3.8804645669291338
21
-3.8657698031496062
0
LINE
8
BLACK
6
CONTINUOUS
10
3.8804645669291338
20
-3.8657698031496062
11
3.8816226377952754
21
-3.8685656299212599
0
LINE
8
BLACK
6
CONTINUOUS
10
3.8816226377952754
20
-3.8685656299212599
11
3.8816226377952754
21
-3.8715918503937008
0
LINE
8
BLACK
6
CONTINUOUS
10
3.8816226377952754
20
-3.8715918503937008
11
3.8804645669291338
21
-3.874387677165354
0
LINE
8
BLACK
6
CONTINUOUS
10
3.8804645669291338
20
-3.874387677165354
11
3.8783246850393698
21
-3.876527559055118
0
LINE
8
BLACK
6
CONTINUOUS
10
3.8783246850393698
20
-3.876527559055118
11
3.8755288582677165
21
-3.8776856299212596
0
LINE
8
BLACK
6
CONTINUOUS
10
3.8755288582677165
20
-3.8776856299212596
11
3.8725026377952756
21
-3.8776856299212596
0
LINE
8
BLACK
6
CONTINUOUS
10
3.8725026377952756
20
-3.8776856299212596
11
3.8697068110236219
21
-3.876527559055118
0
LINE
8
BLACK
6
CONTINUOUS
10
3.8697068110236219
20
-3.876527559055118
11
3.8675669291338584
21
-3.874387677165354
0
LINE
8
BLACK
6
CONTINUOUS
10
3.8675669291338584
20
-3.874387677165354
11
3.8664088582677163
21
-3.8715918503937008
0
LINE
8
BLACK
6
CONTINUOUS
10
3.8664088582677163
20
-3.8715918503937008
11
3.8664088582677163
21
-3.8685656299212599
0
LINE
8
BLACK
6
CONTINUOUS
10
3.8664088582677163
20
-3.8685656299212599
11
3.8675669291338584
21
-3.8657698031496062
0
LINE
8
BLACK
6
CONTINUOUS
10
3.8675669291338584
20
-3.8657698031496062
11
3.8697068110236219
21
-3.8636299212598426
0
LINE
8
BLACK
6
CONTINUOUS
10
3.8697068110236219
20
-3.8636299212598426
11
3.8725026377952756
21
-3.8624718503937006
0
LINE
8
BLACK
6
CONTINUOUS
10
3.8725026377952756
20
-3.8624718503937006
11
3.8755288582677165
21
-3.8624718503937006
0
LINE
8
BLACK
6
CONTINUOUS
10
3.8755288582677165
20
-3.8624718503937006
11
3.8783246850393698
21
-3.8636299212598426
0
LINE
8
BLACK
6
CONTINUOUS
10
3.9098207480314962
20
-3.8636299212598426
11
3.9119606299212597
21
-3.8657698031496062
0
LINE
8
BLACK
6
CONTINUOUS
10
3.9119606299212597
20
-3.8657698031496062
11
3.9131187007874013
21
-3.8685656299212599
0
LINE
8
BLACK
6
CONTINUOUS
10
3.9131187007874013
20
-3.8685656299212599
11
3.9131187007874013
21
-3.8715918503937008
0
LINE
8
BLACK
6
CONTINUOUS
10
3.9131187007874013
20
-3.8715918503937008
11
3.9119606299212597
21
-3.874387677165354
0
LINE
8
BLACK
6
CONTINUOUS
10
3.9119606299212597
20
-3.874387677165354
11
3.9098207480314962
21
-3.876527559055118
0
LINE
8
BLACK
6
CONTINUOUS
10
3.9098207480314962
20
-3.876527559055118
11
3.9070249212598425
21
-3.8776856299212596
0
LINE
8
BLACK
6
CONTINUOUS
10
3.9070249212598425
20
-3.8776856299212596
11
3.9039987007874015
21
-3.8776856299212596
0
LINE
8
BLACK
6
CONTINUOUS
10
3.9039987007874015
20
-3.8776856299212596
11
3.9012028740157478
21
-3.876527559055118
0
LINE
8
BLACK
6
CONTINUOUS
10
3.9012028740157478
20
-3.876527559055118
11
3.8990629921259843
21
-3.874387677165354
0
LINE
8
BLACK
6
CONTINUOUS
10
3.8990629921259843
20
-3.874387677165354
11
3.8979049212598422
21
-3.8715918503937008
0
LINE
8
BLACK
6
CONTINUOUS
10
3.8979049212598422
20
-3.8715918503937008
11
3.8979049212598422
21
-3.8685656299212599
0
LINE
8
BLACK
6
CONTINUOUS
10
3.8979049212598422
20
-3.8685656299212599
11
3.8990629921259843
21
-3.8657698031496062
0
LINE
8
BLACK
6
CONTINUOUS
10
3.8990629921259843
20
-3.8657698031496062
11
3.9012028740157478
21
-3.8636299212598426
0
LINE
8
BLACK
6
CONTINUOUS
10
3.9012028740157478
20
-3.8636299212598426
11
3.9039987007874015
21
-3.8624718503937006
0
LINE
8
BLACK
6
CONTINUOUS
10
3.9039987007874015
20
-3.8624718503937006
11
3.9070249212598425
21
-3.8624718503937006
0
LINE
8
BLACK
6
CONTINUOUS
10
3.9070249212598425
20
-3.8624718503937006
11
3.9098207480314962
21
-3.8636299212598426
0
LINE
8
BLACK
6
CONTINUOUS
10
4.1698803937007876
20
-3.8362854724409448
11
4.1726744094488186
21
-3.8381523622047244
0
LINE
8
BLACK
6
CONTINUOUS
10
4.1726744094488186
20
-3.8381523622047244
11
4.1745412992125983
21
-3.840946377952756
0
LINE
8
BLACK
6
CONTINUOUS
10
4.1745412992125983
20
-3.840946377952756
11
4.1751968503937009
21
-3.8442421259842519
0
LINE
8
BLACK
6
CONTINUOUS
10
4.1751968503937009
20
-3.8442421259842519
11
4.1751968503937009
21
-3.8644192913385824
0
LINE
8
BLACK
6
CONTINUOUS
10
4.1751968503937009
20
-3.8644192913385824
11
4.1745412992125983
21
-3.8677150393700788
0
LINE
8
BLACK
6
CONTINUOUS
10
4.1745412992125983
20
-3.8677150393700788
11
4.1726744094488186
21
-3.8705090551181103
0
LINE
8
BLACK
6
CONTINUOUS
10
4.1726744094488186
20
-3.8705090551181103
11
4.1698803937007876
21
-3.8723759448818895
0
LINE
8
BLACK
6
CONTINUOUS
10
4.1698803937007876
20
-3.8723759448818895
11
4.1665846456692917
21
-3.8730314960629921
0
LINE
8
BLACK
6
CONTINUOUS
10
4.1665846456692917
20
-3.8730314960629921
11
4.1493602362204722
21
-3.8730314960629921
0
LINE
8
BLACK
6
CONTINUOUS
10
4.1493602362204722
20
-3.8730314960629921
11
4.1460644881889763
21
-3.8723759448818895
0
LINE
8
BLACK
6
CONTINUOUS
10
4.1460644881889763
20
-3.8723759448818895
11
4.1432704724409444
21
-3.8705090551181103
0
LINE
8
BLACK
6
CONTINUOUS
10
4.1432704724409444
20
-3.8705090551181103
11
4.1414035826771656
21
-3.8677150393700788
0
LINE
8
BLACK
6
CONTINUOUS
10
4.1414035826771656
20
-3.8677150393700788
11
4.140748031496063
21
-3.8644192913385824
0
LINE
8
BLACK
6
CONTINUOUS
10
4.140748031496063
20
-3.8644192913385824
11
4.140748031496063
21
-3.8442421259842519
0
LINE
8
BLACK
6
CONTINUOUS
10
4.140748031496063
20
-3.8442421259842519
11
4.1414035826771656
21
-3.840946377952756
0
LINE
8
BLACK
6
CONTINUOUS
10
4.1414035826771656
20
-3.840946377952756
11
4.1432704724409444
21
-3.8381523622047244
0
LINE
8
BLACK
6
CONTINUOUS
10
4.1432704724409444
20
-3.8381523622047244
11
4.1460644881889763
21
-3.8362854724409448
0
LINE
8
BLACK
6
CONTINUOUS
10
4.1460644881889763
20
-3.8362854724409448
11
4.1493602362204722
21
-3.8356299212598426
0
LINE
8
BLACK
6
CONTINUOUS
10
4.1493602362204722
20
-3.8356299212598426
11
4.1665846456692917
21
-3.8356299212598426
0
LINE
8
BLACK
6
CONTINUOUS
10
4.1665846456692917
20
-3.8356299212598426
11
4.1698803937007876
21
-3.8362854724409448
0
LINE
8
BLACK
6
CONTINUOUS
10
4.2318882677165357
20
-3.8362854724409448
11
4.2346822834645668
21
-3.8381523622047244
0
LINE
8
BLACK
6
CONTINUOUS
10
4.2346822834645668
20
-3.8381523622047244
11
4.2365491732283465
21
-3.840946377952756
0
LINE
8
BLACK
6
CONTINUOUS
10
4.2365491732283465
20
-3.840946377952756
11
4.2372047244094491
21
-3.8442421259842519
0
LINE
8
BLACK
6
CONTINUOUS
10
4.2372047244094491
20
-3.8442421259842519
11
4.2372047244094491
21
-3.8644192913385824
0
LINE
8
BLACK
6
CONTINUOUS
10
4.2372047244094491
20
-3.8644192913385824
11
4.2365491732283465
21
-3.8677150393700788
0
LINE
8
BLACK
6
CONTINUOUS
10
4.2365491732283465
20
-3.8677150393700788
11
4.2346822834645668
21
-3.8705090551181103
0
LINE
8
BLACK
6
CONTINUOUS
10
4.2346822834645668
20
-3.8705090551181103
11
4.2318882677165357
21
-3.8723759448818895
0
LINE
8
BLACK
6
CONTINUOUS
10
4.2318882677165357
20
-3.8723759448818895
11
4.2285925196850389
21
-3.8730314960629921
0
LINE
8
BLACK
6
CONTINUOUS
10
4.2285925196850389
20
-3.8730314960629921
11
4.2113681102362204
21
-3.8730314960629921
0
LINE
8
BLACK
6
CONTINUOUS
10
4.2113681102362204
20
-3.8730314960629921
11
4.2080723622047245
21
-3.8723759448818895
0
LINE
8
BLACK
6
CONTINUOUS
10
4.2080723622047245
20
-3.8723759448818895
11
4.2052783464566925
21
-3.8705090551181103
0
LINE
8
BLACK
6
CONTINUOUS
10
4.2052783464566925
20
-3.8705090551181103
11
4.2034114566929137
21
-3.8677150393700788
0
LINE
8
BLACK
6
CONTINUOUS
10
4.2034114566929137
20
-3.8677150393700788
11
4.2027559055118111
21
-3.8644192913385824
0
LINE
8
BLACK
6
CONTINUOUS
10
4.2027559055118111
20
-3.8644192913385824
11
4.2027559055118111
21
-3.8442421259842519
0
LINE
8
BLACK
6
CONTINUOUS
10
4.2027559055118111
20
-3.8442421259842519
11
4.2034114566929137
21
-3.840946377952756
0
LINE
8
BLACK
6
CONTINUOUS
10
4.2034114566929137
20
-3.840946377952756
11
4.2052783464566925
21
-3.8381523622047244
0
LINE
8
BLACK
6
CONTINUOUS
10
4.2052783464566925
20
-3.8381523622047244
11
4.2080723622047245
21
-3.8362854724409448
0
LINE
8
BLACK
6
CONTINUOUS
10
4.2080723622047245
20
-3.8362854724409448
11
4.2113681102362204
21
-3.8356299212598426
0
LINE
8
BLACK
6
CONTINUOUS
10
4.2113681102362204
20
-3.8356299212598426
11
4.2285925196850389
21
-3.8356299212598426
0
LINE
8
BLACK
6
CONTINUOUS
10
4.2285925196850389
20
-3.8356299212598426
11
4.2318882677165357
21
-3.8362854724409448
0
LINE
8
BLACK
6
CONTINUOUS
10
3.1816914173228348
20
-3.8284114566929133
11
3.1844854330708663
21
-3.830278346456693
0
LINE
8
BLACK
6
CONTINUOUS
10
3.1844854330708663
20
-3.830278346456693
11
3.1863523228346455
21
-3.8330723622047245
0
LINE
8
BLACK
6
CONTINUOUS
10
3.1863523228346455
20
-3.8330723622047245
11
3.1870078740157481
21
-3.8363681102362204
0
LINE
8
BLACK
6
CONTINUOUS
10
3.1870078740157481
20
-3.8363681102362204
11
3.1870078740157481
21
-3.8565452755905509
0
LINE
8
BLACK
6
CONTINUOUS
10
3.1870078740157481
20
-3.8565452755905509
11
3.1863523228346455
21
-3.8598410236220473
0
LINE
8
BLACK
6
CONTINUOUS
10
3.1863523228346455
20
-3.8598410236220473
11
3.1844854330708663
21
-3.8626350393700788
0
LINE
8
BLACK
6
CONTINUOUS
10
3.1844854330708663
20
-3.8626350393700788
11
3.1816914173228348
21
-3.864501929133858
0
LINE
8
BLACK
6
CONTINUOUS
10
3.1816914173228348
20
-3.864501929133858
11
3.1783956692913384
21
-3.8651574803149606
0
LINE
8
BLACK
6
CONTINUOUS
10
3.1783956692913384
20
-3.8651574803149606
11
3.1611712598425195
21
-3.8651574803149606
0
LINE
8
BLACK
6
CONTINUOUS
10
3.1611712598425195
20
-3.8651574803149606
11
3.1578755118110236
21
-3.864501929133858
0
LINE
8
BLACK
6
CONTINUOUS
10
3.1578755118110236
20
-3.864501929133858
11
3.155081496062992
21
-3.8626350393700788
0
LINE
8
BLACK
6
CONTINUOUS
10
3.155081496062992
20
-3.8626350393700788
11
3.1532146062992124
21
-3.8598410236220473
0
LINE
8
BLACK
6
CONTINUOUS
10
3.1532146062992124
20
-3.8598410236220473
11
3.1525590551181102
21
-3.8565452755905509
0
LINE
8
BLACK
6
CONTINUOUS
10
3.1525590551181102
20
-3.8565452755905509
11
3.1525590551181102
21
-3.8363681102362204
0
LINE
8
BLACK
6
CONTINUOUS
10
3.1525590551181102
20
-3.8363681102362204
11
3.1532146062992124
21
-3.8330723622047245
0
LINE
8
BLACK
6
CONTINUOUS
10
3.1532146062992124
20
-3.8330723622047245
11
3.155081496062992
21
-3.830278346456693
0
LINE
8
BLACK
6
CONTINUOUS
10
3.155081496062992
20
-3.830278346456693
11
3.1578755118110236
21
-3.8284114566929133
0
LINE
8
BLACK
6
CONTINUOUS
10
3.1578755118110236
20
-3.8284114566929133
11
3.1611712598425195
21
-3.8277559055118111
0
LINE
8
BLACK
6
CONTINUOUS
10
3.1611712598425195
20
-3.8277559055118111
11
3.1783956692913384
21
-3.8277559055118111
0
LINE
8
BLACK
6
CONTINUOUS
10
3.1783956692913384
20
-3.8277559055118111
11
3.1816914173228348
21
-3.8284114566929133
0
LINE
8
BLACK
6
CONTINUOUS
10
3.2436992913385825
20
-3.8284114566929133
11
3.246493307086614
21
-3.830278346456693
0
LINE
8
BLACK
6
CONTINUOUS
10
3.246493307086614
20
-3.830278346456693
11
3.2483601968503937
21
-3.8330723622047245
0
LINE
8
BLACK
6
CONTINUOUS
10
3.2483601968503937
20
-3.8330723622047245
11
3.2490157480314958
21
-3.8363681102362204
0
LINE
8
BLACK
6
CONTINUOUS
10
3.2490157480314958
20
-3.8363681102362204
11
3.2490157480314958
21
-3.8565452755905509
0
LINE
8
BLACK
6
CONTINUOUS
10
3.2490157480314958
20
-3.8565452755905509
11
3.2483601968503937
21
-3.8598410236220473
0
LINE
8
BLACK
6
CONTINUOUS
10
3.2483601968503937
20
-3.8598410236220473
11
3.246493307086614
21
-3.8626350393700788
0
LINE
8
BLACK
6
CONTINUOUS
10
3.246493307086614
20
-3.8626350393700788
11
3.2436992913385825
21
-3.864501929133858
0
LINE
8
BLACK
6
CONTINUOUS
10
3.2436992913385825
20
-3.864501929133858
11
3.2404035433070866
21
-3.8651574803149606
0
LINE
8
BLACK
6
CONTINUOUS
10
3.2404035433070866
20
-3.8651574803149606
11
3.2231791338582676
21
-3.8651574803149606
0
LINE
8
BLACK
6
CONTINUOUS
10
3.2231791338582676
20
-3.8651574803149606
11
3.2198833858267717
21
-3.864501929133858
0
LINE
8
BLACK
6
CONTINUOUS
10
3.2198833858267717
20
-3.864501929133858
11
3.2170893700787402
21
-3.8626350393700788
0
LINE
8
BLACK
6
CONTINUOUS
10
3.2170893700787402
20
-3.8626350393700788
11
3.2152224803149605
21
-3.8598410236220473
0
LINE
8
BLACK
6
CONTINUOUS
10
3.2152224803149605
20
-3.8598410236220473
11
3.2145669291338583
21
-3.8565452755905509
0
LINE
8
BLACK
6
CONTINUOUS
10
3.2145669291338583
20
-3.8565452755905509
11
3.2145669291338583
21
-3.8363681102362204
0
LINE
8
BLACK
6
CONTINUOUS
10
3.2145669291338583
20
-3.8363681102362204
11
3.2152224803149605
21
-3.8330723622047245
0
LINE
8
BLACK
6
CONTINUOUS
10
3.2152224803149605
20
-3.8330723622047245
11
3.2170893700787402
21
-3.830278346456693
0
LINE
8
BLACK
6
CONTINUOUS
10
3.2170893700787402
20
-3.830278346456693
11
3.2198833858267717
21
-3.8284114566929133
0
LINE
8
BLACK
6
CONTINUOUS
10
3.2198833858267717
20
-3.8284114566929133
11
3.2231791338582676
21
-3.8277559055118111
0
LINE
8
BLACK
6
CONTINUOUS
10
3.2231791338582676
20
-3.8277559055118111
11
3.2404035433070866
21
-3.8277559055118111
0
LINE
8
BLACK
6
CONTINUOUS
10
3.2404035433070866
20
-3.8277559055118111
11
3.2436992913385825
21
-3.8284114566929133
0
LINE
8
BLACK
6
CONTINUOUS
10
4.0370063779527561
20
-3.8146319291338582
11
4.0398003937007871
21
-3.8164988188976379
0
LINE
8
BLACK
6
CONTINUOUS
10
4.0398003937007871
20
-3.8164988188976379
11
4.0416672834645668
21
-3.8192928346456694
0
LINE
8
BLACK
6
CONTINUOUS
10
4.0416672834645668
20
-3.8192928346456694
11
4.0423228346456694
21
-3.8225885826771653
0
LINE
8
BLACK
6
CONTINUOUS
10
4.0423228346456694
20
-3.8225885826771653
11
4.0423228346456694
21
-3.8398129921259843
0
LINE
8
BLACK
6
CONTINUOUS
10
4.0423228346456694
20
-3.8398129921259843
11
4.0416672834645668
21
-3.8431087401574802
0
LINE
8
BLACK
6
CONTINUOUS
10
4.0416672834645668
20
-3.8431087401574802
11
4.0398003937007871
21
-3.8459027559055117
0
LINE
8
BLACK
6
CONTINUOUS
10
4.0398003937007871
20
-3.8459027559055117
11
4.0370063779527561
21
-3.8477696456692914
0
LINE
8
BLACK
6
CONTINUOUS
10
4.0370063779527561
20
-3.8477696456692914
11
4.0337106299212602
21
-3.8484251968503935
0
LINE
8
BLACK
6
CONTINUOUS
10
4.0337106299212602
20
-3.8484251968503935
11
4.0135334645669287
21
-3.8484251968503935
0
LINE
8
BLACK
6
CONTINUOUS
10
4.0135334645669287
20
-3.8484251968503935
11
4.0102377165354328
21
-3.8477696456692914
0
LINE
8
BLACK
6
CONTINUOUS
10
4.0102377165354328
20
-3.8477696456692914
11
4.0074437007874018
21
-3.8459027559055117
0
LINE
8
BLACK
6
CONTINUOUS
10
4.0074437007874018
20
-3.8459027559055117
11
4.0055768110236221
21
-3.8431087401574802
0
LINE
8
BLACK
6
CONTINUOUS
10
4.0055768110236221
20
-3.8431087401574802
11
4.0049212598425195
21
-3.8398129921259843
0
LINE
8
BLACK
6
CONTINUOUS
10
4.0049212598425195
20
-3.8398129921259843
11
4.0049212598425195
21
-3.8225885826771653
0
LINE
8
BLACK
6
CONTINUOUS
10
4.0049212598425195
20
-3.8225885826771653
11
4.0055768110236221
21
-3.8192928346456694
0
LINE
8
BLACK
6
CONTINUOUS
10
4.0055768110236221
20
-3.8192928346456694
11
4.0074437007874018
21
-3.8164988188976379
0
LINE
8
BLACK
6
CONTINUOUS
10
4.0074437007874018
20
-3.8164988188976379
11
4.0102377165354328
21
-3.8146319291338582
0
LINE
8
BLACK
6
CONTINUOUS
10
4.0102377165354328
20
-3.8146319291338582
11
4.0135334645669287
21
-3.813976377952756
0
LINE
8
BLACK
6
CONTINUOUS
10
4.0135334645669287
20
-3.813976377952756
11
4.0337106299212602
21
-3.813976377952756
0
LINE
8
BLACK
6
CONTINUOUS
10
4.0337106299212602
20
-3.813976377952756
11
4.0370063779527561
21
-3.8146319291338582
0
LINE
8
BLACK
6
CONTINUOUS
10
4.0960614960629922
20
-3.8146319291338582
11
4.0988555118110233
21
-3.8164988188976379
0
LINE
8
BLACK
6
CONTINUOUS
10
4.0988555118110233
20
-3.8164988188976379
11
4.1007224015748029
21
-3.8192928346456694
0
LINE
8
BLACK
6
CONTINUOUS
10
4.1007224015748029
20
-3.8192928346456694
11
4.1013779527559056
21
-3.8225885826771653
0
LINE
8
BLACK
6
CONTINUOUS
10
4.1013779527559056
20
-3.8225885826771653
11
4.1013779527559056
21
-3.8398129921259843
0
LINE
8
BLACK
6
CONTINUOUS
10
4.1013779527559056
20
-3.8398129921259843
11
4.1007224015748029
21
-3.8431087401574802
0
LINE
8
BLACK
6
CONTINUOUS
10
4.1007224015748029
20
-3.8431087401574802
11
4.0988555118110233
21
-3.8459027559055117
0
LINE
8
BLACK
6
CONTINUOUS
10
4.0988555118110233
20
-3.8459027559055117
11
4.0960614960629922
21
-3.8477696456692914
0
LINE
8
BLACK
6
CONTINUOUS
10
4.0960614960629922
20
-3.8477696456692914
11
4.0927657480314963
21
-3.8484251968503935
0
LINE
8
BLACK
6
CONTINUOUS
10
4.0927657480314963
20
-3.8484251968503935
11
4.0725885826771648
21
-3.8484251968503935
0
LINE
8
BLACK
6
CONTINUOUS
10
4.0725885826771648
20
-3.8484251968503935
11
4.0692928346456689
21
-3.8477696456692914
0
LINE
8
BLACK
6
CONTINUOUS
10
4.0692928346456689
20
-3.8477696456692914
11
4.0664988188976379
21
-3.8459027559055117
0
LINE
8
BLACK
6
CONTINUOUS
10
4.0664988188976379
20
-3.8459027559055117
11
4.0646319291338582
21
-3.8431087401574802
0
LINE
8
BLACK
6
CONTINUOUS
10
4.0646319291338582
20
-3.8431087401574802
11
4.0639763779527556
21
-3.8398129921259843
0
LINE
8
BLACK
6
CONTINUOUS
10
4.0639763779527556
20
-3.8398129921259843
11
4.0639763779527556
21
-3.8225885826771653
0
LINE
8
BLACK
6
CONTINUOUS
10
4.0639763779527556
20
-3.8225885826771653
11
4.0646319291338582
21
-3.8192928346456694
0
LINE
8
BLACK
6
CONTINUOUS
10
4.0646319291338582
20
-3.8192928346456694
11
4.0664988188976379
21
-3.8164988188976379
0
LINE
8
BLACK
6
CONTINUOUS
10
4.0664988188976379
20
-3.8164988188976379
11
4.0692928346456689
21
-3.8146319291338582
0
LINE
8
BLACK
6
CONTINUOUS
10
4.0692928346456689
20
-3.8146319291338582
11
4.0725885826771648
21
-3.813976377952756
0
LINE
8
BLACK
6
CONTINUOUS
10
4.0725885826771648
20
-3.813976377952756
11
4.0927657480314963
21
-3.813976377952756
0
LINE
8
BLACK
6
CONTINUOUS
10
4.0927657480314963
20
-3.813976377952756
11
4.0960614960629922
21
-3.8146319291338582
0
LINE
8
BLACK
6
CONTINUOUS
10
3.3204709448818899
20
-3.8136476771653545
11
3.3232649606299214
21
-3.8155145669291337
0
LINE
8
BLACK
6
CONTINUOUS
10
3.3232649606299214
20
-3.8155145669291337
11
3.3251318503937006
21
-3.8183085826771652
0
LINE
8
BLACK
6
CONTINUOUS
10
3.3251318503937006
20
-3.8183085826771652
11
3.3257874015748032
21
-3.8216043307086611
0
LINE
8
BLACK
6
CONTINUOUS
10
3.3257874015748032
20
-3.8216043307086611
11
3.3257874015748032
21
-3.8388287401574801
0
LINE
8
BLACK
6
CONTINUOUS
10
3.3257874015748032
20
-3.8388287401574801
11
3.3251318503937006
21
-3.8421244881889764
0
LINE
8
BLACK
6
CONTINUOUS
10
3.3251318503937006
20
-3.8421244881889764
11
3.3232649606299214
21
-3.844918503937008
0
LINE
8
BLACK
6
CONTINUOUS
10
3.3232649606299214
20
-3.844918503937008
11
3.3204709448818899
21
-3.8467853937007872
0
LINE
8
BLACK
6
CONTINUOUS
10
3.3204709448818899
20
-3.8467853937007872
11
3.3171751968503935
21
-3.8474409448818898
0
LINE
8
BLACK
6
CONTINUOUS
10
3.3171751968503935
20
-3.8474409448818898
11
3.296998031496063
21
-3.8474409448818898
0
LINE
8
BLACK
6
CONTINUOUS
10
3.296998031496063
20
-3.8474409448818898
11
3.2937022834645671
21
-3.8467853937007872
0
LINE
8
BLACK
6
CONTINUOUS
10
3.2937022834645671
20
-3.8467853937007872
11
3.2909082677165356
21
-3.844918503937008
0
LINE
8
BLACK
6
CONTINUOUS
10
3.2909082677165356
20
-3.844918503937008
11
3.2890413779527559
21
-3.8421244881889764
0
LINE
8
BLACK
6
CONTINUOUS
10
3.2890413779527559
20
-3.8421244881889764
11
3.2883858267716533
21
-3.8388287401574801
0
LINE
8
BLACK
6
CONTINUOUS
10
3.2883858267716533
20
-3.8388287401574801
11
3.2883858267716533
21
-3.8216043307086611
0
LINE
8
BLACK
6
CONTINUOUS
10
3.2883858267716533
20
-3.8216043307086611
11
3.2890413779527559
21
-3.8183085826771652
0
LINE
8
BLACK
6
CONTINUOUS
10
3.2890413779527559
20
-3.8183085826771652
11
3.2909082677165356
21
-3.8155145669291337
0
LINE
8
BLACK
6
CONTINUOUS
10
3.2909082677165356
20
-3.8155145669291337
11
3.2937022834645671
21
-3.8136476771653545
0
LINE
8
BLACK
6
CONTINUOUS
10
3.2937022834645671
20
-3.8136476771653545
11
3.296998031496063
21
-3.8129921259842519
0
LINE
8
BLACK
6
CONTINUOUS
10
3.296998031496063
20
-3.8129921259842519
11
3.3171751968503935
21
-3.8129921259842519
0
LINE
8
BLACK
6
CONTINUOUS
10
3.3171751968503935
20
-3.8129921259842519
11
3.3204709448818899
21
-3.8136476771653545
0
LINE
8
BLACK
6
CONTINUOUS
10
3.379526062992126
20
-3.8136476771653545
11
3.3823200787401575
21
-3.8155145669291337
0
LINE
8
BLACK
6
CONTINUOUS
10
3.3823200787401575
20
-3.8155145669291337
11
3.3841869685039367
21
-3.8183085826771652
0
LINE
8
BLACK
6
CONTINUOUS
10
3.3841869685039367
20
-3.8183085826771652
11
3.3848425196850394
21
-3.8216043307086611
0
LINE
8
BLACK
6
CONTINUOUS
10
3.3848425196850394
20
-3.8216043307086611
11
3.3848425196850394
21
-3.8388287401574801
0
LINE
8
BLACK
6
CONTINUOUS
10
3.3848425196850394
20
-3.8388287401574801
11
3.3841869685039367
21
-3.8421244881889764
0
LINE
8
BLACK
6
CONTINUOUS
10
3.3841869685039367
20
-3.8421244881889764
11
3.3823200787401575
21
-3.844918503937008
0
LINE
8
BLACK
6
CONTINUOUS
10
3.3823200787401575
20
-3.844918503937008
11
3.379526062992126
21
-3.8467853937007872
0
LINE
8
BLACK
6
CONTINUOUS
10
3.379526062992126
20
-3.8467853937007872
11
3.3762303149606296
21
-3.8474409448818898
0
LINE
8
BLACK
6
CONTINUOUS
10
3.3762303149606296
20
-3.8474409448818898
11
3.3560531496062991
21
-3.8474409448818898
0
LINE
8
BLACK
6
CONTINUOUS
10
3.3560531496062991
20
-3.8474409448818898
11
3.3527574015748032
21
-3.8467853937007872
0
LINE
8
BLACK
6
CONTINUOUS
10
3.3527574015748032
20
-3.8467853937007872
11
3.3499633858267717
21
-3.844918503937008
0
LINE
8
BLACK
6
CONTINUOUS
10
3.3499633858267717
20
-3.844918503937008
11
3.348096496062992
21
-3.8421244881889764
0
LINE
8
BLACK
6
CONTINUOUS
10
3.348096496062992
20
-3.8421244881889764
11
3.3474409448818898
21
-3.8388287401574801
0
LINE
8
BLACK
6
CONTINUOUS
10
3.3474409448818898
20
-3.8388287401574801
11
3.3474409448818898
21
-3.8216043307086611
0
LINE
8
BLACK
6
CONTINUOUS
10
3.3474409448818898
20
-3.8216043307086611
11
3.348096496062992
21
-3.8183085826771652
0
LINE
8
BLACK
6
CONTINUOUS
10
3.348096496062992
20
-3.8183085826771652
11
3.3499633858267717
21
-3.8155145669291337
0
LINE
8
BLACK
6
CONTINUOUS
10
3.3499633858267717
20
-3.8155145669291337
11
3.3527574015748032
21
-3.8136476771653545
0
LINE
8
BLACK
6
CONTINUOUS
10
3.3527574015748032
20
-3.8136476771653545
11
3.3560531496062991
21
-3.8129921259842519
0
LINE
8
BLACK
6
CONTINUOUS
10
3.3560531496062991
20
-3.8129921259842519
11
3.3762303149606296
21
-3.8129921259842519
0
LINE
8
BLACK
6
CONTINUOUS
10
3.3762303149606296
20
-3.8129921259842519
11
3.379526062992126
21
-3.8136476771653545
0
LINE
8
BLACK
6
CONTINUOUS
10
3.5003719291338582
20
-3.8321338582677162
11
3.5025118110236217
21
-3.8342737401574802
0
LINE
8
BLACK
6
CONTINUOUS
10
3.5025118110236217
20
-3.8342737401574802
11
3.5036698818897638
21
-3.8370695669291339
0
LINE
8
BLACK
6
CONTINUOUS
10
3.5036698818897638
20
-3.8370695669291339
11
3.5036698818897638
21
-3.8400957874015749
0
LINE
8
BLACK
6
CONTINUOUS
10
3.5036698818897638
20
-3.8400957874015749
11
3.5025118110236217
21
-3.8428916141732281
0
LINE
8
BLACK
6
CONTINUOUS
10
3.5025118110236217
20
-3.8428916141732281
11
3.5003719291338582
21
-3.8450314960629921
0
LINE
8
BLACK
6
CONTINUOUS
10
3.5003719291338582
20
-3.8450314960629921
11
3.4975761023622045
21
-3.8461895669291337
0
LINE
8
BLACK
6
CONTINUOUS
10
3.4975761023622045
20
-3.8461895669291337
11
3.4945498818897636
21
-3.8461895669291337
0
LINE
8
BLACK
6
CONTINUOUS
10
3.4945498818897636
20
-3.8461895669291337
11
3.4917540551181103
21
-3.8450314960629921
0
LINE
8
BLACK
6
CONTINUOUS
10
3.4917540551181103
20
-3.8450314960629921
11
3.4896141732283463
21
-3.8428916141732281
0
LINE
8
BLACK
6
CONTINUOUS
10
3.4896141732283463
20
-3.8428916141732281
11
3.4884561023622047
21
-3.8400957874015749
0
LINE
8
BLACK
6
CONTINUOUS
10
3.4884561023622047
20
-3.8400957874015749
11
3.4884561023622047
21
-3.8370695669291339
0
LINE
8
BLACK
6
CONTINUOUS
10
3.4884561023622047
20
-3.8370695669291339
11
3.4896141732283463
21
-3.8342737401574802
0
LINE
8
BLACK
6
CONTINUOUS
10
3.4896141732283463
20
-3.8342737401574802
11
3.4917540551181103
21
-3.8321338582677162
0
LINE
8
BLACK
6
CONTINUOUS
10
3.4917540551181103
20
-3.8321338582677162
11
3.4945498818897636
21
-3.8309757874015746
0
LINE
8
BLACK
6
CONTINUOUS
10
3.4945498818897636
20
-3.8309757874015746
11
3.4975761023622045
21
-3.8309757874015746
0
LINE
8
BLACK
6
CONTINUOUS
10
3.4975761023622045
20
-3.8309757874015746
11
3.5003719291338582
21
-3.8321338582677162
0
LINE
8
BLACK
6
CONTINUOUS
10
3.5318679921259841
20
-3.8321338582677162
11
3.5340078740157481
21
-3.8342737401574802
0
LINE
8
BLACK
6
CONTINUOUS
10
3.5340078740157481
20
-3.8342737401574802
11
3.5351659448818897
21
-3.8370695669291339
0
LINE
8
BLACK
6
CONTINUOUS
10
3.5351659448818897
20
-3.8370695669291339
11
3.5351659448818897
21
-3.8400957874015749
0
LINE
8
BLACK
6
CONTINUOUS
10
3.5351659448818897
20
-3.8400957874015749
11
3.5340078740157481
21
-3.8428916141732281
0
LINE
8
BLACK
6
CONTINUOUS
10
3.5340078740157481
20
-3.8428916141732281
11
3.5318679921259841
21
-3.8450314960629921
0
LINE
8
BLACK
6
CONTINUOUS
10
3.5318679921259841
20
-3.8450314960629921
11
3.5290721653543304
21
-3.8461895669291337
0
LINE
8
BLACK
6
CONTINUOUS
10
3.5290721653543304
20
-3.8461895669291337
11
3.5260459448818895
21
-3.8461895669291337
0
LINE
8
BLACK
6
CONTINUOUS
10
3.5260459448818895
20
-3.8461895669291337
11
3.5232501181102363
21
-3.8450314960629921
0
LINE
8
BLACK
6
CONTINUOUS
10
3.5232501181102363
20
-3.8450314960629921
11
3.5211102362204723
21
-3.8428916141732281
0
LINE
8
BLACK
6
CONTINUOUS
10
3.5211102362204723
20
-3.8428916141732281
11
3.5199521653543306
21
-3.8400957874015749
0
LINE
8
BLACK
6
CONTINUOUS
10
3.5199521653543306
20
-3.8400957874015749
11
3.5199521653543306
21
-3.8370695669291339
0
LINE
8
BLACK
6
CONTINUOUS
10
3.5199521653543306
20
-3.8370695669291339
11
3.5211102362204723
21
-3.8342737401574802
0
LINE
8
BLACK
6
CONTINUOUS
10
3.5211102362204723
20
-3.8342737401574802
11
3.5232501181102363
21
-3.8321338582677162
0
LINE
8
BLACK
6
CONTINUOUS
10
3.5232501181102363
20
-3.8321338582677162
11
3.5260459448818895
21
-3.8309757874015746
0
LINE
8
BLACK
6
CONTINUOUS
10
3.5260459448818895
20
-3.8309757874015746
11
3.5290721653543304
21
-3.8309757874015746
0
LINE
8
BLACK
6
CONTINUOUS
10
3.5290721653543304
20
-3.8309757874015746
11
3.5318679921259841
21
-3.8321338582677162
0
LINE
8
BLACK
6
CONTINUOUS
10
3.5633640551181101
20
-3.8321338582677162
11
3.565503937007874
21
-3.8342737401574802
0
LINE
8
BLACK
6
CONTINUOUS
10
3.565503937007874
20
-3.8342737401574802
11
3.5666620078740157
21
-3.8370695669291339
0
LINE
8
BLACK
6
CONTINUOUS
10
3.5666620078740157
20
-3.8370695669291339
11
3.5666620078740157
21
-3.8400957874015749
0
LINE
8
BLACK
6
CONTINUOUS
10
3.5666620078740157
20
-3.8400957874015749
11
3.565503937007874
21
-3.8428916141732281
0
LINE
8
BLACK
6
CONTINUOUS
10
3.565503937007874
20
-3.8428916141732281
11
3.5633640551181101
21
-3.8450314960629921
0
LINE
8
BLACK
6
CONTINUOUS
10
3.5633640551181101
20
-3.8450314960629921
11
3.5605682283464568
21
-3.8461895669291337
0
LINE
8
BLACK
6
CONTINUOUS
10
3.5605682283464568
20
-3.8461895669291337
11
3.5575420078740159
21
-3.8461895669291337
0
LINE
8
BLACK
6
CONTINUOUS
10
3.5575420078740159
20
-3.8461895669291337
11
3.5547461811023622
21
-3.8450314960629921
0
LINE
8
BLACK
6
CONTINUOUS
10
3.5547461811023622
20
-3.8450314960629921
11
3.5526062992125982
21
-3.8428916141732281
0
LINE
8
BLACK
6
CONTINUOUS
10
3.5526062992125982
20
-3.8428916141732281
11
3.5514482283464566
21
-3.8400957874015749
0
LINE
8
BLACK
6
CONTINUOUS
10
3.5514482283464566
20
-3.8400957874015749
11
3.5514482283464566
21
-3.8370695669291339
0
LINE
8
BLACK
6
CONTINUOUS
10
3.5514482283464566
20
-3.8370695669291339
11
3.5526062992125982
21
-3.8342737401574802
0
LINE
8
BLACK
6
CONTINUOUS
10
3.5526062992125982
20
-3.8342737401574802
11
3.5547461811023622
21
-3.8321338582677162
0
LINE
8
BLACK
6
CONTINUOUS
10
3.5547461811023622
20
-3.8321338582677162
11
3.5575420078740159
21
-3.8309757874015746
0
LINE
8
BLACK
6
CONTINUOUS
10
3.5575420078740159
20
-3.8309757874015746
11
3.5605682283464568
21
-3.8309757874015746
0
LINE
8
BLACK
6
CONTINUOUS
10
3.5605682283464568
20
-3.8309757874015746
11
3.5633640551181101
21
-3.8321338582677162
0
LINE
8
BLACK
6
CONTINUOUS
10
3.594860118110236
20
-3.8321338582677162
11
3.597
21
-3.8342737401574802
0
LINE
8
BLACK
6
CONTINUOUS
10
3.597
20
-3.8342737401574802
11
3.5981580708661416
21
-3.8370695669291339
0
LINE
8
BLACK
6
CONTINUOUS
10
3.5981580708661416
20
-3.8370695669291339
11
3.5981580708661416
21
-3.8400957874015749
0
LINE
8
BLACK
6
CONTINUOUS
10
3.5981580708661416
20
-3.8400957874015749
11
3.597
21
-3.8428916141732281
0
LINE
8
BLACK
6
CONTINUOUS
10
3.597
20
-3.8428916141732281
11
3.594860118110236
21
-3.8450314960629921
0
LINE
8
BLACK
6
CONTINUOUS
10
3.594860118110236
20
-3.8450314960629921
11
3.5920642913385827
21
-3.8461895669291337
0
LINE
8
BLACK
6
CONTINUOUS
10
3.5920642913385827
20
-3.8461895669291337
11
3.5890380708661418
21
-3.8461895669291337
0
LINE
8
BLACK
6
CONTINUOUS
10
3.5890380708661418
20
-3.8461895669291337
11
3.5862422440944881
21
-3.8450314960629921
0
LINE
8
BLACK
6
CONTINUOUS
10
3.5862422440944881
20
-3.8450314960629921
11
3.5841023622047241
21
-3.8428916141732281
0
LINE
8
BLACK
6
CONTINUOUS
10
3.5841023622047241
20
-3.8428916141732281
11
3.5829442913385825
21
-3.8400957874015749
0
LINE
8
BLACK
6
CONTINUOUS
10
3.5829442913385825
20
-3.8400957874015749
11
3.5829442913385825
21
-3.8370695669291339
0
LINE
8
BLACK
6
CONTINUOUS
10
3.5829442913385825
20
-3.8370695669291339
11
3.5841023622047241
21
-3.8342737401574802
0
LINE
8
BLACK
6
CONTINUOUS
10
3.5841023622047241
20
-3.8342737401574802
11
3.5862422440944881
21
-3.8321338582677162
0
LINE
8
BLACK
6
CONTINUOUS
10
3.5862422440944881
20
-3.8321338582677162
11
3.5890380708661418
21
-3.8309757874015746
0
LINE
8
BLACK
6
CONTINUOUS
10
3.5890380708661418
20
-3.8309757874015746
11
3.5920642913385827
21
-3.8309757874015746
0
LINE
8
BLACK
6
CONTINUOUS
10
3.5920642913385827
20
-3.8309757874015746
11
3.594860118110236
21
-3.8321338582677162
0
LINE
8
BLACK
6
CONTINUOUS
10
3.6263561811023619
20
-3.8321338582677162
11
3.6284960629921259
21
-3.8342737401574802
0
LINE
8
BLACK
6
CONTINUOUS
10
3.6284960629921259
20
-3.8342737401574802
11
3.6296541338582675
21
-3.8370695669291339
0
LINE
8
BLACK
6
CONTINUOUS
10
3.6296541338582675
20
-3.8370695669291339
11
3.6296541338582675
21
-3.8400957874015749
0
LINE
8
BLACK
6
CONTINUOUS
10
3.6296541338582675
20
-3.8400957874015749
11
3.6284960629921259
21
-3.8428916141732281
0
LINE
8
BLACK
6
CONTINUOUS
10
3.6284960629921259
20
-3.8428916141732281
11
3.6263561811023619
21
-3.8450314960629921
0
LINE
8
BLACK
6
CONTINUOUS
10
3.6263561811023619
20
-3.8450314960629921
11
3.6235603543307087
21
-3.8461895669291337
0
LINE
8
BLACK
6
CONTINUOUS
10
3.6235603543307087
20
-3.8461895669291337
11
3.6205341338582677
21
-3.8461895669291337
0
LINE
8
BLACK
6
CONTINUOUS
10
3.6205341338582677
20
-3.8461895669291337
11
3.617738307086614
21
-3.8450314960629921
0
LINE
8
BLACK
6
CONTINUOUS
10
3.617738307086614
20
-3.8450314960629921
11
3.6155984251968505
21
-3.8428916141732281
0
LINE
8
BLACK
6
CONTINUOUS
10
3.6155984251968505
20
-3.8428916141732281
11
3.6144403543307084
21
-3.8400957874015749
0
LINE
8
BLACK
6
CONTINUOUS
10
3.6144403543307084
20
-3.8400957874015749
11
3.6144403543307084
21
-3.8370695669291339
0
LINE
8
BLACK
6
CONTINUOUS
10
3.6144403543307084
20
-3.8370695669291339
11
3.6155984251968505
21
-3.8342737401574802
0
LINE
8
BLACK
6
CONTINUOUS
10
3.6155984251968505
20
-3.8342737401574802
11
3.617738307086614
21
-3.8321338582677162
0
LINE
8
BLACK
6
CONTINUOUS
10
3.617738307086614
20
-3.8321338582677162
11
3.6205341338582677
21
-3.8309757874015746
0
LINE
8
BLACK
6
CONTINUOUS
10
3.6205341338582677
20
-3.8309757874015746
11
3.6235603543307087
21
-3.8309757874015746
0
LINE
8
BLACK
6
CONTINUOUS
10
3.6235603543307087
20
-3.8309757874015746
11
3.6263561811023619
21
-3.8321338582677162
0
LINE
8
BLACK
6
CONTINUOUS
10
3.6578522440944883
20
-3.8321338582677162
11
3.6599921259842518
21
-3.8342737401574802
0
LINE
8
BLACK
6
CONTINUOUS
10
3.6599921259842518
20
-3.8342737401574802
11
3.6611501968503934
21
-3.8370695669291339
0
LINE
8
BLACK
6
CONTINUOUS
10
3.6611501968503934
20
-3.8370695669291339
11
3.6611501968503934
21
-3.8400957874015749
0
LINE
8
BLACK
6
CONTINUOUS
10
3.6611501968503934
20
-3.8400957874015749
11
3.6599921259842518
21
-3.8428916141732281
0
LINE
8
BLACK
6
CONTINUOUS
10
3.6599921259842518
20
-3.8428916141732281
11
3.6578522440944883
21
-3.8450314960629921
0
LINE
8
BLACK
6
CONTINUOUS
10
3.6578522440944883
20
-3.8450314960629921
11
3.6550564173228346
21
-3.8461895669291337
0
LINE
8
BLACK
6
CONTINUOUS
10
3.6550564173228346
20
-3.8461895669291337
11
3.6520301968503937
21
-3.8461895669291337
0
LINE
8
BLACK
6
CONTINUOUS
10
3.6520301968503937
20
-3.8461895669291337
11
3.64923437007874
21
-3.8450314960629921
0
LINE
8
BLACK
6
CONTINUOUS
10
3.64923437007874
20
-3.8450314960629921
11
3.6470944881889764
21
-3.8428916141732281
0
LINE
8
BLACK
6
CONTINUOUS
10
3.6470944881889764
20
-3.8428916141732281
11
3.6459364173228344
21
-3.8400957874015749
0
LINE
8
BLACK
6
CONTINUOUS
10
3.6459364173228344
20
-3.8400957874015749
11
3.6459364173228344
21
-3.8370695669291339
0
LINE
8
BLACK
6
CONTINUOUS
10
3.6459364173228344
20
-3.8370695669291339
11
3.6470944881889764
21
-3.8342737401574802
0
LINE
8
BLACK
6
CONTINUOUS
10
3.6470944881889764
20
-3.8342737401574802
11
3.64923437007874
21
-3.8321338582677162
0
LINE
8
BLACK
6
CONTINUOUS
10
3.64923437007874
20
-3.8321338582677162
11
3.6520301968503937
21
-3.8309757874015746
0
LINE
8
BLACK
6
CONTINUOUS
10
3.6520301968503937
20
-3.8309757874015746
11
3.6550564173228346
21
-3.8309757874015746
0
LINE
8
BLACK
6
CONTINUOUS
10
3.6550564173228346
20
-3.8309757874015746
11
3.6578522440944883
21
-3.8321338582677162
0
LINE
8
BLACK
6
CONTINUOUS
10
3.6893483070866142
20
-3.8321338582677162
11
3.6914881889763778
21
-3.8342737401574802
0
LINE
8
BLACK
6
CONTINUOUS
10
3.6914881889763778
20
-3.8342737401574802
11
3.6926462598425198
21
-3.8370695669291339
0
LINE
8
BLACK
6
CONTINUOUS
10
3.6926462598425198
20
-3.8370695669291339
11
3.6926462598425198
21
-3.8400957874015749
0
LINE
8
BLACK
6
CONTINUOUS
10
3.6926462598425198
20
-3.8400957874015749
11
3.6914881889763778
21
-3.8428916141732281
0
LINE
8
BLACK
6
CONTINUOUS
10
3.6914881889763778
20
-3.8428916141732281
11
3.6893483070866142
21
-3.8450314960629921
0
LINE
8
BLACK
6
CONTINUOUS
10
3.6893483070866142
20
-3.8450314960629921
11
3.6865524803149605
21
-3.8461895669291337
0
LINE
8
BLACK
6
CONTINUOUS
10
3.6865524803149605
20
-3.8461895669291337
11
3.6835262598425196
21
-3.8461895669291337
0
LINE
8
BLACK
6
CONTINUOUS
10
3.6835262598425196
20
-3.8461895669291337
11
3.6807304330708659
21
-3.8450314960629921
0
LINE
8
BLACK
6
CONTINUOUS
10
3.6807304330708659
20
-3.8450314960629921
11
3.6785905511811023
21
-3.8428916141732281
0
LINE
8
BLACK
6
CONTINUOUS
10
3.6785905511811023
20
-3.8428916141732281
11
3.6774324803149607
21
-3.8400957874015749
0
LINE
8
BLACK
6
CONTINUOUS
10
3.6774324803149607
20
-3.8400957874015749
11
3.6774324803149607
21
-3.8370695669291339
0
LINE
8
BLACK
6
CONTINUOUS
10
3.6774324803149607
20
-3.8370695669291339
11
3.6785905511811023
21
-3.8342737401574802
0
LINE
8
BLACK
6
CONTINUOUS
10
3.6785905511811023
20
-3.8342737401574802
11
3.6807304330708659
21
-3.8321338582677162
0
LINE
8
BLACK
6
CONTINUOUS
10
3.6807304330708659
20
-3.8321338582677162
11
3.6835262598425196
21
-3.8309757874015746
0
LINE
8
BLACK
6
CONTINUOUS
10
3.6835262598425196
20
-3.8309757874015746
11
3.6865524803149605
21
-3.8309757874015746
0
LINE
8
BLACK
6
CONTINUOUS
10
3.6865524803149605
20
-3.8309757874015746
11
3.6893483070866142
21
-3.8321338582677162
0
LINE
8
BLACK
6
CONTINUOUS
10
3.7208443700787401
20
-3.8321338582677162
11
3.7229842519685037
21
-3.8342737401574802
0
LINE
8
BLACK
6
CONTINUOUS
10
3.7229842519685037
20
-3.8342737401574802
11
3.7241423228346457
21
-3.8370695669291339
0
LINE
8
BLACK
6
CONTINUOUS
10
3.7241423228346457
20
-3.8370695669291339
11
3.7241423228346457
21
-3.8400957874015749
0
LINE
8
BLACK
6
CONTINUOUS
10
3.7241423228346457
20
-3.8400957874015749
11
3.7229842519685037
21
-3.8428916141732281
0
LINE
8
BLACK
6
CONTINUOUS
10
3.7229842519685037
20
-3.8428916141732281
11
3.7208443700787401
21
-3.8450314960629921
0
LINE
8
BLACK
6
CONTINUOUS
10
3.7208443700787401
20
-3.8450314960629921
11
3.7180485433070865
21
-3.8461895669291337
0
LINE
8
BLACK
6
CONTINUOUS
10
3.7180485433070865
20
-3.8461895669291337
11
3.7150223228346455
21
-3.8461895669291337
0
LINE
8
BLACK
6
CONTINUOUS
10
3.7150223228346455
20
-3.8461895669291337
11
3.7122264960629918
21
-3.8450314960629921
0
LINE
8
BLACK
6
CONTINUOUS
10
3.7122264960629918
20
-3.8450314960629921
11
3.7100866141732283
21
-3.8428916141732281
0
LINE
8
BLACK
6
CONTINUOUS
10
3.7100866141732283
20
-3.8428916141732281
11
3.7089285433070867
21
-3.8400957874015749
0
LINE
8
BLACK
6
CONTINUOUS
10
3.7089285433070867
20
-3.8400957874015749
11
3.7089285433070867
21
-3.8370695669291339
0
LINE
8
BLACK
6
CONTINUOUS
10
3.7089285433070867
20
-3.8370695669291339
11
3.7100866141732283
21
-3.8342737401574802
0
LINE
8
BLACK
6
CONTINUOUS
10
3.7100866141732283
20
-3.8342737401574802
11
3.7122264960629918
21
-3.8321338582677162
0
LINE
8
BLACK
6
CONTINUOUS
10
3.7122264960629918
20
-3.8321338582677162
11
3.7150223228346455
21
-3.8309757874015746
0
LINE
8
BLACK
6
CONTINUOUS
10
3.7150223228346455
20
-3.8309757874015746
11
3.7180485433070865
21
-3.8309757874015746
0
LINE
8
BLACK
6
CONTINUOUS
10
3.7180485433070865
20
-3.8309757874015746
11
3.7208443700787401
21
-3.8321338582677162
0
LINE
8
BLACK
6
CONTINUOUS
10
3.7523404330708661
20
-3.8321338582677162
11
3.7544803149606296
21
-3.8342737401574802
0
LINE
8
BLACK
6
CONTINUOUS
10
3.7544803149606296
20
-3.8342737401574802
11
3.7556383858267717
21
-3.8370695669291339
0
LINE
8
BLACK
6
CONTINUOUS
10
3.7556383858267717
20
-3.8370695669291339
11
3.7556383858267717
21
-3.8400957874015749
0
LINE
8
BLACK
6
CONTINUOUS
10
3.7556383858267717
20
-3.8400957874015749
11
3.7544803149606296
21
-3.8428916141732281
0
LINE
8
BLACK
6
CONTINUOUS
10
3.7544803149606296
20
-3.8428916141732281
11
3.7523404330708661
21
-3.8450314960629921
0
LINE
8
BLACK
6
CONTINUOUS
10
3.7523404330708661
20
-3.8450314960629921
11
3.7495446062992124
21
-3.8461895669291337
0
LINE
8
BLACK
6
CONTINUOUS
10
3.7495446062992124
20
-3.8461895669291337
11
3.7465183858267714
21
-3.8461895669291337
0
LINE
8
BLACK
6
CONTINUOUS
10
3.7465183858267714
20
-3.8461895669291337
11
3.7437225590551182
21
-3.8450314960629921
0
LINE
8
BLACK
6
CONTINUOUS
10
3.7437225590551182
20
-3.8450314960629921
11
3.7415826771653542
21
-3.8428916141732281
0
LINE
8
BLACK
6
CONTINUOUS
10
3.7415826771653542
20
-3.8428916141732281
11
3.7404246062992126
21
-3.8400957874015749
0
LINE
8
BLACK
6
CONTINUOUS
10
3.7404246062992126
20
-3.8400957874015749
11
3.7404246062992126
21
-3.8370695669291339
0
LINE
8
BLACK
6
CONTINUOUS
10
3.7404246062992126
20
-3.8370695669291339
11
3.7415826771653542
21
-3.8342737401574802
0
LINE
8
BLACK
6
CONTINUOUS
10
3.7415826771653542
20
-3.8342737401574802
11
3.7437225590551182
21
-3.8321338582677162
0
LINE
8
BLACK
6
CONTINUOUS
10
3.7437225590551182
20
-3.8321338582677162
11
3.7465183858267714
21
-3.8309757874015746
0
LINE
8
BLACK
6
CONTINUOUS
10
3.7465183858267714
20
-3.8309757874015746
11
3.7495446062992124
21
-3.8309757874015746
0
LINE
8
BLACK
6
CONTINUOUS
10
3.7495446062992124
20
-3.8309757874015746
11
3.7523404330708661
21
-3.8321338582677162
0
LINE
8
BLACK
6
CONTINUOUS
10
3.783836496062992
20
-3.8321338582677162
11
3.785976377952756
21
-3.8342737401574802
0
LINE
8
BLACK
6
CONTINUOUS
10
3.785976377952756
20
-3.8342737401574802
11
3.7871344488188976
21
-3.8370695669291339
0
LINE
8
BLACK
6
CONTINUOUS
10
3.7871344488188976
20
-3.8370695669291339
11
3.7871344488188976
21
-3.8400957874015749
0
LINE
8
BLACK
6
CONTINUOUS
10
3.7871344488188976
20
-3.8400957874015749
11
3.785976377952756
21
-3.8428916141732281
0
LINE
8
BLACK
6
CONTINUOUS
10
3.785976377952756
20
-3.8428916141732281
11
3.783836496062992
21
-3.8450314960629921
0
LINE
8
BLACK
6
CONTINUOUS
10
3.783836496062992
20
-3.8450314960629921
11
3.7810406692913383
21
-3.8461895669291337
0
LINE
8
BLACK
6
CONTINUOUS
10
3.7810406692913383
20
-3.8461895669291337
11
3.7780144488188974
21
-3.8461895669291337
0
LINE
8
BLACK
6
CONTINUOUS
10
3.7780144488188974
20
-3.8461895669291337
11
3.7752186220472441
21
-3.8450314960629921
0
LINE
8
BLACK
6
CONTINUOUS
10
3.7752186220472441
20
-3.8450314960629921
11
3.7730787401574801
21
-3.8428916141732281
0
LINE
8
BLACK
6
CONTINUOUS
10
3.7730787401574801
20
-3.8428916141732281
11
3.7719206692913385
21
-3.8400957874015749
0
LINE
8
BLACK
6
CONTINUOUS
10
3.7719206692913385
20
-3.8400957874015749
11
3.7719206692913385
21
-3.8370695669291339
0
LINE
8
BLACK
6
CONTINUOUS
10
3.7719206692913385
20
-3.8370695669291339
11
3.7730787401574801
21
-3.8342737401574802
0
LINE
8
BLACK
6
CONTINUOUS
10
3.7730787401574801
20
-3.8342737401574802
11
3.7752186220472441
21
-3.8321338582677162
0
LINE
8
BLACK
6
CONTINUOUS
10
3.7752186220472441
20
-3.8321338582677162
11
3.7780144488188974
21
-3.8309757874015746
0
LINE
8
BLACK
6
CONTINUOUS
10
3.7780144488188974
20
-3.8309757874015746
11
3.7810406692913383
21
-3.8309757874015746
0
LINE
8
BLACK
6
CONTINUOUS
10
3.7810406692913383
20
-3.8309757874015746
11
3.783836496062992
21
-3.8321338582677162
0
LINE
8
BLACK
6
CONTINUOUS
10
3.8153325590551179
20
-3.8321338582677162
11
3.8174724409448819
21
-3.8342737401574802
0
LINE
8
BLACK
6
CONTINUOUS
10
3.8174724409448819
20
-3.8342737401574802
11
3.8186305118110235
21
-3.8370695669291339
0
LINE
8
BLACK
6
CONTINUOUS
10
3.8186305118110235
20
-3.8370695669291339
11
3.8186305118110235
21
-3.8400957874015749
0
LINE
8
BLACK
6
CONTINUOUS
10
3.8186305118110235
20
-3.8400957874015749
11
3.8174724409448819
21
-3.8428916141732281
0
LINE
8
BLACK
6
CONTINUOUS
10
3.8174724409448819
20
-3.8428916141732281
11
3.8153325590551179
21
-3.8450314960629921
0
LINE
8
BLACK
6
CONTINUOUS
10
3.8153325590551179
20
-3.8450314960629921
11
3.8125367322834647
21
-3.8461895669291337
0
LINE
8
BLACK
6
CONTINUOUS
10
3.8125367322834647
20
-3.8461895669291337
11
3.8095105118110237
21
-3.8461895669291337
0
LINE
8
BLACK
6
CONTINUOUS
10
3.8095105118110237
20
-3.8461895669291337
11
3.80671468503937
21
-3.8450314960629921
0
LINE
8
BLACK
6
CONTINUOUS
10
3.80671468503937
20
-3.8450314960629921
11
3.8045748031496061
21
-3.8428916141732281
0
LINE
8
BLACK
6
CONTINUOUS
10
3.8045748031496061
20
-3.8428916141732281
11
3.8034167322834644
21
-3.8400957874015749
0
LINE
8
BLACK
6
CONTINUOUS
10
3.8034167322834644
20
-3.8400957874015749
11
3.8034167322834644
21
-3.8370695669291339
0
LINE
8
BLACK
6
CONTINUOUS
10
3.8034167322834644
20
-3.8370695669291339
11
3.8045748031496061
21
-3.8342737401574802
0
LINE
8
BLACK
6
CONTINUOUS
10
3.8045748031496061
20
-3.8342737401574802
11
3.80671468503937
21
-3.8321338582677162
0
LINE
8
BLACK
6
CONTINUOUS
10
3.80671468503937
20
-3.8321338582677162
11
3.8095105118110237
21
-3.8309757874015746
0
LINE
8
BLACK
6
CONTINUOUS
10
3.8095105118110237
20
-3.8309757874015746
11
3.8125367322834647
21
-3.8309757874015746
0
LINE
8
BLACK
6
CONTINUOUS
10
3.8125367322834647
20
-3.8309757874015746
11
3.8153325590551179
21
-3.8321338582677162
0
LINE
8
BLACK
6
CONTINUOUS
10
3.8468286220472439
20
-3.8321338582677162
11
3.8489685039370078
21
-3.8342737401574802
0
LINE
8
BLACK
6
CONTINUOUS
10
3.8489685039370078
20
-3.8342737401574802
11
3.8501265748031495
21
-3.8370695669291339
0
LINE
8
BLACK
6
CONTINUOUS
10
3.8501265748031495
20
-3.8370695669291339
11
3.8501265748031495
21
-3.8400957874015749
0
LINE
8
BLACK
6
CONTINUOUS
10
3.8501265748031495
20
-3.8400957874015749
11
3.8489685039370078
21
-3.8428916141732281
0
LINE
8
BLACK
6
CONTINUOUS
10
3.8489685039370078
20
-3.8428916141732281
11
3.8468286220472439
21
-3.8450314960629921
0
LINE
8
BLACK
6
CONTINUOUS
10
3.8468286220472439
20
-3.8450314960629921
11
3.8440327952755906
21
-3.8461895669291337
0
LINE
8
BLACK
6
CONTINUOUS
10
3.8440327952755906
20
-3.8461895669291337
11
3.8410065748031497
21
-3.8461895669291337
0
LINE
8
BLACK
6
CONTINUOUS
10
3.8410065748031497
20
-3.8461895669291337
11
3.838210748031496
21
-3.8450314960629921
0
LINE
8
BLACK
6
CONTINUOUS
10
3.838210748031496
20
-3.8450314960629921
11
3.836070866141732
21
-3.8428916141732281
0
LINE
8
BLACK
6
CONTINUOUS
10
3.836070866141732
20
-3.8428916141732281
11
3.8349127952755904
21
-3.8400957874015749
0
LINE
8
BLACK
6
CONTINUOUS
10
3.8349127952755904
20
-3.8400957874015749
11
3.8349127952755904
21
-3.8370695669291339
0
LINE
8
BLACK
6
CONTINUOUS
10
3.8349127952755904
20
-3.8370695669291339
11
3.836070866141732
21
-3.8342737401574802
0
LINE
8
BLACK
6
CONTINUOUS
10
3.836070866141732
20
-3.8342737401574802
11
3.838210748031496
21
-3.8321338582677162
0
LINE
8
BLACK
6
CONTINUOUS
10
3.838210748031496
20
-3.8321338582677162
11
3.8410065748031497
21
-3.8309757874015746
0
LINE
8
BLACK
6
CONTINUOUS
10
3.8410065748031497
20
-3.8309757874015746
11
3.8440327952755906
21
-3.8309757874015746
0
LINE
8
BLACK
6
CONTINUOUS
10
3.8440327952755906
20
-3.8309757874015746
11
3.8468286220472439
21
-3.8321338582677162
0
LINE
8
BLACK
6
CONTINUOUS
10
3.8783246850393698
20
-3.8321338582677162
11
3.8804645669291338
21
-3.8342737401574802
0
LINE
8
BLACK
6
CONTINUOUS
10
3.8804645669291338
20
-3.8342737401574802
11
3.8816226377952754
21
-3.8370695669291339
0
LINE
8
BLACK
6
CONTINUOUS
10
3.8816226377952754
20
-3.8370695669291339
11
3.8816226377952754
21
-3.8400957874015749
0
LINE
8
BLACK
6
CONTINUOUS
10
3.8816226377952754
20
-3.8400957874015749
11
3.8804645669291338
21
-3.8428916141732281
0
LINE
8
BLACK
6
CONTINUOUS
10
3.8804645669291338
20
-3.8428916141732281
11
3.8783246850393698
21
-3.8450314960629921
0
LINE
8
BLACK
6
CONTINUOUS
10
3.8783246850393698
20
-3.8450314960629921
11
3.8755288582677165
21
-3.8461895669291337
0
LINE
8
BLACK
6
CONTINUOUS
10
3.8755288582677165
20
-3.8461895669291337
11
3.8725026377952756
21
-3.8461895669291337
0
LINE
8
BLACK
6
CONTINUOUS
10
3.8725026377952756
20
-3.8461895669291337
11
3.8697068110236219
21
-3.8450314960629921
0
LINE
8
BLACK
6
CONTINUOUS
10
3.8697068110236219
20
-3.8450314960629921
11
3.8675669291338584
21
-3.8428916141732281
0
LINE
8
BLACK
6
CONTINUOUS
10
3.8675669291338584
20
-3.8428916141732281
11
3.8664088582677163
21
-3.8400957874015749
0
LINE
8
BLACK
6
CONTINUOUS
10
3.8664088582677163
20
-3.8400957874015749
11
3.8664088582677163
21
-3.8370695669291339
0
LINE
8
BLACK
6
CONTINUOUS
10
3.8664088582677163
20
-3.8370695669291339
11
3.8675669291338584
21
-3.8342737401574802
0
LINE
8
BLACK
6
CONTINUOUS
10
3.8675669291338584
20
-3.8342737401574802
11
3.8697068110236219
21
-3.8321338582677162
0
LINE
8
BLACK
6
CONTINUOUS
10
3.8697068110236219
20
-3.8321338582677162
11
3.8725026377952756
21
-3.8309757874015746
0
LINE
8
BLACK
6
CONTINUOUS
10
3.8725026377952756
20
-3.8309757874015746
11
3.8755288582677165
21
-3.8309757874015746
0
LINE
8
BLACK
6
CONTINUOUS
10
3.8755288582677165
20
-3.8309757874015746
11
3.8783246850393698
21
-3.8321338582677162
0
LINE
8
BLACK
6
CONTINUOUS
10
3.9098207480314962
20
-3.8321338582677162
11
3.9119606299212597
21
-3.8342737401574802
0
LINE
8
BLACK
6
CONTINUOUS
10
3.9119606299212597
20
-3.8342737401574802
11
3.9131187007874013
21
-3.8370695669291339
0
LINE
8
BLACK
6
CONTINUOUS
10
3.9131187007874013
20
-3.8370695669291339
11
3.9131187007874013
21
-3.8400957874015749
0
LINE
8
BLACK
6
CONTINUOUS
10
3.9131187007874013
20
-3.8400957874015749
11
3.9119606299212597
21
-3.8428916141732281
0
LINE
8
BLACK
6
CONTINUOUS
10
3.9119606299212597
20
-3.8428916141732281
11
3.9098207480314962
21
-3.8450314960629921
0
LINE
8
BLACK
6
CONTINUOUS
10
3.9098207480314962
20
-3.8450314960629921
11
3.9070249212598425
21
-3.8461895669291337
0
LINE
8
BLACK
6
CONTINUOUS
10
3.9070249212598425
20
-3.8461895669291337
11
3.9039987007874015
21
-3.8461895669291337
0
LINE
8
BLACK
6
CONTINUOUS
10
3.9039987007874015
20
-3.8461895669291337
11
3.9012028740157478
21
-3.8450314960629921
0
LINE
8
BLACK
6
CONTINUOUS
10
3.9012028740157478
20
-3.8450314960629921
11
3.8990629921259843
21
-3.8428916141732281
0
LINE
8
BLACK
6
CONTINUOUS
10
3.8990629921259843
20
-3.8428916141732281
11
3.8979049212598422
21
-3.8400957874015749
0
LINE
8
BLACK
6
CONTINUOUS
10
3.8979049212598422
20
-3.8400957874015749
11
3.8979049212598422
21
-3.8370695669291339
0
LINE
8
BLACK
6
CONTINUOUS
10
3.8979049212598422
20
-3.8370695669291339
11
3.8990629921259843
21
-3.8342737401574802
0
LINE
8
BLACK
6
CONTINUOUS
10
3.8990629921259843
20
-3.8342737401574802
11
3.9012028740157478
21
-3.8321338582677162
0
LINE
8
BLACK
6
CONTINUOUS
10
3.9012028740157478
20
-3.8321338582677162
11
3.9039987007874015
21
-3.8309757874015746
0
LINE
8
BLACK
6
CONTINUOUS
10
3.9039987007874015
20
-3.8309757874015746
11
3.9070249212598425
21
-3.8309757874015746
0
LINE
8
BLACK
6
CONTINUOUS
10
3.9070249212598425
20
-3.8309757874015746
11
3.9098207480314962
21
-3.8321338582677162
0
LINE
8
BLACK
6
CONTINUOUS
10
3.5003719291338582
20
-3.8006377952755903
11
3.5025118110236217
21
-3.8027776771653543
0
LINE
8
BLACK
6
CONTINUOUS
10
3.5025118110236217
20
-3.8027776771653543
11
3.5036698818897638
21
-3.805573503937008
0
LINE
8
BLACK
6
CONTINUOUS
10
3.5036698818897638
20
-3.805573503937008
11
3.5036698818897638
21
-3.8085997244094489
0
LINE
8
BLACK
6
CONTINUOUS
10
3.5036698818897638
20
-3.8085997244094489
11
3.5025118110236217
21
-3.8113955511811022
0
LINE
8
BLACK
6
CONTINUOUS
10
3.5025118110236217
20
-3.8113955511811022
11
3.5003719291338582
21
-3.8135354330708662
0
LINE
8
BLACK
6
CONTINUOUS
10
3.5003719291338582
20
-3.8135354330708662
11
3.4975761023622045
21
-3.8146935039370078
0
LINE
8
BLACK
6
CONTINUOUS
10
3.4975761023622045
20
-3.8146935039370078
11
3.4945498818897636
21
-3.8146935039370078
0
LINE
8
BLACK
6
CONTINUOUS
10
3.4945498818897636
20
-3.8146935039370078
11
3.4917540551181103
21
-3.8135354330708662
0
LINE
8
BLACK
6
CONTINUOUS
10
3.4917540551181103
20
-3.8135354330708662
11
3.4896141732283463
21
-3.8113955511811022
0
LINE
8
BLACK
6
CONTINUOUS
10
3.4896141732283463
20
-3.8113955511811022
11
3.4884561023622047
21
-3.8085997244094489
0
LINE
8
BLACK
6
CONTINUOUS
10
3.4884561023622047
20
-3.8085997244094489
11
3.4884561023622047
21
-3.805573503937008
0
LINE
8
BLACK
6
CONTINUOUS
10
3.4884561023622047
20
-3.805573503937008
11
3.4896141732283463
21
-3.8027776771653543
0
LINE
8
BLACK
6
CONTINUOUS
10
3.4896141732283463
20
-3.8027776771653543
11
3.4917540551181103
21
-3.8006377952755903
0
LINE
8
BLACK
6
CONTINUOUS
10
3.4917540551181103
20
-3.8006377952755903
11
3.4945498818897636
21
-3.7994797244094487
0
LINE
8
BLACK
6
CONTINUOUS
10
3.4945498818897636
20
-3.7994797244094487
11
3.4975761023622045
21
-3.7994797244094487
0
LINE
8
BLACK
6
CONTINUOUS
10
3.4975761023622045
20
-3.7994797244094487
11
3.5003719291338582
21
-3.8006377952755903
0
LINE
8
BLACK
6
CONTINUOUS
10
3.5318679921259841
20
-3.8006377952755903
11
3.5340078740157481
21
-3.8027776771653543
0
LINE
8
BLACK
6
CONTINUOUS
10
3.5340078740157481
20
-3.8027776771653543
11
3.5351659448818897
21
-3.805573503937008
0
LINE
8
BLACK
6
CONTINUOUS
10
3.5351659448818897
20
-3.805573503937008
11
3.5351659448818897
21
-3.8085997244094489
0
LINE
8
BLACK
6
CONTINUOUS
10
3.5351659448818897
20
-3.8085997244094489
11
3.5340078740157481
21
-3.8113955511811022
0
LINE
8
BLACK
6
CONTINUOUS
10
3.5340078740157481
20
-3.8113955511811022
11
3.5318679921259841
21
-3.8135354330708662
0
LINE
8
BLACK
6
CONTINUOUS
10
3.5318679921259841
20
-3.8135354330708662
11
3.5290721653543304
21
-3.8146935039370078
0
LINE
8
BLACK
6
CONTINUOUS
10
3.5290721653543304
20
-3.8146935039370078
11
3.5260459448818895
21
-3.8146935039370078
0
LINE
8
BLACK
6
CONTINUOUS
10
3.5260459448818895
20
-3.8146935039370078
11
3.5232501181102363
21
-3.8135354330708662
0
LINE
8
BLACK
6
CONTINUOUS
10
3.5232501181102363
20
-3.8135354330708662
11
3.5211102362204723
21
-3.8113955511811022
0
LINE
8
BLACK
6
CONTINUOUS
10
3.5211102362204723
20
-3.8113955511811022
11
3.5199521653543306
21
-3.8085997244094489
0
LINE
8
BLACK
6
CONTINUOUS
10
3.5199521653543306
20
-3.8085997244094489
11
3.5199521653543306
21
-3.805573503937008
0
LINE
8
BLACK
6
CONTINUOUS
10
3.5199521653543306
20
-3.805573503937008
11
3.5211102362204723
21
-3.8027776771653543
0
LINE
8
BLACK
6
CONTINUOUS
10
3.5211102362204723
20
-3.8027776771653543
11
3.5232501181102363
21
-3.8006377952755903
0
LINE
8
BLACK
6
CONTINUOUS
10
3.5232501181102363
20
-3.8006377952755903
11
3.5260459448818895
21
-3.7994797244094487
0
LINE
8
BLACK
6
CONTINUOUS
10
3.5260459448818895
20
-3.7994797244094487
11
3.5290721653543304
21
-3.7994797244094487
0
LINE
8
BLACK
6
CONTINUOUS
10
3.5290721653543304
20
-3.7994797244094487
11
3.5318679921259841
21
-3.8006377952755903
0
LINE
8
BLACK
6
CONTINUOUS
10
3.5633640551181101
20
-3.8006377952755903
11
3.565503937007874
21
-3.8027776771653543
0
LINE
8
BLACK
6
CONTINUOUS
10
3.565503937007874
20
-3.8027776771653543
11
3.5666620078740157
21
-3.805573503937008
0
LINE
8
BLACK
6
CONTINUOUS
10
3.5666620078740157
20
-3.805573503937008
11
3.5666620078740157
21
-3.8085997244094489
0
LINE
8
BLACK
6
CONTINUOUS
10
3.5666620078740157
20
-3.8085997244094489
11
3.565503937007874
21
-3.8113955511811022
0
LINE
8
BLACK
6
CONTINUOUS
10
3.565503937007874
20
-3.8113955511811022
11
3.5633640551181101
21
-3.8135354330708662
0
LINE
8
BLACK
6
CONTINUOUS
10
3.5633640551181101
20
-3.8135354330708662
11
3.5605682283464568
21
-3.8146935039370078
0
LINE
8
BLACK
6
CONTINUOUS
10
3.5605682283464568
20
-3.8146935039370078
11
3.5575420078740159
21
-3.8146935039370078
0
LINE
8
BLACK
6
CONTINUOUS
10
3.5575420078740159
20
-3.8146935039370078
11
3.5547461811023622
21
-3.8135354330708662
0
LINE
8
BLACK
6
CONTINUOUS
10
3.5547461811023622
20
-3.8135354330708662
11
3.5526062992125982
21
-3.8113955511811022
0
LINE
8
BLACK
6
CONTINUOUS
10
3.5526062992125982
20
-3.8113955511811022
11
3.5514482283464566
21
-3.8085997244094489
0
LINE
8
BLACK
6
CONTINUOUS
10
3.5514482283464566
20
-3.8085997244094489
11
3.5514482283464566
21
-3.805573503937008
0
LINE
8
BLACK
6
CONTINUOUS
10
3.5514482283464566
20
-3.805573503937008
11
3.5526062992125982
21
-3.8027776771653543
0
LINE
8
BLACK
6
CONTINUOUS
10
3.5526062992125982
20
-3.8027776771653543
11
3.5547461811023622
21
-3.8006377952755903
0
LINE
8
BLACK
6
CONTINUOUS
10
3.5547461811023622
20
-3.8006377952755903
11
3.5575420078740159
21
-3.7994797244094487
0
LINE
8
BLACK
6
CONTINUOUS
10
3.5575420078740159
20
-3.7994797244094487
11
3.5605682283464568
21
-3.7994797244094487
0
LINE
8
BLACK
6
CONTINUOUS
10
3.5605682283464568
20
-3.7994797244094487
11
3.5633640551181101
21
-3.8006377952755903
0
LINE
8
BLACK
6
CONTINUOUS
10
3.594860118110236
20
-3.8006377952755903
11
3.597
21
-3.8027776771653543
0
LINE
8
BLACK
6
CONTINUOUS
10
3.597
20
-3.8027776771653543
11
3.5981580708661416
21
-3.805573503937008
0
LINE
8
BLACK
6
CONTINUOUS
10
3.5981580708661416
20
-3.805573503937008
11
3.5981580708661416
21
-3.8085997244094489
0
LINE
8
BLACK
6
CONTINUOUS
10
3.5981580708661416
20
-3.8085997244094489
11
3.597
21
-3.8113955511811022
0
LINE
8
BLACK
6
CONTINUOUS
10
3.597
20
-3.8113955511811022
11
3.594860118110236
21
-3.8135354330708662
0
LINE
8
BLACK
6
CONTINUOUS
10
3.594860118110236
20
-3.8135354330708662
11
3.5920642913385827
21
-3.8146935039370078
0
LINE
8
BLACK
6
CONTINUOUS
10
3.5920642913385827
20
-3.8146935039370078
11
3.5890380708661418
21
-3.8146935039370078
0
LINE
8
BLACK
6
CONTINUOUS
10
3.5890380708661418
20
-3.8146935039370078
11
3.5862422440944881
21
-3.8135354330708662
0
LINE
8
BLACK
6
CONTINUOUS
10
3.5862422440944881
20
-3.8135354330708662
11
3.5841023622047241
21
-3.8113955511811022
0
LINE
8
BLACK
6
CONTINUOUS
10
3.5841023622047241
20
-3.8113955511811022
11
3.5829442913385825
21
-3.8085997244094489
0
LINE
8
BLACK
6
CONTINUOUS
10
3.5829442913385825
20
-3.8085997244094489
11
3.5829442913385825
21
-3.805573503937008
0
LINE
8
BLACK
6
CONTINUOUS
10
3.5829442913385825
20
-3.805573503937008
11
3.5841023622047241
21
-3.8027776771653543
0
LINE
8
BLACK
6
CONTINUOUS
10
3.5841023622047241
20
-3.8027776771653543
11
3.5862422440944881
21
-3.8006377952755903
0
LINE
8
BLACK
6
CONTINUOUS
10
3.5862422440944881
20
-3.8006377952755903
11
3.5890380708661418
21
-3.7994797244094487
0
LINE
8
BLACK
6
CONTINUOUS
10
3.5890380708661418
20
-3.7994797244094487
11
3.5920642913385827
21
-3.7994797244094487
0
LINE
8
BLACK
6
CONTINUOUS
10
3.5920642913385827
20
-3.7994797244094487
11
3.594860118110236
21
-3.8006377952755903
0
LINE
8
BLACK
6
CONTINUOUS
10
3.6263561811023619
20
-3.8006377952755903
11
3.6284960629921259
21
-3.8027776771653543
0
LINE
8
BLACK
6
CONTINUOUS
10
3.6284960629921259
20
-3.8027776771653543
11
3.6296541338582675
21
-3.805573503937008
0
LINE
8
BLACK
6
CONTINUOUS
10
3.6296541338582675
20
-3.805573503937008
11
3.6296541338582675
21
-3.8085997244094489
0
LINE
8
BLACK
6
CONTINUOUS
10
3.6296541338582675
20
-3.8085997244094489
11
3.6284960629921259
21
-3.8113955511811022
0
LINE
8
BLACK
6
CONTINUOUS
10
3.6284960629921259
20
-3.8113955511811022
11
3.6263561811023619
21
-3.8135354330708662
0
LINE
8
BLACK
6
CONTINUOUS
10
3.6263561811023619
20
-3.8135354330708662
11
3.6235603543307087
21
-3.8146935039370078
0
LINE
8
BLACK
6
CONTINUOUS
10
3.6235603543307087
20
-3.8146935039370078
11
3.6205341338582677
21
-3.8146935039370078
0
LINE
8
BLACK
6
CONTINUOUS
10
3.6205341338582677
20
-3.8146935039370078
11
3.617738307086614
21
-3.8135354330708662
0
LINE
8
BLACK
6
CONTINUOUS
10
3.617738307086614
20
-3.8135354330708662
11
3.6155984251968505
21
-3.8113955511811022
0
LINE
8
BLACK
6
CONTINUOUS
10
3.6155984251968505
20
-3.8113955511811022
11
3.6144403543307084
21
-3.8085997244094489
0
LINE
8
BLACK
6
CONTINUOUS
10
3.6144403543307084
20
-3.8085997244094489
11
3.6144403543307084
21
-3.805573503937008
0
LINE
8
BLACK
6
CONTINUOUS
10
3.6144403543307084
20
-3.805573503937008
11
3.6155984251968505
21
-3.8027776771653543
0
LINE
8
BLACK
6
CONTINUOUS
10
3.6155984251968505
20
-3.8027776771653543
11
3.617738307086614
21
-3.8006377952755903
0
LINE
8
BLACK
6
CONTINUOUS
10
3.617738307086614
20
-3.8006377952755903
11
3.6205341338582677
21
-3.7994797244094487
0
LINE
8
BLACK
6
CONTINUOUS
10
3.6205341338582677
20
-3.7994797244094487
11
3.6235603543307087
21
-3.7994797244094487
0
LINE
8
BLACK
6
CONTINUOUS
10
3.6235603543307087
20
-3.7994797244094487
11
3.6263561811023619
21
-3.8006377952755903
0
LINE
8
BLACK
6
CONTINUOUS
10
3.6578522440944883
20
-3.8006377952755903
11
3.6599921259842518
21
-3.8027776771653543
0
LINE
8
BLACK
6
CONTINUOUS
10
3.6599921259842518
20
-3.8027776771653543
11
3.6611501968503934
21
-3.805573503937008
0
LINE
8
BLACK
6
CONTINUOUS
10
3.6611501968503934
20
-3.805573503937008
11
3.6611501968503934
21
-3.8085997244094489
0
LINE
8
BLACK
6
CONTINUOUS
10
3.6611501968503934
20
-3.8085997244094489
11
3.6599921259842518
21
-3.8113955511811022
0
LINE
8
BLACK
6
CONTINUOUS
10
3.6599921259842518
20
-3.8113955511811022
11
3.6578522440944883
21
-3.8135354330708662
0
LINE
8
BLACK
6
CONTINUOUS
10
3.6578522440944883
20
-3.8135354330708662
11
3.6550564173228346
21
-3.8146935039370078
0
LINE
8
BLACK
6
CONTINUOUS
10
3.6550564173228346
20
-3.8146935039370078
11
3.6520301968503937
21
-3.8146935039370078
0
LINE
8
BLACK
6
CONTINUOUS
10
3.6520301968503937
20
-3.8146935039370078
11
3.64923437007874
21
-3.8135354330708662
0
LINE
8
BLACK
6
CONTINUOUS
10
3.64923437007874
20
-3.8135354330708662
11
3.6470944881889764
21
-3.8113955511811022
0
LINE
8
BLACK
6
CONTINUOUS
10
3.6470944881889764
20
-3.8113955511811022
11
3.6459364173228344
21
-3.8085997244094489
0
LINE
8
BLACK
6
CONTINUOUS
10
3.6459364173228344
20
-3.8085997244094489
11
3.6459364173228344
21
-3.805573503937008
0
LINE
8
BLACK
6
CONTINUOUS
10
3.6459364173228344
20
-3.805573503937008
11
3.6470944881889764
21
-3.8027776771653543
0
LINE
8
BLACK
6
CONTINUOUS
10
3.6470944881889764
20
-3.8027776771653543
11
3.64923437007874
21
-3.8006377952755903
0
LINE
8
BLACK
6
CONTINUOUS
10
3.64923437007874
20
-3.8006377952755903
11
3.6520301968503937
21
-3.7994797244094487
0
LINE
8
BLACK
6
CONTINUOUS
10
3.6520301968503937
20
-3.7994797244094487
11
3.6550564173228346
21
-3.7994797244094487
0
LINE
8
BLACK
6
CONTINUOUS
10
3.6550564173228346
20
-3.7994797244094487
11
3.6578522440944883
21
-3.8006377952755903
0
LINE
8
BLACK
6
CONTINUOUS
10
3.6893483070866142
20
-3.8006377952755903
11
3.6914881889763778
21
-3.8027776771653543
0
LINE
8
BLACK
6
CONTINUOUS
10
3.6914881889763778
20
-3.8027776771653543
11
3.6926462598425198
21
-3.805573503937008
0
LINE
8
BLACK
6
CONTINUOUS
10
3.6926462598425198
20
-3.805573503937008
11
3.6926462598425198
21
-3.8085997244094489
0
LINE
8
BLACK
6
CONTINUOUS
10
3.6926462598425198
20
-3.8085997244094489
11
3.6914881889763778
21
-3.8113955511811022
0
LINE
8
BLACK
6
CONTINUOUS
10
3.6914881889763778
20
-3.8113955511811022
11
3.6893483070866142
21
-3.8135354330708662
0
LINE
8
BLACK
6
CONTINUOUS
10
3.6893483070866142
20
-3.8135354330708662
11
3.6865524803149605
21
-3.8146935039370078
0
LINE
8
BLACK
6
CONTINUOUS
10
3.6865524803149605
20
-3.8146935039370078
11
3.6835262598425196
21
-3.8146935039370078
0
LINE
8
BLACK
6
CONTINUOUS
10
3.6835262598425196
20
-3.8146935039370078
11
3.6807304330708659
21
-3.8135354330708662
0
LINE
8
BLACK
6
CONTINUOUS
10
3.6807304330708659
20
-3.8135354330708662
11
3.6785905511811023
21
-3.8113955511811022
0
LINE
8
BLACK
6
CONTINUOUS
10
3.6785905511811023
20
-3.8113955511811022
11
3.6774324803149607
21
-3.8085997244094489
0
LINE
8
BLACK
6
CONTINUOUS
10
3.6774324803149607
20
-3.8085997244094489
11
3.6774324803149607
21
-3.805573503937008
0
LINE
8
BLACK
6
CONTINUOUS
10
3.6774324803149607
20
-3.805573503937008
11
3.6785905511811023
21
-3.8027776771653543
0
LINE
8
BLACK
6
CONTINUOUS
10
3.6785905511811023
20
-3.8027776771653543
11
3.6807304330708659
21
-3.8006377952755903
0
LINE
8
BLACK
6
CONTINUOUS
10
3.6807304330708659
20
-3.8006377952755903
11
3.6835262598425196
21
-3.7994797244094487
0
LINE
8
BLACK
6
CONTINUOUS
10
3.6835262598425196
20
-3.7994797244094487
11
3.6865524803149605
21
-3.7994797244094487
0
LINE
8
BLACK
6
CONTINUOUS
10
3.6865524803149605
20
-3.7994797244094487
11
3.6893483070866142
21
-3.8006377952755903
0
LINE
8
BLACK
6
CONTINUOUS
10
3.7208443700787401
20
-3.8006377952755903
11
3.7229842519685037
21
-3.8027776771653543
0
LINE
8
BLACK
6
CONTINUOUS
10
3.7229842519685037
20
-3.8027776771653543
11
3.7241423228346457
21
-3.805573503937008
0
LINE
8
BLACK
6
CONTINUOUS
10
3.7241423228346457
20
-3.805573503937008
11
3.7241423228346457
21
-3.8085997244094489
0
LINE
8
BLACK
6
CONTINUOUS
10
3.7241423228346457
20
-3.8085997244094489
11
3.7229842519685037
21
-3.8113955511811022
0
LINE
8
BLACK
6
CONTINUOUS
10
3.7229842519685037
20
-3.8113955511811022
11
3.7208443700787401
21
-3.8135354330708662
0
LINE
8
BLACK
6
CONTINUOUS
10
3.7208443700787401
20
-3.8135354330708662
11
3.7180485433070865
21
-3.8146935039370078
0
LINE
8
BLACK
6
CONTINUOUS
10
3.7180485433070865
20
-3.8146935039370078
11
3.7150223228346455
21
-3.8146935039370078
0
LINE
8
BLACK
6
CONTINUOUS
10
3.7150223228346455
20
-3.8146935039370078
11
3.7122264960629918
21
-3.8135354330708662
0
LINE
8
BLACK
6
CONTINUOUS
10
3.7122264960629918
20
-3.8135354330708662
11
3.7100866141732283
21
-3.8113955511811022
0
LINE
8
BLACK
6
CONTINUOUS
10
3.7100866141732283
20
-3.8113955511811022
11
3.7089285433070867
21
-3.8085997244094489
0
LINE
8
BLACK
6
CONTINUOUS
10
3.7089285433070867
20
-3.8085997244094489
11
3.7089285433070867
21
-3.805573503937008
0
LINE
8
BLACK
6
CONTINUOUS
10
3.7089285433070867
20
-3.805573503937008
11
3.7100866141732283
21
-3.8027776771653543
0
LINE
8
BLACK
6
CONTINUOUS
10
3.7100866141732283
20
-3.8027776771653543
11
3.7122264960629918
21
-3.8006377952755903
0
LINE
8
BLACK
6
CONTINUOUS
10
3.7122264960629918
20
-3.8006377952755903
11
3.7150223228346455
21
-3.7994797244094487
0
LINE
8
BLACK
6
CONTINUOUS
10
3.7150223228346455
20
-3.7994797244094487
11
3.7180485433070865
21
-3.7994797244094487
0
LINE
8
BLACK
6
CONTINUOUS
10
3.7180485433070865
20
-3.7994797244094487
11
3.7208443700787401
21
-3.8006377952755903
0
LINE
8
BLACK
6
CONTINUOUS
10
3.7523404330708661
20
-3.8006377952755903
11
3.7544803149606296
21
-3.8027776771653543
0
LINE
8
BLACK
6
CONTINUOUS
10
3.7544803149606296
20
-3.8027776771653543
11
3.7556383858267717
21
-3.805573503937008
0
LINE
8
BLACK
6
CONTINUOUS
10
3.7556383858267717
20
-3.805573503937008
11
3.7556383858267717
21
-3.8085997244094489
0
LINE
8
BLACK
6
CONTINUOUS
10
3.7556383858267717
20
-3.8085997244094489
11
3.7544803149606296
21
-3.8113955511811022
0
LINE
8
BLACK
6
CONTINUOUS
10
3.7544803149606296
20
-3.8113955511811022
11
3.7523404330708661
21
-3.8135354330708662
0
LINE
8
BLACK
6
CONTINUOUS
10
3.7523404330708661
20
-3.8135354330708662
11
3.7495446062992124
21
-3.8146935039370078
0
LINE
8
BLACK
6
CONTINUOUS
10
3.7495446062992124
20
-3.8146935039370078
11
3.7465183858267714
21
-3.8146935039370078
0
LINE
8
BLACK
6
CONTINUOUS
10
3.7465183858267714
20
-3.8146935039370078
11
3.7437225590551182
21
-3.8135354330708662
0
LINE
8
BLACK
6
CONTINUOUS
10
3.7437225590551182
20
-3.8135354330708662
11
3.7415826771653542
21
-3.8113955511811022
0
LINE
8
BLACK
6
CONTINUOUS
10
3.7415826771653542
20
-3.8113955511811022
11
3.7404246062992126
21
-3.8085997244094489
0
LINE
8
BLACK
6
CONTINUOUS
10
3.7404246062992126
20
-3.8085997244094489
11
3.7404246062992126
21
-3.805573503937008
0
LINE
8
BLACK
6
CONTINUOUS
10
3.7404246062992126
20
-3.805573503937008
11
3.7415826771653542
21
-3.8027776771653543
0
LINE
8
BLACK
6
CONTINUOUS
10
3.7415826771653542
20
-3.8027776771653543
11
3.7437225590551182
21
-3.8006377952755903
0
LINE
8
BLACK
6
CONTINUOUS
10
3.7437225590551182
20
-3.8006377952755903
11
3.7465183858267714
21
-3.7994797244094487
0
LINE
8
BLACK
6
CONTINUOUS
10
3.7465183858267714
20
-3.7994797244094487
11
3.7495446062992124
21
-3.7994797244094487
0
LINE
8
BLACK
6
CONTINUOUS
10
3.7495446062992124
20
-3.7994797244094487
11
3.7523404330708661
21
-3.8006377952755903
0
LINE
8
BLACK
6
CONTINUOUS
10
3.783836496062992
20
-3.8006377952755903
11
3.785976377952756
21
-3.8027776771653543
0
LINE
8
BLACK
6
CONTINUOUS
10
3.785976377952756
20
-3.8027776771653543
11
3.7871344488188976
21
-3.805573503937008
0
LINE
8
BLACK
6
CONTINUOUS
10
3.7871344488188976
20
-3.805573503937008
11
3.7871344488188976
21
-3.8085997244094489
0
LINE
8
BLACK
6
CONTINUOUS
10
3.7871344488188976
20
-3.8085997244094489
11
3.785976377952756
21
-3.8113955511811022
0
LINE
8
BLACK
6
CONTINUOUS
10
3.785976377952756
20
-3.8113955511811022
11
3.783836496062992
21
-3.8135354330708662
0
LINE
8
BLACK
6
CONTINUOUS
10
3.783836496062992
20
-3.8135354330708662
11
3.7810406692913383
21
-3.8146935039370078
0
LINE
8
BLACK
6
CONTINUOUS
10
3.7810406692913383
20
-3.8146935039370078
11
3.7780144488188974
21
-3.8146935039370078
0
LINE
8
BLACK
6
CONTINUOUS
10
3.7780144488188974
20
-3.8146935039370078
11
3.7752186220472441
21
-3.8135354330708662
0
LINE
8
BLACK
6
CONTINUOUS
10
3.7752186220472441
20
-3.8135354330708662
11
3.7730787401574801
21
-3.8113955511811022
0
LINE
8
BLACK
6
CONTINUOUS
10
3.7730787401574801
20
-3.8113955511811022
11
3.7719206692913385
21
-3.8085997244094489
0
LINE
8
BLACK
6
CONTINUOUS
10
3.7719206692913385
20
-3.8085997244094489
11
3.7719206692913385
21
-3.805573503937008
0
LINE
8
BLACK
6
CONTINUOUS
10
3.7719206692913385
20
-3.805573503937008
11
3.7730787401574801
21
-3.8027776771653543
0
LINE
8
BLACK
6
CONTINUOUS
10
3.7730787401574801
20
-3.8027776771653543
11
3.7752186220472441
21
-3.8006377952755903
0
LINE
8
BLACK
6
CONTINUOUS
10
3.7752186220472441
20
-3.8006377952755903
11
3.7780144488188974
21
-3.7994797244094487
0
LINE
8
BLACK
6
CONTINUOUS
10
3.7780144488188974
20
-3.7994797244094487
11
3.7810406692913383
21
-3.7994797244094487
0
LINE
8
BLACK
6
CONTINUOUS
10
3.7810406692913383
20
-3.7994797244094487
11
3.783836496062992
21
-3.8006377952755903
0
LINE
8
BLACK
6
CONTINUOUS
10
3.8153325590551179
20
-3.8006377952755903
11
3.8174724409448819
21
-3.8027776771653543
0
LINE
8
BLACK
6
CONTINUOUS
10
3.8174724409448819
20
-3.8027776771653543
11
3.8186305118110235
21
-3.805573503937008
0
LINE
8
BLACK
6
CONTINUOUS
10
3.8186305118110235
20
-3.805573503937008
11
3.8186305118110235
21
-3.8085997244094489
0
LINE
8
BLACK
6
CONTINUOUS
10
3.8186305118110235
20
-3.8085997244094489
11
3.8174724409448819
21
-3.8113955511811022
0
LINE
8
BLACK
6
CONTINUOUS
10
3.8174724409448819
20
-3.8113955511811022
11
3.8153325590551179
21
-3.8135354330708662
0
LINE
8
BLACK
6
CONTINUOUS
10
3.8153325590551179
20
-3.8135354330708662
11
3.8125367322834647
21
-3.8146935039370078
0
LINE
8
BLACK
6
CONTINUOUS
10
3.8125367322834647
20
-3.8146935039370078
11
3.8095105118110237
21
-3.8146935039370078
0
LINE
8
BLACK
6
CONTINUOUS
10
3.8095105118110237
20
-3.8146935039370078
11
3.80671468503937
21
-3.8135354330708662
0
LINE
8
BLACK
6
CONTINUOUS
10
3.80671468503937
20
-3.8135354330708662
11
3.8045748031496061
21
-3.8113955511811022
0
LINE
8
BLACK
6
CONTINUOUS
10
3.8045748031496061
20
-3.8113955511811022
11
3.8034167322834644
21
-3.8085997244094489
0
LINE
8
BLACK
6
CONTINUOUS
10
3.8034167322834644
20
-3.8085997244094489
11
3.8034167322834644
21
-3.805573503937008
0
LINE
8
BLACK
6
CONTINUOUS
10
3.8034167322834644
20
-3.805573503937008
11
3.8045748031496061
21
-3.8027776771653543
0
LINE
8
BLACK
6
CONTINUOUS
10
3.8045748031496061
20
-3.8027776771653543
11
3.80671468503937
21
-3.8006377952755903
0
LINE
8
BLACK
6
CONTINUOUS
10
3.80671468503937
20
-3.8006377952755903
11
3.8095105118110237
21
-3.7994797244094487
0
LINE
8
BLACK
6
CONTINUOUS
10
3.8095105118110237
20
-3.7994797244094487
11
3.8125367322834647
21
-3.7994797244094487
0
LINE
8
BLACK
6
CONTINUOUS
10
3.8125367322834647
20
-3.7994797244094487
11
3.8153325590551179
21
-3.8006377952755903
0
LINE
8
BLACK
6
CONTINUOUS
10
3.8468286220472439
20
-3.8006377952755903
11
3.8489685039370078
21
-3.8027776771653543
0
LINE
8
BLACK
6
CONTINUOUS
10
3.8489685039370078
20
-3.8027776771653543
11
3.8501265748031495
21
-3.805573503937008
0
LINE
8
BLACK
6
CONTINUOUS
10
3.8501265748031495
20
-3.805573503937008
11
3.8501265748031495
21
-3.8085997244094489
0
LINE
8
BLACK
6
CONTINUOUS
10
3.8501265748031495
20
-3.8085997244094489
11
3.8489685039370078
21
-3.8113955511811022
0
LINE
8
BLACK
6
CONTINUOUS
10
3.8489685039370078
20
-3.8113955511811022
11
3.8468286220472439
21
-3.8135354330708662
0
LINE
8
BLACK
6
CONTINUOUS
10
3.8468286220472439
20
-3.8135354330708662
11
3.8440327952755906
21
-3.8146935039370078
0
LINE
8
BLACK
6
CONTINUOUS
10
3.8440327952755906
20
-3.8146935039370078
11
3.8410065748031497
21
-3.8146935039370078
0
LINE
8
BLACK
6
CONTINUOUS
10
3.8410065748031497
20
-3.8146935039370078
11
3.838210748031496
21
-3.8135354330708662
0
LINE
8
BLACK
6
CONTINUOUS
10
3.838210748031496
20
-3.8135354330708662
11
3.836070866141732
21
-3.8113955511811022
0
LINE
8
BLACK
6
CONTINUOUS
10
3.836070866141732
20
-3.8113955511811022
11
3.8349127952755904
21
-3.8085997244094489
0
LINE
8
BLACK
6
CONTINUOUS
10
3.8349127952755904
20
-3.8085997244094489
11
3.8349127952755904
21
-3.805573503937008
0
LINE
8
BLACK
6
CONTINUOUS
10
3.8349127952755904
20
-3.805573503937008
11
3.836070866141732
21
-3.8027776771653543
0
LINE
8
BLACK
6
CONTINUOUS
10
3.836070866141732
20
-3.8027776771653543
11
3.838210748031496
21
-3.8006377952755903
0
LINE
8
BLACK
6
CONTINUOUS
10
3.838210748031496
20
-3.8006377952755903
11
3.8410065748031497
21
-3.7994797244094487
0
LINE
8
BLACK
6
CONTINUOUS
10
3.8410065748031497
20
-3.7994797244094487
11
3.8440327952755906
21
-3.7994797244094487
0
LINE
8
BLACK
6
CONTINUOUS
10
3.8440327952755906
20
-3.7994797244094487
11
3.8468286220472439
21
-3.8006377952755903
0
LINE
8
BLACK
6
CONTINUOUS
10
3.8783246850393698
20
-3.8006377952755903
11
3.8804645669291338
21
-3.8027776771653543
0
LINE
8
BLACK
6
CONTINUOUS
10
3.8804645669291338
20
-3.8027776771653543
11
3.8816226377952754
21
-3.805573503937008
0
LINE
8
BLACK
6
CONTINUOUS
10
3.8816226377952754
20
-3.805573503937008
11
3.8816226377952754
21
-3.8085997244094489
0
LINE
8
BLACK
6
CONTINUOUS
10
3.8816226377952754
20
-3.8085997244094489
11
3.8804645669291338
21
-3.8113955511811022
0
LINE
8
BLACK
6
CONTINUOUS
10
3.8804645669291338
20
-3.8113955511811022
11
3.8783246850393698
21
-3.8135354330708662
0
LINE
8
BLACK
6
CONTINUOUS
10
3.8783246850393698
20
-3.8135354330708662
11
3.8755288582677165
21
-3.8146935039370078
0
LINE
8
BLACK
6
CONTINUOUS
10
3.8755288582677165
20
-3.8146935039370078
11
3.8725026377952756
21
-3.8146935039370078
0
LINE
8
BLACK
6
CONTINUOUS
10
3.8725026377952756
20
-3.8146935039370078
11
3.8697068110236219
21
-3.8135354330708662
0
LINE
8
BLACK
6
CONTINUOUS
10
3.8697068110236219
20
-3.8135354330708662
11
3.8675669291338584
21
-3.8113955511811022
0
LINE
8
BLACK
6
CONTINUOUS
10
3.8675669291338584
20
-3.8113955511811022
11
3.8664088582677163
21
-3.8085997244094489
0
LINE
8
BLACK
6
CONTINUOUS
10
3.8664088582677163
20
-3.8085997244094489
11
3.8664088582677163
21
-3.805573503937008
0
LINE
8
BLACK
6
CONTINUOUS
10
3.8664088582677163
20
-3.805573503937008
11
3.8675669291338584
21
-3.8027776771653543
0
LINE
8
BLACK
6
CONTINUOUS
10
3.8675669291338584
20
-3.8027776771653543
11
3.8697068110236219
21
-3.8006377952755903
0
LINE
8
BLACK
6
CONTINUOUS
10
3.8697068110236219
20
-3.8006377952755903
11
3.8725026377952756
21
-3.7994797244094487
0
LINE
8
BLACK
6
CONTINUOUS
10
3.8725026377952756
20
-3.7994797244094487
11
3.8755288582677165
21
-3.7994797244094487
0
LINE
8
BLACK
6
CONTINUOUS
10
3.8755288582677165
20
-3.7994797244094487
11
3.8783246850393698
21
-3.8006377952755903
0
LINE
8
BLACK
6
CONTINUOUS
10
3.9098207480314962
20
-3.8006377952755903
11
3.9119606299212597
21
-3.8027776771653543
0
LINE
8
BLACK
6
CONTINUOUS
10
3.9119606299212597
20
-3.8027776771653543
11
3.9131187007874013
21
-3.805573503937008
0
LINE
8
BLACK
6
CONTINUOUS
10
3.9131187007874013
20
-3.805573503937008
11
3.9131187007874013
21
-3.8085997244094489
0
LINE
8
BLACK
6
CONTINUOUS
10
3.9131187007874013
20
-3.8085997244094489
11
3.9119606299212597
21
-3.8113955511811022
0
LINE
8
BLACK
6
CONTINUOUS
10
3.9119606299212597
20
-3.8113955511811022
11
3.9098207480314962
21
-3.8135354330708662
0
LINE
8
BLACK
6
CONTINUOUS
10
3.9098207480314962
20
-3.8135354330708662
11
3.9070249212598425
21
-3.8146935039370078
0
LINE
8
BLACK
6
CONTINUOUS
10
3.9070249212598425
20
-3.8146935039370078
11
3.9039987007874015
21
-3.8146935039370078
0
LINE
8
BLACK
6
CONTINUOUS
10
3.9039987007874015
20
-3.8146935039370078
11
3.9012028740157478
21
-3.8135354330708662
0
LINE
8
BLACK
6
CONTINUOUS
10
3.9012028740157478
20
-3.8135354330708662
11
3.8990629921259843
21
-3.8113955511811022
0
LINE
8
BLACK
6
CONTINUOUS
10
3.8990629921259843
20
-3.8113955511811022
11
3.8979049212598422
21
-3.8085997244094489
0
LINE
8
BLACK
6
CONTINUOUS
10
3.8979049212598422
20
-3.8085997244094489
11
3.8979049212598422
21
-3.805573503937008
0
LINE
8
BLACK
6
CONTINUOUS
10
3.8979049212598422
20
-3.805573503937008
11
3.8990629921259843
21
-3.8027776771653543
0
LINE
8
BLACK
6
CONTINUOUS
10
3.8990629921259843
20
-3.8027776771653543
11
3.9012028740157478
21
-3.8006377952755903
0
LINE
8
BLACK
6
CONTINUOUS
10
3.9012028740157478
20
-3.8006377952755903
11
3.9039987007874015
21
-3.7994797244094487
0
LINE
8
BLACK
6
CONTINUOUS
10
3.9039987007874015
20
-3.7994797244094487
11
3.9070249212598425
21
-3.7994797244094487
0
LINE
8
BLACK
6
CONTINUOUS
10
3.9070249212598425
20
-3.7994797244094487
11
3.9098207480314962
21
-3.8006377952755903
0
LINE
8
BLACK
6
CONTINUOUS
10
3.3204709448818899
20
-3.7516398031496063
11
3.3232649606299214
21
-3.7535066929133856
0
LINE
8
BLACK
6
CONTINUOUS
10
3.3232649606299214
20
-3.7535066929133856
11
3.3251318503937006
21
-3.7563007086614171
0
LINE
8
BLACK
6
CONTINUOUS
10
3.3251318503937006
20
-3.7563007086614171
11
3.3257874015748032
21
-3.7595964566929134
0
LINE
8
BLACK
6
CONTINUOUS
10
3.3257874015748032
20
-3.7595964566929134
11
3.3257874015748032
21
-3.7768208661417324
0
LINE
8
BLACK
6
CONTINUOUS
10
3.3257874015748032
20
-3.7768208661417324
11
3.3251318503937006
21
-3.7801166141732283
0
LINE
8
BLACK
6
CONTINUOUS
10
3.3251318503937006
20
-3.7801166141732283
11
3.3232649606299214
21
-3.7829106299212598
0
LINE
8
BLACK
6
CONTINUOUS
10
3.3232649606299214
20
-3.7829106299212598
11
3.3204709448818899
21
-3.7847775196850395
0
LINE
8
BLACK
6
CONTINUOUS
10
3.3204709448818899
20
-3.7847775196850395
11
3.3171751968503935
21
-3.7854330708661417
0
LINE
8
BLACK
6
CONTINUOUS
10
3.3171751968503935
20
-3.7854330708661417
11
3.296998031496063
21
-3.7854330708661417
0
LINE
8
BLACK
6
CONTINUOUS
10
3.296998031496063
20
-3.7854330708661417
11
3.2937022834645671
21
-3.7847775196850395
0
LINE
8
BLACK
6
CONTINUOUS
10
3.2937022834645671
20
-3.7847775196850395
11
3.2909082677165356
21
-3.7829106299212598
0
LINE
8
BLACK
6
CONTINUOUS
10
3.2909082677165356
20
-3.7829106299212598
11
3.2890413779527559
21
-3.7801166141732283
0
LINE
8
BLACK
6
CONTINUOUS
10
3.2890413779527559
20
-3.7801166141732283
11
3.2883858267716533
21
-3.7768208661417324
0
LINE
8
BLACK
6
CONTINUOUS
10
3.2883858267716533
20
-3.7768208661417324
11
3.2883858267716533
21
-3.7595964566929134
0
LINE
8
BLACK
6
CONTINUOUS
10
3.2883858267716533
20
-3.7595964566929134
11
3.2890413779527559
21
-3.7563007086614171
0
LINE
8
BLACK
6
CONTINUOUS
10
3.2890413779527559
20
-3.7563007086614171
11
3.2909082677165356
21
-3.7535066929133856
0
LINE
8
BLACK
6
CONTINUOUS
10
3.2909082677165356
20
-3.7535066929133856
11
3.2937022834645671
21
-3.7516398031496063
0
LINE
8
BLACK
6
CONTINUOUS
10
3.2937022834645671
20
-3.7516398031496063
11
3.296998031496063
21
-3.7509842519685037
0
LINE
8
BLACK
6
CONTINUOUS
10
3.296998031496063
20
-3.7509842519685037
11
3.3171751968503935
21
-3.7509842519685037
0
LINE
8
BLACK
6
CONTINUOUS
10
3.3171751968503935
20
-3.7509842519685037
11
3.3204709448818899
21
-3.7516398031496063
0
LINE
8
BLACK
6
CONTINUOUS
10
3.379526062992126
20
-3.7516398031496063
11
3.3823200787401575
21
-3.7535066929133856
0
LINE
8
BLACK
6
CONTINUOUS
10
3.3823200787401575
20
-3.7535066929133856
11
3.3841869685039367
21
-3.7563007086614171
0
LINE
8
BLACK
6
CONTINUOUS
10
3.3841869685039367
20
-3.7563007086614171
11
3.3848425196850394
21
-3.7595964566929134
0
LINE
8
BLACK
6
CONTINUOUS
10
3.3848425196850394
20
-3.7595964566929134
11
3.3848425196850394
21
-3.7768208661417324
0
LINE
8
BLACK
6
CONTINUOUS
10
3.3848425196850394
20
-3.7768208661417324
11
3.3841869685039367
21
-3.7801166141732283
0
LINE
8
BLACK
6
CONTINUOUS
10
3.3841869685039367
20
-3.7801166141732283
11
3.3823200787401575
21
-3.7829106299212598
0
LINE
8
BLACK
6
CONTINUOUS
10
3.3823200787401575
20
-3.7829106299212598
11
3.379526062992126
21
-3.7847775196850395
0
LINE
8
BLACK
6
CONTINUOUS
10
3.379526062992126
20
-3.7847775196850395
11
3.3762303149606296
21
-3.7854330708661417
0
LINE
8
BLACK
6
CONTINUOUS
10
3.3762303149606296
20
-3.7854330708661417
11
3.3560531496062991
21
-3.7854330708661417
0
LINE
8
BLACK
6
CONTINUOUS
10
3.3560531496062991
20
-3.7854330708661417
11
3.3527574015748032
21
-3.7847775196850395
0
LINE
8
BLACK
6
CONTINUOUS
10
3.3527574015748032
20
-3.7847775196850395
11
3.3499633858267717
21
-3.7829106299212598
0
LINE
8
BLACK
6
CONTINUOUS
10
3.3499633858267717
20
-3.7829106299212598
11
3.348096496062992
21
-3.7801166141732283
0
LINE
8
BLACK
6
CONTINUOUS
10
3.348096496062992
20
-3.7801166141732283
11
3.3474409448818898
21
-3.7768208661417324
0
LINE
8
BLACK
6
CONTINUOUS
10
3.3474409448818898
20
-3.7768208661417324
11
3.3474409448818898
21
-3.7595964566929134
0
LINE
8
BLACK
6
CONTINUOUS
10
3.3474409448818898
20
-3.7595964566929134
11
3.348096496062992
21
-3.7563007086614171
0
LINE
8
BLACK
6
CONTINUOUS
10
3.348096496062992
20
-3.7563007086614171
11
3.3499633858267717
21
-3.7535066929133856
0
LINE
8
BLACK
6
CONTINUOUS
10
3.3499633858267717
20
-3.7535066929133856
11
3.3527574015748032
21
-3.7516398031496063
0
LINE
8
BLACK
6
CONTINUOUS
10
3.3527574015748032
20
-3.7516398031496063
11
3.3560531496062991
21
-3.7509842519685037
0
LINE
8
BLACK
6
CONTINUOUS
10
3.3560531496062991
20
-3.7509842519685037
11
3.3762303149606296
21
-3.7509842519685037
0
LINE
8
BLACK
6
CONTINUOUS
10
3.3762303149606296
20
-3.7509842519685037
11
3.379526062992126
21
-3.7516398031496063
0
LINE
8
BLACK
6
CONTINUOUS
10
2.9995139370078738
20
-3.7677764566929133
11
2.9997693700787402
21
-3.7679471653543306
0
LINE
8
BLACK
6
CONTINUOUS
10
2.9997693700787402
20
-3.7679471653543306
11
2.9999400787401576
21
-3.7682025984251966
0
LINE
8
BLACK
6
CONTINUOUS
10
2.9999400787401576
20
-3.7682025984251966
11
3.
21
-3.7685039370078739
0
LINE
8
BLACK
6
CONTINUOUS
10
3.
20
-3.7685039370078739
11
3.
21
-3.7826771653543307
0
LINE
8
BLACK
6
CONTINUOUS
10
3.
20
-3.7826771653543307
11
2.9999400787401576
21
-3.7829785039370076
0
LINE
8
BLACK
6
CONTINUOUS
10
2.9999400787401576
20
-3.7829785039370076
11
2.9997693700787402
21
-3.783233937007874
0
LINE
8
BLACK
6
CONTINUOUS
10
2.9997693700787402
20
-3.783233937007874
11
2.9995139370078738
21
-3.7834046456692914
0
LINE
8
BLACK
6
CONTINUOUS
10
2.9995139370078738
20
-3.7834046456692914
11
2.9992125984251969
21
-3.7834645669291338
0
LINE
8
BLACK
6
CONTINUOUS
10
2.9992125984251969
20
-3.7834645669291338
11
2.9692913385826771
21
-3.7834645669291338
0
LINE
8
BLACK
6
CONTINUOUS
10
2.9692913385826771
20
-3.7834645669291338
11
2.9689899999999998
21
-3.7834046456692914
0
LINE
8
BLACK
6
CONTINUOUS
10
2.9689899999999998
20
-3.7834046456692914
11
2.9687345669291338
21
-3.783233937007874
0
LINE
8
BLACK
6
CONTINUOUS
10
2.9687345669291338
20
-3.783233937007874
11
2.9685638582677165
21
-3.7829785039370076
0
LINE
8
BLACK
6
CONTINUOUS
10
2.9685638582677165
20
-3.7829785039370076
11
2.9685039370078741
21
-3.7826771653543307
0
LINE
8
BLACK
6
CONTINUOUS
10
2.9685039370078741
20
-3.7826771653543307
11
2.9685039370078741
21
-3.7685039370078739
0
LINE
8
BLACK
6
CONTINUOUS
10
2.9685039370078741
20
-3.7685039370078739
11
2.9685638582677165
21
-3.7682025984251966
0
LINE
8
BLACK
6
CONTINUOUS
10
2.9685638582677165
20
-3.7682025984251966
11
2.9687345669291338
21
-3.7679471653543306
0
LINE
8
BLACK
6
CONTINUOUS
10
2.9687345669291338
20
-3.7679471653543306
11
2.9689899999999998
21
-3.7677764566929133
0
LINE
8
BLACK
6
CONTINUOUS
10
2.9689899999999998
20
-3.7677764566929133
11
2.9692913385826771
21
-3.7677165354330708
0
LINE
8
BLACK
6
CONTINUOUS
10
2.9692913385826771
20
-3.7677165354330708
11
2.9992125984251969
21
-3.7677165354330708
0
LINE
8
BLACK
6
CONTINUOUS
10
2.9992125984251969
20
-3.7677165354330708
11
2.9995139370078738
21
-3.7677764566929133
0
LINE
8
BLACK
6
CONTINUOUS
10
3.1569942519685039
20
-3.7677764566929133
11
3.1572496850393699
21
-3.7679471653543306
0
LINE
8
BLACK
6
CONTINUOUS
10
3.1572496850393699
20
-3.7679471653543306
11
3.1574203937007872
21
-3.7682025984251966
0
LINE
8
BLACK
6
CONTINUOUS
10
3.1574203937007872
20
-3.7682025984251966
11
3.1574803149606296
21
-3.7685039370078739
0
LINE
8
BLACK
6
CONTINUOUS
10
3.1574803149606296
20
-3.7685039370078739
11
3.1574803149606296
21
-3.7826771653543307
0
LINE
8
BLACK
6
CONTINUOUS
10
3.1574803149606296
20
-3.7826771653543307
11
3.1574203937007872
21
-3.7829785039370076
0
LINE
8
BLACK
6
CONTINUOUS
10
3.1574203937007872
20
-3.7829785039370076
11
3.1572496850393699
21
-3.783233937007874
0
LINE
8
BLACK
6
CONTINUOUS
10
3.1572496850393699
20
-3.783233937007874
11
3.1569942519685039
21
-3.7834046456692914
0
LINE
8
BLACK
6
CONTINUOUS
10
3.1569942519685039
20
-3.7834046456692914
11
3.1566929133858266
21
-3.7834645669291338
0
LINE
8
BLACK
6
CONTINUOUS
10
3.1566929133858266
20
-3.7834645669291338
11
3.1267716535433072
21
-3.7834645669291338
0
LINE
8
BLACK
6
CONTINUOUS
10
3.1267716535433072
20
-3.7834645669291338
11
3.1264703149606299
21
-3.7834046456692914
0
LINE
8
BLACK
6
CONTINUOUS
10
3.1264703149606299
20
-3.7834046456692914
11
3.1262148818897639
21
-3.783233937007874
0
LINE
8
BLACK
6
CONTINUOUS
10
3.1262148818897639
20
-3.783233937007874
11
3.1260441732283466
21
-3.7829785039370076
0
LINE
8
BLACK
6
CONTINUOUS
10
3.1260441732283466
20
-3.7829785039370076
11
3.1259842519685037
21
-3.7826771653543307
0
LINE
8
BLACK
6
CONTINUOUS
10
3.1259842519685037
20
-3.7826771653543307
11
3.1259842519685037
21
-3.7685039370078739
0
LINE
8
BLACK
6
CONTINUOUS
10
3.1259842519685037
20
-3.7685039370078739
11
3.1260441732283466
21
-3.7682025984251966
0
LINE
8
BLACK
6
CONTINUOUS
10
3.1260441732283466
20
-3.7682025984251966
11
3.1262148818897639
21
-3.7679471653543306
0
LINE
8
BLACK
6
CONTINUOUS
10
3.1262148818897639
20
-3.7679471653543306
11
3.1264703149606299
21
-3.7677764566929133
0
LINE
8
BLACK
6
CONTINUOUS
10
3.1264703149606299
20
-3.7677764566929133
11
3.1267716535433072
21
-3.7677165354330708
0
LINE
8
BLACK
6
CONTINUOUS
10
3.1267716535433072
20
-3.7677165354330708
11
3.1566929133858266
21
-3.7677165354330708
0
LINE
8
BLACK
6
CONTINUOUS
10
3.1566929133858266
20
-3.7677165354330708
11
3.1569942519685039
21
-3.7677764566929133
0
LINE
8
BLACK
6
CONTINUOUS
10
3.5003719291338582
20
-3.7691417322834644
11
3.5025118110236217
21
-3.7712816141732284
0
LINE
8
BLACK
6
CONTINUOUS
10
3.5025118110236217
20
-3.7712816141732284
11
3.5036698818897638
21
-3.7740774409448816
0
LINE
8
BLACK
6
CONTINUOUS
10
3.5036698818897638
20
-3.7740774409448816
11
3.5036698818897638
21
-3.7771036614173226
0
LINE
8
BLACK
6
CONTINUOUS
10
3.5036698818897638
20
-3.7771036614173226
11
3.5025118110236217
21
-3.7798994881889763
0
LINE
8
BLACK
6
CONTINUOUS
10
3.5025118110236217
20
-3.7798994881889763
11
3.5003719291338582
21
-3.7820393700787402
0
LINE
8
BLACK
6
CONTINUOUS
10
3.5003719291338582
20
-3.7820393700787402
11
3.4975761023622045
21
-3.7831974409448819
0
LINE
8
BLACK
6
CONTINUOUS
10
3.4975761023622045
20
-3.7831974409448819
11
3.4945498818897636
21
-3.7831974409448819
0
LINE
8
BLACK
6
CONTINUOUS
10
3.4945498818897636
20
-3.7831974409448819
11
3.4917540551181103
21
-3.7820393700787402
0
LINE
8
BLACK
6
CONTINUOUS
10
3.4917540551181103
20
-3.7820393700787402
11
3.4896141732283463
21
-3.7798994881889763
0
LINE
8
BLACK
6
CONTINUOUS
10
3.4896141732283463
20
-3.7798994881889763
11
3.4884561023622047
21
-3.7771036614173226
0
LINE
8
BLACK
6
CONTINUOUS
10
3.4884561023622047
20
-3.7771036614173226
11
3.4884561023622047
21
-3.7740774409448816
0
LINE
8
BLACK
6
CONTINUOUS
10
3.4884561023622047
20
-3.7740774409448816
11
3.4896141732283463
21
-3.7712816141732284
0
LINE
8
BLACK
6
CONTINUOUS
10
3.4896141732283463
20
-3.7712816141732284
11
3.4917540551181103
21
-3.7691417322834644
0
LINE
8
BLACK
6
CONTINUOUS
10
3.4917540551181103
20
-3.7691417322834644
11
3.4945498818897636
21
-3.7679836614173228
0
LINE
8
BLACK
6
CONTINUOUS
10
3.4945498818897636
20
-3.7679836614173228
11
3.4975761023622045
21
-3.7679836614173228
0
LINE
8
BLACK
6
CONTINUOUS
10
3.4975761023622045
20
-3.7679836614173228
11
3.5003719291338582
21
-3.7691417322834644
0
LINE
8
BLACK
6
CONTINUOUS
10
3.5318679921259841
20
-3.7691417322834644
11
3.5340078740157481
21
-3.7712816141732284
0
LINE
8
BLACK
6
CONTINUOUS
10
3.5340078740157481
20
-3.7712816141732284
11
3.5351659448818897
21
-3.7740774409448816
0
LINE
8
BLACK
6
CONTINUOUS
10
3.5351659448818897
20
-3.7740774409448816
11
3.5351659448818897
21
-3.7771036614173226
0
LINE
8
BLACK
6
CONTINUOUS
10
3.5351659448818897
20
-3.7771036614173226
11
3.5340078740157481
21
-3.7798994881889763
0
LINE
8
BLACK
6
CONTINUOUS
10
3.5340078740157481
20
-3.7798994881889763
11
3.5318679921259841
21
-3.7820393700787402
0
LINE
8
BLACK
6
CONTINUOUS
10
3.5318679921259841
20
-3.7820393700787402
11
3.5290721653543304
21
-3.7831974409448819
0
LINE
8
BLACK
6
CONTINUOUS
10
3.5290721653543304
20
-3.7831974409448819
11
3.5260459448818895
21
-3.7831974409448819
0
LINE
8
BLACK
6
CONTINUOUS
10
3.5260459448818895
20
-3.7831974409448819
11
3.5232501181102363
21
-3.7820393700787402
0
LINE
8
BLACK
6
CONTINUOUS
10
3.5232501181102363
20
-3.7820393700787402
11
3.5211102362204723
21
-3.7798994881889763
0
LINE
8
BLACK
6
CONTINUOUS
10
3.5211102362204723
20
-3.7798994881889763
11
3.5199521653543306
21
-3.7771036614173226
0
LINE
8
BLACK
6
CONTINUOUS
10
3.5199521653543306
20
-3.7771036614173226
11
3.5199521653543306
21
-3.7740774409448816
0
LINE
8
BLACK
6
CONTINUOUS
10
3.5199521653543306
20
-3.7740774409448816
11
3.5211102362204723
21
-3.7712816141732284
0
LINE
8
BLACK
6
CONTINUOUS
10
3.5211102362204723
20
-3.7712816141732284
11
3.5232501181102363
21
-3.7691417322834644
0
LINE
8
BLACK
6
CONTINUOUS
10
3.5232501181102363
20
-3.7691417322834644
11
3.5260459448818895
21
-3.7679836614173228
0
LINE
8
BLACK
6
CONTINUOUS
10
3.5260459448818895
20
-3.7679836614173228
11
3.5290721653543304
21
-3.7679836614173228
0
LINE
8
BLACK
6
CONTINUOUS
10
3.5290721653543304
20
-3.7679836614173228
11
3.5318679921259841
21
-3.7691417322834644
0
LINE
8
BLACK
6
CONTINUOUS
10
3.5633640551181101
20
-3.7691417322834644
11
3.565503937007874
21
-3.7712816141732284
0
LINE
8
BLACK
6
CONTINUOUS
10
3.565503937007874
20
-3.7712816141732284
11
3.5666620078740157
21
-3.7740774409448816
0
LINE
8
BLACK
6
CONTINUOUS
10
3.5666620078740157
20
-3.7740774409448816
11
3.5666620078740157
21
-3.7771036614173226
0
LINE
8
BLACK
6
CONTINUOUS
10
3.5666620078740157
20
-3.7771036614173226
11
3.565503937007874
21
-3.7798994881889763
0
LINE
8
BLACK
6
CONTINUOUS
10
3.565503937007874
20
-3.7798994881889763
11
3.5633640551181101
21
-3.7820393700787402
0
LINE
8
BLACK
6
CONTINUOUS
10
3.5633640551181101
20
-3.7820393700787402
11
3.5605682283464568
21
-3.7831974409448819
0
LINE
8
BLACK
6
CONTINUOUS
10
3.5605682283464568
20
-3.7831974409448819
11
3.5575420078740159
21
-3.7831974409448819
0
LINE
8
BLACK
6
CONTINUOUS
10
3.5575420078740159
20
-3.7831974409448819
11
3.5547461811023622
21
-3.7820393700787402
0
LINE
8
BLACK
6
CONTINUOUS
10
3.5547461811023622
20
-3.7820393700787402
11
3.5526062992125982
21
-3.7798994881889763
0
LINE
8
BLACK
6
CONTINUOUS
10
3.5526062992125982
20
-3.7798994881889763
11
3.5514482283464566
21
-3.7771036614173226
0
LINE
8
BLACK
6
CONTINUOUS
10
3.5514482283464566
20
-3.7771036614173226
11
3.5514482283464566
21
-3.7740774409448816
0
LINE
8
BLACK
6
CONTINUOUS
10
3.5514482283464566
20
-3.7740774409448816
11
3.5526062992125982
21
-3.7712816141732284
0
LINE
8
BLACK
6
CONTINUOUS
10
3.5526062992125982
20
-3.7712816141732284
11
3.5547461811023622
21
-3.7691417322834644
0
LINE
8
BLACK
6
CONTINUOUS
10
3.5547461811023622
20
-3.7691417322834644
11
3.5575420078740159
21
-3.7679836614173228
0
LINE
8
BLACK
6
CONTINUOUS
10
3.5575420078740159
20
-3.7679836614173228
11
3.5605682283464568
21
-3.7679836614173228
0
LINE
8
BLACK
6
CONTINUOUS
10
3.5605682283464568
20
-3.7679836614173228
11
3.5633640551181101
21
-3.7691417322834644
0
LINE
8
BLACK
6
CONTINUOUS
10
3.594860118110236
20
-3.7691417322834644
11
3.597
21
-3.7712816141732284
0
LINE
8
BLACK
6
CONTINUOUS
10
3.597
20
-3.7712816141732284
11
3.5981580708661416
21
-3.7740774409448816
0
LINE
8
BLACK
6
CONTINUOUS
10
3.5981580708661416
20
-3.7740774409448816
11
3.5981580708661416
21
-3.7771036614173226
0
LINE
8
BLACK
6
CONTINUOUS
10
3.5981580708661416
20
-3.7771036614173226
11
3.597
21
-3.7798994881889763
0
LINE
8
BLACK
6
CONTINUOUS
10
3.597
20
-3.7798994881889763
11
3.594860118110236
21
-3.7820393700787402
0
LINE
8
BLACK
6
CONTINUOUS
10
3.594860118110236
20
-3.7820393700787402
11
3.5920642913385827
21
-3.7831974409448819
0
LINE
8
BLACK
6
CONTINUOUS
10
3.5920642913385827
20
-3.7831974409448819
11
3.5890380708661418
21
-3.7831974409448819
0
LINE
8
BLACK
6
CONTINUOUS
10
3.5890380708661418
20
-3.7831974409448819
11
3.5862422440944881
21
-3.7820393700787402
0
LINE
8
BLACK
6
CONTINUOUS
10
3.5862422440944881
20
-3.7820393700787402
11
3.5841023622047241
21
-3.7798994881889763
0
LINE
8
BLACK
6
CONTINUOUS
10
3.5841023622047241
20
-3.7798994881889763
11
3.5829442913385825
21
-3.7771036614173226
0
LINE
8
BLACK
6
CONTINUOUS
10
3.5829442913385825
20
-3.7771036614173226
11
3.5829442913385825
21
-3.7740774409448816
0
LINE
8
BLACK
6
CONTINUOUS
10
3.5829442913385825
20
-3.7740774409448816
11
3.5841023622047241
21
-3.7712816141732284
0
LINE
8
BLACK
6
CONTINUOUS
10
3.5841023622047241
20
-3.7712816141732284
11
3.5862422440944881
21
-3.7691417322834644
0
LINE
8
BLACK
6
CONTINUOUS
10
3.5862422440944881
20
-3.7691417322834644
11
3.5890380708661418
21
-3.7679836614173228
0
LINE
8
BLACK
6
CONTINUOUS
10
3.5890380708661418
20
-3.7679836614173228
11
3.5920642913385827
21
-3.7679836614173228
0
LINE
8
BLACK
6
CONTINUOUS
10
3.5920642913385827
20
-3.7679836614173228
11
3.594860118110236
21
-3.7691417322834644
0
LINE
8
BLACK
6
CONTINUOUS
10
3.6263561811023619
20
-3.7691417322834644
11
3.6284960629921259
21
-3.7712816141732284
0
LINE
8
BLACK
6
CONTINUOUS
10
3.6284960629921259
20
-3.7712816141732284
11
3.6296541338582675
21
-3.7740774409448816
0
LINE
8
BLACK
6
CONTINUOUS
10
3.6296541338582675
20
-3.7740774409448816
11
3.6296541338582675
21
-3.7771036614173226
0
LINE
8
BLACK
6
CONTINUOUS
10
3.6296541338582675
20
-3.7771036614173226
11
3.6284960629921259
21
-3.7798994881889763
0
LINE
8
BLACK
6
CONTINUOUS
10
3.6284960629921259
20
-3.7798994881889763
11
3.6263561811023619
21
-3.7820393700787402
0
LINE
8
BLACK
6
CONTINUOUS
10
3.6263561811023619
20
-3.7820393700787402
11
3.6235603543307087
21
-3.7831974409448819
0
LINE
8
BLACK
6
CONTINUOUS
10
3.6235603543307087
20
-3.7831974409448819
11
3.6205341338582677
21
-3.7831974409448819
0
LINE
8
BLACK
6
CONTINUOUS
10
3.6205341338582677
20
-3.7831974409448819
11
3.617738307086614
21
-3.7820393700787402
0
LINE
8
BLACK
6
CONTINUOUS
10
3.617738307086614
20
-3.7820393700787402
11
3.6155984251968505
21
-3.7798994881889763
0
LINE
8
BLACK
6
CONTINUOUS
10
3.6155984251968505
20
-3.7798994881889763
11
3.6144403543307084
21
-3.7771036614173226
0
LINE
8
BLACK
6
CONTINUOUS
10
3.6144403543307084
20
-3.7771036614173226
11
3.6144403543307084
21
-3.7740774409448816
0
LINE
8
BLACK
6
CONTINUOUS
10
3.6144403543307084
20
-3.7740774409448816
11
3.6155984251968505
21
-3.7712816141732284
0
LINE
8
BLACK
6
CONTINUOUS
10
3.6155984251968505
20
-3.7712816141732284
11
3.617738307086614
21
-3.7691417322834644
0
LINE
8
BLACK
6
CONTINUOUS
10
3.617738307086614
20
-3.7691417322834644
11
3.6205341338582677
21
-3.7679836614173228
0
LINE
8
BLACK
6
CONTINUOUS
10
3.6205341338582677
20
-3.7679836614173228
11
3.6235603543307087
21
-3.7679836614173228
0
LINE
8
BLACK
6
CONTINUOUS
10
3.6235603543307087
20
-3.7679836614173228
11
3.6263561811023619
21
-3.7691417322834644
0
LINE
8
BLACK
6
CONTINUOUS
10
3.6578522440944883
20
-3.7691417322834644
11
3.6599921259842518
21
-3.7712816141732284
0
LINE
8
BLACK
6
CONTINUOUS
10
3.6599921259842518
20
-3.7712816141732284
11
3.6611501968503934
21
-3.7740774409448816
0
LINE
8
BLACK
6
CONTINUOUS
10
3.6611501968503934
20
-3.7740774409448816
11
3.6611501968503934
21
-3.7771036614173226
0
LINE
8
BLACK
6
CONTINUOUS
10
3.6611501968503934
20
-3.7771036614173226
11
3.6599921259842518
21
-3.7798994881889763
0
LINE
8
BLACK
6
CONTINUOUS
10
3.6599921259842518
20
-3.7798994881889763
11
3.6578522440944883
21
-3.7820393700787402
0
LINE
8
BLACK
6
CONTINUOUS
10
3.6578522440944883
20
-3.7820393700787402
11
3.6550564173228346
21
-3.7831974409448819
0
LINE
8
BLACK
6
CONTINUOUS
10
3.6550564173228346
20
-3.7831974409448819
11
3.6520301968503937
21
-3.7831974409448819
0
LINE
8
BLACK
6
CONTINUOUS
10
3.6520301968503937
20
-3.7831974409448819
11
3.64923437007874
21
-3.7820393700787402
0
LINE
8
BLACK
6
CONTINUOUS
10
3.64923437007874
20
-3.7820393700787402
11
3.6470944881889764
21
-3.7798994881889763
0
LINE
8
BLACK
6
CONTINUOUS
10
3.6470944881889764
20
-3.7798994881889763
11
3.6459364173228344
21
-3.7771036614173226
0
LINE
8
BLACK
6
CONTINUOUS
10
3.6459364173228344
20
-3.7771036614173226
11
3.6459364173228344
21
-3.7740774409448816
0
LINE
8
BLACK
6
CONTINUOUS
10
3.6459364173228344
20
-3.7740774409448816
11
3.6470944881889764
21
-3.7712816141732284
0
LINE
8
BLACK
6
CONTINUOUS
10
3.6470944881889764
20
-3.7712816141732284
11
3.64923437007874
21
-3.7691417322834644
0
LINE
8
BLACK
6
CONTINUOUS
10
3.64923437007874
20
-3.7691417322834644
11
3.6520301968503937
21
-3.7679836614173228
0
LINE
8
BLACK
6
CONTINUOUS
10
3.6520301968503937
20
-3.7679836614173228
11
3.6550564173228346
21
-3.7679836614173228
0
LINE
8
BLACK
6
CONTINUOUS
10
3.6550564173228346
20
-3.7679836614173228
11
3.6578522440944883
21
-3.7691417322834644
0
LINE
8
BLACK
6
CONTINUOUS
10
3.6893483070866142
20
-3.7691417322834644
11
3.6914881889763778
21
-3.7712816141732284
0
LINE
8
BLACK
6
CONTINUOUS
10
3.6914881889763778
20
-3.7712816141732284
11
3.6926462598425198
21
-3.7740774409448816
0
LINE
8
BLACK
6
CONTINUOUS
10
3.6926462598425198
20
-3.7740774409448816
11
3.6926462598425198
21
-3.7771036614173226
0
LINE
8
BLACK
6
CONTINUOUS
10
3.6926462598425198
20
-3.7771036614173226
11
3.6914881889763778
21
-3.7798994881889763
0
LINE
8
BLACK
6
CONTINUOUS
10
3.6914881889763778
20
-3.7798994881889763
11
3.6893483070866142
21
-3.7820393700787402
0
LINE
8
BLACK
6
CONTINUOUS
10
3.6893483070866142
20
-3.7820393700787402
11
3.6865524803149605
21
-3.7831974409448819
0
LINE
8
BLACK
6
CONTINUOUS
10
3.6865524803149605
20
-3.7831974409448819
11
3.6835262598425196
21
-3.7831974409448819
0
LINE
8
BLACK
6
CONTINUOUS
10
3.6835262598425196
20
-3.7831974409448819
11
3.6807304330708659
21
-3.7820393700787402
0
LINE
8
BLACK
6
CONTINUOUS
10
3.6807304330708659
20
-3.7820393700787402
11
3.6785905511811023
21
-3.7798994881889763
0
LINE
8
BLACK
6
CONTINUOUS
10
3.6785905511811023
20
-3.7798994881889763
11
3.6774324803149607
21
-3.7771036614173226
0
LINE
8
BLACK
6
CONTINUOUS
10
3.6774324803149607
20
-3.7771036614173226
11
3.6774324803149607
21
-3.7740774409448816
0
LINE
8
BLACK
6
CONTINUOUS
10
3.6774324803149607
20
-3.7740774409448816
11
3.6785905511811023
21
-3.7712816141732284
0
LINE
8
BLACK
6
CONTINUOUS
10
3.6785905511811023
20
-3.7712816141732284
11
3.6807304330708659
21
-3.7691417322834644
0
LINE
8
BLACK
6
CONTINUOUS
10
3.6807304330708659
20
-3.7691417322834644
11
3.6835262598425196
21
-3.7679836614173228
0
LINE
8
BLACK
6
CONTINUOUS
10
3.6835262598425196
20
-3.7679836614173228
11
3.6865524803149605
21
-3.7679836614173228
0
LINE
8
BLACK
6
CONTINUOUS
10
3.6865524803149605
20
-3.7679836614173228
11
3.6893483070866142
21
-3.7691417322834644
0
LINE
8
BLACK
6
CONTINUOUS
10
3.7208443700787401
20
-3.7691417322834644
11
3.7229842519685037
21
-3.7712816141732284
0
LINE
8
BLACK
6
CONTINUOUS
10
3.7229842519685037
20
-3.7712816141732284
11
3.7241423228346457
21
-3.7740774409448816
0
LINE
8
BLACK
6
CONTINUOUS
10
3.7241423228346457
20
-3.7740774409448816
11
3.7241423228346457
21
-3.7771036614173226
0
LINE
8
BLACK
6
CONTINUOUS
10
3.7241423228346457
20
-3.7771036614173226
11
3.7229842519685037
21
-3.7798994881889763
0
LINE
8
BLACK
6
CONTINUOUS
10
3.7229842519685037
20
-3.7798994881889763
11
3.7208443700787401
21
-3.7820393700787402
0
LINE
8
BLACK
6
CONTINUOUS
10
3.7208443700787401
20
-3.7820393700787402
11
3.7180485433070865
21
-3.7831974409448819
0
LINE
8
BLACK
6
CONTINUOUS
10
3.7180485433070865
20
-3.7831974409448819
11
3.7150223228346455
21
-3.7831974409448819
0
LINE
8
BLACK
6
CONTINUOUS
10
3.7150223228346455
20
-3.7831974409448819
11
3.7122264960629918
21
-3.7820393700787402
0
LINE
8
BLACK
6
CONTINUOUS
10
3.7122264960629918
20
-3.7820393700787402
11
3.7100866141732283
21
-3.7798994881889763
0
LINE
8
BLACK
6
CONTINUOUS
10
3.7100866141732283
20
-3.7798994881889763
11
3.7089285433070867
21
-3.7771036614173226
0
LINE
8
BLACK
6
CONTINUOUS
10
3.7089285433070867
20
-3.7771036614173226
11
3.7089285433070867
21
-3.7740774409448816
0
LINE
8
BLACK
6
CONTINUOUS
10
3.7089285433070867
20
-3.7740774409448816
11
3.7100866141732283
21
-3.7712816141732284
0
LINE
8
BLACK
6
CONTINUOUS
10
3.7100866141732283
20
-3.7712816141732284
11
3.7122264960629918
21
-3.7691417322834644
0
LINE
8
BLACK
6
CONTINUOUS
10
3.7122264960629918
20
-3.7691417322834644
11
3.7150223228346455
21
-3.7679836614173228
0
LINE
8
BLACK
6
CONTINUOUS
10
3.7150223228346455
20
-3.7679836614173228
11
3.7180485433070865
21
-3.7679836614173228
0
LINE
8
BLACK
6
CONTINUOUS
10
3.7180485433070865
20
-3.7679836614173228
11
3.7208443700787401
21
-3.7691417322834644
0
LINE
8
BLACK
6
CONTINUOUS
10
3.7523404330708661
20
-3.7691417322834644
11
3.7544803149606296
21
-3.7712816141732284
0
LINE
8
BLACK
6
CONTINUOUS
10
3.7544803149606296
20
-3.7712816141732284
11
3.7556383858267717
21
-3.7740774409448816
0
LINE
8
BLACK
6
CONTINUOUS
10
3.7556383858267717
20
-3.7740774409448816
11
3.7556383858267717
21
-3.7771036614173226
0
LINE
8
BLACK
6
CONTINUOUS
10
3.7556383858267717
20
-3.7771036614173226
11
3.7544803149606296
21
-3.7798994881889763
0
LINE
8
BLACK
6
CONTINUOUS
10
3.7544803149606296
20
-3.7798994881889763
11
3.7523404330708661
21
-3.7820393700787402
0
LINE
8
BLACK
6
CONTINUOUS
10
3.7523404330708661
20
-3.7820393700787402
11
3.7495446062992124
21
-3.7831974409448819
0
LINE
8
BLACK
6
CONTINUOUS
10
3.7495446062992124
20
-3.7831974409448819
11
3.7465183858267714
21
-3.7831974409448819
0
LINE
8
BLACK
6
CONTINUOUS
10
3.7465183858267714
20
-3.7831974409448819
11
3.7437225590551182
21
-3.7820393700787402
0
LINE
8
BLACK
6
CONTINUOUS
10
3.7437225590551182
20
-3.7820393700787402
11
3.7415826771653542
21
-3.7798994881889763
0
LINE
8
BLACK
6
CONTINUOUS
10
3.7415826771653542
20
-3.7798994881889763
11
3.7404246062992126
21
-3.7771036614173226
0
LINE
8
BLACK
6
CONTINUOUS
10
3.7404246062992126
20
-3.7771036614173226
11
3.7404246062992126
21
-3.7740774409448816
0
LINE
8
BLACK
6
CONTINUOUS
10
3.7404246062992126
20
-3.7740774409448816
11
3.7415826771653542
21
-3.7712816141732284
0
LINE
8
BLACK
6
CONTINUOUS
10
3.7415826771653542
20
-3.7712816141732284
11
3.7437225590551182
21
-3.7691417322834644
0
LINE
8
BLACK
6
CONTINUOUS
10
3.7437225590551182
20
-3.7691417322834644
11
3.7465183858267714
21
-3.7679836614173228
0
LINE
8
BLACK
6
CONTINUOUS
10
3.7465183858267714
20
-3.7679836614173228
11
3.7495446062992124
21
-3.7679836614173228
0
LINE
8
BLACK
6
CONTINUOUS
10
3.7495446062992124
20
-3.7679836614173228
11
3.7523404330708661
21
-3.7691417322834644
0
LINE
8
BLACK
6
CONTINUOUS
10
3.783836496062992
20
-3.7691417322834644
11
3.785976377952756
21
-3.7712816141732284
0
LINE
8
BLACK
6
CONTINUOUS
10
3.785976377952756
20
-3.7712816141732284
11
3.7871344488188976
21
-3.7740774409448816
0
LINE
8
BLACK
6
CONTINUOUS
10
3.7871344488188976
20
-3.7740774409448816
11
3.7871344488188976
21
-3.7771036614173226
0
LINE
8
BLACK
6
CONTINUOUS
10
3.7871344488188976
20
-3.7771036614173226
11
3.785976377952756
21
-3.7798994881889763
0
LINE
8
BLACK
6
CONTINUOUS
10
3.785976377952756
20
-3.7798994881889763
11
3.783836496062992
21
-3.7820393700787402
0
LINE
8
BLACK
6
CONTINUOUS
10
3.783836496062992
20
-3.7820393700787402
11
3.7810406692913383
21
-3.7831974409448819
0
LINE
8
BLACK
6
CONTINUOUS
10
3.7810406692913383
20
-3.7831974409448819
11
3.7780144488188974
21
-3.7831974409448819
0
LINE
8
BLACK
6
CONTINUOUS
10
3.7780144488188974
20
-3.7831974409448819
11
3.7752186220472441
21
-3.7820393700787402
0
LINE
8
BLACK
6
CONTINUOUS
10
3.7752186220472441
20
-3.7820393700787402
11
3.7730787401574801
21
-3.7798994881889763
0
LINE
8
BLACK
6
CONTINUOUS
10
3.7730787401574801
20
-3.7798994881889763
11
3.7719206692913385
21
-3.7771036614173226
0
LINE
8
BLACK
6
CONTINUOUS
10
3.7719206692913385
20
-3.7771036614173226
11
3.7719206692913385
21
-3.7740774409448816
0
LINE
8
BLACK
6
CONTINUOUS
10
3.7719206692913385
20
-3.7740774409448816
11
3.7730787401574801
21
-3.7712816141732284
0
LINE
8
BLACK
6
CONTINUOUS
10
3.7730787401574801
20
-3.7712816141732284
11
3.7752186220472441
21
-3.7691417322834644
0
LINE
8
BLACK
6
CONTINUOUS
10
3.7752186220472441
20
-3.7691417322834644
11
3.7780144488188974
21
-3.7679836614173228
0
LINE
8
BLACK
6
CONTINUOUS
10
3.7780144488188974
20
-3.7679836614173228
11
3.7810406692913383
21
-3.7679836614173228
0
LINE
8
BLACK
6
CONTINUOUS
10
3.7810406692913383
20
-3.7679836614173228
11
3.783836496062992
21
-3.7691417322834644
0
LINE
8
BLACK
6
CONTINUOUS
10
3.8153325590551179
20
-3.7691417322834644
11
3.8174724409448819
21
-3.7712816141732284
0
LINE
8
BLACK
6
CONTINUOUS
10
3.8174724409448819
20
-3.7712816141732284
11
3.8186305118110235
21
-3.7740774409448816
0
LINE
8
BLACK
6
CONTINUOUS
10
3.8186305118110235
20
-3.7740774409448816
11
3.8186305118110235
21
-3.7771036614173226
0
LINE
8
BLACK
6
CONTINUOUS
10
3.8186305118110235
20
-3.7771036614173226
11
3.8174724409448819
21
-3.7798994881889763
0
LINE
8
BLACK
6
CONTINUOUS
10
3.8174724409448819
20
-3.7798994881889763
11
3.8153325590551179
21
-3.7820393700787402
0
LINE
8
BLACK
6
CONTINUOUS
10
3.8153325590551179
20
-3.7820393700787402
11
3.8125367322834647
21
-3.7831974409448819
0
LINE
8
BLACK
6
CONTINUOUS
10
3.8125367322834647
20
-3.7831974409448819
11
3.8095105118110237
21
-3.7831974409448819
0
LINE
8
BLACK
6
CONTINUOUS
10
3.8095105118110237
20
-3.7831974409448819
11
3.80671468503937
21
-3.7820393700787402
0
LINE
8
BLACK
6
CONTINUOUS
10
3.80671468503937
20
-3.7820393700787402
11
3.8045748031496061
21
-3.7798994881889763
0
LINE
8
BLACK
6
CONTINUOUS
10
3.8045748031496061
20
-3.7798994881889763
11
3.8034167322834644
21
-3.7771036614173226
0
LINE
8
BLACK
6
CONTINUOUS
10
3.8034167322834644
20
-3.7771036614173226
11
3.8034167322834644
21
-3.7740774409448816
0
LINE
8
BLACK
6
CONTINUOUS
10
3.8034167322834644
20
-3.7740774409448816
11
3.8045748031496061
21
-3.7712816141732284
0
LINE
8
BLACK
6
CONTINUOUS
10
3.8045748031496061
20
-3.7712816141732284
11
3.80671468503937
21
-3.7691417322834644
0
LINE
8
BLACK
6
CONTINUOUS
10
3.80671468503937
20
-3.7691417322834644
11
3.8095105118110237
21
-3.7679836614173228
0
LINE
8
BLACK
6
CONTINUOUS
10
3.8095105118110237
20
-3.7679836614173228
11
3.8125367322834647
21
-3.7679836614173228
0
LINE
8
BLACK
6
CONTINUOUS
10
3.8125367322834647
20
-3.7679836614173228
11
3.8153325590551179
21
-3.7691417322834644
0
LINE
8
BLACK
6
CONTINUOUS
10
3.8468286220472439
20
-3.7691417322834644
11
3.8489685039370078
21
-3.7712816141732284
0
LINE
8
BLACK
6
CONTINUOUS
10
3.8489685039370078
20
-3.7712816141732284
11
3.8501265748031495
21
-3.7740774409448816
0
LINE
8
BLACK
6
CONTINUOUS
10
3.8501265748031495
20
-3.7740774409448816
11
3.8501265748031495
21
-3.7771036614173226
0
LINE
8
BLACK
6
CONTINUOUS
10
3.8501265748031495
20
-3.7771036614173226
11
3.8489685039370078
21
-3.7798994881889763
0
LINE
8
BLACK
6
CONTINUOUS
10
3.8489685039370078
20
-3.7798994881889763
11
3.8468286220472439
21
-3.7820393700787402
0
LINE
8
BLACK
6
CONTINUOUS
10
3.8468286220472439
20
-3.7820393700787402
11
3.8440327952755906
21
-3.7831974409448819
0
LINE
8
BLACK
6
CONTINUOUS
10
3.8440327952755906
20
-3.7831974409448819
11
3.8410065748031497
21
-3.7831974409448819
0
LINE
8
BLACK
6
CONTINUOUS
10
3.8410065748031497
20
-3.7831974409448819
11
3.838210748031496
21
-3.7820393700787402
0
LINE
8
BLACK
6
CONTINUOUS
10
3.838210748031496
20
-3.7820393700787402
11
3.836070866141732
21
-3.7798994881889763
0
LINE
8
BLACK
6
CONTINUOUS
10
3.836070866141732
20
-3.7798994881889763
11
3.8349127952755904
21
-3.7771036614173226
0
LINE
8
BLACK
6
CONTINUOUS
10
3.8349127952755904
20
-3.7771036614173226
11
3.8349127952755904
21
-3.7740774409448816
0
LINE
8
BLACK
6
CONTINUOUS
10
3.8349127952755904
20
-3.7740774409448816
11
3.836070866141732
21
-3.7712816141732284
0
LINE
8
BLACK
6
CONTINUOUS
10
3.836070866141732
20
-3.7712816141732284
11
3.838210748031496
21
-3.7691417322834644
0
LINE
8
BLACK
6
CONTINUOUS
10
3.838210748031496
20
-3.7691417322834644
11
3.8410065748031497
21
-3.7679836614173228
0
LINE
8
BLACK
6
CONTINUOUS
10
3.8410065748031497
20
-3.7679836614173228
11
3.8440327952755906
21
-3.7679836614173228
0
LINE
8
BLACK
6
CONTINUOUS
10
3.8440327952755906
20
-3.7679836614173228
11
3.8468286220472439
21
-3.7691417322834644
0
LINE
8
BLACK
6
CONTINUOUS
10
3.8783246850393698
20
-3.7691417322834644
11
3.8804645669291338
21
-3.7712816141732284
0
LINE
8
BLACK
6
CONTINUOUS
10
3.8804645669291338
20
-3.7712816141732284
11
3.8816226377952754
21
-3.7740774409448816
0
LINE
8
BLACK
6
CONTINUOUS
10
3.8816226377952754
20
-3.7740774409448816
11
3.8816226377952754
21
-3.7771036614173226
0
LINE
8
BLACK
6
CONTINUOUS
10
3.8816226377952754
20
-3.7771036614173226
11
3.8804645669291338
21
-3.7798994881889763
0
LINE
8
BLACK
6
CONTINUOUS
10
3.8804645669291338
20
-3.7798994881889763
11
3.8783246850393698
21
-3.7820393700787402
0
LINE
8
BLACK
6
CONTINUOUS
10
3.8783246850393698
20
-3.7820393700787402
11
3.8755288582677165
21
-3.7831974409448819
0
LINE
8
BLACK
6
CONTINUOUS
10
3.8755288582677165
20
-3.7831974409448819
11
3.8725026377952756
21
-3.7831974409448819
0
LINE
8
BLACK
6
CONTINUOUS
10
3.8725026377952756
20
-3.7831974409448819
11
3.8697068110236219
21
-3.7820393700787402
0
LINE
8
BLACK
6
CONTINUOUS
10
3.8697068110236219
20
-3.7820393700787402
11
3.8675669291338584
21
-3.7798994881889763
0
LINE
8
BLACK
6
CONTINUOUS
10
3.8675669291338584
20
-3.7798994881889763
11
3.8664088582677163
21
-3.7771036614173226
0
LINE
8
BLACK
6
CONTINUOUS
10
3.8664088582677163
20
-3.7771036614173226
11
3.8664088582677163
21
-3.7740774409448816
0
LINE
8
BLACK
6
CONTINUOUS
10
3.8664088582677163
20
-3.7740774409448816
11
3.8675669291338584
21
-3.7712816141732284
0
LINE
8
BLACK
6
CONTINUOUS
10
3.8675669291338584
20
-3.7712816141732284
11
3.8697068110236219
21
-3.7691417322834644
0
LINE
8
BLACK
6
CONTINUOUS
10
3.8697068110236219
20
-3.7691417322834644
11
3.8725026377952756
21
-3.7679836614173228
0
LINE
8
BLACK
6
CONTINUOUS
10
3.8725026377952756
20
-3.7679836614173228
11
3.8755288582677165
21
-3.7679836614173228
0
LINE
8
BLACK
6
CONTINUOUS
10
3.8755288582677165
20
-3.7679836614173228
11
3.8783246850393698
21
-3.7691417322834644
0
LINE
8
BLACK
6
CONTINUOUS
10
3.9098207480314962
20
-3.7691417322834644
11
3.9119606299212597
21
-3.7712816141732284
0
LINE
8
BLACK
6
CONTINUOUS
10
3.9119606299212597
20
-3.7712816141732284
11
3.9131187007874013
21
-3.7740774409448816
0
LINE
8
BLACK
6
CONTINUOUS
10
3.9131187007874013
20
-3.7740774409448816
11
3.9131187007874013
21
-3.7771036614173226
0
LINE
8
BLACK
6
CONTINUOUS
10
3.9131187007874013
20
-3.7771036614173226
11
3.9119606299212597
21
-3.7798994881889763
0
LINE
8
BLACK
6
CONTINUOUS
10
3.9119606299212597
20
-3.7798994881889763
11
3.9098207480314962
21
-3.7820393700787402
0
LINE
8
BLACK
6
CONTINUOUS
10
3.9098207480314962
20
-3.7820393700787402
11
3.9070249212598425
21
-3.7831974409448819
0
LINE
8
BLACK
6
CONTINUOUS
10
3.9070249212598425
20
-3.7831974409448819
11
3.9039987007874015
21
-3.7831974409448819
0
LINE
8
BLACK
6
CONTINUOUS
10
3.9039987007874015
20
-3.7831974409448819
11
3.9012028740157478
21
-3.7820393700787402
0
LINE
8
BLACK
6
CONTINUOUS
10
3.9012028740157478
20
-3.7820393700787402
11
3.8990629921259843
21
-3.7798994881889763
0
LINE
8
BLACK
6
CONTINUOUS
10
3.8990629921259843
20
-3.7798994881889763
11
3.8979049212598422
21
-3.7771036614173226
0
LINE
8
BLACK
6
CONTINUOUS
10
3.8979049212598422
20
-3.7771036614173226
11
3.8979049212598422
21
-3.7740774409448816
0
LINE
8
BLACK
6
CONTINUOUS
10
3.8979049212598422
20
-3.7740774409448816
11
3.8990629921259843
21
-3.7712816141732284
0
LINE
8
BLACK
6
CONTINUOUS
10
3.8990629921259843
20
-3.7712816141732284
11
3.9012028740157478
21
-3.7691417322834644
0
LINE
8
BLACK
6
CONTINUOUS
10
3.9012028740157478
20
-3.7691417322834644
11
3.9039987007874015
21
-3.7679836614173228
0
LINE
8
BLACK
6
CONTINUOUS
10
3.9039987007874015
20
-3.7679836614173228
11
3.9070249212598425
21
-3.7679836614173228
0
LINE
8
BLACK
6
CONTINUOUS
10
3.9070249212598425
20
-3.7679836614173228
11
3.9098207480314962
21
-3.7691417322834644
0
LINE
8
BLACK
6
CONTINUOUS
10
2.7925766141732282
20
-3.759792440944882
11
2.7944605511811025
21
-3.7610512598425196
0
LINE
8
BLACK
6
CONTINUOUS
10
2.7944605511811025
20
-3.7610512598425196
11
2.7957193700787402
21
-3.7629351968503935
0
LINE
8
BLACK
6
CONTINUOUS
10
2.7957193700787402
20
-3.7629351968503935
11
2.7961614173228346
21
-3.7651574803149606
0
LINE
8
BLACK
6
CONTINUOUS
10
2.7961614173228346
20
-3.7651574803149606
11
2.7961614173228346
21
-3.7767716535433071
0
LINE
8
BLACK
6
CONTINUOUS
10
2.7961614173228346
20
-3.7767716535433071
11
2.7957193700787402
21
-3.7789939370078738
0
LINE
8
BLACK
6
CONTINUOUS
10
2.7957193700787402
20
-3.7789939370078738
11
2.7944605511811025
21
-3.780877874015748
0
LINE
8
BLACK
6
CONTINUOUS
10
2.7944605511811025
20
-3.780877874015748
11
2.7925766141732282
21
-3.7821366929133857
0
LINE
8
BLACK
6
CONTINUOUS
10
2.7925766141732282
20
-3.7821366929133857
11
2.7903543307086616
21
-3.7825787401574802
0
LINE
8
BLACK
6
CONTINUOUS
10
2.7903543307086616
20
-3.7825787401574802
11
2.7767716535433071
21
-3.7825787401574802
0
LINE
8
BLACK
6
CONTINUOUS
10
2.7767716535433071
20
-3.7825787401574802
11
2.77454937007874
21
-3.7821366929133857
0
LINE
8
BLACK
6
CONTINUOUS
10
2.77454937007874
20
-3.7821366929133857
11
2.7726654330708662
21
-3.780877874015748
0
LINE
8
BLACK
6
CONTINUOUS
10
2.7726654330708662
20
-3.780877874015748
11
2.7714066141732281
21
-3.7789939370078738
0
LINE
8
BLACK
6
CONTINUOUS
10
2.7714066141732281
20
-3.7789939370078738
11
2.7709645669291336
21
-3.7767716535433071
0
LINE
8
BLACK
6
CONTINUOUS
10
2.7709645669291336
20
-3.7767716535433071
11
2.7709645669291336
21
-3.7651574803149606
0
LINE
8
BLACK
6
CONTINUOUS
10
2.7709645669291336
20
-3.7651574803149606
11
2.7714066141732281
21
-3.7629351968503935
0
LINE
8
BLACK
6
CONTINUOUS
10
2.7714066141732281
20
-3.7629351968503935
11
2.7726654330708662
21
-3.7610512598425196
0
LINE
8
BLACK
6
CONTINUOUS
10
2.7726654330708662
20
-3.7610512598425196
11
2.77454937007874
21
-3.759792440944882
0
LINE
8
BLACK
6
CONTINUOUS
10
2.77454937007874
20
-3.759792440944882
11
2.7767716535433071
21
-3.7593503937007875
0
LINE
8
BLACK
6
CONTINUOUS
10
2.7767716535433071
20
-3.7593503937007875
11
2.7903543307086616
21
-3.7593503937007875
0
LINE
8
BLACK
6
CONTINUOUS
10
2.7903543307086616
20
-3.7593503937007875
11
2.7925766141732282
21
-3.759792440944882
0
LINE
8
BLACK
6
CONTINUOUS
10
2.698522125984252
20
-3.7466201181102363
11
2.7013161417322835
21
-3.7484870078740156
0
LINE
8
BLACK
6
CONTINUOUS
10
2.7013161417322835
20
-3.7484870078740156
11
2.7031830314960628
21
-3.7512810236220471
0
LINE
8
BLACK
6
CONTINUOUS
10
2.7031830314960628
20
-3.7512810236220471
11
2.7038385826771654
21
-3.7545767716535434
0
LINE
8
BLACK
6
CONTINUOUS
10
2.7038385826771654
20
-3.7545767716535434
11
2.7038385826771654
21
-3.771801181102362
0
LINE
8
BLACK
6
CONTINUOUS
10
2.7038385826771654
20
-3.771801181102362
11
2.7031830314960628
21
-3.7750969291338583
0
LINE
8
BLACK
6
CONTINUOUS
10
2.7031830314960628
20
-3.7750969291338583
11
2.7013161417322835
21
-3.7778909448818898
0
LINE
8
BLACK
6
CONTINUOUS
10
2.7013161417322835
20
-3.7778909448818898
11
2.698522125984252
21
-3.7797578346456691
0
LINE
8
BLACK
6
CONTINUOUS
10
2.698522125984252
20
-3.7797578346456691
11
2.6952263779527557
21
-3.7804133858267717
0
LINE
8
BLACK
6
CONTINUOUS
10
2.6952263779527557
20
-3.7804133858267717
11
2.6750492125984251
21
-3.7804133858267717
0
LINE
8
BLACK
6
CONTINUOUS
10
2.6750492125984251
20
-3.7804133858267717
11
2.6717534645669292
21
-3.7797578346456691
0
LINE
8
BLACK
6
CONTINUOUS
10
2.6717534645669292
20
-3.7797578346456691
11
2.6689594488188977
21
-3.7778909448818898
0
LINE
8
BLACK
6
CONTINUOUS
10
2.6689594488188977
20
-3.7778909448818898
11
2.667092559055118
21
-3.7750969291338583
0
LINE
8
BLACK
6
CONTINUOUS
10
2.667092559055118
20
-3.7750969291338583
11
2.6664370078740158
21
-3.771801181102362
0
LINE
8
BLACK
6
CONTINUOUS
10
2.6664370078740158
20
-3.771801181102362
11
2.6664370078740158
21
-3.7545767716535434
0
LINE
8
BLACK
6
CONTINUOUS
10
2.6664370078740158
20
-3.7545767716535434
11
2.667092559055118
21
-3.7512810236220471
0
LINE
8
BLACK
6
CONTINUOUS
10
2.667092559055118
20
-3.7512810236220471
11
2.6689594488188977
21
-3.7484870078740156
0
LINE
8
BLACK
6
CONTINUOUS
10
2.6689594488188977
20
-3.7484870078740156
11
2.6717534645669292
21
-3.7466201181102363
0
LINE
8
BLACK
6
CONTINUOUS
10
2.6717534645669292
20
-3.7466201181102363
11
2.6750492125984251
21
-3.7459645669291337
0
LINE
8
BLACK
6
CONTINUOUS
10
2.6750492125984251
20
-3.7459645669291337
11
2.6952263779527557
21
-3.7459645669291337
0
LINE
8
BLACK
6
CONTINUOUS
10
2.6952263779527557
20
-3.7459645669291337
11
2.698522125984252
21
-3.7466201181102363
0
LINE
8
BLACK
6
CONTINUOUS
10
2.8560024409448816
20
-3.7466201181102363
11
2.8587964566929132
21
-3.7484870078740156
0
LINE
8
BLACK
6
CONTINUOUS
10
2.8587964566929132
20
-3.7484870078740156
11
2.8606633464566928
21
-3.7512810236220471
0
LINE
8
BLACK
6
CONTINUOUS
10
2.8606633464566928
20
-3.7512810236220471
11
2.861318897637795
21
-3.7545767716535434
0
LINE
8
BLACK
6
CONTINUOUS
10
2.861318897637795
20
-3.7545767716535434
11
2.861318897637795
21
-3.771801181102362
0
LINE
8
BLACK
6
CONTINUOUS
10
2.861318897637795
20
-3.771801181102362
11
2.8606633464566928
21
-3.7750969291338583
0
LINE
8
BLACK
6
CONTINUOUS
10
2.8606633464566928
20
-3.7750969291338583
11
2.8587964566929132
21
-3.7778909448818898
0
LINE
8
BLACK
6
CONTINUOUS
10
2.8587964566929132
20
-3.7778909448818898
11
2.8560024409448816
21
-3.7797578346456691
0
LINE
8
BLACK
6
CONTINUOUS
10
2.8560024409448816
20
-3.7797578346456691
11
2.8527066929133857
21
-3.7804133858267717
0
LINE
8
BLACK
6
CONTINUOUS
10
2.8527066929133857
20
-3.7804133858267717
11
2.8325295275590552
21
-3.7804133858267717
0
LINE
8
BLACK
6
CONTINUOUS
10
2.8325295275590552
20
-3.7804133858267717
11
2.8292337795275588
21
-3.7797578346456691
0
LINE
8
BLACK
6
CONTINUOUS
10
2.8292337795275588
20
-3.7797578346456691
11
2.8264397637795273
21
-3.7778909448818898
0
LINE
8
BLACK
6
CONTINUOUS
10
2.8264397637795273
20
-3.7778909448818898
11
2.8245728740157481
21
-3.7750969291338583
0
LINE
8
BLACK
6
CONTINUOUS
10
2.8245728740157481
20
-3.7750969291338583
11
2.8239173228346455
21
-3.771801181102362
0
LINE
8
BLACK
6
CONTINUOUS
10
2.8239173228346455
20
-3.771801181102362
11
2.8239173228346455
21
-3.7545767716535434
0
LINE
8
BLACK
6
CONTINUOUS
10
2.8239173228346455
20
-3.7545767716535434
11
2.8245728740157481
21
-3.7512810236220471
0
LINE
8
BLACK
6
CONTINUOUS
10
2.8245728740157481
20
-3.7512810236220471
11
2.8264397637795273
21
-3.7484870078740156
0
LINE
8
BLACK
6
CONTINUOUS
10
2.8264397637795273
20
-3.7484870078740156
11
2.8292337795275588
21
-3.7466201181102363
0
LINE
8
BLACK
6
CONTINUOUS
10
2.8292337795275588
20
-3.7466201181102363
11
2.8325295275590552
21
-3.7459645669291337
0
LINE
8
BLACK
6
CONTINUOUS
10
2.8325295275590552
20
-3.7459645669291337
11
2.8527066929133857
21
-3.7459645669291337
0
LINE
8
BLACK
6
CONTINUOUS
10
2.8527066929133857
20
-3.7459645669291337
11
2.8560024409448816
21
-3.7466201181102363
0
LINE
8
BLACK
6
CONTINUOUS
10
2.9995139370078738
20
-3.7362803937007874
11
2.9997693700787402
21
-3.7364511023622047
0
LINE
8
BLACK
6
CONTINUOUS
10
2.9997693700787402
20
-3.7364511023622047
11
2.9999400787401576
21
-3.7367065354330706
0
LINE
8
BLACK
6
CONTINUOUS
10
2.9999400787401576
20
-3.7367065354330706
11
3.
21
-3.737007874015748
0
LINE
8
BLACK
6
CONTINUOUS
10
3.
20
-3.737007874015748
11
3.
21
-3.7511811023622048
0
LINE
8
BLACK
6
CONTINUOUS
10
3.
20
-3.7511811023622048
11
2.9999400787401576
21
-3.7514824409448817
0
LINE
8
BLACK
6
CONTINUOUS
10
2.9999400787401576
20
-3.7514824409448817
11
2.9997693700787402
21
-3.7517378740157481
0
LINE
8
BLACK
6
CONTINUOUS
10
2.9997693700787402
20
-3.7517378740157481
11
2.9995139370078738
21
-3.7519085826771654
0
LINE
8
BLACK
6
CONTINUOUS
10
2.9995139370078738
20
-3.7519085826771654
11
2.9992125984251969
21
-3.7519685039370079
0
LINE
8
BLACK
6
CONTINUOUS
10
2.9992125984251969
20
-3.7519685039370079
11
2.9692913385826771
21
-3.7519685039370079
0
LINE
8
BLACK
6
CONTINUOUS
10
2.9692913385826771
20
-3.7519685039370079
11
2.9689899999999998
21
-3.7519085826771654
0
LINE
8
BLACK
6
CONTINUOUS
10
2.9689899999999998
20
-3.7519085826771654
11
2.9687345669291338
21
-3.7517378740157481
0
LINE
8
BLACK
6
CONTINUOUS
10
2.9687345669291338
20
-3.7517378740157481
11
2.9685638582677165
21
-3.7514824409448817
0
LINE
8
BLACK
6
CONTINUOUS
10
2.9685638582677165
20
-3.7514824409448817
11
2.9685039370078741
21
-3.7511811023622048
0
LINE
8
BLACK
6
CONTINUOUS
10
2.9685039370078741
20
-3.7511811023622048
11
2.9685039370078741
21
-3.737007874015748
0
LINE
8
BLACK
6
CONTINUOUS
10
2.9685039370078741
20
-3.737007874015748
11
2.9685638582677165
21
-3.7367065354330706
0
LINE
8
BLACK
6
CONTINUOUS
10
2.9685638582677165
20
-3.7367065354330706
11
2.9687345669291338
21
-3.7364511023622047
0
LINE
8
BLACK
6
CONTINUOUS
10
2.9687345669291338
20
-3.7364511023622047
11
2.9689899999999998
21
-3.7362803937007874
0
LINE
8
BLACK
6
CONTINUOUS
10
2.9689899999999998
20
-3.7362803937007874
11
2.9692913385826771
21
-3.7362204724409449
0
LINE
8
BLACK
6
CONTINUOUS
10
2.9692913385826771
20
-3.7362204724409449
11
2.9992125984251969
21
-3.7362204724409449
0
LINE
8
BLACK
6
CONTINUOUS
10
2.9992125984251969
20
-3.7362204724409449
11
2.9995139370078738
21
-3.7362803937007874
0
LINE
8
BLACK
6
CONTINUOUS
10
3.1569942519685039
20
-3.7362803937007874
11
3.1572496850393699
21
-3.7364511023622047
0
LINE
8
BLACK
6
CONTINUOUS
10
3.1572496850393699
20
-3.7364511023622047
11
3.1574203937007872
21
-3.7367065354330706
0
LINE
8
BLACK
6
CONTINUOUS
10
3.1574203937007872
20
-3.7367065354330706
11
3.1574803149606296
21
-3.737007874015748
0
LINE
8
BLACK
6
CONTINUOUS
10
3.1574803149606296
20
-3.737007874015748
11
3.1574803149606296
21
-3.7511811023622048
0
LINE
8
BLACK
6
CONTINUOUS
10
3.1574803149606296
20
-3.7511811023622048
11
3.1574203937007872
21
-3.7514824409448817
0
LINE
8
BLACK
6
CONTINUOUS
10
3.1574203937007872
20
-3.7514824409448817
11
3.1572496850393699
21
-3.7517378740157481
0
LINE
8
BLACK
6
CONTINUOUS
10
3.1572496850393699
20
-3.7517378740157481
11
3.1569942519685039
21
-3.7519085826771654
0
LINE
8
BLACK
6
CONTINUOUS
10
3.1569942519685039
20
-3.7519085826771654
11
3.1566929133858266
21
-3.7519685039370079
0
LINE
8
BLACK
6
CONTINUOUS
10
3.1566929133858266
20
-3.7519685039370079
11
3.1267716535433072
21
-3.7519685039370079
0
LINE
8
BLACK
6
CONTINUOUS
10
3.1267716535433072
20
-3.7519685039370079
11
3.1264703149606299
21
-3.7519085826771654
0
LINE
8
BLACK
6
CONTINUOUS
10
3.1264703149606299
20
-3.7519085826771654
11
3.1262148818897639
21
-3.7517378740157481
0
LINE
8
BLACK
6
CONTINUOUS
10
3.1262148818897639
20
-3.7517378740157481
11
3.1260441732283466
21
-3.7514824409448817
0
LINE
8
BLACK
6
CONTINUOUS
10
3.1260441732283466
20
-3.7514824409448817
11
3.1259842519685037
21
-3.7511811023622048
0
LINE
8
BLACK
6
CONTINUOUS
10
3.1259842519685037
20
-3.7511811023622048
11
3.1259842519685037
21
-3.737007874015748
0
LINE
8
BLACK
6
CONTINUOUS
10
3.1259842519685037
20
-3.737007874015748
11
3.1260441732283466
21
-3.7367065354330706
0
LINE
8
BLACK
6
CONTINUOUS
10
3.1260441732283466
20
-3.7367065354330706
11
3.1262148818897639
21
-3.7364511023622047
0
LINE
8
BLACK
6
CONTINUOUS
10
3.1262148818897639
20
-3.7364511023622047
11
3.1264703149606299
21
-3.7362803937007874
0
LINE
8
BLACK
6
CONTINUOUS
10
3.1264703149606299
20
-3.7362803937007874
11
3.1267716535433072
21
-3.7362204724409449
0
LINE
8
BLACK
6
CONTINUOUS
10
3.1267716535433072
20
-3.7362204724409449
11
3.1566929133858266
21
-3.7362204724409449
0
LINE
8
BLACK
6
CONTINUOUS
10
3.1566929133858266
20
-3.7362204724409449
11
3.1569942519685039
21
-3.7362803937007874
0
LINE
8
BLACK
6
CONTINUOUS
10
3.5003719291338582
20
-3.7376456692913385
11
3.5025118110236217
21
-3.7397855511811025
0
LINE
8
BLACK
6
CONTINUOUS
10
3.5025118110236217
20
-3.7397855511811025
11
3.5036698818897638
21
-3.7425813779527557
0
LINE
8
BLACK
6
CONTINUOUS
10
3.5036698818897638
20
-3.7425813779527557
11
3.5036698818897638
21
-3.7456075984251966
0
LINE
8
BLACK
6
CONTINUOUS
10
3.5036698818897638
20
-3.7456075984251966
11
3.5025118110236217
21
-3.7484034251968503
0
LINE
8
BLACK
6
CONTINUOUS
10
3.5025118110236217
20
-3.7484034251968503
11
3.5003719291338582
21
-3.7505433070866139
0
LINE
8
BLACK
6
CONTINUOUS
10
3.5003719291338582
20
-3.7505433070866139
11
3.4975761023622045
21
-3.7517013779527559
0
LINE
8
BLACK
6
CONTINUOUS
10
3.4975761023622045
20
-3.7517013779527559
11
3.4945498818897636
21
-3.7517013779527559
0
LINE
8
BLACK
6
CONTINUOUS
10
3.4945498818897636
20
-3.7517013779527559
11
3.4917540551181103
21
-3.7505433070866139
0
LINE
8
BLACK
6
CONTINUOUS
10
3.4917540551181103
20
-3.7505433070866139
11
3.4896141732283463
21
-3.7484034251968503
0
LINE
8
BLACK
6
CONTINUOUS
10
3.4896141732283463
20
-3.7484034251968503
11
3.4884561023622047
21
-3.7456075984251966
0
LINE
8
BLACK
6
CONTINUOUS
10
3.4884561023622047
20
-3.7456075984251966
11
3.4884561023622047
21
-3.7425813779527557
0
LINE
8
BLACK
6
CONTINUOUS
10
3.4884561023622047
20
-3.7425813779527557
11
3.4896141732283463
21
-3.7397855511811025
0
LINE
8
BLACK
6
CONTINUOUS
10
3.4896141732283463
20
-3.7397855511811025
11
3.4917540551181103
21
-3.7376456692913385
0
LINE
8
BLACK
6
CONTINUOUS
10
3.4917540551181103
20
-3.7376456692913385
11
3.4945498818897636
21
-3.7364875984251968
0
LINE
8
BLACK
6
CONTINUOUS
10
3.4945498818897636
20
-3.7364875984251968
11
3.4975761023622045
21
-3.7364875984251968
0
LINE
8
BLACK
6
CONTINUOUS
10
3.4975761023622045
20
-3.7364875984251968
11
3.5003719291338582
21
-3.7376456692913385
0
LINE
8
BLACK
6
CONTINUOUS
10
3.5318679921259841
20
-3.7376456692913385
11
3.5340078740157481
21
-3.7397855511811025
0
LINE
8
BLACK
6
CONTINUOUS
10
3.5340078740157481
20
-3.7397855511811025
11
3.5351659448818897
21
-3.7425813779527557
0
LINE
8
BLACK
6
CONTINUOUS
10
3.5351659448818897
20
-3.7425813779527557
11
3.5351659448818897
21
-3.7456075984251966
0
LINE
8
BLACK
6
CONTINUOUS
10
3.5351659448818897
20
-3.7456075984251966
11
3.5340078740157481
21
-3.7484034251968503
0
LINE
8
BLACK
6
CONTINUOUS
10
3.5340078740157481
20
-3.7484034251968503
11
3.5318679921259841
21
-3.7505433070866139
0
LINE
8
BLACK
6
CONTINUOUS
10
3.5318679921259841
20
-3.7505433070866139
11
3.5290721653543304
21
-3.7517013779527559
0
LINE
8
BLACK
6
CONTINUOUS
10
3.5290721653543304
20
-3.7517013779527559
11
3.5260459448818895
21
-3.7517013779527559
0
LINE
8
BLACK
6
CONTINUOUS
10
3.5260459448818895
20
-3.7517013779527559
11
3.5232501181102363
21
-3.7505433070866139
0
LINE
8
BLACK
6
CONTINUOUS
10
3.5232501181102363
20
-3.7505433070866139
11
3.5211102362204723
21
-3.7484034251968503
0
LINE
8
BLACK
6
CONTINUOUS
10
3.5211102362204723
20
-3.7484034251968503
11
3.5199521653543306
21
-3.7456075984251966
0
LINE
8
BLACK
6
CONTINUOUS
10
3.5199521653543306
20
-3.7456075984251966
11
3.5199521653543306
21
-3.7425813779527557
0
LINE
8
BLACK
6
CONTINUOUS
10
3.5199521653543306
20
-3.7425813779527557
11
3.5211102362204723
21
-3.7397855511811025
0
LINE
8
BLACK
6
CONTINUOUS
10
3.5211102362204723
20
-3.7397855511811025
11
3.5232501181102363
21
-3.7376456692913385
0
LINE
8
BLACK
6
CONTINUOUS
10
3.5232501181102363
20
-3.7376456692913385
11
3.5260459448818895
21
-3.7364875984251968
0
LINE
8
BLACK
6
CONTINUOUS
10
3.5260459448818895
20
-3.7364875984251968
11
3.5290721653543304
21
-3.7364875984251968
0
LINE
8
BLACK
6
CONTINUOUS
10
3.5290721653543304
20
-3.7364875984251968
11
3.5318679921259841
21
-3.7376456692913385
0
LINE
8
BLACK
6
CONTINUOUS
10
3.5633640551181101
20
-3.7376456692913385
11
3.565503937007874
21
-3.7397855511811025
0
LINE
8
BLACK
6
CONTINUOUS
10
3.565503937007874
20
-3.7397855511811025
11
3.5666620078740157
21
-3.7425813779527557
0
LINE
8
BLACK
6
CONTINUOUS
10
3.5666620078740157
20
-3.7425813779527557
11
3.5666620078740157
21
-3.7456075984251966
0
LINE
8
BLACK
6
CONTINUOUS
10
3.5666620078740157
20
-3.7456075984251966
11
3.565503937007874
21
-3.7484034251968503
0
LINE
8
BLACK
6
CONTINUOUS
10
3.565503937007874
20
-3.7484034251968503
11
3.5633640551181101
21
-3.7505433070866139
0
LINE
8
BLACK
6
CONTINUOUS
10
3.5633640551181101
20
-3.7505433070866139
11
3.5605682283464568
21
-3.7517013779527559
0
LINE
8
BLACK
6
CONTINUOUS
10
3.5605682283464568
20
-3.7517013779527559
11
3.5575420078740159
21
-3.7517013779527559
0
LINE
8
BLACK
6
CONTINUOUS
10
3.5575420078740159
20
-3.7517013779527559
11
3.5547461811023622
21
-3.7505433070866139
0
LINE
8
BLACK
6
CONTINUOUS
10
3.5547461811023622
20
-3.7505433070866139
11
3.5526062992125982
21
-3.7484034251968503
0
LINE
8
BLACK
6
CONTINUOUS
10
3.5526062992125982
20
-3.7484034251968503
11
3.5514482283464566
21
-3.7456075984251966
0
LINE
8
BLACK
6
CONTINUOUS
10
3.5514482283464566
20
-3.7456075984251966
11
3.5514482283464566
21
-3.7425813779527557
0
LINE
8
BLACK
6
CONTINUOUS
10
3.5514482283464566
20
-3.7425813779527557
11
3.5526062992125982
21
-3.7397855511811025
0
LINE
8
BLACK
6
CONTINUOUS
10
3.5526062992125982
20
-3.7397855511811025
11
3.5547461811023622
21
-3.7376456692913385
0
LINE
8
BLACK
6
CONTINUOUS
10
3.5547461811023622
20
-3.7376456692913385
11
3.5575420078740159
21
-3.7364875984251968
0
LINE
8
BLACK
6
CONTINUOUS
10
3.5575420078740159
20
-3.7364875984251968
11
3.5605682283464568
21
-3.7364875984251968
0
LINE
8
BLACK
6
CONTINUOUS
10
3.5605682283464568
20
-3.7364875984251968
11
3.5633640551181101
21
-3.7376456692913385
0
LINE
8
BLACK
6
CONTINUOUS
10
3.594860118110236
20
-3.7376456692913385
11
3.597
21
-3.7397855511811025
0
LINE
8
BLACK
6
CONTINUOUS
10
3.597
20
-3.7397855511811025
11
3.5981580708661416
21
-3.7425813779527557
0
LINE
8
BLACK
6
CONTINUOUS
10
3.5981580708661416
20
-3.7425813779527557
11
3.5981580708661416
21
-3.7456075984251966
0
LINE
8
BLACK
6
CONTINUOUS
10
3.5981580708661416
20
-3.7456075984251966
11
3.597
21
-3.7484034251968503
0
LINE
8
BLACK
6
CONTINUOUS
10
3.597
20
-3.7484034251968503
11
3.594860118110236
21
-3.7505433070866139
0
LINE
8
BLACK
6
CONTINUOUS
10
3.594860118110236
20
-3.7505433070866139
11
3.5920642913385827
21
-3.7517013779527559
0
LINE
8
BLACK
6
CONTINUOUS
10
3.5920642913385827
20
-3.7517013779527559
11
3.5890380708661418
21
-3.7517013779527559
0
LINE
8
BLACK
6
CONTINUOUS
10
3.5890380708661418
20
-3.7517013779527559
11
3.5862422440944881
21
-3.7505433070866139
0
LINE
8
BLACK
6
CONTINUOUS
10
3.5862422440944881
20
-3.7505433070866139
11
3.5841023622047241
21
-3.7484034251968503
0
LINE
8
BLACK
6
CONTINUOUS
10
3.5841023622047241
20
-3.7484034251968503
11
3.5829442913385825
21
-3.7456075984251966
0
LINE
8
BLACK
6
CONTINUOUS
10
3.5829442913385825
20
-3.7456075984251966
11
3.5829442913385825
21
-3.7425813779527557
0
LINE
8
BLACK
6
CONTINUOUS
10
3.5829442913385825
20
-3.7425813779527557
11
3.5841023622047241
21
-3.7397855511811025
0
LINE
8
BLACK
6
CONTINUOUS
10
3.5841023622047241
20
-3.7397855511811025
11
3.5862422440944881
21
-3.7376456692913385
0
LINE
8
BLACK
6
CONTINUOUS
10
3.5862422440944881
20
-3.7376456692913385
11
3.5890380708661418
21
-3.7364875984251968
0
LINE
8
BLACK
6
CONTINUOUS
10
3.5890380708661418
20
-3.7364875984251968
11
3.5920642913385827
21
-3.7364875984251968
0
LINE
8
BLACK
6
CONTINUOUS
10
3.5920642913385827
20
-3.7364875984251968
11
3.594860118110236
21
-3.7376456692913385
0
LINE
8
BLACK
6
CONTINUOUS
10
3.6263561811023619
20
-3.7376456692913385
11
3.6284960629921259
21
-3.7397855511811025
0
LINE
8
BLACK
6
CONTINUOUS
10
3.6284960629921259
20
-3.7397855511811025
11
3.6296541338582675
21
-3.7425813779527557
0
LINE
8
BLACK
6
CONTINUOUS
10
3.6296541338582675
20
-3.7425813779527557
11
3.6296541338582675
21
-3.7456075984251966
0
LINE
8
BLACK
6
CONTINUOUS
10
3.6296541338582675
20
-3.7456075984251966
11
3.6284960629921259
21
-3.7484034251968503
0
LINE
8
BLACK
6
CONTINUOUS
10
3.6284960629921259
20
-3.7484034251968503
11
3.6263561811023619
21
-3.7505433070866139
0
LINE
8
BLACK
6
CONTINUOUS
10
3.6263561811023619
20
-3.7505433070866139
11
3.6235603543307087
21
-3.7517013779527559
0
LINE
8
BLACK
6
CONTINUOUS
10
3.6235603543307087
20
-3.7517013779527559
11
3.6205341338582677
21
-3.7517013779527559
0
LINE
8
BLACK
6
CONTINUOUS
10
3.6205341338582677
20
-3.7517013779527559
11
3.617738307086614
21
-3.7505433070866139
0
LINE
8
BLACK
6
CONTINUOUS
10
3.617738307086614
20
-3.7505433070866139
11
3.6155984251968505
21
-3.7484034251968503
0
LINE
8
BLACK
6
CONTINUOUS
10
3.6155984251968505
20
-3.7484034251968503
11
3.6144403543307084
21
-3.7456075984251966
0
LINE
8
BLACK
6
CONTINUOUS
10
3.6144403543307084
20
-3.7456075984251966
11
3.6144403543307084
21
-3.7425813779527557
0
LINE
8
BLACK
6
CONTINUOUS
10
3.6144403543307084
20
-3.7425813779527557
11
3.6155984251968505
21
-3.7397855511811025
0
LINE
8
BLACK
6
CONTINUOUS
10
3.6155984251968505
20
-3.7397855511811025
11
3.617738307086614
21
-3.7376456692913385
0
LINE
8
BLACK
6
CONTINUOUS
10
3.617738307086614
20
-3.7376456692913385
11
3.6205341338582677
21
-3.7364875984251968
0
LINE
8
BLACK
6
CONTINUOUS
10
3.6205341338582677
20
-3.7364875984251968
11
3.6235603543307087
21
-3.7364875984251968
0
LINE
8
BLACK
6
CONTINUOUS
10
3.6235603543307087
20
-3.7364875984251968
11
3.6263561811023619
21
-3.7376456692913385
0
LINE
8
BLACK
6
CONTINUOUS
10
3.6578522440944883
20
-3.7376456692913385
11
3.6599921259842518
21
-3.7397855511811025
0
LINE
8
BLACK
6
CONTINUOUS
10
3.6599921259842518
20
-3.7397855511811025
11
3.6611501968503934
21
-3.7425813779527557
0
LINE
8
BLACK
6
CONTINUOUS
10
3.6611501968503934
20
-3.7425813779527557
11
3.6611501968503934
21
-3.7456075984251966
0
LINE
8
BLACK
6
CONTINUOUS
10
3.6611501968503934
20
-3.7456075984251966
11
3.6599921259842518
21
-3.7484034251968503
0
LINE
8
BLACK
6
CONTINUOUS
10
3.6599921259842518
20
-3.7484034251968503
11
3.6578522440944883
21
-3.7505433070866139
0
LINE
8
BLACK
6
CONTINUOUS
10
3.6578522440944883
20
-3.7505433070866139
11
3.6550564173228346
21
-3.7517013779527559
0
LINE
8
BLACK
6
CONTINUOUS
10
3.6550564173228346
20
-3.7517013779527559
11
3.6520301968503937
21
-3.7517013779527559
0
LINE
8
BLACK
6
CONTINUOUS
10
3.6520301968503937
20
-3.7517013779527559
11
3.64923437007874
21
-3.7505433070866139
0
LINE
8
BLACK
6
CONTINUOUS
10
3.64923437007874
20
-3.7505433070866139
11
3.6470944881889764
21
-3.7484034251968503
0
LINE
8
BLACK
6
CONTINUOUS
10
3.6470944881889764
20
-3.7484034251968503
11
3.6459364173228344
21
-3.7456075984251966
0
LINE
8
BLACK
6
CONTINUOUS
10
3.6459364173228344
20
-3.7456075984251966
11
3.6459364173228344
21
-3.7425813779527557
0
LINE
8
BLACK
6
CONTINUOUS
10
3.6459364173228344
20
-3.7425813779527557
11
3.6470944881889764
21
-3.7397855511811025
0
LINE
8
BLACK
6
CONTINUOUS
10
3.6470944881889764
20
-3.7397855511811025
11
3.64923437007874
21
-3.7376456692913385
0
LINE
8
BLACK
6
CONTINUOUS
10
3.64923437007874
20
-3.7376456692913385
11
3.6520301968503937
21
-3.7364875984251968
0
LINE
8
BLACK
6
CONTINUOUS
10
3.6520301968503937
20
-3.7364875984251968
11
3.6550564173228346
21
-3.7364875984251968
0
LINE
8
BLACK
6
CONTINUOUS
10
3.6550564173228346
20
-3.7364875984251968
11
3.6578522440944883
21
-3.7376456692913385
0
LINE
8
BLACK
6
CONTINUOUS
10
3.6893483070866142
20
-3.7376456692913385
11
3.6914881889763778
21
-3.7397855511811025
0
LINE
8
BLACK
6
CONTINUOUS
10
3.6914881889763778
20
-3.7397855511811025
11
3.6926462598425198
21
-3.7425813779527557
0
LINE
8
BLACK
6
CONTINUOUS
10
3.6926462598425198
20
-3.7425813779527557
11
3.6926462598425198
21
-3.7456075984251966
0
LINE
8
BLACK
6
CONTINUOUS
10
3.6926462598425198
20
-3.7456075984251966
11
3.6914881889763778
21
-3.7484034251968503
0
LINE
8
BLACK
6
CONTINUOUS
10
3.6914881889763778
20
-3.7484034251968503
11
3.6893483070866142
21
-3.7505433070866139
0
LINE
8
BLACK
6
CONTINUOUS
10
3.6893483070866142
20
-3.7505433070866139
11
3.6865524803149605
21
-3.7517013779527559
0
LINE
8
BLACK
6
CONTINUOUS
10
3.6865524803149605
20
-3.7517013779527559
11
3.6835262598425196
21
-3.7517013779527559
0
LINE
8
BLACK
6
CONTINUOUS
10
3.6835262598425196
20
-3.7517013779527559
11
3.6807304330708659
21
-3.7505433070866139
0
LINE
8
BLACK
6
CONTINUOUS
10
3.6807304330708659
20
-3.7505433070866139
11
3.6785905511811023
21
-3.7484034251968503
0
LINE
8
BLACK
6
CONTINUOUS
10
3.6785905511811023
20
-3.7484034251968503
11
3.6774324803149607
21
-3.7456075984251966
0
LINE
8
BLACK
6
CONTINUOUS
10
3.6774324803149607
20
-3.7456075984251966
11
3.6774324803149607
21
-3.7425813779527557
0
LINE
8
BLACK
6
CONTINUOUS
10
3.6774324803149607
20
-3.7425813779527557
11
3.6785905511811023
21
-3.7397855511811025
0
LINE
8
BLACK
6
CONTINUOUS
10
3.6785905511811023
20
-3.7397855511811025
11
3.6807304330708659
21
-3.7376456692913385
0
LINE
8
BLACK
6
CONTINUOUS
10
3.6807304330708659
20
-3.7376456692913385
11
3.6835262598425196
21
-3.7364875984251968
0
LINE
8
BLACK
6
CONTINUOUS
10
3.6835262598425196
20
-3.7364875984251968
11
3.6865524803149605
21
-3.7364875984251968
0
LINE
8
BLACK
6
CONTINUOUS
10
3.6865524803149605
20
-3.7364875984251968
11
3.6893483070866142
21
-3.7376456692913385
0
LINE
8
BLACK
6
CONTINUOUS
10
3.7208443700787401
20
-3.7376456692913385
11
3.7229842519685037
21
-3.7397855511811025
0
LINE
8
BLACK
6
CONTINUOUS
10
3.7229842519685037
20
-3.7397855511811025
11
3.7241423228346457
21
-3.7425813779527557
0
LINE
8
BLACK
6
CONTINUOUS
10
3.7241423228346457
20
-3.7425813779527557
11
3.7241423228346457
21
-3.7456075984251966
0
LINE
8
BLACK
6
CONTINUOUS
10
3.7241423228346457
20
-3.7456075984251966
11
3.7229842519685037
21
-3.7484034251968503
0
LINE
8
BLACK
6
CONTINUOUS
10
3.7229842519685037
20
-3.7484034251968503
11
3.7208443700787401
21
-3.7505433070866139
0
LINE
8
BLACK
6
CONTINUOUS
10
3.7208443700787401
20
-3.7505433070866139
11
3.7180485433070865
21
-3.7517013779527559
0
LINE
8
BLACK
6
CONTINUOUS
10
3.7180485433070865
20
-3.7517013779527559
11
3.7150223228346455
21
-3.7517013779527559
0
LINE
8
BLACK
6
CONTINUOUS
10
3.7150223228346455
20
-3.7517013779527559
11
3.7122264960629918
21
-3.7505433070866139
0
LINE
8
BLACK
6
CONTINUOUS
10
3.7122264960629918
20
-3.7505433070866139
11
3.7100866141732283
21
-3.7484034251968503
0
LINE
8
BLACK
6
CONTINUOUS
10
3.7100866141732283
20
-3.7484034251968503
11
3.7089285433070867
21
-3.7456075984251966
0
LINE
8
BLACK
6
CONTINUOUS
10
3.7089285433070867
20
-3.7456075984251966
11
3.7089285433070867
21
-3.7425813779527557
0
LINE
8
BLACK
6
CONTINUOUS
10
3.7089285433070867
20
-3.7425813779527557
11
3.7100866141732283
21
-3.7397855511811025
0
LINE
8
BLACK
6
CONTINUOUS
10
3.7100866141732283
20
-3.7397855511811025
11
3.7122264960629918
21
-3.7376456692913385
0
LINE
8
BLACK
6
CONTINUOUS
10
3.7122264960629918
20
-3.7376456692913385
11
3.7150223228346455
21
-3.7364875984251968
0
LINE
8
BLACK
6
CONTINUOUS
10
3.7150223228346455
20
-3.7364875984251968
11
3.7180485433070865
21
-3.7364875984251968
0
LINE
8
BLACK
6
CONTINUOUS
10
3.7180485433070865
20
-3.7364875984251968
11
3.7208443700787401
21
-3.7376456692913385
0
LINE
8
BLACK
6
CONTINUOUS
10
3.7523404330708661
20
-3.7376456692913385
11
3.7544803149606296
21
-3.7397855511811025
0
LINE
8
BLACK
6
CONTINUOUS
10
3.7544803149606296
20
-3.7397855511811025
11
3.7556383858267717
21
-3.7425813779527557
0
LINE
8
BLACK
6
CONTINUOUS
10
3.7556383858267717
20
-3.7425813779527557
11
3.7556383858267717
21
-3.7456075984251966
0
LINE
8
BLACK
6
CONTINUOUS
10
3.7556383858267717
20
-3.7456075984251966
11
3.7544803149606296
21
-3.7484034251968503
0
LINE
8
BLACK
6
CONTINUOUS
10
3.7544803149606296
20
-3.7484034251968503
11
3.7523404330708661
21
-3.7505433070866139
0
LINE
8
BLACK
6
CONTINUOUS
10
3.7523404330708661
20
-3.7505433070866139
11
3.7495446062992124
21
-3.7517013779527559
0
LINE
8
BLACK
6
CONTINUOUS
10
3.7495446062992124
20
-3.7517013779527559
11
3.7465183858267714
21
-3.7517013779527559
0
LINE
8
BLACK
6
CONTINUOUS
10
3.7465183858267714
20
-3.7517013779527559
11
3.7437225590551182
21
-3.7505433070866139
0
LINE
8
BLACK
6
CONTINUOUS
10
3.7437225590551182
20
-3.7505433070866139
11
3.7415826771653542
21
-3.7484034251968503
0
LINE
8
BLACK
6
CONTINUOUS
10
3.7415826771653542
20
-3.7484034251968503
11
3.7404246062992126
21
-3.7456075984251966
0
LINE
8
BLACK
6
CONTINUOUS
10
3.7404246062992126
20
-3.7456075984251966
11
3.7404246062992126
21
-3.7425813779527557
0
LINE
8
BLACK
6
CONTINUOUS
10
3.7404246062992126
20
-3.7425813779527557
11
3.7415826771653542
21
-3.7397855511811025
0
LINE
8
BLACK
6
CONTINUOUS
10
3.7415826771653542
20
-3.7397855511811025
11
3.7437225590551182
21
-3.7376456692913385
0
LINE
8
BLACK
6
CONTINUOUS
10
3.7437225590551182
20
-3.7376456692913385
11
3.7465183858267714
21
-3.7364875984251968
0
LINE
8
BLACK
6
CONTINUOUS
10
3.7465183858267714
20
-3.7364875984251968
11
3.7495446062992124
21
-3.7364875984251968
0
LINE
8
BLACK
6
CONTINUOUS
10
3.7495446062992124
20
-3.7364875984251968
11
3.7523404330708661
21
-3.7376456692913385
0
LINE
8
BLACK
6
CONTINUOUS
10
3.783836496062992
20
-3.7376456692913385
11
3.785976377952756
21
-3.7397855511811025
0
LINE
8
BLACK
6
CONTINUOUS
10
3.785976377952756
20
-3.7397855511811025
11
3.7871344488188976
21
-3.7425813779527557
0
LINE
8
BLACK
6
CONTINUOUS
10
3.7871344488188976
20
-3.7425813779527557
11
3.7871344488188976
21
-3.7456075984251966
0
LINE
8
BLACK
6
CONTINUOUS
10
3.7871344488188976
20
-3.7456075984251966
11
3.785976377952756
21
-3.7484034251968503
0
LINE
8
BLACK
6
CONTINUOUS
10
3.785976377952756
20
-3.7484034251968503
11
3.783836496062992
21
-3.7505433070866139
0
LINE
8
BLACK
6
CONTINUOUS
10
3.783836496062992
20
-3.7505433070866139
11
3.7810406692913383
21
-3.7517013779527559
0
LINE
8
BLACK
6
CONTINUOUS
10
3.7810406692913383
20
-3.7517013779527559
11
3.7780144488188974
21
-3.7517013779527559
0
LINE
8
BLACK
6
CONTINUOUS
10
3.7780144488188974
20
-3.7517013779527559
11
3.7752186220472441
21
-3.7505433070866139
0
LINE
8
BLACK
6
CONTINUOUS
10
3.7752186220472441
20
-3.7505433070866139
11
3.7730787401574801
21
-3.7484034251968503
0
LINE
8
BLACK
6
CONTINUOUS
10
3.7730787401574801
20
-3.7484034251968503
11
3.7719206692913385
21
-3.7456075984251966
0
LINE
8
BLACK
6
CONTINUOUS
10
3.7719206692913385
20
-3.7456075984251966
11
3.7719206692913385
21
-3.7425813779527557
0
LINE
8
BLACK
6
CONTINUOUS
10
3.7719206692913385
20
-3.7425813779527557
11
3.7730787401574801
21
-3.7397855511811025
0
LINE
8
BLACK
6
CONTINUOUS
10
3.7730787401574801
20
-3.7397855511811025
11
3.7752186220472441
21
-3.7376456692913385
0
LINE
8
BLACK
6
CONTINUOUS
10
3.7752186220472441
20
-3.7376456692913385
11
3.7780144488188974
21
-3.7364875984251968
0
LINE
8
BLACK
6
CONTINUOUS
10
3.7780144488188974
20
-3.7364875984251968
11
3.7810406692913383
21
-3.7364875984251968
0
LINE
8
BLACK
6
CONTINUOUS
10
3.7810406692913383
20
-3.7364875984251968
11
3.783836496062992
21
-3.7376456692913385
0
LINE
8
BLACK
6
CONTINUOUS
10
3.8153325590551179
20
-3.7376456692913385
11
3.8174724409448819
21
-3.7397855511811025
0
LINE
8
BLACK
6
CONTINUOUS
10
3.8174724409448819
20
-3.7397855511811025
11
3.8186305118110235
21
-3.7425813779527557
0
LINE
8
BLACK
6
CONTINUOUS
10
3.8186305118110235
20
-3.7425813779527557
11
3.8186305118110235
21
-3.7456075984251966
0
LINE
8
BLACK
6
CONTINUOUS
10
3.8186305118110235
20
-3.7456075984251966
11
3.8174724409448819
21
-3.7484034251968503
0
LINE
8
BLACK
6
CONTINUOUS
10
3.8174724409448819
20
-3.7484034251968503
11
3.8153325590551179
21
-3.7505433070866139
0
LINE
8
BLACK
6
CONTINUOUS
10
3.8153325590551179
20
-3.7505433070866139
11
3.8125367322834647
21
-3.7517013779527559
0
LINE
8
BLACK
6
CONTINUOUS
10
3.8125367322834647
20
-3.7517013779527559
11
3.8095105118110237
21
-3.7517013779527559
0
LINE
8
BLACK
6
CONTINUOUS
10
3.8095105118110237
20
-3.7517013779527559
11
3.80671468503937
21
-3.7505433070866139
0
LINE
8
BLACK
6
CONTINUOUS
10
3.80671468503937
20
-3.7505433070866139
11
3.8045748031496061
21
-3.7484034251968503
0
LINE
8
BLACK
6
CONTINUOUS
10
3.8045748031496061
20
-3.7484034251968503
11
3.8034167322834644
21
-3.7456075984251966
0
LINE
8
BLACK
6
CONTINUOUS
10
3.8034167322834644
20
-3.7456075984251966
11
3.8034167322834644
21
-3.7425813779527557
0
LINE
8
BLACK
6
CONTINUOUS
10
3.8034167322834644
20
-3.7425813779527557
11
3.8045748031496061
21
-3.7397855511811025
0
LINE
8
BLACK
6
CONTINUOUS
10
3.8045748031496061
20
-3.7397855511811025
11
3.80671468503937
21
-3.7376456692913385
0
LINE
8
BLACK
6
CONTINUOUS
10
3.80671468503937
20
-3.7376456692913385
11
3.8095105118110237
21
-3.7364875984251968
0
LINE
8
BLACK
6
CONTINUOUS
10
3.8095105118110237
20
-3.7364875984251968
11
3.8125367322834647
21
-3.7364875984251968
0
LINE
8
BLACK
6
CONTINUOUS
10
3.8125367322834647
20
-3.7364875984251968
11
3.8153325590551179
21
-3.7376456692913385
0
LINE
8
BLACK
6
CONTINUOUS
10
3.8468286220472439
20
-3.7376456692913385
11
3.8489685039370078
21
-3.7397855511811025
0
LINE
8
BLACK
6
CONTINUOUS
10
3.8489685039370078
20
-3.7397855511811025
11
3.8501265748031495
21
-3.7425813779527557
0
LINE
8
BLACK
6
CONTINUOUS
10
3.8501265748031495
20
-3.7425813779527557
11
3.8501265748031495
21
-3.7456075984251966
0
LINE
8
BLACK
6
CONTINUOUS
10
3.8501265748031495
20
-3.7456075984251966
11
3.8489685039370078
21
-3.7484034251968503
0
LINE
8
BLACK
6
CONTINUOUS
10
3.8489685039370078
20
-3.7484034251968503
11
3.8468286220472439
21
-3.7505433070866139
0
LINE
8
BLACK
6
CONTINUOUS
10
3.8468286220472439
20
-3.7505433070866139
11
3.8440327952755906
21
-3.7517013779527559
0
LINE
8
BLACK
6
CONTINUOUS
10
3.8440327952755906
20
-3.7517013779527559
11
3.8410065748031497
21
-3.7517013779527559
0
LINE
8
BLACK
6
CONTINUOUS
10
3.8410065748031497
20
-3.7517013779527559
11
3.838210748031496
21
-3.7505433070866139
0
LINE
8
BLACK
6
CONTINUOUS
10
3.838210748031496
20
-3.7505433070866139
11
3.836070866141732
21
-3.7484034251968503
0
LINE
8
BLACK
6
CONTINUOUS
10
3.836070866141732
20
-3.7484034251968503
11
3.8349127952755904
21
-3.7456075984251966
0
LINE
8
BLACK
6
CONTINUOUS
10
3.8349127952755904
20
-3.7456075984251966
11
3.8349127952755904
21
-3.7425813779527557
0
LINE
8
BLACK
6
CONTINUOUS
10
3.8349127952755904
20
-3.7425813779527557
11
3.836070866141732
21
-3.7397855511811025
0
LINE
8
BLACK
6
CONTINUOUS
10
3.836070866141732
20
-3.7397855511811025
11
3.838210748031496
21
-3.7376456692913385
0
LINE
8
BLACK
6
CONTINUOUS
10
3.838210748031496
20
-3.7376456692913385
11
3.8410065748031497
21
-3.7364875984251968
0
LINE
8
BLACK
6
CONTINUOUS
10
3.8410065748031497
20
-3.7364875984251968
11
3.8440327952755906
21
-3.7364875984251968
0
LINE
8
BLACK
6
CONTINUOUS
10
3.8440327952755906
20
-3.7364875984251968
11
3.8468286220472439
21
-3.7376456692913385
0
LINE
8
BLACK
6
CONTINUOUS
10
3.8783246850393698
20
-3.7376456692913385
11
3.8804645669291338
21
-3.7397855511811025
0
LINE
8
BLACK
6
CONTINUOUS
10
3.8804645669291338
20
-3.7397855511811025
11
3.8816226377952754
21
-3.7425813779527557
0
LINE
8
BLACK
6
CONTINUOUS
10
3.8816226377952754
20
-3.7425813779527557
11
3.8816226377952754
21
-3.7456075984251966
0
LINE
8
BLACK
6
CONTINUOUS
10
3.8816226377952754
20
-3.7456075984251966
11
3.8804645669291338
21
-3.7484034251968503
0
LINE
8
BLACK
6
CONTINUOUS
10
3.8804645669291338
20
-3.7484034251968503
11
3.8783246850393698
21
-3.7505433070866139
0
LINE
8
BLACK
6
CONTINUOUS
10
3.8783246850393698
20
-3.7505433070866139
11
3.8755288582677165
21
-3.7517013779527559
0
LINE
8
BLACK
6
CONTINUOUS
10
3.8755288582677165
20
-3.7517013779527559
11
3.8725026377952756
21
-3.7517013779527559
0
LINE
8
BLACK
6
CONTINUOUS
10
3.8725026377952756
20
-3.7517013779527559
11
3.8697068110236219
21
-3.7505433070866139
0
LINE
8
BLACK
6
CONTINUOUS
10
3.8697068110236219
20
-3.7505433070866139
11
3.8675669291338584
21
-3.7484034251968503
0
LINE
8
BLACK
6
CONTINUOUS
10
3.8675669291338584
20
-3.7484034251968503
11
3.8664088582677163
21
-3.7456075984251966
0
LINE
8
BLACK
6
CONTINUOUS
10
3.8664088582677163
20
-3.7456075984251966
11
3.8664088582677163
21
-3.7425813779527557
0
LINE
8
BLACK
6
CONTINUOUS
10
3.8664088582677163
20
-3.7425813779527557
11
3.8675669291338584
21
-3.7397855511811025
0
LINE
8
BLACK
6
CONTINUOUS
10
3.8675669291338584
20
-3.7397855511811025
11
3.8697068110236219
21
-3.7376456692913385
0
LINE
8
BLACK
6
CONTINUOUS
10
3.8697068110236219
20
-3.7376456692913385
11
3.8725026377952756
21
-3.7364875984251968
0
LINE
8
BLACK
6
CONTINUOUS
10
3.8725026377952756
20
-3.7364875984251968
11
3.8755288582677165
21
-3.7364875984251968
0
LINE
8
BLACK
6
CONTINUOUS
10
3.8755288582677165
20
-3.7364875984251968
11
3.8783246850393698
21
-3.7376456692913385
0
LINE
8
BLACK
6
CONTINUOUS
10
3.9098207480314962
20
-3.7376456692913385
11
3.9119606299212597
21
-3.7397855511811025
0
LINE
8
BLACK
6
CONTINUOUS
10
3.9119606299212597
20
-3.7397855511811025
11
3.9131187007874013
21
-3.7425813779527557
0
LINE
8
BLACK
6
CONTINUOUS
10
3.9131187007874013
20
-3.7425813779527557
11
3.9131187007874013
21
-3.7456075984251966
0
LINE
8
BLACK
6
CONTINUOUS
10
3.9131187007874013
20
-3.7456075984251966
11
3.9119606299212597
21
-3.7484034251968503
0
LINE
8
BLACK
6
CONTINUOUS
10
3.9119606299212597
20
-3.7484034251968503
11
3.9098207480314962
21
-3.7505433070866139
0
LINE
8
BLACK
6
CONTINUOUS
10
3.9098207480314962
20
-3.7505433070866139
11
3.9070249212598425
21
-3.7517013779527559
0
LINE
8
BLACK
6
CONTINUOUS
10
3.9070249212598425
20
-3.7517013779527559
11
3.9039987007874015
21
-3.7517013779527559
0
LINE
8
BLACK
6
CONTINUOUS
10
3.9039987007874015
20
-3.7517013779527559
11
3.9012028740157478
21
-3.7505433070866139
0
LINE
8
BLACK
6
CONTINUOUS
10
3.9012028740157478
20
-3.7505433070866139
11
3.8990629921259843
21
-3.7484034251968503
0
LINE
8
BLACK
6
CONTINUOUS
10
3.8990629921259843
20
-3.7484034251968503
11
3.8979049212598422
21
-3.7456075984251966
0
LINE
8
BLACK
6
CONTINUOUS
10
3.8979049212598422
20
-3.7456075984251966
11
3.8979049212598422
21
-3.7425813779527557
0
LINE
8
BLACK
6
CONTINUOUS
10
3.8979049212598422
20
-3.7425813779527557
11
3.8990629921259843
21
-3.7397855511811025
0
LINE
8
BLACK
6
CONTINUOUS
10
3.8990629921259843
20
-3.7397855511811025
11
3.9012028740157478
21
-3.7376456692913385
0
LINE
8
BLACK
6
CONTINUOUS
10
3.9012028740157478
20
-3.7376456692913385
11
3.9039987007874015
21
-3.7364875984251968
0
LINE
8
BLACK
6
CONTINUOUS
10
3.9039987007874015
20
-3.7364875984251968
11
3.9070249212598425
21
-3.7364875984251968
0
LINE
8
BLACK
6
CONTINUOUS
10
3.9070249212598425
20
-3.7364875984251968
11
3.9098207480314962
21
-3.7376456692913385
0
LINE
8
BLACK
6
CONTINUOUS
10
2.5724394488188977
20
-3.7167618503937008
11
2.5752334645669293
21
-3.71862874015748
0
LINE
8
BLACK
6
CONTINUOUS
10
2.5752334645669293
20
-3.71862874015748
11
2.5771003543307085
21
-3.7214227559055115
0
LINE
8
BLACK
6
CONTINUOUS
10
2.5771003543307085
20
-3.7214227559055115
11
2.5777559055118111
21
-3.7247185039370079
0
LINE
8
BLACK
6
CONTINUOUS
10
2.5777559055118111
20
-3.7247185039370079
11
2.5777559055118111
21
-3.7419429133858269
0
LINE
8
BLACK
6
CONTINUOUS
10
2.5777559055118111
20
-3.7419429133858269
11
2.5771003543307085
21
-3.7452386614173228
0
LINE
8
BLACK
6
CONTINUOUS
10
2.5771003543307085
20
-3.7452386614173228
11
2.5752334645669293
21
-3.7480326771653543
0
LINE
8
BLACK
6
CONTINUOUS
10
2.5752334645669293
20
-3.7480326771653543
11
2.5724394488188977
21
-3.749899566929134
0
LINE
8
BLACK
6
CONTINUOUS
10
2.5724394488188977
20
-3.749899566929134
11
2.5691437007874014
21
-3.7505551181102361
0
LINE
8
BLACK
6
CONTINUOUS
10
2.5691437007874014
20
-3.7505551181102361
11
2.5489665354330708
21
-3.7505551181102361
0
LINE
8
BLACK
6
CONTINUOUS
10
2.5489665354330708
20
-3.7505551181102361
11
2.5456707874015749
21
-3.749899566929134
0
LINE
8
BLACK
6
CONTINUOUS
10
2.5456707874015749
20
-3.749899566929134
11
2.5428767716535434
21
-3.7480326771653543
0
LINE
8
BLACK
6
CONTINUOUS
10
2.5428767716535434
20
-3.7480326771653543
11
2.5410098818897637
21
-3.7452386614173228
0
LINE
8
BLACK
6
CONTINUOUS
10
2.5410098818897637
20
-3.7452386614173228
11
2.5403543307086616
21
-3.7419429133858269
0
LINE
8
BLACK
6
CONTINUOUS
10
2.5403543307086616
20
-3.7419429133858269
11
2.5403543307086616
21
-3.7247185039370079
0
LINE
8
BLACK
6
CONTINUOUS
10
2.5403543307086616
20
-3.7247185039370079
11
2.5410098818897637
21
-3.7214227559055115
0
LINE
8
BLACK
6
CONTINUOUS
10
2.5410098818897637
20
-3.7214227559055115
11
2.5428767716535434
21
-3.71862874015748
0
LINE
8
BLACK
6
CONTINUOUS
10
2.5428767716535434
20
-3.71862874015748
11
2.5456707874015749
21
-3.7167618503937008
0
LINE
8
BLACK
6
CONTINUOUS
10
2.5456707874015749
20
-3.7167618503937008
11
2.5489665354330708
21
-3.7161062992125982
0
LINE
8
BLACK
6
CONTINUOUS
10
2.5489665354330708
20
-3.7161062992125982
11
2.5691437007874014
21
-3.7161062992125982
0
LINE
8
BLACK
6
CONTINUOUS
10
2.5691437007874014
20
-3.7161062992125982
11
2.5724394488188977
21
-3.7167618503937008
0
LINE
8
BLACK
6
CONTINUOUS
10
2.7925766141732282
20
-3.7216034645669289
11
2.7944605511811025
21
-3.722862283464567
0
LINE
8
BLACK
6
CONTINUOUS
10
2.7944605511811025
20
-3.722862283464567
11
2.7957193700787402
21
-3.7247462204724409
0
LINE
8
BLACK
6
CONTINUOUS
10
2.7957193700787402
20
-3.7247462204724409
11
2.7961614173228346
21
-3.726968503937008
0
LINE
8
BLACK
6
CONTINUOUS
10
2.7961614173228346
20
-3.726968503937008
11
2.7961614173228346
21
-3.7385826771653541
0
LINE
8
BLACK
6
CONTINUOUS
10
2.7961614173228346
20
-3.7385826771653541
11
2.7957193700787402
21
-3.7408049606299212
0
LINE
8
BLACK
6
CONTINUOUS
10
2.7957193700787402
20
-3.7408049606299212
11
2.7944605511811025
21
-3.742688897637795
0
LINE
8
BLACK
6
CONTINUOUS
10
2.7944605511811025
20
-3.742688897637795
11
2.7925766141732282
21
-3.7439477165354331
0
LINE
8
BLACK
6
CONTINUOUS
10
2.7925766141732282
20
-3.7439477165354331
11
2.7903543307086616
21
-3.7443897637795276
0
LINE
8
BLACK
6
CONTINUOUS
10
2.7903543307086616
20
-3.7443897637795276
11
2.7767716535433071
21
-3.7443897637795276
0
LINE
8
BLACK
6
CONTINUOUS
10
2.7767716535433071
20
-3.7443897637795276
11
2.77454937007874
21
-3.7439477165354331
0
LINE
8
BLACK
6
CONTINUOUS
10
2.77454937007874
20
-3.7439477165354331
11
2.7726654330708662
21
-3.742688897637795
0
LINE
8
BLACK
6
CONTINUOUS
10
2.7726654330708662
20
-3.742688897637795
11
2.7714066141732281
21
-3.7408049606299212
0
LINE
8
BLACK
6
CONTINUOUS
10
2.7714066141732281
20
-3.7408049606299212
11
2.7709645669291336
21
-3.7385826771653541
0
LINE
8
BLACK
6
CONTINUOUS
10
2.7709645669291336
20
-3.7385826771653541
11
2.7709645669291336
21
-3.726968503937008
0
LINE
8
BLACK
6
CONTINUOUS
10
2.7709645669291336
20
-3.726968503937008
11
2.7714066141732281
21
-3.7247462204724409
0
LINE
8
BLACK
6
CONTINUOUS
10
2.7714066141732281
20
-3.7247462204724409
11
2.7726654330708662
21
-3.722862283464567
0
LINE
8
BLACK
6
CONTINUOUS
10
2.7726654330708662
20
-3.722862283464567
11
2.77454937007874
21
-3.7216034645669289
0
LINE
8
BLACK
6
CONTINUOUS
10
2.77454937007874
20
-3.7216034645669289
11
2.7767716535433071
21
-3.7211614173228345
0
LINE
8
BLACK
6
CONTINUOUS
10
2.7767716535433071
20
-3.7211614173228345
11
2.7903543307086616
21
-3.7211614173228345
0
LINE
8
BLACK
6
CONTINUOUS
10
2.7903543307086616
20
-3.7211614173228345
11
2.7925766141732282
21
-3.7216034645669289
0
LINE
8
BLACK
6
CONTINUOUS
10
2.9995139370078738
20
-3.7047843307086614
11
2.9997693700787402
21
-3.7049550393700788
0
LINE
8
BLACK
6
CONTINUOUS
10
2.9997693700787402
20
-3.7049550393700788
11
2.9999400787401576
21
-3.7052104724409447
0
LINE
8
BLACK
6
CONTINUOUS
10
2.9999400787401576
20
-3.7052104724409447
11
3.
21
-3.705511811023622
0
LINE
8
BLACK
6
CONTINUOUS
10
3.
20
-3.705511811023622
11
3.
21
-3.7196850393700784
0
LINE
8
BLACK
6
CONTINUOUS
10
3.
20
-3.7196850393700784
11
2.9999400787401576
21
-3.7199863779527558
0
LINE
8
BLACK
6
CONTINUOUS
10
2.9999400787401576
20
-3.7199863779527558
11
2.9997693700787402
21
-3.7202418110236222
0
LINE
8
BLACK
6
CONTINUOUS
10
2.9997693700787402
20
-3.7202418110236222
11
2.9995139370078738
21
-3.7204125196850395
0
LINE
8
BLACK
6
CONTINUOUS
10
2.9995139370078738
20
-3.7204125196850395
11
2.9992125984251969
21
-3.7204724409448819
0
LINE
8
BLACK
6
CONTINUOUS
10
2.9992125984251969
20
-3.7204724409448819
11
2.9692913385826771
21
-3.7204724409448819
0
LINE
8
BLACK
6
CONTINUOUS
10
2.9692913385826771
20
-3.7204724409448819
11
2.9689899999999998
21
-3.7204125196850395
0
LINE
8
BLACK
6
CONTINUOUS
10
2.9689899999999998
20
-3.7204125196850395
11
2.9687345669291338
21
-3.7202418110236222
0
LINE
8
BLACK
6
CONTINUOUS
10
2.9687345669291338
20
-3.7202418110236222
11
2.9685638582677165
21
-3.7199863779527558
0
LINE
8
BLACK
6
CONTINUOUS
10
2.9685638582677165
20
-3.7199863779527558
11
2.9685039370078741
21
-3.7196850393700784
0
LINE
8
BLACK
6
CONTINUOUS
10
2.9685039370078741
20
-3.7196850393700784
11
2.9685039370078741
21
-3.705511811023622
0
LINE
8
BLACK
6
CONTINUOUS
10
2.9685039370078741
20
-3.705511811023622
11
2.9685638582677165
21
-3.7052104724409447
0
LINE
8
BLACK
6
CONTINUOUS
10
2.9685638582677165
20
-3.7052104724409447
11
2.9687345669291338
21
-3.7049550393700788
0
LINE
8
BLACK
6
CONTINUOUS
10
2.9687345669291338
20
-3.7049550393700788
11
2.9689899999999998
21
-3.7047843307086614
0
LINE
8
BLACK
6
CONTINUOUS
10
2.9689899999999998
20
-3.7047843307086614
11
2.9692913385826771
21
-3.704724409448819
0
LINE
8
BLACK
6
CONTINUOUS
10
2.9692913385826771
20
-3.704724409448819
11
2.9992125984251969
21
-3.704724409448819
0
LINE
8
BLACK
6
CONTINUOUS
10
2.9992125984251969
20
-3.704724409448819
11
2.9995139370078738
21
-3.7047843307086614
0
LINE
8
BLACK
6
CONTINUOUS
10
3.1569942519685039
20
-3.7047843307086614
11
3.1572496850393699
21
-3.7049550393700788
0
LINE
8
BLACK
6
CONTINUOUS
10
3.1572496850393699
20
-3.7049550393700788
11
3.1574203937007872
21
-3.7052104724409447
0
LINE
8
BLACK
6
CONTINUOUS
10
3.1574203937007872
20
-3.7052104724409447
11
3.1574803149606296
21
-3.705511811023622
0
LINE
8
BLACK
6
CONTINUOUS
10
3.1574803149606296
20
-3.705511811023622
11
3.1574803149606296
21
-3.7196850393700784
0
LINE
8
BLACK
6
CONTINUOUS
10
3.1574803149606296
20
-3.7196850393700784
11
3.1574203937007872
21
-3.7199863779527558
0
LINE
8
BLACK
6
CONTINUOUS
10
3.1574203937007872
20
-3.7199863779527558
11
3.1572496850393699
21
-3.7202418110236222
0
LINE
8
BLACK
6
CONTINUOUS
10
3.1572496850393699
20
-3.7202418110236222
11
3.1569942519685039
21
-3.7204125196850395
0
LINE
8
BLACK
6
CONTINUOUS
10
3.1569942519685039
20
-3.7204125196850395
11
3.1566929133858266
21
-3.7204724409448819
0
LINE
8
BLACK
6
CONTINUOUS
10
3.1566929133858266
20
-3.7204724409448819
11
3.1267716535433072
21
-3.7204724409448819
0
LINE
8
BLACK
6
CONTINUOUS
10
3.1267716535433072
20
-3.7204724409448819
11
3.1264703149606299
21
-3.7204125196850395
0
LINE
8
BLACK
6
CONTINUOUS
10
3.1264703149606299
20
-3.7204125196850395
11
3.1262148818897639
21
-3.7202418110236222
0
LINE
8
BLACK
6
CONTINUOUS
10
3.1262148818897639
20
-3.7202418110236222
11
3.1260441732283466
21
-3.7199863779527558
0
LINE
8
BLACK
6
CONTINUOUS
10
3.1260441732283466
20
-3.7199863779527558
11
3.1259842519685037
21
-3.7196850393700784
0
LINE
8
BLACK
6
CONTINUOUS
10
3.1259842519685037
20
-3.7196850393700784
11
3.1259842519685037
21
-3.705511811023622
0
LINE
8
BLACK
6
CONTINUOUS
10
3.1259842519685037
20
-3.705511811023622
11
3.1260441732283466
21
-3.7052104724409447
0
LINE
8
BLACK
6
CONTINUOUS
10
3.1260441732283466
20
-3.7052104724409447
11
3.1262148818897639
21
-3.7049550393700788
0
LINE
8
BLACK
6
CONTINUOUS
10
3.1262148818897639
20
-3.7049550393700788
11
3.1264703149606299
21
-3.7047843307086614
0
LINE
8
BLACK
6
CONTINUOUS
10
3.1264703149606299
20
-3.7047843307086614
11
3.1267716535433072
21
-3.704724409448819
0
LINE
8
BLACK
6
CONTINUOUS
10
3.1267716535433072
20
-3.704724409448819
11
3.1566929133858266
21
-3.704724409448819
0
LINE
8
BLACK
6
CONTINUOUS
10
3.1566929133858266
20
-3.704724409448819
11
3.1569942519685039
21
-3.7047843307086614
0
LINE
8
BLACK
6
CONTINUOUS
10
3.5003719291338582
20
-3.7061496062992125
11
3.5025118110236217
21
-3.7082894881889761
0
LINE
8
BLACK
6
CONTINUOUS
10
3.5025118110236217
20
-3.7082894881889761
11
3.5036698818897638
21
-3.7110853149606298
0
LINE
8
BLACK
6
CONTINUOUS
10
3.5036698818897638
20
-3.7110853149606298
11
3.5036698818897638
21
-3.7141115354330707
0
LINE
8
BLACK
6
CONTINUOUS
10
3.5036698818897638
20
-3.7141115354330707
11
3.5025118110236217
21
-3.7169073622047244
0
LINE
8
BLACK
6
CONTINUOUS
10
3.5025118110236217
20
-3.7169073622047244
11
3.5003719291338582
21
-3.7190472440944879
0
LINE
8
BLACK
6
CONTINUOUS
10
3.5003719291338582
20
-3.7190472440944879
11
3.4975761023622045
21
-3.72020531496063
0
LINE
8
BLACK
6
CONTINUOUS
10
3.4975761023622045
20
-3.72020531496063
11
3.4945498818897636
21
-3.72020531496063
0
LINE
8
BLACK
6
CONTINUOUS
10
3.4945498818897636
20
-3.72020531496063
11
3.4917540551181103
21
-3.7190472440944879
0
LINE
8
BLACK
6
CONTINUOUS
10
3.4917540551181103
20
-3.7190472440944879
11
3.4896141732283463
21
-3.7169073622047244
0
LINE
8
BLACK
6
CONTINUOUS
10
3.4896141732283463
20
-3.7169073622047244
11
3.4884561023622047
21
-3.7141115354330707
0
LINE
8
BLACK
6
CONTINUOUS
10
3.4884561023622047
20
-3.7141115354330707
11
3.4884561023622047
21
-3.7110853149606298
0
LINE
8
BLACK
6
CONTINUOUS
10
3.4884561023622047
20
-3.7110853149606298
11
3.4896141732283463
21
-3.7082894881889761
0
LINE
8
BLACK
6
CONTINUOUS
10
3.4896141732283463
20
-3.7082894881889761
11
3.4917540551181103
21
-3.7061496062992125
0
LINE
8
BLACK
6
CONTINUOUS
10
3.4917540551181103
20
-3.7061496062992125
11
3.4945498818897636
21
-3.7049915354330709
0
LINE
8
BLACK
6
CONTINUOUS
10
3.4945498818897636
20
-3.7049915354330709
11
3.4975761023622045
21
-3.7049915354330709
0
LINE
8
BLACK
6
CONTINUOUS
10
3.4975761023622045
20
-3.7049915354330709
11
3.5003719291338582
21
-3.7061496062992125
0
LINE
8
BLACK
6
CONTINUOUS
10
3.5318679921259841
20
-3.7061496062992125
11
3.5340078740157481
21
-3.7082894881889761
0
LINE
8
BLACK
6
CONTINUOUS
10
3.5340078740157481
20
-3.7082894881889761
11
3.5351659448818897
21
-3.7110853149606298
0
LINE
8
BLACK
6
CONTINUOUS
10
3.5351659448818897
20
-3.7110853149606298
11
3.5351659448818897
21
-3.7141115354330707
0
LINE
8
BLACK
6
CONTINUOUS
10
3.5351659448818897
20
-3.7141115354330707
11
3.5340078740157481
21
-3.7169073622047244
0
LINE
8
BLACK
6
CONTINUOUS
10
3.5340078740157481
20
-3.7169073622047244
11
3.5318679921259841
21
-3.7190472440944879
0
LINE
8
BLACK
6
CONTINUOUS
10
3.5318679921259841
20
-3.7190472440944879
11
3.5290721653543304
21
-3.72020531496063
0
LINE
8
BLACK
6
CONTINUOUS
10
3.5290721653543304
20
-3.72020531496063
11
3.5260459448818895
21
-3.72020531496063
0
LINE
8
BLACK
6
CONTINUOUS
10
3.5260459448818895
20
-3.72020531496063
11
3.5232501181102363
21
-3.7190472440944879
0
LINE
8
BLACK
6
CONTINUOUS
10
3.5232501181102363
20
-3.7190472440944879
11
3.5211102362204723
21
-3.7169073622047244
0
LINE
8
BLACK
6
CONTINUOUS
10
3.5211102362204723
20
-3.7169073622047244
11
3.5199521653543306
21
-3.7141115354330707
0
LINE
8
BLACK
6
CONTINUOUS
10
3.5199521653543306
20
-3.7141115354330707
11
3.5199521653543306
21
-3.7110853149606298
0
LINE
8
BLACK
6
CONTINUOUS
10
3.5199521653543306
20
-3.7110853149606298
11
3.5211102362204723
21
-3.7082894881889761
0
LINE
8
BLACK
6
CONTINUOUS
10
3.5211102362204723
20
-3.7082894881889761
11
3.5232501181102363
21
-3.7061496062992125
0
LINE
8
BLACK
6
CONTINUOUS
10
3.5232501181102363
20
-3.7061496062992125
11
3.5260459448818895
21
-3.7049915354330709
0
LINE
8
BLACK
6
CONTINUOUS
10
3.5260459448818895
20
-3.7049915354330709
11
3.5290721653543304
21
-3.7049915354330709
0
LINE
8
BLACK
6
CONTINUOUS
10
3.5290721653543304
20
-3.7049915354330709
11
3.5318679921259841
21
-3.7061496062992125
0
LINE
8
BLACK
6
CONTINUOUS
10
3.5633640551181101
20
-3.7061496062992125
11
3.565503937007874
21
-3.7082894881889761
0
LINE
8
BLACK
6
CONTINUOUS
10
3.565503937007874
20
-3.7082894881889761
11
3.5666620078740157
21
-3.7110853149606298
0
LINE
8
BLACK
6
CONTINUOUS
10
3.5666620078740157
20
-3.7110853149606298
11
3.5666620078740157
21
-3.7141115354330707
0
LINE
8
BLACK
6
CONTINUOUS
10
3.5666620078740157
20
-3.7141115354330707
11
3.565503937007874
21
-3.7169073622047244
0
LINE
8
BLACK
6
CONTINUOUS
10
3.565503937007874
20
-3.7169073622047244
11
3.5633640551181101
21
-3.7190472440944879
0
LINE
8
BLACK
6
CONTINUOUS
10
3.5633640551181101
20
-3.7190472440944879
11
3.5605682283464568
21
-3.72020531496063
0
LINE
8
BLACK
6
CONTINUOUS
10
3.5605682283464568
20
-3.72020531496063
11
3.5575420078740159
21
-3.72020531496063
0
LINE
8
BLACK
6
CONTINUOUS
10
3.5575420078740159
20
-3.72020531496063
11
3.5547461811023622
21
-3.7190472440944879
0
LINE
8
BLACK
6
CONTINUOUS
10
3.5547461811023622
20
-3.7190472440944879
11
3.5526062992125982
21
-3.7169073622047244
0
LINE
8
BLACK
6
CONTINUOUS
10
3.5526062992125982
20
-3.7169073622047244
11
3.5514482283464566
21
-3.7141115354330707
0
LINE
8
BLACK
6
CONTINUOUS
10
3.5514482283464566
20
-3.7141115354330707
11
3.5514482283464566
21
-3.7110853149606298
0
LINE
8
BLACK
6
CONTINUOUS
10
3.5514482283464566
20
-3.7110853149606298
11
3.5526062992125982
21
-3.7082894881889761
0
LINE
8
BLACK
6
CONTINUOUS
10
3.5526062992125982
20
-3.7082894881889761
11
3.5547461811023622
21
-3.7061496062992125
0
LINE
8
BLACK
6
CONTINUOUS
10
3.5547461811023622
20
-3.7061496062992125
11
3.5575420078740159
21
-3.7049915354330709
0
LINE
8
BLACK
6
CONTINUOUS
10
3.5575420078740159
20
-3.7049915354330709
11
3.5605682283464568
21
-3.7049915354330709
0
LINE
8
BLACK
6
CONTINUOUS
10
3.5605682283464568
20
-3.7049915354330709
11
3.5633640551181101
21
-3.7061496062992125
0
LINE
8
BLACK
6
CONTINUOUS
10
3.594860118110236
20
-3.7061496062992125
11
3.597
21
-3.7082894881889761
0
LINE
8
BLACK
6
CONTINUOUS
10
3.597
20
-3.7082894881889761
11
3.5981580708661416
21
-3.7110853149606298
0
LINE
8
BLACK
6
CONTINUOUS
10
3.5981580708661416
20
-3.7110853149606298
11
3.5981580708661416
21
-3.7141115354330707
0
LINE
8
BLACK
6
CONTINUOUS
10
3.5981580708661416
20
-3.7141115354330707
11
3.597
21
-3.7169073622047244
0
LINE
8
BLACK
6
CONTINUOUS
10
3.597
20
-3.7169073622047244
11
3.594860118110236
21
-3.7190472440944879
0
LINE
8
BLACK
6
CONTINUOUS
10
3.594860118110236
20
-3.7190472440944879
11
3.5920642913385827
21
-3.72020531496063
0
LINE
8
BLACK
6
CONTINUOUS
10
3.5920642913385827
20
-3.72020531496063
11
3.5890380708661418
21
-3.72020531496063
0
LINE
8
BLACK
6
CONTINUOUS
10
3.5890380708661418
20
-3.72020531496063
11
3.5862422440944881
21
-3.7190472440944879
0
LINE
8
BLACK
6
CONTINUOUS
10
3.5862422440944881
20
-3.7190472440944879
11
3.5841023622047241
21
-3.7169073622047244
0
LINE
8
BLACK
6
CONTINUOUS
10
3.5841023622047241
20
-3.7169073622047244
11
3.5829442913385825
21
-3.7141115354330707
0
LINE
8
BLACK
6
CONTINUOUS
10
3.5829442913385825
20
-3.7141115354330707
11
3.5829442913385825
21
-3.7110853149606298
0
LINE
8
BLACK
6
CONTINUOUS
10
3.5829442913385825
20
-3.7110853149606298
11
3.5841023622047241
21
-3.7082894881889761
0
LINE
8
BLACK
6
CONTINUOUS
10
3.5841023622047241
20
-3.7082894881889761
11
3.5862422440944881
21
-3.7061496062992125
0
LINE
8
BLACK
6
CONTINUOUS
10
3.5862422440944881
20
-3.7061496062992125
11
3.5890380708661418
21
-3.7049915354330709
0
LINE
8
BLACK
6
CONTINUOUS
10
3.5890380708661418
20
-3.7049915354330709
11
3.5920642913385827
21
-3.7049915354330709
0
LINE
8
BLACK
6
CONTINUOUS
10
3.5920642913385827
20
-3.7049915354330709
11
3.594860118110236
21
-3.7061496062992125
0
LINE
8
BLACK
6
CONTINUOUS
10
3.6263561811023619
20
-3.7061496062992125
11
3.6284960629921259
21
-3.7082894881889761
0
LINE
8
BLACK
6
CONTINUOUS
10
3.6284960629921259
20
-3.7082894881889761
11
3.6296541338582675
21
-3.7110853149606298
0
LINE
8
BLACK
6
CONTINUOUS
10
3.6296541338582675
20
-3.7110853149606298
11
3.6296541338582675
21
-3.7141115354330707
0
LINE
8
BLACK
6
CONTINUOUS
10
3.6296541338582675
20
-3.7141115354330707
11
3.6284960629921259
21
-3.7169073622047244
0
LINE
8
BLACK
6
CONTINUOUS
10
3.6284960629921259
20
-3.7169073622047244
11
3.6263561811023619
21
-3.7190472440944879
0
LINE
8
BLACK
6
CONTINUOUS
10
3.6263561811023619
20
-3.7190472440944879
11
3.6235603543307087
21
-3.72020531496063
0
LINE
8
BLACK
6
CONTINUOUS
10
3.6235603543307087
20
-3.72020531496063
11
3.6205341338582677
21
-3.72020531496063
0
LINE
8
BLACK
6
CONTINUOUS
10
3.6205341338582677
20
-3.72020531496063
11
3.617738307086614
21
-3.7190472440944879
0
LINE
8
BLACK
6
CONTINUOUS
10
3.617738307086614
20
-3.7190472440944879
11
3.6155984251968505
21
-3.7169073622047244
0
LINE
8
BLACK
6
CONTINUOUS
10
3.6155984251968505
20
-3.7169073622047244
11
3.6144403543307084
21
-3.7141115354330707
0
LINE
8
BLACK
6
CONTINUOUS
10
3.6144403543307084
20
-3.7141115354330707
11
3.6144403543307084
21
-3.7110853149606298
0
LINE
8
BLACK
6
CONTINUOUS
10
3.6144403543307084
20
-3.7110853149606298
11
3.6155984251968505
21
-3.7082894881889761
0
LINE
8
BLACK
6
CONTINUOUS
10
3.6155984251968505
20
-3.7082894881889761
11
3.617738307086614
21
-3.7061496062992125
0
LINE
8
BLACK
6
CONTINUOUS
10
3.617738307086614
20
-3.7061496062992125
11
3.6205341338582677
21
-3.7049915354330709
0
LINE
8
BLACK
6
CONTINUOUS
10
3.6205341338582677
20
-3.7049915354330709
11
3.6235603543307087
21
-3.7049915354330709
0
LINE
8
BLACK
6
CONTINUOUS
10
3.6235603543307087
20
-3.7049915354330709
11
3.6263561811023619
21
-3.7061496062992125
0
LINE
8
BLACK
6
CONTINUOUS
10
3.6578522440944883
20
-3.7061496062992125
11
3.6599921259842518
21
-3.7082894881889761
0
LINE
8
BLACK
6
CONTINUOUS
10
3.6599921259842518
20
-3.7082894881889761
11
3.6611501968503934
21
-3.7110853149606298
0
LINE
8
BLACK
6
CONTINUOUS
10
3.6611501968503934
20
-3.7110853149606298
11
3.6611501968503934
21
-3.7141115354330707
0
LINE
8
BLACK
6
CONTINUOUS
10
3.6611501968503934
20
-3.7141115354330707
11
3.6599921259842518
21
-3.7169073622047244
0
LINE
8
BLACK
6
CONTINUOUS
10
3.6599921259842518
20
-3.7169073622047244
11
3.6578522440944883
21
-3.7190472440944879
0
LINE
8
BLACK
6
CONTINUOUS
10
3.6578522440944883
20
-3.7190472440944879
11
3.6550564173228346
21
-3.72020531496063
0
LINE
8
BLACK
6
CONTINUOUS
10
3.6550564173228346
20
-3.72020531496063
11
3.6520301968503937
21
-3.72020531496063
0
LINE
8
BLACK
6
CONTINUOUS
10
3.6520301968503937
20
-3.72020531496063
11
3.64923437007874
21
-3.7190472440944879
0
LINE
8
BLACK
6
CONTINUOUS
10
3.64923437007874
20
-3.7190472440944879
11
3.6470944881889764
21
-3.7169073622047244
0
LINE
8
BLACK
6
CONTINUOUS
10
3.6470944881889764
20
-3.7169073622047244
11
3.6459364173228344
21
-3.7141115354330707
0
LINE
8
BLACK
6
CONTINUOUS
10
3.6459364173228344
20
-3.7141115354330707
11
3.6459364173228344
21
-3.7110853149606298
0
LINE
8
BLACK
6
CONTINUOUS
10
3.6459364173228344
20
-3.7110853149606298
11
3.6470944881889764
21
-3.7082894881889761
0
LINE
8
BLACK
6
CONTINUOUS
10
3.6470944881889764
20
-3.7082894881889761
11
3.64923437007874
21
-3.7061496062992125
0
LINE
8
BLACK
6
CONTINUOUS
10
3.64923437007874
20
-3.7061496062992125
11
3.6520301968503937
21
-3.7049915354330709
0
LINE
8
BLACK
6
CONTINUOUS
10
3.6520301968503937
20
-3.7049915354330709
11
3.6550564173228346
21
-3.7049915354330709
0
LINE
8
BLACK
6
CONTINUOUS
10
3.6550564173228346
20
-3.7049915354330709
11
3.6578522440944883
21
-3.7061496062992125
0
LINE
8
BLACK
6
CONTINUOUS
10
3.6893483070866142
20
-3.7061496062992125
11
3.6914881889763778
21
-3.7082894881889761
0
LINE
8
BLACK
6
CONTINUOUS
10
3.6914881889763778
20
-3.7082894881889761
11
3.6926462598425198
21
-3.7110853149606298
0
LINE
8
BLACK
6
CONTINUOUS
10
3.6926462598425198
20
-3.7110853149606298
11
3.6926462598425198
21
-3.7141115354330707
0
LINE
8
BLACK
6
CONTINUOUS
10
3.6926462598425198
20
-3.7141115354330707
11
3.6914881889763778
21
-3.7169073622047244
0
LINE
8
BLACK
6
CONTINUOUS
10
3.6914881889763778
20
-3.7169073622047244
11
3.6893483070866142
21
-3.7190472440944879
0
LINE
8
BLACK
6
CONTINUOUS
10
3.6893483070866142
20
-3.7190472440944879
11
3.6865524803149605
21
-3.72020531496063
0
LINE
8
BLACK
6
CONTINUOUS
10
3.6865524803149605
20
-3.72020531496063
11
3.6835262598425196
21
-3.72020531496063
0
LINE
8
BLACK
6
CONTINUOUS
10
3.6835262598425196
20
-3.72020531496063
11
3.6807304330708659
21
-3.7190472440944879
0
LINE
8
BLACK
6
CONTINUOUS
10
3.6807304330708659
20
-3.7190472440944879
11
3.6785905511811023
21
-3.7169073622047244
0
LINE
8
BLACK
6
CONTINUOUS
10
3.6785905511811023
20
-3.7169073622047244
11
3.6774324803149607
21
-3.7141115354330707
0
LINE
8
BLACK
6
CONTINUOUS
10
3.6774324803149607
20
-3.7141115354330707
11
3.6774324803149607
21
-3.7110853149606298
0
LINE
8
BLACK
6
CONTINUOUS
10
3.6774324803149607
20
-3.7110853149606298
11
3.6785905511811023
21
-3.7082894881889761
0
LINE
8
BLACK
6
CONTINUOUS
10
3.6785905511811023
20
-3.7082894881889761
11
3.6807304330708659
21
-3.7061496062992125
0
LINE
8
BLACK
6
CONTINUOUS
10
3.6807304330708659
20
-3.7061496062992125
11
3.6835262598425196
21
-3.7049915354330709
0
LINE
8
BLACK
6
CONTINUOUS
10
3.6835262598425196
20
-3.7049915354330709
11
3.6865524803149605
21
-3.7049915354330709
0
LINE
8
BLACK
6
CONTINUOUS
10
3.6865524803149605
20
-3.7049915354330709
11
3.6893483070866142
21
-3.7061496062992125
0
LINE
8
BLACK
6
CONTINUOUS
10
3.7208443700787401
20
-3.7061496062992125
11
3.7229842519685037
21
-3.7082894881889761
0
LINE
8
BLACK
6
CONTINUOUS
10
3.7229842519685037
20
-3.7082894881889761
11
3.7241423228346457
21
-3.7110853149606298
0
LINE
8
BLACK
6
CONTINUOUS
10
3.7241423228346457
20
-3.7110853149606298
11
3.7241423228346457
21
-3.7141115354330707
0
LINE
8
BLACK
6
CONTINUOUS
10
3.7241423228346457
20
-3.7141115354330707
11
3.7229842519685037
21
-3.7169073622047244
0
LINE
8
BLACK
6
CONTINUOUS
10
3.7229842519685037
20
-3.7169073622047244
11
3.7208443700787401
21
-3.7190472440944879
0
LINE
8
BLACK
6
CONTINUOUS
10
3.7208443700787401
20
-3.7190472440944879
11
3.7180485433070865
21
-3.72020531496063
0
LINE
8
BLACK
6
CONTINUOUS
10
3.7180485433070865
20
-3.72020531496063
11
3.7150223228346455
21
-3.72020531496063
0
LINE
8
BLACK
6
CONTINUOUS
10
3.7150223228346455
20
-3.72020531496063
11
3.7122264960629918
21
-3.7190472440944879
0
LINE
8
BLACK
6
CONTINUOUS
10
3.7122264960629918
20
-3.7190472440944879
11
3.7100866141732283
21
-3.7169073622047244
0
LINE
8
BLACK
6
CONTINUOUS
10
3.7100866141732283
20
-3.7169073622047244
11
3.7089285433070867
21
-3.7141115354330707
0
LINE
8
BLACK
6
CONTINUOUS
10
3.7089285433070867
20
-3.7141115354330707
11
3.7089285433070867
21
-3.7110853149606298
0
LINE
8
BLACK
6
CONTINUOUS
10
3.7089285433070867
20
-3.7110853149606298
11
3.7100866141732283
21
-3.7082894881889761
0
LINE
8
BLACK
6
CONTINUOUS
10
3.7100866141732283
20
-3.7082894881889761
11
3.7122264960629918
21
-3.7061496062992125
0
LINE
8
BLACK
6
CONTINUOUS
10
3.7122264960629918
20
-3.7061496062992125
11
3.7150223228346455
21
-3.7049915354330709
0
LINE
8
BLACK
6
CONTINUOUS
10
3.7150223228346455
20
-3.7049915354330709
11
3.7180485433070865
21
-3.7049915354330709
0
LINE
8
BLACK
6
CONTINUOUS
10
3.7180485433070865
20
-3.7049915354330709
11
3.7208443700787401
21
-3.7061496062992125
0
LINE
8
BLACK
6
CONTINUOUS
10
3.7523404330708661
20
-3.7061496062992125
11
3.7544803149606296
21
-3.7082894881889761
0
LINE
8
BLACK
6
CONTINUOUS
10
3.7544803149606296
20
-3.7082894881889761
11
3.7556383858267717
21
-3.7110853149606298
0
LINE
8
BLACK
6
CONTINUOUS
10
3.7556383858267717
20
-3.7110853149606298
11
3.7556383858267717
21
-3.7141115354330707
0
LINE
8
BLACK
6
CONTINUOUS
10
3.7556383858267717
20
-3.7141115354330707
11
3.7544803149606296
21
-3.7169073622047244
0
LINE
8
BLACK
6
CONTINUOUS
10
3.7544803149606296
20
-3.7169073622047244
11
3.7523404330708661
21
-3.7190472440944879
0
LINE
8
BLACK
6
CONTINUOUS
10
3.7523404330708661
20
-3.7190472440944879
11
3.7495446062992124
21
-3.72020531496063
0
LINE
8
BLACK
6
CONTINUOUS
10
3.7495446062992124
20
-3.72020531496063
11
3.7465183858267714
21
-3.72020531496063
0
LINE
8
BLACK
6
CONTINUOUS
10
3.7465183858267714
20
-3.72020531496063
11
3.7437225590551182
21
-3.7190472440944879
0
LINE
8
BLACK
6
CONTINUOUS
10
3.7437225590551182
20
-3.7190472440944879
11
3.7415826771653542
21
-3.7169073622047244
0
LINE
8
BLACK
6
CONTINUOUS
10
3.7415826771653542
20
-3.7169073622047244
11
3.7404246062992126
21
-3.7141115354330707
0
LINE
8
BLACK
6
CONTINUOUS
10
3.7404246062992126
20
-3.7141115354330707
11
3.7404246062992126
21
-3.7110853149606298
0
LINE
8
BLACK
6
CONTINUOUS
10
3.7404246062992126
20
-3.7110853149606298
11
3.7415826771653542
21
-3.7082894881889761
0
LINE
8
BLACK
6
CONTINUOUS
10
3.7415826771653542
20
-3.7082894881889761
11
3.7437225590551182
21
-3.7061496062992125
0
LINE
8
BLACK
6
CONTINUOUS
10
3.7437225590551182
20
-3.7061496062992125
11
3.7465183858267714
21
-3.7049915354330709
0
LINE
8
BLACK
6
CONTINUOUS
10
3.7465183858267714
20
-3.7049915354330709
11
3.7495446062992124
21
-3.7049915354330709
0
LINE
8
BLACK
6
CONTINUOUS
10
3.7495446062992124
20
-3.7049915354330709
11
3.7523404330708661
21
-3.7061496062992125
0
LINE
8
BLACK
6
CONTINUOUS
10
3.783836496062992
20
-3.7061496062992125
11
3.785976377952756
21
-3.7082894881889761
0
LINE
8
BLACK
6
CONTINUOUS
10
3.785976377952756
20
-3.7082894881889761
11
3.7871344488188976
21
-3.7110853149606298
0
LINE
8
BLACK
6
CONTINUOUS
10
3.7871344488188976
20
-3.7110853149606298
11
3.7871344488188976
21
-3.7141115354330707
0
LINE
8
BLACK
6
CONTINUOUS
10
3.7871344488188976
20
-3.7141115354330707
11
3.785976377952756
21
-3.7169073622047244
0
LINE
8
BLACK
6
CONTINUOUS
10
3.785976377952756
20
-3.7169073622047244
11
3.783836496062992
21
-3.7190472440944879
0
LINE
8
BLACK
6
CONTINUOUS
10
3.783836496062992
20
-3.7190472440944879
11
3.7810406692913383
21
-3.72020531496063
0
LINE
8
BLACK
6
CONTINUOUS
10
3.7810406692913383
20
-3.72020531496063
11
3.7780144488188974
21
-3.72020531496063
0
LINE
8
BLACK
6
CONTINUOUS
10
3.7780144488188974
20
-3.72020531496063
11
3.7752186220472441
21
-3.7190472440944879
0
LINE
8
BLACK
6
CONTINUOUS
10
3.7752186220472441
20
-3.7190472440944879
11
3.7730787401574801
21
-3.7169073622047244
0
LINE
8
BLACK
6
CONTINUOUS
10
3.7730787401574801
20
-3.7169073622047244
11
3.7719206692913385
21
-3.7141115354330707
0
LINE
8
BLACK
6
CONTINUOUS
10
3.7719206692913385
20
-3.7141115354330707
11
3.7719206692913385
21
-3.7110853149606298
0
LINE
8
BLACK
6
CONTINUOUS
10
3.7719206692913385
20
-3.7110853149606298
11
3.7730787401574801
21
-3.7082894881889761
0
LINE
8
BLACK
6
CONTINUOUS
10
3.7730787401574801
20
-3.7082894881889761
11
3.7752186220472441
21
-3.7061496062992125
0
LINE
8
BLACK
6
CONTINUOUS
10
3.7752186220472441
20
-3.7061496062992125
11
3.7780144488188974
21
-3.7049915354330709
0
LINE
8
BLACK
6
CONTINUOUS
10
3.7780144488188974
20
-3.7049915354330709
11
3.7810406692913383
21
-3.7049915354330709
0
LINE
8
BLACK
6
CONTINUOUS
10
3.7810406692913383
20
-3.7049915354330709
11
3.783836496062992
21
-3.7061496062992125
0
LINE
8
BLACK
6
CONTINUOUS
10
3.8153325590551179
20
-3.7061496062992125
11
3.8174724409448819
21
-3.7082894881889761
0
LINE
8
BLACK
6
CONTINUOUS
10
3.8174724409448819
20
-3.7082894881889761
11
3.8186305118110235
21
-3.7110853149606298
0
LINE
8
BLACK
6
CONTINUOUS
10
3.8186305118110235
20
-3.7110853149606298
11
3.8186305118110235
21
-3.7141115354330707
0
LINE
8
BLACK
6
CONTINUOUS
10
3.8186305118110235
20
-3.7141115354330707
11
3.8174724409448819
21
-3.7169073622047244
0
LINE
8
BLACK
6
CONTINUOUS
10
3.8174724409448819
20
-3.7169073622047244
11
3.8153325590551179
21
-3.7190472440944879
0
LINE
8
BLACK
6
CONTINUOUS
10
3.8153325590551179
20
-3.7190472440944879
11
3.8125367322834647
21
-3.72020531496063
0
LINE
8
BLACK
6
CONTINUOUS
10
3.8125367322834647
20
-3.72020531496063
11
3.8095105118110237
21
-3.72020531496063
0
LINE
8
BLACK
6
CONTINUOUS
10
3.8095105118110237
20
-3.72020531496063
11
3.80671468503937
21
-3.7190472440944879
0
LINE
8
BLACK
6
CONTINUOUS
10
3.80671468503937
20
-3.7190472440944879
11
3.8045748031496061
21
-3.7169073622047244
0
LINE
8
BLACK
6
CONTINUOUS
10
3.8045748031496061
20
-3.7169073622047244
11
3.8034167322834644
21
-3.7141115354330707
0
LINE
8
BLACK
6
CONTINUOUS
10
3.8034167322834644
20
-3.7141115354330707
11
3.8034167322834644
21
-3.7110853149606298
0
LINE
8
BLACK
6
CONTINUOUS
10
3.8034167322834644
20
-3.7110853149606298
11
3.8045748031496061
21
-3.7082894881889761
0
LINE
8
BLACK
6
CONTINUOUS
10
3.8045748031496061
20
-3.7082894881889761
11
3.80671468503937
21
-3.7061496062992125
0
LINE
8
BLACK
6
CONTINUOUS
10
3.80671468503937
20
-3.7061496062992125
11
3.8095105118110237
21
-3.7049915354330709
0
LINE
8
BLACK
6
CONTINUOUS
10
3.8095105118110237
20
-3.7049915354330709
11
3.8125367322834647
21
-3.7049915354330709
0
LINE
8
BLACK
6
CONTINUOUS
10
3.8125367322834647
20
-3.7049915354330709
11
3.8153325590551179
21
-3.7061496062992125
0
LINE
8
BLACK
6
CONTINUOUS
10
3.8468286220472439
20
-3.7061496062992125
11
3.8489685039370078
21
-3.7082894881889761
0
LINE
8
BLACK
6
CONTINUOUS
10
3.8489685039370078
20
-3.7082894881889761
11
3.8501265748031495
21
-3.7110853149606298
0
LINE
8
BLACK
6
CONTINUOUS
10
3.8501265748031495
20
-3.7110853149606298
11
3.8501265748031495
21
-3.7141115354330707
0
LINE
8
BLACK
6
CONTINUOUS
10
3.8501265748031495
20
-3.7141115354330707
11
3.8489685039370078
21
-3.7169073622047244
0
LINE
8
BLACK
6
CONTINUOUS
10
3.8489685039370078
20
-3.7169073622047244
11
3.8468286220472439
21
-3.7190472440944879
0
LINE
8
BLACK
6
CONTINUOUS
10
3.8468286220472439
20
-3.7190472440944879
11
3.8440327952755906
21
-3.72020531496063
0
LINE
8
BLACK
6
CONTINUOUS
10
3.8440327952755906
20
-3.72020531496063
11
3.8410065748031497
21
-3.72020531496063
0
LINE
8
BLACK
6
CONTINUOUS
10
3.8410065748031497
20
-3.72020531496063
11
3.838210748031496
21
-3.7190472440944879
0
LINE
8
BLACK
6
CONTINUOUS
10
3.838210748031496
20
-3.7190472440944879
11
3.836070866141732
21
-3.7169073622047244
0
LINE
8
BLACK
6
CONTINUOUS
10
3.836070866141732
20
-3.7169073622047244
11
3.8349127952755904
21
-3.7141115354330707
0
LINE
8
BLACK
6
CONTINUOUS
10
3.8349127952755904
20
-3.7141115354330707
11
3.8349127952755904
21
-3.7110853149606298
0
LINE
8
BLACK
6
CONTINUOUS
10
3.8349127952755904
20
-3.7110853149606298
11
3.836070866141732
21
-3.7082894881889761
0
LINE
8
BLACK
6
CONTINUOUS
10
3.836070866141732
20
-3.7082894881889761
11
3.838210748031496
21
-3.7061496062992125
0
LINE
8
BLACK
6
CONTINUOUS
10
3.838210748031496
20
-3.7061496062992125
11
3.8410065748031497
21
-3.7049915354330709
0
LINE
8
BLACK
6
CONTINUOUS
10
3.8410065748031497
20
-3.7049915354330709
11
3.8440327952755906
21
-3.7049915354330709
0
LINE
8
BLACK
6
CONTINUOUS
10
3.8440327952755906
20
-3.7049915354330709
11
3.8468286220472439
21
-3.7061496062992125
0
LINE
8
BLACK
6
CONTINUOUS
10
3.8783246850393698
20
-3.7061496062992125
11
3.8804645669291338
21
-3.7082894881889761
0
LINE
8
BLACK
6
CONTINUOUS
10
3.8804645669291338
20
-3.7082894881889761
11
3.8816226377952754
21
-3.7110853149606298
0
LINE
8
BLACK
6
CONTINUOUS
10
3.8816226377952754
20
-3.7110853149606298
11
3.8816226377952754
21
-3.7141115354330707
0
LINE
8
BLACK
6
CONTINUOUS
10
3.8816226377952754
20
-3.7141115354330707
11
3.8804645669291338
21
-3.7169073622047244
0
LINE
8
BLACK
6
CONTINUOUS
10
3.8804645669291338
20
-3.7169073622047244
11
3.8783246850393698
21
-3.7190472440944879
0
LINE
8
BLACK
6
CONTINUOUS
10
3.8783246850393698
20
-3.7190472440944879
11
3.8755288582677165
21
-3.72020531496063
0
LINE
8
BLACK
6
CONTINUOUS
10
3.8755288582677165
20
-3.72020531496063
11
3.8725026377952756
21
-3.72020531496063
0
LINE
8
BLACK
6
CONTINUOUS
10
3.8725026377952756
20
-3.72020531496063
11
3.8697068110236219
21
-3.7190472440944879
0
LINE
8
BLACK
6
CONTINUOUS
10
3.8697068110236219
20
-3.7190472440944879
11
3.8675669291338584
21
-3.7169073622047244
0
LINE
8
BLACK
6
CONTINUOUS
10
3.8675669291338584
20
-3.7169073622047244
11
3.8664088582677163
21
-3.7141115354330707
0
LINE
8
BLACK
6
CONTINUOUS
10
3.8664088582677163
20
-3.7141115354330707
11
3.8664088582677163
21
-3.7110853149606298
0
LINE
8
BLACK
6
CONTINUOUS
10
3.8664088582677163
20
-3.7110853149606298
11
3.8675669291338584
21
-3.7082894881889761
0
LINE
8
BLACK
6
CONTINUOUS
10
3.8675669291338584
20
-3.7082894881889761
11
3.8697068110236219
21
-3.7061496062992125
0
LINE
8
BLACK
6
CONTINUOUS
10
3.8697068110236219
20
-3.7061496062992125
11
3.8725026377952756
21
-3.7049915354330709
0
LINE
8
BLACK
6
CONTINUOUS
10
3.8725026377952756
20
-3.7049915354330709
11
3.8755288582677165
21
-3.7049915354330709
0
LINE
8
BLACK
6
CONTINUOUS
10
3.8755288582677165
20
-3.7049915354330709
11
3.8783246850393698
21
-3.7061496062992125
0
LINE
8
BLACK
6
CONTINUOUS
10
3.9098207480314962
20
-3.7061496062992125
11
3.9119606299212597
21
-3.7082894881889761
0
LINE
8
BLACK
6
CONTINUOUS
10
3.9119606299212597
20
-3.7082894881889761
11
3.9131187007874013
21
-3.7110853149606298
0
LINE
8
BLACK
6
CONTINUOUS
10
3.9131187007874013
20
-3.7110853149606298
11
3.9131187007874013
21
-3.7141115354330707
0
LINE
8
BLACK
6
CONTINUOUS
10
3.9131187007874013
20
-3.7141115354330707
11
3.9119606299212597
21
-3.7169073622047244
0
LINE
8
BLACK
6
CONTINUOUS
10
3.9119606299212597
20
-3.7169073622047244
11
3.9098207480314962
21
-3.7190472440944879
0
LINE
8
BLACK
6
CONTINUOUS
10
3.9098207480314962
20
-3.7190472440944879
11
3.9070249212598425
21
-3.72020531496063
0
LINE
8
BLACK
6
CONTINUOUS
10
3.9070249212598425
20
-3.72020531496063
11
3.9039987007874015
21
-3.72020531496063
0
LINE
8
BLACK
6
CONTINUOUS
10
3.9039987007874015
20
-3.72020531496063
11
3.9012028740157478
21
-3.7190472440944879
0
LINE
8
BLACK
6
CONTINUOUS
10
3.9012028740157478
20
-3.7190472440944879
11
3.8990629921259843
21
-3.7169073622047244
0
LINE
8
BLACK
6
CONTINUOUS
10
3.8990629921259843
20
-3.7169073622047244
11
3.8979049212598422
21
-3.7141115354330707
0
LINE
8
BLACK
6
CONTINUOUS
10
3.8979049212598422
20
-3.7141115354330707
11
3.8979049212598422
21
-3.7110853149606298
0
LINE
8
BLACK
6
CONTINUOUS
10
3.8979049212598422
20
-3.7110853149606298
11
3.8990629921259843
21
-3.7082894881889761
0
LINE
8
BLACK
6
CONTINUOUS
10
3.8990629921259843
20
-3.7082894881889761
11
3.9012028740157478
21
-3.7061496062992125
0
LINE
8
BLACK
6
CONTINUOUS
10
3.9012028740157478
20
-3.7061496062992125
11
3.9039987007874015
21
-3.7049915354330709
0
LINE
8
BLACK
6
CONTINUOUS
10
3.9039987007874015
20
-3.7049915354330709
11
3.9070249212598425
21
-3.7049915354330709
0
LINE
8
BLACK
6
CONTINUOUS
10
3.9070249212598425
20
-3.7049915354330709
11
3.9098207480314962
21
-3.7061496062992125
0
LINE
8
BLACK
6
CONTINUOUS
10
2.698522125984252
20
-3.6846122440944882
11
2.7013161417322835
21
-3.6864791338582674
0
LINE
8
BLACK
6
CONTINUOUS
10
2.7013161417322835
20
-3.6864791338582674
11
2.7031830314960628
21
-3.6892731496062989
0
LINE
8
BLACK
6
CONTINUOUS
10
2.7031830314960628
20
-3.6892731496062989
11
2.7038385826771654
21
-3.6925688976377953
0
LINE
8
BLACK
6
CONTINUOUS
10
2.7038385826771654
20
-3.6925688976377953
11
2.7038385826771654
21
-3.7097933070866143
0
LINE
8
BLACK
6
CONTINUOUS
10
2.7038385826771654
20
-3.7097933070866143
11
2.7031830314960628
21
-3.7130890551181102
0
LINE
8
BLACK
6
CONTINUOUS
10
2.7031830314960628
20
-3.7130890551181102
11
2.7013161417322835
21
-3.7158830708661417
0
LINE
8
BLACK
6
CONTINUOUS
10
2.7013161417322835
20
-3.7158830708661417
11
2.698522125984252
21
-3.7177499606299214
0
LINE
8
BLACK
6
CONTINUOUS
10
2.698522125984252
20
-3.7177499606299214
11
2.6952263779527557
21
-3.7184055118110235
0
LINE
8
BLACK
6
CONTINUOUS
10
2.6952263779527557
20
-3.7184055118110235
11
2.6750492125984251
21
-3.7184055118110235
0
LINE
8
BLACK
6
CONTINUOUS
10
2.6750492125984251
20
-3.7184055118110235
11
2.6717534645669292
21
-3.7177499606299214
0
LINE
8
BLACK
6
CONTINUOUS
10
2.6717534645669292
20
-3.7177499606299214
11
2.6689594488188977
21
-3.7158830708661417
0
LINE
8
BLACK
6
CONTINUOUS
10
2.6689594488188977
20
-3.7158830708661417
11
2.667092559055118
21
-3.7130890551181102
0
LINE
8
BLACK
6
CONTINUOUS
10
2.667092559055118
20
-3.7130890551181102
11
2.6664370078740158
21
-3.7097933070866143
0
LINE
8
BLACK
6
CONTINUOUS
10
2.6664370078740158
20
-3.7097933070866143
11
2.6664370078740158
21
-3.6925688976377953
0
LINE
8
BLACK
6
CONTINUOUS
10
2.6664370078740158
20
-3.6925688976377953
11
2.667092559055118
21
-3.6892731496062989
0
LINE
8
BLACK
6
CONTINUOUS
10
2.667092559055118
20
-3.6892731496062989
11
2.6689594488188977
21
-3.6864791338582674
0
LINE
8
BLACK
6
CONTINUOUS
10
2.6689594488188977
20
-3.6864791338582674
11
2.6717534645669292
21
-3.6846122440944882
0
LINE
8
BLACK
6
CONTINUOUS
10
2.6717534645669292
20
-3.6846122440944882
11
2.6750492125984251
21
-3.6839566929133856
0
LINE
8
BLACK
6
CONTINUOUS
10
2.6750492125984251
20
-3.6839566929133856
11
2.6952263779527557
21
-3.6839566929133856
0
LINE
8
BLACK
6
CONTINUOUS
10
2.6952263779527557
20
-3.6839566929133856
11
2.698522125984252
21
-3.6846122440944882
0
LINE
8
BLACK
6
CONTINUOUS
10
2.8560024409448816
20
-3.6846122440944882
11
2.8587964566929132
21
-3.6864791338582674
0
LINE
8
BLACK
6
CONTINUOUS
10
2.8587964566929132
20
-3.6864791338582674
11
2.8606633464566928
21
-3.6892731496062989
0
LINE
8
BLACK
6
CONTINUOUS
10
2.8606633464566928
20
-3.6892731496062989
11
2.861318897637795
21
-3.6925688976377953
0
LINE
8
BLACK
6
CONTINUOUS
10
2.861318897637795
20
-3.6925688976377953
11
2.861318897637795
21
-3.7097933070866143
0
LINE
8
BLACK
6
CONTINUOUS
10
2.861318897637795
20
-3.7097933070866143
11
2.8606633464566928
21
-3.7130890551181102
0
LINE
8
BLACK
6
CONTINUOUS
10
2.8606633464566928
20
-3.7130890551181102
11
2.8587964566929132
21
-3.7158830708661417
0
LINE
8
BLACK
6
CONTINUOUS
10
2.8587964566929132
20
-3.7158830708661417
11
2.8560024409448816
21
-3.7177499606299214
0
LINE
8
BLACK
6
CONTINUOUS
10
2.8560024409448816
20
-3.7177499606299214
11
2.8527066929133857
21
-3.7184055118110235
0
LINE
8
BLACK
6
CONTINUOUS
10
2.8527066929133857
20
-3.7184055118110235
11
2.8325295275590552
21
-3.7184055118110235
0
LINE
8
BLACK
6
CONTINUOUS
10
2.8325295275590552
20
-3.7184055118110235
11
2.8292337795275588
21
-3.7177499606299214
0
LINE
8
BLACK
6
CONTINUOUS
10
2.8292337795275588
20
-3.7177499606299214
11
2.8264397637795273
21
-3.7158830708661417
0
LINE
8
BLACK
6
CONTINUOUS
10
2.8264397637795273
20
-3.7158830708661417
11
2.8245728740157481
21
-3.7130890551181102
0
LINE
8
BLACK
6
CONTINUOUS
10
2.8245728740157481
20
-3.7130890551181102
11
2.8239173228346455
21
-3.7097933070866143
0
LINE
8
BLACK
6
CONTINUOUS
10
2.8239173228346455
20
-3.7097933070866143
11
2.8239173228346455
21
-3.6925688976377953
0
LINE
8
BLACK
6
CONTINUOUS
10
2.8239173228346455
20
-3.6925688976377953
11
2.8245728740157481
21
-3.6892731496062989
0
LINE
8
BLACK
6
CONTINUOUS
10
2.8245728740157481
20
-3.6892731496062989
11
2.8264397637795273
21
-3.6864791338582674
0
LINE
8
BLACK
6
CONTINUOUS
10
2.8264397637795273
20
-3.6864791338582674
11
2.8292337795275588
21
-3.6846122440944882
0
LINE
8
BLACK
6
CONTINUOUS
10
2.8292337795275588
20
-3.6846122440944882
11
2.8325295275590552
21
-3.6839566929133856
0
LINE
8
BLACK
6
CONTINUOUS
10
2.8325295275590552
20
-3.6839566929133856
11
2.8527066929133857
21
-3.6839566929133856
0
LINE
8
BLACK
6
CONTINUOUS
10
2.8527066929133857
20
-3.6839566929133856
11
2.8560024409448816
21
-3.6846122440944882
0
LINE
8
BLACK
6
CONTINUOUS
10
2.4228271653543305
20
-3.692976377952756
11
2.3657405511811023
21
-3.692976377952756
0
LINE
8
BLACK
6
CONTINUOUS
10
2.3657405511811023
20
-3.692976377952756
11
2.3657405511811023
21
-3.6811653543307088
0
LINE
8
BLACK
6
CONTINUOUS
10
2.3657405511811023
20
-3.6811653543307088
11
2.3657405511811023
21
-3.6693543307086611
0
LINE
8
BLACK
6
CONTINUOUS
10
2.3657405511811023
20
-3.6693543307086611
11
2.4228271653543305
21
-3.6693543307086611
0
LINE
8
BLACK
6
CONTINUOUS
10
2.4228271653543305
20
-3.6693543307086611
11
2.4228271653543305
21
-3.6811653543307088
0
LINE
8
BLACK
6
CONTINUOUS
10
2.4228271653543305
20
-3.6811653543307088
11
2.4228271653543305
21
-3.692976377952756
0
LINE
8
BLACK
6
CONTINUOUS
10
2.9995139370078738
20
-3.6732882677165355
11
2.9997693700787402
21
-3.6734589763779528
0
LINE
8
BLACK
6
CONTINUOUS
10
2.9997693700787402
20
-3.6734589763779528
11
2.9999400787401576
21
-3.6737144094488188
0
LINE
8
BLACK
6
CONTINUOUS
10
2.9999400787401576
20
-3.6737144094488188
11
3.
21
-3.6740157480314961
0
LINE
8
BLACK
6
CONTINUOUS
10
3.
20
-3.6740157480314961
11
3.
21
-3.6881889763779525
0
LINE
8
BLACK
6
CONTINUOUS
10
3.
20
-3.6881889763779525
11
2.9999400787401576
21
-3.6884903149606298
0
LINE
8
BLACK
6
CONTINUOUS
10
2.9999400787401576
20
-3.6884903149606298
11
2.9997693700787402
21
-3.6887457480314958
0
LINE
8
BLACK
6
CONTINUOUS
10
2.9997693700787402
20
-3.6887457480314958
11
2.9995139370078738
21
-3.6889164566929131
0
LINE
8
BLACK
6
CONTINUOUS
10
2.9995139370078738
20
-3.6889164566929131
11
2.9992125984251969
21
-3.688976377952756
0
LINE
8
BLACK
6
CONTINUOUS
10
2.9992125984251969
20
-3.688976377952756
11
2.9692913385826771
21
-3.688976377952756
0
LINE
8
BLACK
6
CONTINUOUS
10
2.9692913385826771
20
-3.688976377952756
11
2.9689899999999998
21
-3.6889164566929131
0
LINE
8
BLACK
6
CONTINUOUS
10
2.9689899999999998
20
-3.6889164566929131
11
2.9687345669291338
21
-3.6887457480314958
0
LINE
8
BLACK
6
CONTINUOUS
10
2.9687345669291338
20
-3.6887457480314958
11
2.9685638582677165
21
-3.6884903149606298
0
LINE
8
BLACK
6
CONTINUOUS
10
2.9685638582677165
20
-3.6884903149606298
11
2.9685039370078741
21
-3.6881889763779525
0
LINE
8
BLACK
6
CONTINUOUS
10
2.9685039370078741
20
-3.6881889763779525
11
2.9685039370078741
21
-3.6740157480314961
0
LINE
8
BLACK
6
CONTINUOUS
10
2.9685039370078741
20
-3.6740157480314961
11
2.9685638582677165
21
-3.6737144094488188
0
LINE
8
BLACK
6
CONTINUOUS
10
2.9685638582677165
20
-3.6737144094488188
11
2.9687345669291338
21
-3.6734589763779528
0
LINE
8
BLACK
6
CONTINUOUS
10
2.9687345669291338
20
-3.6734589763779528
11
2.9689899999999998
21
-3.6732882677165355
0
LINE
8
BLACK
6
CONTINUOUS
10
2.9689899999999998
20
-3.6732882677165355
11
2.9692913385826771
21
-3.673228346456693
0
LINE
8
BLACK
6
CONTINUOUS
10
2.9692913385826771
20
-3.673228346456693
11
2.9992125984251969
21
-3.673228346456693
0
LINE
8
BLACK
6
CONTINUOUS
10
2.9992125984251969
20
-3.673228346456693
11
2.9995139370078738
21
-3.6732882677165355
0
LINE
8
BLACK
6
CONTINUOUS
10
3.1569942519685039
20
-3.6732882677165355
11
3.1572496850393699
21
-3.6734589763779528
0
LINE
8
BLACK
6
CONTINUOUS
10
3.1572496850393699
20
-3.6734589763779528
11
3.1574203937007872
21
-3.6737144094488188
0
LINE
8
BLACK
6
CONTINUOUS
10
3.1574203937007872
20
-3.6737144094488188
11
3.1574803149606296
21
-3.6740157480314961
0
LINE
8
BLACK
6
CONTINUOUS
10
3.1574803149606296
20
-3.6740157480314961
11
3.1574803149606296
21
-3.6881889763779525
0
LINE
8
BLACK
6
CONTINUOUS
10
3.1574803149606296
20
-3.6881889763779525
11
3.1574203937007872
21
-3.6884903149606298
0
LINE
8
BLACK
6
CONTINUOUS
10
3.1574203937007872
20
-3.6884903149606298
11
3.1572496850393699
21
-3.6887457480314958
0
LINE
8
BLACK
6
CONTINUOUS
10
3.1572496850393699
20
-3.6887457480314958
11
3.1569942519685039
21
-3.6889164566929131
0
LINE
8
BLACK
6
CONTINUOUS
10
3.1569942519685039
20
-3.6889164566929131
11
3.1566929133858266
21
-3.688976377952756
0
LINE
8
BLACK
6
CONTINUOUS
10
3.1566929133858266
20
-3.688976377952756
11
3.1267716535433072
21
-3.688976377952756
0
LINE
8
BLACK
6
CONTINUOUS
10
3.1267716535433072
20
-3.688976377952756
11
3.1264703149606299
21
-3.6889164566929131
0
LINE
8
BLACK
6
CONTINUOUS
10
3.1264703149606299
20
-3.6889164566929131
11
3.1262148818897639
21
-3.6887457480314958
0
LINE
8
BLACK
6
CONTINUOUS
10
3.1262148818897639
20
-3.6887457480314958
11
3.1260441732283466
21
-3.6884903149606298
0
LINE
8
BLACK
6
CONTINUOUS
10
3.1260441732283466
20
-3.6884903149606298
11
3.1259842519685037
21
-3.6881889763779525
0
LINE
8
BLACK
6
CONTINUOUS
10
3.1259842519685037
20
-3.6881889763779525
11
3.1259842519685037
21
-3.6740157480314961
0
LINE
8
BLACK
6
CONTINUOUS
10
3.1259842519685037
20
-3.6740157480314961
11
3.1260441732283466
21
-3.6737144094488188
0
LINE
8
BLACK
6
CONTINUOUS
10
3.1260441732283466
20
-3.6737144094488188
11
3.1262148818897639
21
-3.6734589763779528
0
LINE
8
BLACK
6
CONTINUOUS
10
3.1262148818897639
20
-3.6734589763779528
11
3.1264703149606299
21
-3.6732882677165355
0
LINE
8
BLACK
6
CONTINUOUS
10
3.1264703149606299
20
-3.6732882677165355
11
3.1267716535433072
21
-3.673228346456693
0
LINE
8
BLACK
6
CONTINUOUS
10
3.1267716535433072
20
-3.673228346456693
11
3.1566929133858266
21
-3.673228346456693
0
LINE
8
BLACK
6
CONTINUOUS
10
3.1566929133858266
20
-3.673228346456693
11
3.1569942519685039
21
-3.6732882677165355
0
LINE
8
BLACK
6
CONTINUOUS
10
2.5724394488188977
20
-3.6547539763779526
11
2.5752334645669293
21
-3.6566208661417323
0
LINE
8
BLACK
6
CONTINUOUS
10
2.5752334645669293
20
-3.6566208661417323
11
2.5771003543307085
21
-3.6594148818897638
0
LINE
8
BLACK
6
CONTINUOUS
10
2.5771003543307085
20
-3.6594148818897638
11
2.5777559055118111
21
-3.6627106299212597
0
LINE
8
BLACK
6
CONTINUOUS
10
2.5777559055118111
20
-3.6627106299212597
11
2.5777559055118111
21
-3.6799350393700787
0
LINE
8
BLACK
6
CONTINUOUS
10
2.5777559055118111
20
-3.6799350393700787
11
2.5771003543307085
21
-3.6832307874015746
0
LINE
8
BLACK
6
CONTINUOUS
10
2.5771003543307085
20
-3.6832307874015746
11
2.5752334645669293
21
-3.6860248031496061
0
LINE
8
BLACK
6
CONTINUOUS
10
2.5752334645669293
20
-3.6860248031496061
11
2.5724394488188977
21
-3.6878916929133858
0
LINE
8
BLACK
6
CONTINUOUS
10
2.5724394488188977
20
-3.6878916929133858
11
2.5691437007874014
21
-3.688547244094488
0
LINE
8
BLACK
6
CONTINUOUS
10
2.5691437007874014
20
-3.688547244094488
11
2.5489665354330708
21
-3.688547244094488
0
LINE
8
BLACK
6
CONTINUOUS
10
2.5489665354330708
20
-3.688547244094488
11
2.5456707874015749
21
-3.6878916929133858
0
LINE
8
BLACK
6
CONTINUOUS
10
2.5456707874015749
20
-3.6878916929133858
11
2.5428767716535434
21
-3.6860248031496061
0
LINE
8
BLACK
6
CONTINUOUS
10
2.5428767716535434
20
-3.6860248031496061
11
2.5410098818897637
21
-3.6832307874015746
0
LINE
8
BLACK
6
CONTINUOUS
10
2.5410098818897637
20
-3.6832307874015746
11
2.5403543307086616
21
-3.6799350393700787
0
LINE
8
BLACK
6
CONTINUOUS
10
2.5403543307086616
20
-3.6799350393700787
11
2.5403543307086616
21
-3.6627106299212597
0
LINE
8
BLACK
6
CONTINUOUS
10
2.5403543307086616
20
-3.6627106299212597
11
2.5410098818897637
21
-3.6594148818897638
0
LINE
8
BLACK
6
CONTINUOUS
10
2.5410098818897637
20
-3.6594148818897638
11
2.5428767716535434
21
-3.6566208661417323
0
LINE
8
BLACK
6
CONTINUOUS
10
2.5428767716535434
20
-3.6566208661417323
11
2.5456707874015749
21
-3.6547539763779526
0
LINE
8
BLACK
6
CONTINUOUS
10
2.5456707874015749
20
-3.6547539763779526
11
2.5489665354330708
21
-3.6540984251968505
0
LINE
8
BLACK
6
CONTINUOUS
10
2.5489665354330708
20
-3.6540984251968505
11
2.5691437007874014
21
-3.6540984251968505
0
LINE
8
BLACK
6
CONTINUOUS
10
2.5691437007874014
20
-3.6540984251968505
11
2.5724394488188977
21
-3.6547539763779526
0
LINE
8
BLACK
6
CONTINUOUS
10
2.7925766141732282
20
-3.661367244094488
11
2.7944605511811025
21
-3.6626260629921261
0
LINE
8
BLACK
6
CONTINUOUS
10
2.7944605511811025
20
-3.6626260629921261
11
2.7957193700787402
21
-3.6645099999999999
0
LINE
8
BLACK
6
CONTINUOUS
10
2.7957193700787402
20
-3.6645099999999999
11
2.7961614173228346
21
-3.666732283464567
0
LINE
8
BLACK
6
CONTINUOUS
10
2.7961614173228346
20
-3.666732283464567
11
2.7961614173228346
21
-3.6783464566929132
0
LINE
8
BLACK
6
CONTINUOUS
10
2.7961614173228346
20
-3.6783464566929132
11
2.7957193700787402
21
-3.6805687401574803
0
LINE
8
BLACK
6
CONTINUOUS
10
2.7957193700787402
20
-3.6805687401574803
11
2.7944605511811025
21
-3.6824526771653541
0
LINE
8
BLACK
6
CONTINUOUS
10
2.7944605511811025
20
-3.6824526771653541
11
2.7925766141732282
21
-3.6837114960629922
0
LINE
8
BLACK
6
CONTINUOUS
10
2.7925766141732282
20
-3.6837114960629922
11
2.7903543307086616
21
-3.6841535433070867
0
LINE
8
BLACK
6
CONTINUOUS
10
2.7903543307086616
20
-3.6841535433070867
11
2.7767716535433071
21
-3.6841535433070867
0
LINE
8
BLACK
6
CONTINUOUS
10
2.7767716535433071
20
-3.6841535433070867
11
2.77454937007874
21
-3.6837114960629922
0
LINE
8
BLACK
6
CONTINUOUS
10
2.77454937007874
20
-3.6837114960629922
11
2.7726654330708662
21
-3.6824526771653541
0
LINE
8
BLACK
6
CONTINUOUS
10
2.7726654330708662
20
-3.6824526771653541
11
2.7714066141732281
21
-3.6805687401574803
0
LINE
8
BLACK
6
CONTINUOUS
10
2.7714066141732281
20
-3.6805687401574803
11
2.7709645669291336
21
-3.6783464566929132
0
LINE
8
BLACK
6
CONTINUOUS
10
2.7709645669291336
20
-3.6783464566929132
11
2.7709645669291336
21
-3.666732283464567
0
LINE
8
BLACK
6
CONTINUOUS
10
2.7709645669291336
20
-3.666732283464567
11
2.7714066141732281
21
-3.6645099999999999
0
LINE
8
BLACK
6
CONTINUOUS
10
2.7714066141732281
20
-3.6645099999999999
11
2.7726654330708662
21
-3.6626260629921261
0
LINE
8
BLACK
6
CONTINUOUS
10
2.7726654330708662
20
-3.6626260629921261
11
2.77454937007874
21
-3.661367244094488
0
LINE
8
BLACK
6
CONTINUOUS
10
2.77454937007874
20
-3.661367244094488
11
2.7767716535433071
21
-3.6609251968503935
0
LINE
8
BLACK
6
CONTINUOUS
10
2.7767716535433071
20
-3.6609251968503935
11
2.7903543307086616
21
-3.6609251968503935
0
LINE
8
BLACK
6
CONTINUOUS
10
2.7903543307086616
20
-3.6609251968503935
11
2.7925766141732282
21
-3.661367244094488
0
LINE
8
BLACK
6
CONTINUOUS
10
2.4228271653543305
20
-3.6614803149606296
11
2.3657405511811023
21
-3.6614803149606296
0
LINE
8
BLACK
6
CONTINUOUS
10
2.3657405511811023
20
-3.6614803149606296
11
2.3657405511811023
21
-3.6496692913385824
0
LINE
8
BLACK
6
CONTINUOUS
10
2.3657405511811023
20
-3.6496692913385824
11
2.3657405511811023
21
-3.6378582677165352
0
LINE
8
BLACK
6
CONTINUOUS
10
2.3657405511811023
20
-3.6378582677165352
11
2.4228271653543305
21
-3.6378582677165352
0
LINE
8
BLACK
6
CONTINUOUS
10
2.4228271653543305
20
-3.6378582677165352
11
2.4228271653543305
21
-3.6496692913385824
0
LINE
8
BLACK
6
CONTINUOUS
10
2.4228271653543305
20
-3.6496692913385824
11
2.4228271653543305
21
-3.6614803149606296
0
LINE
8
BLACK
6
CONTINUOUS
10
2.7925766141732282
20
-3.6231782677165354
11
2.7944605511811025
21
-3.6244370866141731
0
LINE
8
BLACK
6
CONTINUOUS
10
2.7944605511811025
20
-3.6244370866141731
11
2.7957193700787402
21
-3.6263210236220473
0
LINE
8
BLACK
6
CONTINUOUS
10
2.7957193700787402
20
-3.6263210236220473
11
2.7961614173228346
21
-3.628543307086614
0
LINE
8
BLACK
6
CONTINUOUS
10
2.7961614173228346
20
-3.628543307086614
11
2.7961614173228346
21
-3.6401574803149606
0
LINE
8
BLACK
6
CONTINUOUS
10
2.7961614173228346
20
-3.6401574803149606
11
2.7957193700787402
21
-3.6423797637795277
0
LINE
8
BLACK
6
CONTINUOUS
10
2.7957193700787402
20
-3.6423797637795277
11
2.7944605511811025
21
-3.6442637007874015
0
LINE
8
BLACK
6
CONTINUOUS
10
2.7944605511811025
20
-3.6442637007874015
11
2.7925766141732282
21
-3.6455225196850392
0
LINE
8
BLACK
6
CONTINUOUS
10
2.7925766141732282
20
-3.6455225196850392
11
2.7903543307086616
21
-3.6459645669291336
0
LINE
8
BLACK
6
CONTINUOUS
10
2.7903543307086616
20
-3.6459645669291336
11
2.7767716535433071
21
-3.6459645669291336
0
LINE
8
BLACK
6
CONTINUOUS
10
2.7767716535433071
20
-3.6459645669291336
11
2.77454937007874
21
-3.6455225196850392
0
LINE
8
BLACK
6
CONTINUOUS
10
2.77454937007874
20
-3.6455225196850392
11
2.7726654330708662
21
-3.6442637007874015
0
LINE
8
BLACK
6
CONTINUOUS
10
2.7726654330708662
20
-3.6442637007874015
11
2.7714066141732281
21
-3.6423797637795277
0
LINE
8
BLACK
6
CONTINUOUS
10
2.7714066141732281
20
-3.6423797637795277
11
2.7709645669291336
21
-3.6401574803149606
0
LINE
8
BLACK
6
CONTINUOUS
10
2.7709645669291336
20
-3.6401574803149606
11
2.7709645669291336
21
-3.628543307086614
0
LINE
8
BLACK
6
CONTINUOUS
10
2.7709645669291336
20
-3.628543307086614
11
2.7714066141732281
21
-3.6263210236220473
0
LINE
8
BLACK
6
CONTINUOUS
10
2.7714066141732281
20
-3.6263210236220473
11
2.7726654330708662
21
-3.6244370866141731
0
LINE
8
BLACK
6
CONTINUOUS
10
2.7726654330708662
20
-3.6244370866141731
11
2.77454937007874
21
-3.6231782677165354
0
LINE
8
BLACK
6
CONTINUOUS
10
2.77454937007874
20
-3.6231782677165354
11
2.7767716535433071
21
-3.6227362204724409
0
LINE
8
BLACK
6
CONTINUOUS
10
2.7767716535433071
20
-3.6227362204724409
11
2.7903543307086616
21
-3.6227362204724409
0
LINE
8
BLACK
6
CONTINUOUS
10
2.7903543307086616
20
-3.6227362204724409
11
2.7925766141732282
21
-3.6231782677165354
0
LINE
8
BLACK
6
CONTINUOUS
10
3.7801166141732283
20
-3.5921909842519684
11
3.7829106299212598
21
-3.5940578740157481
0
LINE
8
BLACK
6
CONTINUOUS
10
3.7829106299212598
20
-3.5940578740157481
11
3.7847775196850395
21
-3.5968518897637796
0
LINE
8
BLACK
6
CONTINUOUS
10
3.7847775196850395
20
-3.5968518897637796
11
3.7854330708661417
21
-3.6001476377952755
0
LINE
8
BLACK
6
CONTINUOUS
10
3.7854330708661417
20
-3.6001476377952755
11
3.7854330708661417
21
-3.620324803149606
0
LINE
8
BLACK
6
CONTINUOUS
10
3.7854330708661417
20
-3.620324803149606
11
3.7847775196850395
21
-3.6236205511811024
0
LINE
8
BLACK
6
CONTINUOUS
10
3.7847775196850395
20
-3.6236205511811024
11
3.7829106299212598
21
-3.6264145669291339
0
LINE
8
BLACK
6
CONTINUOUS
10
3.7829106299212598
20
-3.6264145669291339
11
3.7801166141732283
21
-3.6282814566929131
0
LINE
8
BLACK
6
CONTINUOUS
10
3.7801166141732283
20
-3.6282814566929131
11
3.7768208661417324
21
-3.6289370078740157
0
LINE
8
BLACK
6
CONTINUOUS
10
3.7768208661417324
20
-3.6289370078740157
11
3.7595964566929134
21
-3.6289370078740157
0
LINE
8
BLACK
6
CONTINUOUS
10
3.7595964566929134
20
-3.6289370078740157
11
3.7563007086614171
21
-3.6282814566929131
0
LINE
8
BLACK
6
CONTINUOUS
10
3.7563007086614171
20
-3.6282814566929131
11
3.7535066929133856
21
-3.6264145669291339
0
LINE
8
BLACK
6
CONTINUOUS
10
3.7535066929133856
20
-3.6264145669291339
11
3.7516398031496063
21
-3.6236205511811024
0
LINE
8
BLACK
6
CONTINUOUS
10
3.7516398031496063
20
-3.6236205511811024
11
3.7509842519685037
21
-3.620324803149606
0
LINE
8
BLACK
6
CONTINUOUS
10
3.7509842519685037
20
-3.620324803149606
11
3.7509842519685037
21
-3.6001476377952755
0
LINE
8
BLACK
6
CONTINUOUS
10
3.7509842519685037
20
-3.6001476377952755
11
3.7516398031496063
21
-3.5968518897637796
0
LINE
8
BLACK
6
CONTINUOUS
10
3.7516398031496063
20
-3.5968518897637796
11
3.7535066929133856
21
-3.5940578740157481
0
LINE
8
BLACK
6
CONTINUOUS
10
3.7535066929133856
20
-3.5940578740157481
11
3.7563007086614171
21
-3.5921909842519684
0
LINE
8
BLACK
6
CONTINUOUS
10
3.7563007086614171
20
-3.5921909842519684
11
3.7595964566929134
21
-3.5915354330708662
0
LINE
8
BLACK
6
CONTINUOUS
10
3.7595964566929134
20
-3.5915354330708662
11
3.7768208661417324
21
-3.5915354330708662
0
LINE
8
BLACK
6
CONTINUOUS
10
3.7768208661417324
20
-3.5915354330708662
11
3.7801166141732283
21
-3.5921909842519684
0
LINE
8
BLACK
6
CONTINUOUS
10
3.8421244881889764
20
-3.5921909842519684
11
3.844918503937008
21
-3.5940578740157481
0
LINE
8
BLACK
6
CONTINUOUS
10
3.844918503937008
20
-3.5940578740157481
11
3.8467853937007872
21
-3.5968518897637796
0
LINE
8
BLACK
6
CONTINUOUS
10
3.8467853937007872
20
-3.5968518897637796
11
3.8474409448818898
21
-3.6001476377952755
0
LINE
8
BLACK
6
CONTINUOUS
10
3.8474409448818898
20
-3.6001476377952755
11
3.8474409448818898
21
-3.620324803149606
0
LINE
8
BLACK
6
CONTINUOUS
10
3.8474409448818898
20
-3.620324803149606
11
3.8467853937007872
21
-3.6236205511811024
0
LINE
8
BLACK
6
CONTINUOUS
10
3.8467853937007872
20
-3.6236205511811024
11
3.844918503937008
21
-3.6264145669291339
0
LINE
8
BLACK
6
CONTINUOUS
10
3.844918503937008
20
-3.6264145669291339
11
3.8421244881889764
21
-3.6282814566929131
0
LINE
8
BLACK
6
CONTINUOUS
10
3.8421244881889764
20
-3.6282814566929131
11
3.8388287401574801
21
-3.6289370078740157
0
LINE
8
BLACK
6
CONTINUOUS
10
3.8388287401574801
20
-3.6289370078740157
11
3.8216043307086611
21
-3.6289370078740157
0
LINE
8
BLACK
6
CONTINUOUS
10
3.8216043307086611
20
-3.6289370078740157
11
3.8183085826771652
21
-3.6282814566929131
0
LINE
8
BLACK
6
CONTINUOUS
10
3.8183085826771652
20
-3.6282814566929131
11
3.8155145669291337
21
-3.6264145669291339
0
LINE
8
BLACK
6
CONTINUOUS
10
3.8155145669291337
20
-3.6264145669291339
11
3.8136476771653545
21
-3.6236205511811024
0
LINE
8
BLACK
6
CONTINUOUS
10
3.8136476771653545
20
-3.6236205511811024
11
3.8129921259842519
21
-3.620324803149606
0
LINE
8
BLACK
6
CONTINUOUS
10
3.8129921259842519
20
-3.620324803149606
11
3.8129921259842519
21
-3.6001476377952755
0
LINE
8
BLACK
6
CONTINUOUS
10
3.8129921259842519
20
-3.6001476377952755
11
3.8136476771653545
21
-3.5968518897637796
0
LINE
8
BLACK
6
CONTINUOUS
10
3.8136476771653545
20
-3.5968518897637796
11
3.8155145669291337
21
-3.5940578740157481
0
LINE
8
BLACK
6
CONTINUOUS
10
3.8155145669291337
20
-3.5940578740157481
11
3.8183085826771652
21
-3.5921909842519684
0
LINE
8
BLACK
6
CONTINUOUS
10
3.8183085826771652
20
-3.5921909842519684
11
3.8216043307086611
21
-3.5915354330708662
0
LINE
8
BLACK
6
CONTINUOUS
10
3.8216043307086611
20
-3.5915354330708662
11
3.8388287401574801
21
-3.5915354330708662
0
LINE
8
BLACK
6
CONTINUOUS
10
3.8388287401574801
20
-3.5915354330708662
11
3.8421244881889764
21
-3.5921909842519684
0
LINE
8
BLACK
6
CONTINUOUS
10
2.4228271653543305
20
-3.6270314960629921
11
2.3657405511811023
21
-3.6270314960629921
0
LINE
8
BLACK
6
CONTINUOUS
10
2.3657405511811023
20
-3.6270314960629921
11
2.3657405511811023
21
-3.6171889763779528
0
LINE
8
BLACK
6
CONTINUOUS
10
2.3657405511811023
20
-3.6171889763779528
11
2.4228271653543305
21
-3.6171889763779528
0
LINE
8
BLACK
6
CONTINUOUS
10
2.4228271653543305
20
-3.6171889763779528
11
2.4228271653543305
21
-3.6270314960629921
0
LINE
8
BLACK
6
CONTINUOUS
10
3.5708475984251966
20
-3.5715966141732283
11
3.5739609055118109
21
-3.5736768897637794
0
LINE
8
BLACK
6
CONTINUOUS
10
3.5739609055118109
20
-3.5736768897637794
11
3.576041181102362
21
-3.5767901968503937
0
LINE
8
BLACK
6
CONTINUOUS
10
3.576041181102362
20
-3.5767901968503937
11
3.576771653543307
21
-3.5804625984251968
0
LINE
8
BLACK
6
CONTINUOUS
10
3.576771653543307
20
-3.5804625984251968
11
3.576771653543307
21
-3.6163877952755903
0
LINE
8
BLACK
6
CONTINUOUS
10
3.576771653543307
20
-3.6163877952755903
11
3.576041181102362
21
-3.6200601968503938
0
LINE
8
BLACK
6
CONTINUOUS
10
3.576041181102362
20
-3.6200601968503938
11
3.5739609055118109
21
-3.6231735039370077
0
LINE
8
BLACK
6
CONTINUOUS
10
3.5739609055118109
20
-3.6231735039370077
11
3.5708475984251966
21
-3.6252537795275588
0
LINE
8
BLACK
6
CONTINUOUS
10
3.5708475984251966
20
-3.6252537795275588
11
3.5671751968503935
21
-3.6259842519685037
0
LINE
8
BLACK
6
CONTINUOUS
10
3.5671751968503935
20
-3.6259842519685037
11
3.5479822834645667
21
-3.6259842519685037
0
LINE
8
BLACK
6
CONTINUOUS
10
3.5479822834645667
20
-3.6259842519685037
11
3.5443098818897636
21
-3.6252537795275588
0
LINE
8
BLACK
6
CONTINUOUS
10
3.5443098818897636
20
-3.6252537795275588
11
3.5411965748031493
21
-3.6231735039370077
0
LINE
8
BLACK
6
CONTINUOUS
10
3.5411965748031493
20
-3.6231735039370077
11
3.5391162992125982
21
-3.6200601968503938
0
LINE
8
BLACK
6
CONTINUOUS
10
3.5391162992125982
20
-3.6200601968503938
11
3.5383858267716533
21
-3.6163877952755903
0
LINE
8
BLACK
6
CONTINUOUS
10
3.5383858267716533
20
-3.6163877952755903
11
3.5383858267716533
21
-3.5804625984251968
0
LINE
8
BLACK
6
CONTINUOUS
10
3.5383858267716533
20
-3.5804625984251968
11
3.5391162992125982
21
-3.5767901968503937
0
LINE
8
BLACK
6
CONTINUOUS
10
3.5391162992125982
20
-3.5767901968503937
11
3.5411965748031493
21
-3.5736768897637794
0
LINE
8
BLACK
6
CONTINUOUS
10
3.5411965748031493
20
-3.5736768897637794
11
3.5443098818897636
21
-3.5715966141732283
0
LINE
8
BLACK
6
CONTINUOUS
10
3.5443098818897636
20
-3.5715966141732283
11
3.5479822834645667
21
-3.5708661417322833
0
LINE
8
BLACK
6
CONTINUOUS
10
3.5479822834645667
20
-3.5708661417322833
11
3.5671751968503935
21
-3.5708661417322833
0
LINE
8
BLACK
6
CONTINUOUS
10
3.5671751968503935
20
-3.5708661417322833
11
3.5708475984251966
21
-3.5715966141732283
0
LINE
8
BLACK
6
CONTINUOUS
10
3.644666496062992
20
-3.5715966141732283
11
3.6477798031496063
21
-3.5736768897637794
0
LINE
8
BLACK
6
CONTINUOUS
10
3.6477798031496063
20
-3.5736768897637794
11
3.6498600787401574
21
-3.5767901968503937
0
LINE
8
BLACK
6
CONTINUOUS
10
3.6498600787401574
20
-3.5767901968503937
11
3.6505905511811023
21
-3.5804625984251968
0
LINE
8
BLACK
6
CONTINUOUS
10
3.6505905511811023
20
-3.5804625984251968
11
3.6505905511811023
21
-3.6163877952755903
0
LINE
8
BLACK
6
CONTINUOUS
10
3.6505905511811023
20
-3.6163877952755903
11
3.6498600787401574
21
-3.6200601968503938
0
LINE
8
BLACK
6
CONTINUOUS
10
3.6498600787401574
20
-3.6200601968503938
11
3.6477798031496063
21
-3.6231735039370077
0
LINE
8
BLACK
6
CONTINUOUS
10
3.6477798031496063
20
-3.6231735039370077
11
3.644666496062992
21
-3.6252537795275588
0
LINE
8
BLACK
6
CONTINUOUS
10
3.644666496062992
20
-3.6252537795275588
11
3.6409940944881889
21
-3.6259842519685037
0
LINE
8
BLACK
6
CONTINUOUS
10
3.6409940944881889
20
-3.6259842519685037
11
3.621801181102362
21
-3.6259842519685037
0
LINE
8
BLACK
6
CONTINUOUS
10
3.621801181102362
20
-3.6259842519685037
11
3.618128779527559
21
-3.6252537795275588
0
LINE
8
BLACK
6
CONTINUOUS
10
3.618128779527559
20
-3.6252537795275588
11
3.6150154724409447
21
-3.6231735039370077
0
LINE
8
BLACK
6
CONTINUOUS
10
3.6150154724409447
20
-3.6231735039370077
11
3.6129351968503935
21
-3.6200601968503938
0
LINE
8
BLACK
6
CONTINUOUS
10
3.6129351968503935
20
-3.6200601968503938
11
3.6122047244094486
21
-3.6163877952755903
0
LINE
8
BLACK
6
CONTINUOUS
10
3.6122047244094486
20
-3.6163877952755903
11
3.6122047244094486
21
-3.5804625984251968
0
LINE
8
BLACK
6
CONTINUOUS
10
3.6122047244094486
20
-3.5804625984251968
11
3.6129351968503935
21
-3.5767901968503937
0
LINE
8
BLACK
6
CONTINUOUS
10
3.6129351968503935
20
-3.5767901968503937
11
3.6150154724409447
21
-3.5736768897637794
0
LINE
8
BLACK
6
CONTINUOUS
10
3.6150154724409447
20
-3.5736768897637794
11
3.618128779527559
21
-3.5715966141732283
0
LINE
8
BLACK
6
CONTINUOUS
10
3.618128779527559
20
-3.5715966141732283
11
3.621801181102362
21
-3.5708661417322833
0
LINE
8
BLACK
6
CONTINUOUS
10
3.621801181102362
20
-3.5708661417322833
11
3.6409940944881889
21
-3.5708661417322833
0
LINE
8
BLACK
6
CONTINUOUS
10
3.6409940944881889
20
-3.5708661417322833
11
3.644666496062992
21
-3.5715966141732283
0
LINE
8
BLACK
6
CONTINUOUS
10
2.6058588188976377
20
-3.6083307086614171
11
2.5507407086614173
21
-3.6083307086614171
0
LINE
8
BLACK
6
CONTINUOUS
10
2.5507407086614173
20
-3.6083307086614171
11
2.5507407086614173
21
-3.5689606299212597
0
LINE
8
BLACK
6
CONTINUOUS
10
2.5507407086614173
20
-3.5689606299212597
11
2.6058588188976377
21
-3.5689606299212597
0
LINE
8
BLACK
6
CONTINUOUS
10
2.6058588188976377
20
-3.5689606299212597
11
2.6058588188976377
21
-3.6083307086614171
0
LINE
8
BLACK
6
CONTINUOUS
10
2.4228271653543305
20
-3.6073464566929134
11
2.3657405511811023
21
-3.6073464566929134
0
LINE
8
BLACK
6
CONTINUOUS
10
2.3657405511811023
20
-3.6073464566929134
11
2.3657405511811023
21
-3.5975039370078741
0
LINE
8
BLACK
6
CONTINUOUS
10
2.3657405511811023
20
-3.5975039370078741
11
2.4228271653543305
21
-3.5975039370078741
0
LINE
8
BLACK
6
CONTINUOUS
10
2.4228271653543305
20
-3.5975039370078741
11
2.4228271653543305
21
-3.6073464566929134
0
LINE
8
BLACK
6
CONTINUOUS
10
2.692472992125984
20
-3.6051811023622045
11
2.6373548818897636
21
-3.6051811023622045
0
LINE
8
BLACK
6
CONTINUOUS
10
2.6373548818897636
20
-3.6051811023622045
11
2.6373548818897636
21
-3.5579370078740156
0
LINE
8
BLACK
6
CONTINUOUS
10
2.6373548818897636
20
-3.5579370078740156
11
2.692472992125984
21
-3.5579370078740156
0
LINE
8
BLACK
6
CONTINUOUS
10
2.692472992125984
20
-3.5579370078740156
11
2.692472992125984
21
-3.6051811023622045
0
LINE
8
BLACK
6
CONTINUOUS
10
2.4228271653543305
20
-3.5876614173228347
11
2.3657405511811023
21
-3.5876614173228347
0
LINE
8
BLACK
6
CONTINUOUS
10
2.3657405511811023
20
-3.5876614173228347
11
2.3657405511811023
21
-3.5778188976377954
0
LINE
8
BLACK
6
CONTINUOUS
10
2.3657405511811023
20
-3.5778188976377954
11
2.4228271653543305
21
-3.5778188976377954
0
LINE
8
BLACK
6
CONTINUOUS
10
2.4228271653543305
20
-3.5778188976377954
11
2.4228271653543305
21
-3.5876614173228347
0
LINE
8
BLACK
6
CONTINUOUS
10
2.4228271653543305
20
-3.567976377952756
11
2.3657405511811023
21
-3.567976377952756
0
LINE
8
BLACK
6
CONTINUOUS
10
2.3657405511811023
20
-3.567976377952756
11
2.3657405511811023
21
-3.5581338582677167
0
LINE
8
BLACK
6
CONTINUOUS
10
2.3657405511811023
20
-3.5581338582677167
11
2.4228271653543305
21
-3.5581338582677167
0
LINE
8
BLACK
6
CONTINUOUS
10
2.4228271653543305
20
-3.5581338582677167
11
2.4228271653543305
21
-3.567976377952756
0
LINE
8
BLACK
6
CONTINUOUS
10
3.7755720078740156
20
-3.5086044881889764
11
3.7786853149606299
21
-3.5106847637795275
0
LINE
8
BLACK
6
CONTINUOUS
10
3.7786853149606299
20
-3.5106847637795275
11
3.780765590551181
21
-3.5137980708661418
0
LINE
8
BLACK
6
CONTINUOUS
10
3.780765590551181
20
-3.5137980708661418
11
3.7814960629921259
21
-3.5174704724409449
0
LINE
8
BLACK
6
CONTINUOUS
10
3.7814960629921259
20
-3.5174704724409449
11
3.7814960629921259
21
-3.5533956692913384
0
LINE
8
BLACK
6
CONTINUOUS
10
3.7814960629921259
20
-3.5533956692913384
11
3.780765590551181
21
-3.5570680708661415
0
LINE
8
BLACK
6
CONTINUOUS
10
3.780765590551181
20
-3.5570680708661415
11
3.7786853149606299
21
-3.5601813779527558
0
LINE
8
BLACK
6
CONTINUOUS
10
3.7786853149606299
20
-3.5601813779527558
11
3.7755720078740156
21
-3.5622616535433069
0
LINE
8
BLACK
6
CONTINUOUS
10
3.7755720078740156
20
-3.5622616535433069
11
3.7718996062992125
21
-3.5629921259842519
0
LINE
8
BLACK
6
CONTINUOUS
10
3.7718996062992125
20
-3.5629921259842519
11
3.7527066929133857
21
-3.5629921259842519
0
LINE
8
BLACK
6
CONTINUOUS
10
3.7527066929133857
20
-3.5629921259842519
11
3.7490342913385826
21
-3.5622616535433069
0
LINE
8
BLACK
6
CONTINUOUS
10
3.7490342913385826
20
-3.5622616535433069
11
3.7459209842519683
21
-3.5601813779527558
0
LINE
8
BLACK
6
CONTINUOUS
10
3.7459209842519683
20
-3.5601813779527558
11
3.7438407086614172
21
-3.5570680708661415
0
LINE
8
BLACK
6
CONTINUOUS
10
3.7438407086614172
20
-3.5570680708661415
11
3.7431102362204722
21
-3.5533956692913384
0
LINE
8
BLACK
6
CONTINUOUS
10
3.7431102362204722
20
-3.5533956692913384
11
3.7431102362204722
21
-3.5174704724409449
0
LINE
8
BLACK
6
CONTINUOUS
10
3.7431102362204722
20
-3.5174704724409449
11
3.7438407086614172
21
-3.5137980708661418
0
LINE
8
BLACK
6
CONTINUOUS
10
3.7438407086614172
20
-3.5137980708661418
11
3.7459209842519683
21
-3.5106847637795275
0
LINE
8
BLACK
6
CONTINUOUS
10
3.7459209842519683
20
-3.5106847637795275
11
3.7490342913385826
21
-3.5086044881889764
0
LINE
8
BLACK
6
CONTINUOUS
10
3.7490342913385826
20
-3.5086044881889764
11
3.7527066929133857
21
-3.5078740157480315
0
LINE
8
BLACK
6
CONTINUOUS
10
3.7527066929133857
20
-3.5078740157480315
11
3.7718996062992125
21
-3.5078740157480315
0
LINE
8
BLACK
6
CONTINUOUS
10
3.7718996062992125
20
-3.5078740157480315
11
3.7755720078740156
21
-3.5086044881889764
0
LINE
8
BLACK
6
CONTINUOUS
10
3.849390905511811
20
-3.5086044881889764
11
3.8525042125984252
21
-3.5106847637795275
0
LINE
8
BLACK
6
CONTINUOUS
10
3.8525042125984252
20
-3.5106847637795275
11
3.8545844881889764
21
-3.5137980708661418
0
LINE
8
BLACK
6
CONTINUOUS
10
3.8545844881889764
20
-3.5137980708661418
11
3.8553149606299213
21
-3.5174704724409449
0
LINE
8
BLACK
6
CONTINUOUS
10
3.8553149606299213
20
-3.5174704724409449
11
3.8553149606299213
21
-3.5533956692913384
0
LINE
8
BLACK
6
CONTINUOUS
10
3.8553149606299213
20
-3.5533956692913384
11
3.8545844881889764
21
-3.5570680708661415
0
LINE
8
BLACK
6
CONTINUOUS
10
3.8545844881889764
20
-3.5570680708661415
11
3.8525042125984252
21
-3.5601813779527558
0
LINE
8
BLACK
6
CONTINUOUS
10
3.8525042125984252
20
-3.5601813779527558
11
3.849390905511811
21
-3.5622616535433069
0
LINE
8
BLACK
6
CONTINUOUS
10
3.849390905511811
20
-3.5622616535433069
11
3.8457185039370079
21
-3.5629921259842519
0
LINE
8
BLACK
6
CONTINUOUS
10
3.8457185039370079
20
-3.5629921259842519
11
3.826525590551181
21
-3.5629921259842519
0
LINE
8
BLACK
6
CONTINUOUS
10
3.826525590551181
20
-3.5629921259842519
11
3.8228531889763779
21
-3.5622616535433069
0
LINE
8
BLACK
6
CONTINUOUS
10
3.8228531889763779
20
-3.5622616535433069
11
3.8197398818897637
21
-3.5601813779527558
0
LINE
8
BLACK
6
CONTINUOUS
10
3.8197398818897637
20
-3.5601813779527558
11
3.8176596062992125
21
-3.5570680708661415
0
LINE
8
BLACK
6
CONTINUOUS
10
3.8176596062992125
20
-3.5570680708661415
11
3.8169291338582676
21
-3.5533956692913384
0
LINE
8
BLACK
6
CONTINUOUS
10
3.8169291338582676
20
-3.5533956692913384
11
3.8169291338582676
21
-3.5174704724409449
0
LINE
8
BLACK
6
CONTINUOUS
10
3.8169291338582676
20
-3.5174704724409449
11
3.8176596062992125
21
-3.5137980708661418
0
LINE
8
BLACK
6
CONTINUOUS
10
3.8176596062992125
20
-3.5137980708661418
11
3.8197398818897637
21
-3.5106847637795275
0
LINE
8
BLACK
6
CONTINUOUS
10
3.8197398818897637
20
-3.5106847637795275
11
3.8228531889763779
21
-3.5086044881889764
0
LINE
8
BLACK
6
CONTINUOUS
10
3.8228531889763779
20
-3.5086044881889764
11
3.826525590551181
21
-3.5078740157480315
0
LINE
8
BLACK
6
CONTINUOUS
10
3.826525590551181
20
-3.5078740157480315
11
3.8457185039370079
21
-3.5078740157480315
0
LINE
8
BLACK
6
CONTINUOUS
10
3.8457185039370079
20
-3.5078740157480315
11
3.849390905511811
21
-3.5086044881889764
0
LINE
8
BLACK
6
CONTINUOUS
10
2.4228271653543305
20
-3.5482913385826769
11
2.3657405511811023
21
-3.5482913385826769
0
LINE
8
BLACK
6
CONTINUOUS
10
2.3657405511811023
20
-3.5482913385826769
11
2.3657405511811023
21
-3.5384488188976375
0
LINE
8
BLACK
6
CONTINUOUS
10
2.3657405511811023
20
-3.5384488188976375
11
2.4228271653543305
21
-3.5384488188976375
0
LINE
8
BLACK
6
CONTINUOUS
10
2.4228271653543305
20
-3.5384488188976375
11
2.4228271653543305
21
-3.5482913385826769
0
LINE
8
BLACK
6
CONTINUOUS
10
3.6305103149606297
20
-3.5016398031496063
11
3.6333043307086612
21
-3.5035066929133856
0
LINE
8
BLACK
6
CONTINUOUS
10
3.6333043307086612
20
-3.5035066929133856
11
3.6351712204724409
21
-3.5063007086614171
0
LINE
8
BLACK
6
CONTINUOUS
10
3.6351712204724409
20
-3.5063007086614171
11
3.6358267716535431
21
-3.5095964566929134
0
LINE
8
BLACK
6
CONTINUOUS
10
3.6358267716535431
20
-3.5095964566929134
11
3.6358267716535431
21
-3.529773622047244
0
LINE
8
BLACK
6
CONTINUOUS
10
3.6358267716535431
20
-3.529773622047244
11
3.6351712204724409
21
-3.5330693700787399
0
LINE
8
BLACK
6
CONTINUOUS
10
3.6351712204724409
20
-3.5330693700787399
11
3.6333043307086612
21
-3.5358633858267714
0
LINE
8
BLACK
6
CONTINUOUS
10
3.6333043307086612
20
-3.5358633858267714
11
3.6305103149606297
21
-3.5377302755905511
0
LINE
8
BLACK
6
CONTINUOUS
10
3.6305103149606297
20
-3.5377302755905511
11
3.6272145669291338
21
-3.5383858267716533
0
LINE
8
BLACK
6
CONTINUOUS
10
3.6272145669291338
20
-3.5383858267716533
11
3.6099901574803148
21
-3.5383858267716533
0
LINE
8
BLACK
6
CONTINUOUS
10
3.6099901574803148
20
-3.5383858267716533
11
3.6066944094488189
21
-3.5377302755905511
0
LINE
8
BLACK
6
CONTINUOUS
10
3.6066944094488189
20
-3.5377302755905511
11
3.6039003937007874
21
-3.5358633858267714
0
LINE
8
BLACK
6
CONTINUOUS
10
3.6039003937007874
20
-3.5358633858267714
11
3.6020335039370077
21
-3.5330693700787399
0
LINE
8
BLACK
6
CONTINUOUS
10
3.6020335039370077
20
-3.5330693700787399
11
3.6013779527559056
21
-3.529773622047244
0
LINE
8
BLACK
6
CONTINUOUS
10
3.6013779527559056
20
-3.529773622047244
11
3.6013779527559056
21
-3.5095964566929134
0
LINE
8
BLACK
6
CONTINUOUS
10
3.6013779527559056
20
-3.5095964566929134
11
3.6020335039370077
21
-3.5063007086614171
0
LINE
8
BLACK
6
CONTINUOUS
10
3.6020335039370077
20
-3.5063007086614171
11
3.6039003937007874
21
-3.5035066929133856
0
LINE
8
BLACK
6
CONTINUOUS
10
3.6039003937007874
20
-3.5035066929133856
11
3.6066944094488189
21
-3.5016398031496063
0
LINE
8
BLACK
6
CONTINUOUS
10
3.6066944094488189
20
-3.5016398031496063
11
3.6099901574803148
21
-3.5009842519685037
0
LINE
8
BLACK
6
CONTINUOUS
10
3.6099901574803148
20
-3.5009842519685037
11
3.6272145669291338
21
-3.5009842519685037
0
LINE
8
BLACK
6
CONTINUOUS
10
3.6272145669291338
20
-3.5009842519685037
11
3.6305103149606297
21
-3.5016398031496063
0
LINE
8
BLACK
6
CONTINUOUS
10
3.6925181889763778
20
-3.5016398031496063
11
3.6953122047244094
21
-3.5035066929133856
0
LINE
8
BLACK
6
CONTINUOUS
10
3.6953122047244094
20
-3.5035066929133856
11
3.697179094488189
21
-3.5063007086614171
0
LINE
8
BLACK
6
CONTINUOUS
10
3.697179094488189
20
-3.5063007086614171
11
3.6978346456692912
21
-3.5095964566929134
0
LINE
8
BLACK
6
CONTINUOUS
10
3.6978346456692912
20
-3.5095964566929134
11
3.6978346456692912
21
-3.529773622047244
0
LINE
8
BLACK
6
CONTINUOUS
10
3.6978346456692912
20
-3.529773622047244
11
3.697179094488189
21
-3.5330693700787399
0
LINE
8
BLACK
6
CONTINUOUS
10
3.697179094488189
20
-3.5330693700787399
11
3.6953122047244094
21
-3.5358633858267714
0
LINE
8
BLACK
6
CONTINUOUS
10
3.6953122047244094
20
-3.5358633858267714
11
3.6925181889763778
21
-3.5377302755905511
0
LINE
8
BLACK
6
CONTINUOUS
10
3.6925181889763778
20
-3.5377302755905511
11
3.6892224409448819
21
-3.5383858267716533
0
LINE
8
BLACK
6
CONTINUOUS
10
3.6892224409448819
20
-3.5383858267716533
11
3.671998031496063
21
-3.5383858267716533
0
LINE
8
BLACK
6
CONTINUOUS
10
3.671998031496063
20
-3.5383858267716533
11
3.6687022834645671
21
-3.5377302755905511
0
LINE
8
BLACK
6
CONTINUOUS
10
3.6687022834645671
20
-3.5377302755905511
11
3.6659082677165356
21
-3.5358633858267714
0
LINE
8
BLACK
6
CONTINUOUS
10
3.6659082677165356
20
-3.5358633858267714
11
3.6640413779527559
21
-3.5330693700787399
0
LINE
8
BLACK
6
CONTINUOUS
10
3.6640413779527559
20
-3.5330693700787399
11
3.6633858267716533
21
-3.529773622047244
0
LINE
8
BLACK
6
CONTINUOUS
10
3.6633858267716533
20
-3.529773622047244
11
3.6633858267716533
21
-3.5095964566929134
0
LINE
8
BLACK
6
CONTINUOUS
10
3.6633858267716533
20
-3.5095964566929134
11
3.6640413779527559
21
-3.5063007086614171
0
LINE
8
BLACK
6
CONTINUOUS
10
3.6640413779527559
20
-3.5063007086614171
11
3.6659082677165356
21
-3.5035066929133856
0
LINE
8
BLACK
6
CONTINUOUS
10
3.6659082677165356
20
-3.5035066929133856
11
3.6687022834645671
21
-3.5016398031496063
0
LINE
8
BLACK
6
CONTINUOUS
10
3.6687022834645671
20
-3.5016398031496063
11
3.671998031496063
21
-3.5009842519685037
0
LINE
8
BLACK
6
CONTINUOUS
10
3.671998031496063
20
-3.5009842519685037
11
3.6892224409448819
21
-3.5009842519685037
0
LINE
8
BLACK
6
CONTINUOUS
10
3.6892224409448819
20
-3.5009842519685037
11
3.6925181889763778
21
-3.5016398031496063
0
LINE
8
BLACK
6
CONTINUOUS
10
2.6058588188976377
20
-3.5335275590551181
11
2.5507407086614173
21
-3.5335275590551181
0
LINE
8
BLACK
6
CONTINUOUS
10
2.5507407086614173
20
-3.5335275590551181
11
2.5507407086614173
21
-3.4941574803149607
0
LINE
8
BLACK
6
CONTINUOUS
10
2.5507407086614173
20
-3.4941574803149607
11
2.6058588188976377
21
-3.4941574803149607
0
LINE
8
BLACK
6
CONTINUOUS
10
2.6058588188976377
20
-3.4941574803149607
11
2.6058588188976377
21
-3.5335275590551181
0
LINE
8
BLACK
6
CONTINUOUS
10
2.692472992125984
20
-3.5335275590551181
11
2.6373548818897636
21
-3.5335275590551181
0
LINE
8
BLACK
6
CONTINUOUS
10
2.6373548818897636
20
-3.5335275590551181
11
2.6373548818897636
21
-3.4941574803149607
0
LINE
8
BLACK
6
CONTINUOUS
10
2.6373548818897636
20
-3.4941574803149607
11
2.692472992125984
21
-3.4941574803149607
0
LINE
8
BLACK
6
CONTINUOUS
10
2.692472992125984
20
-3.4941574803149607
11
2.692472992125984
21
-3.5335275590551181
0
LINE
8
BLACK
6
CONTINUOUS
10
2.4228271653543305
20
-3.5286062992125982
11
2.3657405511811023
21
-3.5286062992125982
0
LINE
8
BLACK
6
CONTINUOUS
10
2.3657405511811023
20
-3.5286062992125982
11
2.3657405511811023
21
-3.5187637795275588
0
LINE
8
BLACK
6
CONTINUOUS
10
2.3657405511811023
20
-3.5187637795275588
11
2.4228271653543305
21
-3.5187637795275588
0
LINE
8
BLACK
6
CONTINUOUS
10
2.4228271653543305
20
-3.5187637795275588
11
2.4228271653543305
21
-3.5286062992125982
0
LINE
8
BLACK
6
CONTINUOUS
10
2.4228271653543305
20
-3.5089212598425195
11
2.3657405511811023
21
-3.5089212598425195
0
LINE
8
BLACK
6
CONTINUOUS
10
2.3657405511811023
20
-3.5089212598425195
11
2.3657405511811023
21
-3.4990787401574801
0
LINE
8
BLACK
6
CONTINUOUS
10
2.3657405511811023
20
-3.4990787401574801
11
2.4228271653543305
21
-3.4990787401574801
0
LINE
8
BLACK
6
CONTINUOUS
10
2.4228271653543305
20
-3.4990787401574801
11
2.4228271653543305
21
-3.5089212598425195
0
LINE
8
BLACK
6
CONTINUOUS
10
2.4228271653543305
20
-3.4892362204724408
11
2.3657405511811023
21
-3.4892362204724408
0
LINE
8
BLACK
6
CONTINUOUS
10
2.3657405511811023
20
-3.4892362204724408
11
2.3657405511811023
21
-3.4793937007874014
0
LINE
8
BLACK
6
CONTINUOUS
10
2.3657405511811023
20
-3.4793937007874014
11
2.4228271653543305
21
-3.4793937007874014
0
LINE
8
BLACK
6
CONTINUOUS
10
2.4228271653543305
20
-3.4793937007874014
11
2.4228271653543305
21
-3.4892362204724408
0
LINE
8
BLACK
6
CONTINUOUS
10
3.1698803937007871
20
-3.4465216929133859
11
3.1726744094488186
21
-3.4483885826771652
0
LINE
8
BLACK
6
CONTINUOUS
10
3.1726744094488186
20
-3.4483885826771652
11
3.1745412992125983
21
-3.4511825984251967
0
LINE
8
BLACK
6
CONTINUOUS
10
3.1745412992125983
20
-3.4511825984251967
11
3.1751968503937009
21
-3.454478346456693
0
LINE
8
BLACK
6
CONTINUOUS
10
3.1751968503937009
20
-3.454478346456693
11
3.1751968503937009
21
-3.4746555118110236
0
LINE
8
BLACK
6
CONTINUOUS
10
3.1751968503937009
20
-3.4746555118110236
11
3.1745412992125983
21
-3.4779512598425195
0
LINE
8
BLACK
6
CONTINUOUS
10
3.1745412992125983
20
-3.4779512598425195
11
3.1726744094488186
21
-3.480745275590551
0
LINE
8
BLACK
6
CONTINUOUS
10
3.1726744094488186
20
-3.480745275590551
11
3.1698803937007871
21
-3.4826121653543307
0
LINE
8
BLACK
6
CONTINUOUS
10
3.1698803937007871
20
-3.4826121653543307
11
3.1665846456692912
21
-3.4832677165354329
0
LINE
8
BLACK
6
CONTINUOUS
10
3.1665846456692912
20
-3.4832677165354329
11
3.1493602362204722
21
-3.4832677165354329
0
LINE
8
BLACK
6
CONTINUOUS
10
3.1493602362204722
20
-3.4832677165354329
11
3.1460644881889763
21
-3.4826121653543307
0
LINE
8
BLACK
6
CONTINUOUS
10
3.1460644881889763
20
-3.4826121653543307
11
3.1432704724409448
21
-3.480745275590551
0
LINE
8
BLACK
6
CONTINUOUS
10
3.1432704724409448
20
-3.480745275590551
11
3.1414035826771651
21
-3.4779512598425195
0
LINE
8
BLACK
6
CONTINUOUS
10
3.1414035826771651
20
-3.4779512598425195
11
3.140748031496063
21
-3.4746555118110236
0
LINE
8
BLACK
6
CONTINUOUS
10
3.140748031496063
20
-3.4746555118110236
11
3.140748031496063
21
-3.454478346456693
0
LINE
8
BLACK
6
CONTINUOUS
10
3.140748031496063
20
-3.454478346456693
11
3.1414035826771651
21
-3.4511825984251967
0
LINE
8
BLACK
6
CONTINUOUS
10
3.1414035826771651
20
-3.4511825984251967
11
3.1432704724409448
21
-3.4483885826771652
0
LINE
8
BLACK
6
CONTINUOUS
10
3.1432704724409448
20
-3.4483885826771652
11
3.1460644881889763
21
-3.4465216929133859
0
LINE
8
BLACK
6
CONTINUOUS
10
3.1460644881889763
20
-3.4465216929133859
11
3.1493602362204722
21
-3.4458661417322833
0
LINE
8
BLACK
6
CONTINUOUS
10
3.1493602362204722
20
-3.4458661417322833
11
3.1665846456692912
21
-3.4458661417322833
0
LINE
8
BLACK
6
CONTINUOUS
10
3.1665846456692912
20
-3.4458661417322833
11
3.1698803937007871
21
-3.4465216929133859
0
LINE
8
BLACK
6
CONTINUOUS
10
3.2318882677165353
20
-3.4465216929133859
11
3.2346822834645668
21
-3.4483885826771652
0
LINE
8
BLACK
6
CONTINUOUS
10
3.2346822834645668
20
-3.4483885826771652
11
3.2365491732283465
21
-3.4511825984251967
0
LINE
8
BLACK
6
CONTINUOUS
10
3.2365491732283465
20
-3.4511825984251967
11
3.2372047244094486
21
-3.454478346456693
0
LINE
8
BLACK
6
CONTINUOUS
10
3.2372047244094486
20
-3.454478346456693
11
3.2372047244094486
21
-3.4746555118110236
0
LINE
8
BLACK
6
CONTINUOUS
10
3.2372047244094486
20
-3.4746555118110236
11
3.2365491732283465
21
-3.4779512598425195
0
LINE
8
BLACK
6
CONTINUOUS
10
3.2365491732283465
20
-3.4779512598425195
11
3.2346822834645668
21
-3.480745275590551
0
LINE
8
BLACK
6
CONTINUOUS
10
3.2346822834645668
20
-3.480745275590551
11
3.2318882677165353
21
-3.4826121653543307
0
LINE
8
BLACK
6
CONTINUOUS
10
3.2318882677165353
20
-3.4826121653543307
11
3.2285925196850394
21
-3.4832677165354329
0
LINE
8
BLACK
6
CONTINUOUS
10
3.2285925196850394
20
-3.4832677165354329
11
3.2113681102362204
21
-3.4832677165354329
0
LINE
8
BLACK
6
CONTINUOUS
10
3.2113681102362204
20
-3.4832677165354329
11
3.2080723622047245
21
-3.4826121653543307
0
LINE
8
BLACK
6
CONTINUOUS
10
3.2080723622047245
20
-3.4826121653543307
11
3.205278346456693
21
-3.480745275590551
0
LINE
8
BLACK
6
CONTINUOUS
10
3.205278346456693
20
-3.480745275590551
11
3.2034114566929133
21
-3.4779512598425195
0
LINE
8
BLACK
6
CONTINUOUS
10
3.2034114566929133
20
-3.4779512598425195
11
3.2027559055118111
21
-3.4746555118110236
0
LINE
8
BLACK
6
CONTINUOUS
10
3.2027559055118111
20
-3.4746555118110236
11
3.2027559055118111
21
-3.454478346456693
0
LINE
8
BLACK
6
CONTINUOUS
10
3.2027559055118111
20
-3.454478346456693
11
3.2034114566929133
21
-3.4511825984251967
0
LINE
8
BLACK
6
CONTINUOUS
10
3.2034114566929133
20
-3.4511825984251967
11
3.205278346456693
21
-3.4483885826771652
0
LINE
8
BLACK
6
CONTINUOUS
10
3.205278346456693
20
-3.4483885826771652
11
3.2080723622047245
21
-3.4465216929133859
0
LINE
8
BLACK
6
CONTINUOUS
10
3.2080723622047245
20
-3.4465216929133859
11
3.2113681102362204
21
-3.4458661417322833
0
LINE
8
BLACK
6
CONTINUOUS
10
3.2113681102362204
20
-3.4458661417322833
11
3.2285925196850394
21
-3.4458661417322833
0
LINE
8
BLACK
6
CONTINUOUS
10
3.2285925196850394
20
-3.4458661417322833
11
3.2318882677165353
21
-3.4465216929133859
0
LINE
8
BLACK
6
CONTINUOUS
10
3.7801166141732283
20
-3.4465216929133859
11
3.7829106299212598
21
-3.4483885826771652
0
LINE
8
BLACK
6
CONTINUOUS
10
3.7829106299212598
20
-3.4483885826771652
11
3.7847775196850395
21
-3.4511825984251967
0
LINE
8
BLACK
6
CONTINUOUS
10
3.7847775196850395
20
-3.4511825984251967
11
3.7854330708661417
21
-3.454478346456693
0
LINE
8
BLACK
6
CONTINUOUS
10
3.7854330708661417
20
-3.454478346456693
11
3.7854330708661417
21
-3.4746555118110236
0
LINE
8
BLACK
6
CONTINUOUS
10
3.7854330708661417
20
-3.4746555118110236
11
3.7847775196850395
21
-3.4779512598425195
0
LINE
8
BLACK
6
CONTINUOUS
10
3.7847775196850395
20
-3.4779512598425195
11
3.7829106299212598
21
-3.480745275590551
0
LINE
8
BLACK
6
CONTINUOUS
10
3.7829106299212598
20
-3.480745275590551
11
3.7801166141732283
21
-3.4826121653543307
0
LINE
8
BLACK
6
CONTINUOUS
10
3.7801166141732283
20
-3.4826121653543307
11
3.7768208661417324
21
-3.4832677165354329
0
LINE
8
BLACK
6
CONTINUOUS
10
3.7768208661417324
20
-3.4832677165354329
11
3.7595964566929134
21
-3.4832677165354329
0
LINE
8
BLACK
6
CONTINUOUS
10
3.7595964566929134
20
-3.4832677165354329
11
3.7563007086614171
21
-3.4826121653543307
0
LINE
8
BLACK
6
CONTINUOUS
10
3.7563007086614171
20
-3.4826121653543307
11
3.7535066929133856
21
-3.480745275590551
0
LINE
8
BLACK
6
CONTINUOUS
10
3.7535066929133856
20
-3.480745275590551
11
3.7516398031496063
21
-3.4779512598425195
0
LINE
8
BLACK
6
CONTINUOUS
10
3.7516398031496063
20
-3.4779512598425195
11
3.7509842519685037
21
-3.4746555118110236
0
LINE
8
BLACK
6
CONTINUOUS
10
3.7509842519685037
20
-3.4746555118110236
11
3.7509842519685037
21
-3.454478346456693
0
LINE
8
BLACK
6
CONTINUOUS
10
3.7509842519685037
20
-3.454478346456693
11
3.7516398031496063
21
-3.4511825984251967
0
LINE
8
BLACK
6
CONTINUOUS
10
3.7516398031496063
20
-3.4511825984251967
11
3.7535066929133856
21
-3.4483885826771652
0
LINE
8
BLACK
6
CONTINUOUS
10
3.7535066929133856
20
-3.4483885826771652
11
3.7563007086614171
21
-3.4465216929133859
0
LINE
8
BLACK
6
CONTINUOUS
10
3.7563007086614171
20
-3.4465216929133859
11
3.7595964566929134
21
-3.4458661417322833
0
LINE
8
BLACK
6
CONTINUOUS
10
3.7595964566929134
20
-3.4458661417322833
11
3.7768208661417324
21
-3.4458661417322833
0
LINE
8
BLACK
6
CONTINUOUS
10
3.7768208661417324
20
-3.4458661417322833
11
3.7801166141732283
21
-3.4465216929133859
0
LINE
8
BLACK
6
CONTINUOUS
10
3.8421244881889764
20
-3.4465216929133859
11
3.844918503937008
21
-3.4483885826771652
0
LINE
8
BLACK
6
CONTINUOUS
10
3.844918503937008
20
-3.4483885826771652
11
3.8467853937007872
21
-3.4511825984251967
0
LINE
8
BLACK
6
CONTINUOUS
10
3.8467853937007872
20
-3.4511825984251967
11
3.8474409448818898
21
-3.454478346456693
0
LINE
8
BLACK
6
CONTINUOUS
10
3.8474409448818898
20
-3.454478346456693
11
3.8474409448818898
21
-3.4746555118110236
0
LINE
8
BLACK
6
CONTINUOUS
10
3.8474409448818898
20
-3.4746555118110236
11
3.8467853937007872
21
-3.4779512598425195
0
LINE
8
BLACK
6
CONTINUOUS
10
3.8467853937007872
20
-3.4779512598425195
11
3.844918503937008
21
-3.480745275590551
0
LINE
8
BLACK
6
CONTINUOUS
10
3.844918503937008
20
-3.480745275590551
11
3.8421244881889764
21
-3.4826121653543307
0
LINE
8
BLACK
6
CONTINUOUS
10
3.8421244881889764
20
-3.4826121653543307
11
3.8388287401574801
21
-3.4832677165354329
0
LINE
8
BLACK
6
CONTINUOUS
10
3.8388287401574801
20
-3.4832677165354329
11
3.8216043307086611
21
-3.4832677165354329
0
LINE
8
BLACK
6
CONTINUOUS
10
3.8216043307086611
20
-3.4832677165354329
11
3.8183085826771652
21
-3.4826121653543307
0
LINE
8
BLACK
6
CONTINUOUS
10
3.8183085826771652
20
-3.4826121653543307
11
3.8155145669291337
21
-3.480745275590551
0
LINE
8
BLACK
6
CONTINUOUS
10
3.8155145669291337
20
-3.480745275590551
11
3.8136476771653545
21
-3.4779512598425195
0
LINE
8
BLACK
6
CONTINUOUS
10
3.8136476771653545
20
-3.4779512598425195
11
3.8129921259842519
21
-3.4746555118110236
0
LINE
8
BLACK
6
CONTINUOUS
10
3.8129921259842519
20
-3.4746555118110236
11
3.8129921259842519
21
-3.454478346456693
0
LINE
8
BLACK
6
CONTINUOUS
10
3.8129921259842519
20
-3.454478346456693
11
3.8136476771653545
21
-3.4511825984251967
0
LINE
8
BLACK
6
CONTINUOUS
10
3.8136476771653545
20
-3.4511825984251967
11
3.8155145669291337
21
-3.4483885826771652
0
LINE
8
BLACK
6
CONTINUOUS
10
3.8155145669291337
20
-3.4483885826771652
11
3.8183085826771652
21
-3.4465216929133859
0
LINE
8
BLACK
6
CONTINUOUS
10
3.8183085826771652
20
-3.4465216929133859
11
3.8216043307086611
21
-3.4458661417322833
0
LINE
8
BLACK
6
CONTINUOUS
10
3.8216043307086611
20
-3.4458661417322833
11
3.8388287401574801
21
-3.4458661417322833
0
LINE
8
BLACK
6
CONTINUOUS
10
3.8388287401574801
20
-3.4458661417322833
11
3.8421244881889764
21
-3.4465216929133859
0
LINE
8
BLACK
6
CONTINUOUS
10
3.3322819685039371
20
-3.4396319291338582
11
3.3350759842519686
21
-3.4414988188976379
0
LINE
8
BLACK
6
CONTINUOUS
10
3.3350759842519686
20
-3.4414988188976379
11
3.3369428740157479
21
-3.4442928346456694
0
LINE
8
BLACK
6
CONTINUOUS
10
3.3369428740157479
20
-3.4442928346456694
11
3.3375984251968505
21
-3.4475885826771653
0
LINE
8
BLACK
6
CONTINUOUS
10
3.3375984251968505
20
-3.4475885826771653
11
3.3375984251968505
21
-3.4648129921259843
0
LINE
8
BLACK
6
CONTINUOUS
10
3.3375984251968505
20
-3.4648129921259843
11
3.3369428740157479
21
-3.4681087401574802
0
LINE
8
BLACK
6
CONTINUOUS
10
3.3369428740157479
20
-3.4681087401574802
11
3.3350759842519686
21
-3.4709027559055117
0
LINE
8
BLACK
6
CONTINUOUS
10
3.3350759842519686
20
-3.4709027559055117
11
3.3322819685039371
21
-3.4727696456692914
0
LINE
8
BLACK
6
CONTINUOUS
10
3.3322819685039371
20
-3.4727696456692914
11
3.3289862204724407
21
-3.4734251968503935
0
LINE
8
BLACK
6
CONTINUOUS
10
3.3289862204724407
20
-3.4734251968503935
11
3.3088090551181102
21
-3.4734251968503935
0
LINE
8
BLACK
6
CONTINUOUS
10
3.3088090551181102
20
-3.4734251968503935
11
3.3055133070866143
21
-3.4727696456692914
0
LINE
8
BLACK
6
CONTINUOUS
10
3.3055133070866143
20
-3.4727696456692914
11
3.3027192913385828
21
-3.4709027559055117
0
LINE
8
BLACK
6
CONTINUOUS
10
3.3027192913385828
20
-3.4709027559055117
11
3.3008524015748031
21
-3.4681087401574802
0
LINE
8
BLACK
6
CONTINUOUS
10
3.3008524015748031
20
-3.4681087401574802
11
3.3001968503937009
21
-3.4648129921259843
0
LINE
8
BLACK
6
CONTINUOUS
10
3.3001968503937009
20
-3.4648129921259843
11
3.3001968503937009
21
-3.4475885826771653
0
LINE
8
BLACK
6
CONTINUOUS
10
3.3001968503937009
20
-3.4475885826771653
11
3.3008524015748031
21
-3.4442928346456694
0
LINE
8
BLACK
6
CONTINUOUS
10
3.3008524015748031
20
-3.4442928346456694
11
3.3027192913385828
21
-3.4414988188976379
0
LINE
8
BLACK
6
CONTINUOUS
10
3.3027192913385828
20
-3.4414988188976379
11
3.3055133070866143
21
-3.4396319291338582
0
LINE
8
BLACK
6
CONTINUOUS
10
3.3055133070866143
20
-3.4396319291338582
11
3.3088090551181102
21
-3.438976377952756
0
LINE
8
BLACK
6
CONTINUOUS
10
3.3088090551181102
20
-3.438976377952756
11
3.3289862204724407
21
-3.438976377952756
0
LINE
8
BLACK
6
CONTINUOUS
10
3.3289862204724407
20
-3.438976377952756
11
3.3322819685039371
21
-3.4396319291338582
0
LINE
8
BLACK
6
CONTINUOUS
10
3.3992111023622047
20
-3.4396319291338582
11
3.4020051181102362
21
-3.4414988188976379
0
LINE
8
BLACK
6
CONTINUOUS
10
3.4020051181102362
20
-3.4414988188976379
11
3.4038720078740159
21
-3.4442928346456694
0
LINE
8
BLACK
6
CONTINUOUS
10
3.4038720078740159
20
-3.4442928346456694
11
3.4045275590551181
21
-3.4475885826771653
0
LINE
8
BLACK
6
CONTINUOUS
10
3.4045275590551181
20
-3.4475885826771653
11
3.4045275590551181
21
-3.4648129921259843
0
LINE
8
BLACK
6
CONTINUOUS
10
3.4045275590551181
20
-3.4648129921259843
11
3.4038720078740159
21
-3.4681087401574802
0
LINE
8
BLACK
6
CONTINUOUS
10
3.4038720078740159
20
-3.4681087401574802
11
3.4020051181102362
21
-3.4709027559055117
0
LINE
8
BLACK
6
CONTINUOUS
10
3.4020051181102362
20
-3.4709027559055117
11
3.3992111023622047
21
-3.4727696456692914
0
LINE
8
BLACK
6
CONTINUOUS
10
3.3992111023622047
20
-3.4727696456692914
11
3.3959153543307088
21
-3.4734251968503935
0
LINE
8
BLACK
6
CONTINUOUS
10
3.3959153543307088
20
-3.4734251968503935
11
3.3757381889763778
21
-3.4734251968503935
0
LINE
8
BLACK
6
CONTINUOUS
10
3.3757381889763778
20
-3.4734251968503935
11
3.3724424409448819
21
-3.4727696456692914
0
LINE
8
BLACK
6
CONTINUOUS
10
3.3724424409448819
20
-3.4727696456692914
11
3.3696484251968504
21
-3.4709027559055117
0
LINE
8
BLACK
6
CONTINUOUS
10
3.3696484251968504
20
-3.4709027559055117
11
3.3677815354330707
21
-3.4681087401574802
0
LINE
8
BLACK
6
CONTINUOUS
10
3.3677815354330707
20
-3.4681087401574802
11
3.3671259842519685
21
-3.4648129921259843
0
LINE
8
BLACK
6
CONTINUOUS
10
3.3671259842519685
20
-3.4648129921259843
11
3.3671259842519685
21
-3.4475885826771653
0
LINE
8
BLACK
6
CONTINUOUS
10
3.3671259842519685
20
-3.4475885826771653
11
3.3677815354330707
21
-3.4442928346456694
0
LINE
8
BLACK
6
CONTINUOUS
10
3.3677815354330707
20
-3.4442928346456694
11
3.3696484251968504
21
-3.4414988188976379
0
LINE
8
BLACK
6
CONTINUOUS
10
3.3696484251968504
20
-3.4414988188976379
11
3.3724424409448819
21
-3.4396319291338582
0
LINE
8
BLACK
6
CONTINUOUS
10
3.3724424409448819
20
-3.4396319291338582
11
3.3757381889763778
21
-3.438976377952756
0
LINE
8
BLACK
6
CONTINUOUS
10
3.3757381889763778
20
-3.438976377952756
11
3.3959153543307088
21
-3.438976377952756
0
LINE
8
BLACK
6
CONTINUOUS
10
3.3959153543307088
20
-3.438976377952756
11
3.3992111023622047
21
-3.4396319291338582
0
LINE
8
BLACK
6
CONTINUOUS
10
3.470077244094488
20
-3.4396319291338582
11
3.4728712598425195
21
-3.4414988188976379
0
LINE
8
BLACK
6
CONTINUOUS
10
3.4728712598425195
20
-3.4414988188976379
11
3.4747381496062992
21
-3.4442928346456694
0
LINE
8
BLACK
6
CONTINUOUS
10
3.4747381496062992
20
-3.4442928346456694
11
3.4753937007874014
21
-3.4475885826771653
0
LINE
8
BLACK
6
CONTINUOUS
10
3.4753937007874014
20
-3.4475885826771653
11
3.4753937007874014
21
-3.4648129921259843
0
LINE
8
BLACK
6
CONTINUOUS
10
3.4753937007874014
20
-3.4648129921259843
11
3.4747381496062992
21
-3.4681087401574802
0
LINE
8
BLACK
6
CONTINUOUS
10
3.4747381496062992
20
-3.4681087401574802
11
3.4728712598425195
21
-3.4709027559055117
0
LINE
8
BLACK
6
CONTINUOUS
10
3.4728712598425195
20
-3.4709027559055117
11
3.470077244094488
21
-3.4727696456692914
0
LINE
8
BLACK
6
CONTINUOUS
10
3.470077244094488
20
-3.4727696456692914
11
3.4667814960629921
21
-3.4734251968503935
0
LINE
8
BLACK
6
CONTINUOUS
10
3.4667814960629921
20
-3.4734251968503935
11
3.4466043307086611
21
-3.4734251968503935
0
LINE
8
BLACK
6
CONTINUOUS
10
3.4466043307086611
20
-3.4734251968503935
11
3.4433085826771652
21
-3.4727696456692914
0
LINE
8
BLACK
6
CONTINUOUS
10
3.4433085826771652
20
-3.4727696456692914
11
3.4405145669291337
21
-3.4709027559055117
0
LINE
8
BLACK
6
CONTINUOUS
10
3.4405145669291337
20
-3.4709027559055117
11
3.4386476771653545
21
-3.4681087401574802
0
LINE
8
BLACK
6
CONTINUOUS
10
3.4386476771653545
20
-3.4681087401574802
11
3.4379921259842519
21
-3.4648129921259843
0
LINE
8
BLACK
6
CONTINUOUS
10
3.4379921259842519
20
-3.4648129921259843
11
3.4379921259842519
21
-3.4475885826771653
0
LINE
8
BLACK
6
CONTINUOUS
10
3.4379921259842519
20
-3.4475885826771653
11
3.4386476771653545
21
-3.4442928346456694
0
LINE
8
BLACK
6
CONTINUOUS
10
3.4386476771653545
20
-3.4442928346456694
11
3.4405145669291337
21
-3.4414988188976379
0
LINE
8
BLACK
6
CONTINUOUS
10
3.4405145669291337
20
-3.4414988188976379
11
3.4433085826771652
21
-3.4396319291338582
0
LINE
8
BLACK
6
CONTINUOUS
10
3.4433085826771652
20
-3.4396319291338582
11
3.4466043307086611
21
-3.438976377952756
0
LINE
8
BLACK
6
CONTINUOUS
10
3.4466043307086611
20
-3.438976377952756
11
3.4667814960629921
21
-3.438976377952756
0
LINE
8
BLACK
6
CONTINUOUS
10
3.4667814960629921
20
-3.438976377952756
11
3.470077244094488
21
-3.4396319291338582
0
LINE
8
BLACK
6
CONTINUOUS
10
3.5488174015748029
20
-3.4396319291338582
11
3.5516114173228344
21
-3.4414988188976379
0
LINE
8
BLACK
6
CONTINUOUS
10
3.5516114173228344
20
-3.4414988188976379
11
3.5534783070866141
21
-3.4442928346456694
0
LINE
8
BLACK
6
CONTINUOUS
10
3.5534783070866141
20
-3.4442928346456694
11
3.5541338582677167
21
-3.4475885826771653
0
LINE
8
BLACK
6
CONTINUOUS
10
3.5541338582677167
20
-3.4475885826771653
11
3.5541338582677167
21
-3.4648129921259843
0
LINE
8
BLACK
6
CONTINUOUS
10
3.5541338582677167
20
-3.4648129921259843
11
3.5534783070866141
21
-3.4681087401574802
0
LINE
8
BLACK
6
CONTINUOUS
10
3.5534783070866141
20
-3.4681087401574802
11
3.5516114173228344
21
-3.4709027559055117
0
LINE
8
BLACK
6
CONTINUOUS
10
3.5516114173228344
20
-3.4709027559055117
11
3.5488174015748029
21
-3.4727696456692914
0
LINE
8
BLACK
6
CONTINUOUS
10
3.5488174015748029
20
-3.4727696456692914
11
3.545521653543307
21
-3.4734251968503935
0
LINE
8
BLACK
6
CONTINUOUS
10
3.545521653543307
20
-3.4734251968503935
11
3.5253444881889764
21
-3.4734251968503935
0
LINE
8
BLACK
6
CONTINUOUS
10
3.5253444881889764
20
-3.4734251968503935
11
3.52204874015748
21
-3.4727696456692914
0
LINE
8
BLACK
6
CONTINUOUS
10
3.52204874015748
20
-3.4727696456692914
11
3.5192547244094485
21
-3.4709027559055117
0
LINE
8
BLACK
6
CONTINUOUS
10
3.5192547244094485
20
-3.4709027559055117
11
3.5173878346456693
21
-3.4681087401574802
0
LINE
8
BLACK
6
CONTINUOUS
10
3.5173878346456693
20
-3.4681087401574802
11
3.5167322834645667
21
-3.4648129921259843
0
LINE
8
BLACK
6
CONTINUOUS
10
3.5167322834645667
20
-3.4648129921259843
11
3.5167322834645667
21
-3.4475885826771653
0
LINE
8
BLACK
6
CONTINUOUS
10
3.5167322834645667
20
-3.4475885826771653
11
3.5173878346456693
21
-3.4442928346456694
0
LINE
8
BLACK
6
CONTINUOUS
10
3.5173878346456693
20
-3.4442928346456694
11
3.5192547244094485
21
-3.4414988188976379
0
LINE
8
BLACK
6
CONTINUOUS
10
3.5192547244094485
20
-3.4414988188976379
11
3.52204874015748
21
-3.4396319291338582
0
LINE
8
BLACK
6
CONTINUOUS
10
3.52204874015748
20
-3.4396319291338582
11
3.5253444881889764
21
-3.438976377952756
0
LINE
8
BLACK
6
CONTINUOUS
10
3.5253444881889764
20
-3.438976377952756
11
3.545521653543307
21
-3.438976377952756
0
LINE
8
BLACK
6
CONTINUOUS
10
3.545521653543307
20
-3.438976377952756
11
3.5488174015748029
21
-3.4396319291338582
0
LINE
8
BLACK
6
CONTINUOUS
10
2.4228271653543305
20
-3.4685669291338583
11
2.3657405511811023
21
-3.4685669291338583
0
LINE
8
BLACK
6
CONTINUOUS
10
2.3657405511811023
20
-3.4685669291338583
11
2.3657405511811023
21
-3.4567559055118111
0
LINE
8
BLACK
6
CONTINUOUS
10
2.3657405511811023
20
-3.4567559055118111
11
2.3657405511811023
21
-3.4449448818897639
0
LINE
8
BLACK
6
CONTINUOUS
10
2.3657405511811023
20
-3.4449448818897639
11
2.4228271653543305
21
-3.4449448818897639
0
LINE
8
BLACK
6
CONTINUOUS
10
2.4228271653543305
20
-3.4449448818897639
11
2.4228271653543305
21
-3.4567559055118111
0
LINE
8
BLACK
6
CONTINUOUS
10
2.4228271653543305
20
-3.4567559055118111
11
2.4228271653543305
21
-3.4685669291338583
0
LINE
8
BLACK
6
CONTINUOUS
10
2.5724394488188977
20
-3.4101673622047244
11
2.5752334645669293
21
-3.4120342519685041
0
LINE
8
BLACK
6
CONTINUOUS
10
2.5752334645669293
20
-3.4120342519685041
11
2.5771003543307085
21
-3.4148282677165351
0
LINE
8
BLACK
6
CONTINUOUS
10
2.5771003543307085
20
-3.4148282677165351
11
2.5777559055118111
21
-3.4181240157480315
0
LINE
8
BLACK
6
CONTINUOUS
10
2.5777559055118111
20
-3.4181240157480315
11
2.5777559055118111
21
-3.4353484251968505
0
LINE
8
BLACK
6
CONTINUOUS
10
2.5777559055118111
20
-3.4353484251968505
11
2.5771003543307085
21
-3.4386441732283464
0
LINE
8
BLACK
6
CONTINUOUS
10
2.5771003543307085
20
-3.4386441732283464
11
2.5752334645669293
21
-3.4414381889763779
0
LINE
8
BLACK
6
CONTINUOUS
10
2.5752334645669293
20
-3.4414381889763779
11
2.5724394488188977
21
-3.4433050787401576
0
LINE
8
BLACK
6
CONTINUOUS
10
2.5724394488188977
20
-3.4433050787401576
11
2.5691437007874014
21
-3.4439606299212597
0
LINE
8
BLACK
6
CONTINUOUS
10
2.5691437007874014
20
-3.4439606299212597
11
2.5489665354330708
21
-3.4439606299212597
0
LINE
8
BLACK
6
CONTINUOUS
10
2.5489665354330708
20
-3.4439606299212597
11
2.5456707874015749
21
-3.4433050787401576
0
LINE
8
BLACK
6
CONTINUOUS
10
2.5456707874015749
20
-3.4433050787401576
11
2.5428767716535434
21
-3.4414381889763779
0
LINE
8
BLACK
6
CONTINUOUS
10
2.5428767716535434
20
-3.4414381889763779
11
2.5410098818897637
21
-3.4386441732283464
0
LINE
8
BLACK
6
CONTINUOUS
10
2.5410098818897637
20
-3.4386441732283464
11
2.5403543307086616
21
-3.4353484251968505
0
LINE
8
BLACK
6
CONTINUOUS
10
2.5403543307086616
20
-3.4353484251968505
11
2.5403543307086616
21
-3.4181240157480315
0
LINE
8
BLACK
6
CONTINUOUS
10
2.5403543307086616
20
-3.4181240157480315
11
2.5410098818897637
21
-3.4148282677165351
0
LINE
8
BLACK
6
CONTINUOUS
10
2.5410098818897637
20
-3.4148282677165351
11
2.5428767716535434
21
-3.4120342519685041
0
LINE
8
BLACK
6
CONTINUOUS
10
2.5428767716535434
20
-3.4120342519685041
11
2.5456707874015749
21
-3.4101673622047244
0
LINE
8
BLACK
6
CONTINUOUS
10
2.5456707874015749
20
-3.4101673622047244
11
2.5489665354330708
21
-3.4095118110236218
0
LINE
8
BLACK
6
CONTINUOUS
10
2.5489665354330708
20
-3.4095118110236218
11
2.5691437007874014
21
-3.4095118110236218
0
LINE
8
BLACK
6
CONTINUOUS
10
2.5691437007874014
20
-3.4095118110236218
11
2.5724394488188977
21
-3.4101673622047244
0
LINE
8
BLACK
6
CONTINUOUS
10
2.4228271653543305
20
-3.4370708661417324
11
2.3657405511811023
21
-3.4370708661417324
0
LINE
8
BLACK
6
CONTINUOUS
10
2.3657405511811023
20
-3.4370708661417324
11
2.3657405511811023
21
-3.4252598425196852
0
LINE
8
BLACK
6
CONTINUOUS
10
2.3657405511811023
20
-3.4252598425196852
11
2.3657405511811023
21
-3.4134488188976375
0
LINE
8
BLACK
6
CONTINUOUS
10
2.3657405511811023
20
-3.4134488188976375
11
2.4228271653543305
21
-3.4134488188976375
0
LINE
8
BLACK
6
CONTINUOUS
10
2.4228271653543305
20
-3.4134488188976375
11
2.4228271653543305
21
-3.4252598425196852
0
LINE
8
BLACK
6
CONTINUOUS
10
2.4228271653543305
20
-3.4252598425196852
11
2.4228271653543305
21
-3.4370708661417324
0
LINE
8
BLACK
6
CONTINUOUS
10
3.7755720078740156
20
-3.3589981889763778
11
3.7786853149606299
21
-3.3610784645669289
0
LINE
8
BLACK
6
CONTINUOUS
10
3.7786853149606299
20
-3.3610784645669289
11
3.780765590551181
21
-3.3641917716535432
0
LINE
8
BLACK
6
CONTINUOUS
10
3.780765590551181
20
-3.3641917716535432
11
3.7814960629921259
21
-3.3678641732283463
0
LINE
8
BLACK
6
CONTINUOUS
10
3.7814960629921259
20
-3.3678641732283463
11
3.7814960629921259
21
-3.4037893700787403
0
LINE
8
BLACK
6
CONTINUOUS
10
3.7814960629921259
20
-3.4037893700787403
11
3.780765590551181
21
-3.4074617716535434
0
LINE
8
BLACK
6
CONTINUOUS
10
3.780765590551181
20
-3.4074617716535434
11
3.7786853149606299
21
-3.4105750787401572
0
LINE
8
BLACK
6
CONTINUOUS
10
3.7786853149606299
20
-3.4105750787401572
11
3.7755720078740156
21
-3.4126553543307088
0
LINE
8
BLACK
6
CONTINUOUS
10
3.7755720078740156
20
-3.4126553543307088
11
3.7718996062992125
21
-3.4133858267716533
0
LINE
8
BLACK
6
CONTINUOUS
10
3.7718996062992125
20
-3.4133858267716533
11
3.7527066929133857
21
-3.4133858267716533
0
LINE
8
BLACK
6
CONTINUOUS
10
3.7527066929133857
20
-3.4133858267716533
11
3.7490342913385826
21
-3.4126553543307088
0
LINE
8
BLACK
6
CONTINUOUS
10
3.7490342913385826
20
-3.4126553543307088
11
3.7459209842519683
21
-3.4105750787401572
0
LINE
8
BLACK
6
CONTINUOUS
10
3.7459209842519683
20
-3.4105750787401572
11
3.7438407086614172
21
-3.4074617716535434
0
LINE
8
BLACK
6
CONTINUOUS
10
3.7438407086614172
20
-3.4074617716535434
11
3.7431102362204722
21
-3.4037893700787403
0
LINE
8
BLACK
6
CONTINUOUS
10
3.7431102362204722
20
-3.4037893700787403
11
3.7431102362204722
21
-3.3678641732283463
0
LINE
8
BLACK
6
CONTINUOUS
10
3.7431102362204722
20
-3.3678641732283463
11
3.7438407086614172
21
-3.3641917716535432
0
LINE
8
BLACK
6
CONTINUOUS
10
3.7438407086614172
20
-3.3641917716535432
11
3.7459209842519683
21
-3.3610784645669289
0
LINE
8
BLACK
6
CONTINUOUS
10
3.7459209842519683
20
-3.3610784645669289
11
3.7490342913385826
21
-3.3589981889763778
0
LINE
8
BLACK
6
CONTINUOUS
10
3.7490342913385826
20
-3.3589981889763778
11
3.7527066929133857
21
-3.3582677165354329
0
LINE
8
BLACK
6
CONTINUOUS
10
3.7527066929133857
20
-3.3582677165354329
11
3.7718996062992125
21
-3.3582677165354329
0
LINE
8
BLACK
6
CONTINUOUS
10
3.7718996062992125
20
-3.3582677165354329
11
3.7755720078740156
21
-3.3589981889763778
0
LINE
8
BLACK
6
CONTINUOUS
10
3.849390905511811
20
-3.3589981889763778
11
3.8525042125984252
21
-3.3610784645669289
0
LINE
8
BLACK
6
CONTINUOUS
10
3.8525042125984252
20
-3.3610784645669289
11
3.8545844881889764
21
-3.3641917716535432
0
LINE
8
BLACK
6
CONTINUOUS
10
3.8545844881889764
20
-3.3641917716535432
11
3.8553149606299213
21
-3.3678641732283463
0
LINE
8
BLACK
6
CONTINUOUS
10
3.8553149606299213
20
-3.3678641732283463
11
3.8553149606299213
21
-3.4037893700787403
0
LINE
8
BLACK
6
CONTINUOUS
10
3.8553149606299213
20
-3.4037893700787403
11
3.8545844881889764
21
-3.4074617716535434
0
LINE
8
BLACK
6
CONTINUOUS
10
3.8545844881889764
20
-3.4074617716535434
11
3.8525042125984252
21
-3.4105750787401572
0
LINE
8
BLACK
6
CONTINUOUS
10
3.8525042125984252
20
-3.4105750787401572
11
3.849390905511811
21
-3.4126553543307088
0
LINE
8
BLACK
6
CONTINUOUS
10
3.849390905511811
20
-3.4126553543307088
11
3.8457185039370079
21
-3.4133858267716533
0
LINE
8
BLACK
6
CONTINUOUS
10
3.8457185039370079
20
-3.4133858267716533
11
3.826525590551181
21
-3.4133858267716533
0
LINE
8
BLACK
6
CONTINUOUS
10
3.826525590551181
20
-3.4133858267716533
11
3.8228531889763779
21
-3.4126553543307088
0
LINE
8
BLACK
6
CONTINUOUS
10
3.8228531889763779
20
-3.4126553543307088
11
3.8197398818897637
21
-3.4105750787401572
0
LINE
8
BLACK
6
CONTINUOUS
10
3.8197398818897637
20
-3.4105750787401572
11
3.8176596062992125
21
-3.4074617716535434
0
LINE
8
BLACK
6
CONTINUOUS
10
3.8176596062992125
20
-3.4074617716535434
11
3.8169291338582676
21
-3.4037893700787403
0
LINE
8
BLACK
6
CONTINUOUS
10
3.8169291338582676
20
-3.4037893700787403
11
3.8169291338582676
21
-3.3678641732283463
0
LINE
8
BLACK
6
CONTINUOUS
10
3.8169291338582676
20
-3.3678641732283463
11
3.8176596062992125
21
-3.3641917716535432
0
LINE
8
BLACK
6
CONTINUOUS
10
3.8176596062992125
20
-3.3641917716535432
11
3.8197398818897637
21
-3.3610784645669289
0
LINE
8
BLACK
6
CONTINUOUS
10
3.8197398818897637
20
-3.3610784645669289
11
3.8228531889763779
21
-3.3589981889763778
0
LINE
8
BLACK
6
CONTINUOUS
10
3.8228531889763779
20
-3.3589981889763778
11
3.826525590551181
21
-3.3582677165354329
0
LINE
8
BLACK
6
CONTINUOUS
10
3.826525590551181
20
-3.3582677165354329
11
3.8457185039370079
21
-3.3582677165354329
0
LINE
8
BLACK
6
CONTINUOUS
10
3.8457185039370079
20
-3.3582677165354329
11
3.849390905511811
21
-3.3589981889763778
0
LINE
8
BLACK
6
CONTINUOUS
10
3.3322819685039371
20
-3.37762405511811
11
3.3350759842519686
21
-3.3794909448818897
0
LINE
8
BLACK
6
CONTINUOUS
10
3.3350759842519686
20
-3.3794909448818897
11
3.3369428740157479
21
-3.3822849606299212
0
LINE
8
BLACK
6
CONTINUOUS
10
3.3369428740157479
20
-3.3822849606299212
11
3.3375984251968505
21
-3.3855807086614171
0
LINE
8
BLACK
6
CONTINUOUS
10
3.3375984251968505
20
-3.3855807086614171
11
3.3375984251968505
21
-3.4028051181102361
0
LINE
8
BLACK
6
CONTINUOUS
10
3.3375984251968505
20
-3.4028051181102361
11
3.3369428740157479
21
-3.406100866141732
0
LINE
8
BLACK
6
CONTINUOUS
10
3.3369428740157479
20
-3.406100866141732
11
3.3350759842519686
21
-3.4088948818897635
0
LINE
8
BLACK
6
CONTINUOUS
10
3.3350759842519686
20
-3.4088948818897635
11
3.3322819685039371
21
-3.4107617716535432
0
LINE
8
BLACK
6
CONTINUOUS
10
3.3322819685039371
20
-3.4107617716535432
11
3.3289862204724407
21
-3.4114173228346454
0
LINE
8
BLACK
6
CONTINUOUS
10
3.3289862204724407
20
-3.4114173228346454
11
3.3088090551181102
21
-3.4114173228346454
0
LINE
8
BLACK
6
CONTINUOUS
10
3.3088090551181102
20
-3.4114173228346454
11
3.3055133070866143
21
-3.4107617716535432
0
LINE
8
BLACK
6
CONTINUOUS
10
3.3055133070866143
20
-3.4107617716535432
11
3.3027192913385828
21
-3.4088948818897635
0
LINE
8
BLACK
6
CONTINUOUS
10
3.3027192913385828
20
-3.4088948818897635
11
3.3008524015748031
21
-3.406100866141732
0
LINE
8
BLACK
6
CONTINUOUS
10
3.3008524015748031
20
-3.406100866141732
11
3.3001968503937009
21
-3.4028051181102361
0
LINE
8
BLACK
6
CONTINUOUS
10
3.3001968503937009
20
-3.4028051181102361
11
3.3001968503937009
21
-3.3855807086614171
0
LINE
8
BLACK
6
CONTINUOUS
10
3.3001968503937009
20
-3.3855807086614171
11
3.3008524015748031
21
-3.3822849606299212
0
LINE
8
BLACK
6
CONTINUOUS
10
3.3008524015748031
20
-3.3822849606299212
11
3.3027192913385828
21
-3.3794909448818897
0
LINE
8
BLACK
6
CONTINUOUS
10
3.3027192913385828
20
-3.3794909448818897
11
3.3055133070866143
21
-3.37762405511811
0
LINE
8
BLACK
6
CONTINUOUS
10
3.3055133070866143
20
-3.37762405511811
11
3.3088090551181102
21
-3.3769685039370079
0
LINE
8
BLACK
6
CONTINUOUS
10
3.3088090551181102
20
-3.3769685039370079
11
3.3289862204724407
21
-3.3769685039370079
0
LINE
8
BLACK
6
CONTINUOUS
10
3.3289862204724407
20
-3.3769685039370079
11
3.3322819685039371
21
-3.37762405511811
0
LINE
8
BLACK
6
CONTINUOUS
10
3.3992111023622047
20
-3.37762405511811
11
3.4020051181102362
21
-3.3794909448818897
0
LINE
8
BLACK
6
CONTINUOUS
10
3.4020051181102362
20
-3.3794909448818897
11
3.4038720078740159
21
-3.3822849606299212
0
LINE
8
BLACK
6
CONTINUOUS
10
3.4038720078740159
20
-3.3822849606299212
11
3.4045275590551181
21
-3.3855807086614171
0
LINE
8
BLACK
6
CONTINUOUS
10
3.4045275590551181
20
-3.3855807086614171
11
3.4045275590551181
21
-3.4028051181102361
0
LINE
8
BLACK
6
CONTINUOUS
10
3.4045275590551181
20
-3.4028051181102361
11
3.4038720078740159
21
-3.406100866141732
0
LINE
8
BLACK
6
CONTINUOUS
10
3.4038720078740159
20
-3.406100866141732
11
3.4020051181102362
21
-3.4088948818897635
0
LINE
8
BLACK
6
CONTINUOUS
10
3.4020051181102362
20
-3.4088948818897635
11
3.3992111023622047
21
-3.4107617716535432
0
LINE
8
BLACK
6
CONTINUOUS
10
3.3992111023622047
20
-3.4107617716535432
11
3.3959153543307088
21
-3.4114173228346454
0
LINE
8
BLACK
6
CONTINUOUS
10
3.3959153543307088
20
-3.4114173228346454
11
3.3757381889763778
21
-3.4114173228346454
0
LINE
8
BLACK
6
CONTINUOUS
10
3.3757381889763778
20
-3.4114173228346454
11
3.3724424409448819
21
-3.4107617716535432
0
LINE
8
BLACK
6
CONTINUOUS
10
3.3724424409448819
20
-3.4107617716535432
11
3.3696484251968504
21
-3.4088948818897635
0
LINE
8
BLACK
6
CONTINUOUS
10
3.3696484251968504
20
-3.4088948818897635
11
3.3677815354330707
21
-3.406100866141732
0
LINE
8
BLACK
6
CONTINUOUS
10
3.3677815354330707
20
-3.406100866141732
11
3.3671259842519685
21
-3.4028051181102361
0
LINE
8
BLACK
6
CONTINUOUS
10
3.3671259842519685
20
-3.4028051181102361
11
3.3671259842519685
21
-3.3855807086614171
0
LINE
8
BLACK
6
CONTINUOUS
10
3.3671259842519685
20
-3.3855807086614171
11
3.3677815354330707
21
-3.3822849606299212
0
LINE
8
BLACK
6
CONTINUOUS
10
3.3677815354330707
20
-3.3822849606299212
11
3.3696484251968504
21
-3.3794909448818897
0
LINE
8
BLACK
6
CONTINUOUS
10
3.3696484251968504
20
-3.3794909448818897
11
3.3724424409448819
21
-3.37762405511811
0
LINE
8
BLACK
6
CONTINUOUS
10
3.3724424409448819
20
-3.37762405511811
11
3.3757381889763778
21
-3.3769685039370079
0
LINE
8
BLACK
6
CONTINUOUS
10
3.3757381889763778
20
-3.3769685039370079
11
3.3959153543307088
21
-3.3769685039370079
0
LINE
8
BLACK
6
CONTINUOUS
10
3.3959153543307088
20
-3.3769685039370079
11
3.3992111023622047
21
-3.37762405511811
0
LINE
8
BLACK
6
CONTINUOUS
10
3.470077244094488
20
-3.37762405511811
11
3.4728712598425195
21
-3.3794909448818897
0
LINE
8
BLACK
6
CONTINUOUS
10
3.4728712598425195
20
-3.3794909448818897
11
3.4747381496062992
21
-3.3822849606299212
0
LINE
8
BLACK
6
CONTINUOUS
10
3.4747381496062992
20
-3.3822849606299212
11
3.4753937007874014
21
-3.3855807086614171
0
LINE
8
BLACK
6
CONTINUOUS
10
3.4753937007874014
20
-3.3855807086614171
11
3.4753937007874014
21
-3.4028051181102361
0
LINE
8
BLACK
6
CONTINUOUS
10
3.4753937007874014
20
-3.4028051181102361
11
3.4747381496062992
21
-3.406100866141732
0
LINE
8
BLACK
6
CONTINUOUS
10
3.4747381496062992
20
-3.406100866141732
11
3.4728712598425195
21
-3.4088948818897635
0
LINE
8
BLACK
6
CONTINUOUS
10
3.4728712598425195
20
-3.4088948818897635
11
3.470077244094488
21
-3.4107617716535432
0
LINE
8
BLACK
6
CONTINUOUS
10
3.470077244094488
20
-3.4107617716535432
11
3.4667814960629921
21
-3.4114173228346454
0
LINE
8
BLACK
6
CONTINUOUS
10
3.4667814960629921
20
-3.4114173228346454
11
3.4466043307086611
21
-3.4114173228346454
0
LINE
8
BLACK
6
CONTINUOUS
10
3.4466043307086611
20
-3.4114173228346454
11
3.4433085826771652
21
-3.4107617716535432
0
LINE
8
BLACK
6
CONTINUOUS
10
3.4433085826771652
20
-3.4107617716535432
11
3.4405145669291337
21
-3.4088948818897635
0
LINE
8
BLACK
6
CONTINUOUS
10
3.4405145669291337
20
-3.4088948818897635
11
3.4386476771653545
21
-3.406100866141732
0
LINE
8
BLACK
6
CONTINUOUS
10
3.4386476771653545
20
-3.406100866141732
11
3.4379921259842519
21
-3.4028051181102361
0
LINE
8
BLACK
6
CONTINUOUS
10
3.4379921259842519
20
-3.4028051181102361
11
3.4379921259842519
21
-3.3855807086614171
0
LINE
8
BLACK
6
CONTINUOUS
10
3.4379921259842519
20
-3.3855807086614171
11
3.4386476771653545
21
-3.3822849606299212
0
LINE
8
BLACK
6
CONTINUOUS
10
3.4386476771653545
20
-3.3822849606299212
11
3.4405145669291337
21
-3.3794909448818897
0
LINE
8
BLACK
6
CONTINUOUS
10
3.4405145669291337
20
-3.3794909448818897
11
3.4433085826771652
21
-3.37762405511811
0
LINE
8
BLACK
6
CONTINUOUS
10
3.4433085826771652
20
-3.37762405511811
11
3.4466043307086611
21
-3.3769685039370079
0
LINE
8
BLACK
6
CONTINUOUS
10
3.4466043307086611
20
-3.3769685039370079
11
3.4667814960629921
21
-3.3769685039370079
0
LINE
8
BLACK
6
CONTINUOUS
10
3.4667814960629921
20
-3.3769685039370079
11
3.470077244094488
21
-3.37762405511811
0
LINE
8
BLACK
6
CONTINUOUS
10
3.5488174015748029
20
-3.37762405511811
11
3.5516114173228344
21
-3.3794909448818897
0
LINE
8
BLACK
6
CONTINUOUS
10
3.5516114173228344
20
-3.3794909448818897
11
3.5534783070866141
21
-3.3822849606299212
0
LINE
8
BLACK
6
CONTINUOUS
10
3.5534783070866141
20
-3.3822849606299212
11
3.5541338582677167
21
-3.3855807086614171
0
LINE
8
BLACK
6
CONTINUOUS
10
3.5541338582677167
20
-3.3855807086614171
11
3.5541338582677167
21
-3.4028051181102361
0
LINE
8
BLACK
6
CONTINUOUS
10
3.5541338582677167
20
-3.4028051181102361
11
3.5534783070866141
21
-3.406100866141732
0
LINE
8
BLACK
6
CONTINUOUS
10
3.5534783070866141
20
-3.406100866141732
11
3.5516114173228344
21
-3.4088948818897635
0
LINE
8
BLACK
6
CONTINUOUS
10
3.5516114173228344
20
-3.4088948818897635
11
3.5488174015748029
21
-3.4107617716535432
0
LINE
8
BLACK
6
CONTINUOUS
10
3.5488174015748029
20
-3.4107617716535432
11
3.545521653543307
21
-3.4114173228346454
0
LINE
8
BLACK
6
CONTINUOUS
10
3.545521653543307
20
-3.4114173228346454
11
3.5253444881889764
21
-3.4114173228346454
0
LINE
8
BLACK
6
CONTINUOUS
10
3.5253444881889764
20
-3.4114173228346454
11
3.52204874015748
21
-3.4107617716535432
0
LINE
8
BLACK
6
CONTINUOUS
10
3.52204874015748
20
-3.4107617716535432
11
3.5192547244094485
21
-3.4088948818897635
0
LINE
8
BLACK
6
CONTINUOUS
10
3.5192547244094485
20
-3.4088948818897635
11
3.5173878346456693
21
-3.406100866141732
0
LINE
8
BLACK
6
CONTINUOUS
10
3.5173878346456693
20
-3.406100866141732
11
3.5167322834645667
21
-3.4028051181102361
0
LINE
8
BLACK
6
CONTINUOUS
10
3.5167322834645667
20
-3.4028051181102361
11
3.5167322834645667
21
-3.3855807086614171
0
LINE
8
BLACK
6
CONTINUOUS
10
3.5167322834645667
20
-3.3855807086614171
11
3.5173878346456693
21
-3.3822849606299212
0
LINE
8
BLACK
6
CONTINUOUS
10
3.5173878346456693
20
-3.3822849606299212
11
3.5192547244094485
21
-3.3794909448818897
0
LINE
8
BLACK
6
CONTINUOUS
10
3.5192547244094485
20
-3.3794909448818897
11
3.52204874015748
21
-3.37762405511811
0
LINE
8
BLACK
6
CONTINUOUS
10
3.52204874015748
20
-3.37762405511811
11
3.5253444881889764
21
-3.3769685039370079
0
LINE
8
BLACK
6
CONTINUOUS
10
3.5253444881889764
20
-3.3769685039370079
11
3.545521653543307
21
-3.3769685039370079
0
LINE
8
BLACK
6
CONTINUOUS
10
3.545521653543307
20
-3.3769685039370079
11
3.5488174015748029
21
-3.37762405511811
0
LINE
8
BLACK
6
CONTINUOUS
10
3.1852362204724409
20
-3.3949212598425196
11
3.1592519685039369
21
-3.3949212598425196
0
LINE
8
BLACK
6
CONTINUOUS
10
3.1592519685039369
20
-3.3949212598425196
11
3.1592519685039369
21
-3.3661811023622046
0
LINE
8
BLACK
6
CONTINUOUS
10
3.1592519685039369
20
-3.3661811023622046
11
3.1852362204724409
21
-3.3661811023622046
0
LINE
8
BLACK
6
CONTINUOUS
10
3.1852362204724409
20
-3.3661811023622046
11
3.1852362204724409
21
-3.3949212598425196
0
LINE
8
BLACK
6
CONTINUOUS
10
3.2187007874015747
20
-3.3949212598425196
11
3.1927165354330707
21
-3.3949212598425196
0
LINE
8
BLACK
6
CONTINUOUS
10
3.1927165354330707
20
-3.3949212598425196
11
3.1927165354330707
21
-3.3661811023622046
0
LINE
8
BLACK
6
CONTINUOUS
10
3.1927165354330707
20
-3.3661811023622046
11
3.2187007874015747
21
-3.3661811023622046
0
LINE
8
BLACK
6
CONTINUOUS
10
3.2187007874015747
20
-3.3661811023622046
11
3.2187007874015747
21
-3.3949212598425196
0
LINE
8
BLACK
6
CONTINUOUS
10
3.1486220472440944
20
-3.3927165354330708
11
3.1238188976377952
21
-3.3927165354330708
0
LINE
8
BLACK
6
CONTINUOUS
10
3.1238188976377952
20
-3.3927165354330708
11
3.1238188976377952
21
-3.375
0
LINE
8
BLACK
6
CONTINUOUS
10
3.1238188976377952
20
-3.375
11
3.1486220472440944
21
-3.375
0
LINE
8
BLACK
6
CONTINUOUS
10
3.1486220472440944
20
-3.375
11
3.1486220472440944
21
-3.3927165354330708
0
LINE
8
BLACK
6
CONTINUOUS
10
3.2541338582677164
20
-3.3927165354330708
11
3.2293307086614171
21
-3.3927165354330708
0
LINE
8
BLACK
6
CONTINUOUS
10
3.2293307086614171
20
-3.3927165354330708
11
3.2293307086614171
21
-3.375
0
LINE
8
BLACK
6
CONTINUOUS
10
3.2293307086614171
20
-3.375
11
3.2541338582677164
21
-3.375
0
LINE
8
BLACK
6
CONTINUOUS
10
3.2541338582677164
20
-3.375
11
3.2541338582677164
21
-3.3927165354330708
0
LINE
8
BLACK
6
CONTINUOUS
10
3.0812977165354329
20
-3.3562657874015747
11
3.0840917322834644
21
-3.3581326771653544
0
LINE
8
BLACK
6
CONTINUOUS
10
3.0840917322834644
20
-3.3581326771653544
11
3.0859586220472441
21
-3.3609266929133859
0
LINE
8
BLACK
6
CONTINUOUS
10
3.0859586220472441
20
-3.3609266929133859
11
3.0866141732283463
21
-3.3642224409448818
0
LINE
8
BLACK
6
CONTINUOUS
10
3.0866141732283463
20
-3.3642224409448818
11
3.0866141732283463
21
-3.3814468503937007
0
LINE
8
BLACK
6
CONTINUOUS
10
3.0866141732283463
20
-3.3814468503937007
11
3.0859586220472441
21
-3.3847425984251966
0
LINE
8
BLACK
6
CONTINUOUS
10
3.0859586220472441
20
-3.3847425984251966
11
3.0840917322834644
21
-3.3875366141732282
0
LINE
8
BLACK
6
CONTINUOUS
10
3.0840917322834644
20
-3.3875366141732282
11
3.0812977165354329
21
-3.3894035039370078
0
LINE
8
BLACK
6
CONTINUOUS
10
3.0812977165354329
20
-3.3894035039370078
11
3.078001968503937
21
-3.39005905511811
0
LINE
8
BLACK
6
CONTINUOUS
10
3.078001968503937
20
-3.39005905511811
11
3.057824803149606
21
-3.39005905511811
0
LINE
8
BLACK
6
CONTINUOUS
10
3.057824803149606
20
-3.39005905511811
11
3.0545290551181101
21
-3.3894035039370078
0
LINE
8
BLACK
6
CONTINUOUS
10
3.0545290551181101
20
-3.3894035039370078
11
3.0517350393700786
21
-3.3875366141732282
0
LINE
8
BLACK
6
CONTINUOUS
10
3.0517350393700786
20
-3.3875366141732282
11
3.0498681496062989
21
-3.3847425984251966
0
LINE
8
BLACK
6
CONTINUOUS
10
3.0498681496062989
20
-3.3847425984251966
11
3.0492125984251968
21
-3.3814468503937007
0
LINE
8
BLACK
6
CONTINUOUS
10
3.0492125984251968
20
-3.3814468503937007
11
3.0492125984251968
21
-3.3642224409448818
0
LINE
8
BLACK
6
CONTINUOUS
10
3.0492125984251968
20
-3.3642224409448818
11
3.0498681496062989
21
-3.3609266929133859
0
LINE
8
BLACK
6
CONTINUOUS
10
3.0498681496062989
20
-3.3609266929133859
11
3.0517350393700786
21
-3.3581326771653544
0
LINE
8
BLACK
6
CONTINUOUS
10
3.0517350393700786
20
-3.3581326771653544
11
3.0545290551181101
21
-3.3562657874015747
0
LINE
8
BLACK
6
CONTINUOUS
10
3.0545290551181101
20
-3.3562657874015747
11
3.057824803149606
21
-3.3556102362204725
0
LINE
8
BLACK
6
CONTINUOUS
10
3.057824803149606
20
-3.3556102362204725
11
3.078001968503937
21
-3.3556102362204725
0
LINE
8
BLACK
6
CONTINUOUS
10
3.078001968503937
20
-3.3556102362204725
11
3.0812977165354329
21
-3.3562657874015747
0
LINE
8
BLACK
6
CONTINUOUS
10
2.9238174015748033
20
-3.3485886220472438
11
2.9266114173228344
21
-3.3504555118110235
0
LINE
8
BLACK
6
CONTINUOUS
10
2.9266114173228344
20
-3.3504555118110235
11
2.9284783070866141
21
-3.353249527559055
0
LINE
8
BLACK
6
CONTINUOUS
10
2.9284783070866141
20
-3.353249527559055
11
2.9291338582677167
21
-3.3565452755905509
0
LINE
8
BLACK
6
CONTINUOUS
10
2.9291338582677167
20
-3.3565452755905509
11
2.9291338582677167
21
-3.3737696850393699
0
LINE
8
BLACK
6
CONTINUOUS
10
2.9291338582677167
20
-3.3737696850393699
11
2.9284783070866141
21
-3.3770654330708663
0
LINE
8
BLACK
6
CONTINUOUS
10
2.9284783070866141
20
-3.3770654330708663
11
2.9266114173228344
21
-3.3798594488188978
0
LINE
8
BLACK
6
CONTINUOUS
10
2.9266114173228344
20
-3.3798594488188978
11
2.9238174015748033
21
-3.381726338582677
0
LINE
8
BLACK
6
CONTINUOUS
10
2.9238174015748033
20
-3.381726338582677
11
2.920521653543307
21
-3.3823818897637796
0
LINE
8
BLACK
6
CONTINUOUS
10
2.920521653543307
20
-3.3823818897637796
11
2.9003444881889764
21
-3.3823818897637796
0
LINE
8
BLACK
6
CONTINUOUS
10
2.9003444881889764
20
-3.3823818897637796
11
2.89704874015748
21
-3.381726338582677
0
LINE
8
BLACK
6
CONTINUOUS
10
2.89704874015748
20
-3.381726338582677
11
2.8942547244094485
21
-3.3798594488188978
0
LINE
8
BLACK
6
CONTINUOUS
10
2.8942547244094485
20
-3.3798594488188978
11
2.8923878346456693
21
-3.3770654330708663
0
LINE
8
BLACK
6
CONTINUOUS
10
2.8923878346456693
20
-3.3770654330708663
11
2.8917322834645667
21
-3.3737696850393699
0
LINE
8
BLACK
6
CONTINUOUS
10
2.8917322834645667
20
-3.3737696850393699
11
2.8917322834645667
21
-3.3565452755905509
0
LINE
8
BLACK
6
CONTINUOUS
10
2.8917322834645667
20
-3.3565452755905509
11
2.8923878346456693
21
-3.353249527559055
0
LINE
8
BLACK
6
CONTINUOUS
10
2.8923878346456693
20
-3.353249527559055
11
2.8942547244094485
21
-3.3504555118110235
0
LINE
8
BLACK
6
CONTINUOUS
10
2.8942547244094485
20
-3.3504555118110235
11
2.89704874015748
21
-3.3485886220472438
0
LINE
8
BLACK
6
CONTINUOUS
10
2.89704874015748
20
-3.3485886220472438
11
2.9003444881889764
21
-3.3479330708661417
0
LINE
8
BLACK
6
CONTINUOUS
10
2.9003444881889764
20
-3.3479330708661417
11
2.920521653543307
21
-3.3479330708661417
0
LINE
8
BLACK
6
CONTINUOUS
10
2.920521653543307
20
-3.3479330708661417
11
2.9238174015748033
21
-3.3485886220472438
0
LINE
8
BLACK
6
CONTINUOUS
10
3.0025575590551181
20
-3.3485886220472438
11
3.0053515748031496
21
-3.3504555118110235
0
LINE
8
BLACK
6
CONTINUOUS
10
3.0053515748031496
20
-3.3504555118110235
11
3.0072184645669289
21
-3.353249527559055
0
LINE
8
BLACK
6
CONTINUOUS
10
3.0072184645669289
20
-3.353249527559055
11
3.0078740157480315
21
-3.3565452755905509
0
LINE
8
BLACK
6
CONTINUOUS
10
3.0078740157480315
20
-3.3565452755905509
11
3.0078740157480315
21
-3.3737696850393699
0
LINE
8
BLACK
6
CONTINUOUS
10
3.0078740157480315
20
-3.3737696850393699
11
3.0072184645669289
21
-3.3770654330708663
0
LINE
8
BLACK
6
CONTINUOUS
10
3.0072184645669289
20
-3.3770654330708663
11
3.0053515748031496
21
-3.3798594488188978
0
LINE
8
BLACK
6
CONTINUOUS
10
3.0053515748031496
20
-3.3798594488188978
11
3.0025575590551181
21
-3.381726338582677
0
LINE
8
BLACK
6
CONTINUOUS
10
3.0025575590551181
20
-3.381726338582677
11
2.9992618110236218
21
-3.3823818897637796
0
LINE
8
BLACK
6
CONTINUOUS
10
2.9992618110236218
20
-3.3823818897637796
11
2.9790846456692912
21
-3.3823818897637796
0
LINE
8
BLACK
6
CONTINUOUS
10
2.9790846456692912
20
-3.3823818897637796
11
2.9757888976377953
21
-3.381726338582677
0
LINE
8
BLACK
6
CONTINUOUS
10
2.9757888976377953
20
-3.381726338582677
11
2.9729948818897638
21
-3.3798594488188978
0
LINE
8
BLACK
6
CONTINUOUS
10
2.9729948818897638
20
-3.3798594488188978
11
2.9711279921259841
21
-3.3770654330708663
0
LINE
8
BLACK
6
CONTINUOUS
10
2.9711279921259841
20
-3.3770654330708663
11
2.9704724409448819
21
-3.3737696850393699
0
LINE
8
BLACK
6
CONTINUOUS
10
2.9704724409448819
20
-3.3737696850393699
11
2.9704724409448819
21
-3.3565452755905509
0
LINE
8
BLACK
6
CONTINUOUS
10
2.9704724409448819
20
-3.3565452755905509
11
2.9711279921259841
21
-3.353249527559055
0
LINE
8
BLACK
6
CONTINUOUS
10
2.9711279921259841
20
-3.353249527559055
11
2.9729948818897638
21
-3.3504555118110235
0
LINE
8
BLACK
6
CONTINUOUS
10
2.9729948818897638
20
-3.3504555118110235
11
2.9757888976377953
21
-3.3485886220472438
0
LINE
8
BLACK
6
CONTINUOUS
10
2.9757888976377953
20
-3.3485886220472438
11
2.9790846456692912
21
-3.3479330708661417
0
LINE
8
BLACK
6
CONTINUOUS
10
2.9790846456692912
20
-3.3479330708661417
11
2.9992618110236218
21
-3.3479330708661417
0
LINE
8
BLACK
6
CONTINUOUS
10
2.9992618110236218
20
-3.3479330708661417
11
3.0025575590551181
21
-3.3485886220472438
0
LINE
8
BLACK
6
CONTINUOUS
10
2.5724394488188977
20
-3.3481594881889762
11
2.5752334645669293
21
-3.3500263779527559
0
LINE
8
BLACK
6
CONTINUOUS
10
2.5752334645669293
20
-3.3500263779527559
11
2.5771003543307085
21
-3.3528203937007874
0
LINE
8
BLACK
6
CONTINUOUS
10
2.5771003543307085
20
-3.3528203937007874
11
2.5777559055118111
21
-3.3561161417322833
0
LINE
8
BLACK
6
CONTINUOUS
10
2.5777559055118111
20
-3.3561161417322833
11
2.5777559055118111
21
-3.3733405511811023
0
LINE
8
BLACK
6
CONTINUOUS
10
2.5777559055118111
20
-3.3733405511811023
11
2.5771003543307085
21
-3.3766362992125982
0
LINE
8
BLACK
6
CONTINUOUS
10
2.5771003543307085
20
-3.3766362992125982
11
2.5752334645669293
21
-3.3794303149606297
0
LINE
8
BLACK
6
CONTINUOUS
10
2.5752334645669293
20
-3.3794303149606297
11
2.5724394488188977
21
-3.3812972047244094
0
LINE
8
BLACK
6
CONTINUOUS
10
2.5724394488188977
20
-3.3812972047244094
11
2.5691437007874014
21
-3.3819527559055116
0
LINE
8
BLACK
6
CONTINUOUS
10
2.5691437007874014
20
-3.3819527559055116
11
2.5489665354330708
21
-3.3819527559055116
0
LINE
8
BLACK
6
CONTINUOUS
10
2.5489665354330708
20
-3.3819527559055116
11
2.5456707874015749
21
-3.3812972047244094
0
LINE
8
BLACK
6
CONTINUOUS
10
2.5456707874015749
20
-3.3812972047244094
11
2.5428767716535434
21
-3.3794303149606297
0
LINE
8
BLACK
6
CONTINUOUS
10
2.5428767716535434
20
-3.3794303149606297
11
2.5410098818897637
21
-3.3766362992125982
0
LINE
8
BLACK
6
CONTINUOUS
10
2.5410098818897637
20
-3.3766362992125982
11
2.5403543307086616
21
-3.3733405511811023
0
LINE
8
BLACK
6
CONTINUOUS
10
2.5403543307086616
20
-3.3733405511811023
11
2.5403543307086616
21
-3.3561161417322833
0
LINE
8
BLACK
6
CONTINUOUS
10
2.5403543307086616
20
-3.3561161417322833
11
2.5410098818897637
21
-3.3528203937007874
0
LINE
8
BLACK
6
CONTINUOUS
10
2.5410098818897637
20
-3.3528203937007874
11
2.5428767716535434
21
-3.3500263779527559
0
LINE
8
BLACK
6
CONTINUOUS
10
2.5428767716535434
20
-3.3500263779527559
11
2.5456707874015749
21
-3.3481594881889762
0
LINE
8
BLACK
6
CONTINUOUS
10
2.5456707874015749
20
-3.3481594881889762
11
2.5489665354330708
21
-3.3475039370078741
0
LINE
8
BLACK
6
CONTINUOUS
10
2.5489665354330708
20
-3.3475039370078741
11
2.5691437007874014
21
-3.3475039370078741
0
LINE
8
BLACK
6
CONTINUOUS
10
2.5691437007874014
20
-3.3475039370078741
11
2.5724394488188977
21
-3.3481594881889762
0
LINE
8
BLACK
6
CONTINUOUS
10
3.1852362204724409
20
-3.3608267716535432
11
3.1592519685039369
21
-3.3608267716535432
0
LINE
8
BLACK
6
CONTINUOUS
10
3.1592519685039369
20
-3.3608267716535432
11
3.1592519685039369
21
-3.3320866141732282
0
LINE
8
BLACK
6
CONTINUOUS
10
3.1592519685039369
20
-3.3320866141732282
11
3.1852362204724409
21
-3.3320866141732282
0
LINE
8
BLACK
6
CONTINUOUS
10
3.1852362204724409
20
-3.3320866141732282
11
3.1852362204724409
21
-3.3608267716535432
0
LINE
8
BLACK
6
CONTINUOUS
10
3.2187007874015747
20
-3.3608267716535432
11
3.1927165354330707
21
-3.3608267716535432
0
LINE
8
BLACK
6
CONTINUOUS
10
3.1927165354330707
20
-3.3608267716535432
11
3.1927165354330707
21
-3.3320866141732282
0
LINE
8
BLACK
6
CONTINUOUS
10
3.1927165354330707
20
-3.3320866141732282
11
3.2187007874015747
21
-3.3320866141732282
0
LINE
8
BLACK
6
CONTINUOUS
10
3.2187007874015747
20
-3.3320866141732282
11
3.2187007874015747
21
-3.3608267716535432
0
LINE
8
BLACK
6
CONTINUOUS
10
3.1486220472440944
20
-3.3553149606299213
11
3.1238188976377952
21
-3.3553149606299213
0
LINE
8
BLACK
6
CONTINUOUS
10
3.1238188976377952
20
-3.3553149606299213
11
3.1238188976377952
21
-3.3375984251968505
0
LINE
8
BLACK
6
CONTINUOUS
10
3.1238188976377952
20
-3.3375984251968505
11
3.1486220472440944
21
-3.3375984251968505
0
LINE
8
BLACK
6
CONTINUOUS
10
3.1486220472440944
20
-3.3375984251968505
11
3.1486220472440944
21
-3.3553149606299213
0
LINE
8
BLACK
6
CONTINUOUS
10
3.2541338582677164
20
-3.3553149606299213
11
3.2293307086614171
21
-3.3553149606299213
0
LINE
8
BLACK
6
CONTINUOUS
10
3.2293307086614171
20
-3.3553149606299213
11
3.2293307086614171
21
-3.3375984251968505
0
LINE
8
BLACK
6
CONTINUOUS
10
3.2293307086614171
20
-3.3375984251968505
11
3.2541338582677164
21
-3.3375984251968505
0
LINE
8
BLACK
6
CONTINUOUS
10
3.2541338582677164
20
-3.3375984251968505
11
3.2541338582677164
21
-3.3553149606299213
0
LINE
8
BLACK
6
CONTINUOUS
10
2.75
20
-3.3532044094488187
11
2.7145669291338583
21
-3.3532044094488187
0
LINE
8
BLACK
6
CONTINUOUS
10
2.7145669291338583
20
-3.3532044094488187
11
2.7145669291338583
21
-3.3217083464566928
0
LINE
8
BLACK
6
CONTINUOUS
10
2.7145669291338583
20
-3.3217083464566928
11
2.75
21
-3.3217083464566928
0
LINE
8
BLACK
6
CONTINUOUS
10
2.75
20
-3.3217083464566928
11
2.75
21
-3.3532044094488187
0
LINE
8
BLACK
6
CONTINUOUS
10
3.0812977165354329
20
-3.2942579133858265
11
3.0840917322834644
21
-3.2961248031496062
0
LINE
8
BLACK
6
CONTINUOUS
10
3.0840917322834644
20
-3.2961248031496062
11
3.0859586220472441
21
-3.2989188188976377
0
LINE
8
BLACK
6
CONTINUOUS
10
3.0859586220472441
20
-3.2989188188976377
11
3.0866141732283463
21
-3.3022145669291336
0
LINE
8
BLACK
6
CONTINUOUS
10
3.0866141732283463
20
-3.3022145669291336
11
3.0866141732283463
21
-3.3194389763779526
0
LINE
8
BLACK
6
CONTINUOUS
10
3.0866141732283463
20
-3.3194389763779526
11
3.0859586220472441
21
-3.3227347244094489
0
LINE
8
BLACK
6
CONTINUOUS
10
3.0859586220472441
20
-3.3227347244094489
11
3.0840917322834644
21
-3.3255287401574805
0
LINE
8
BLACK
6
CONTINUOUS
10
3.0840917322834644
20
-3.3255287401574805
11
3.0812977165354329
21
-3.3273956299212597
0
LINE
8
BLACK
6
CONTINUOUS
10
3.0812977165354329
20
-3.3273956299212597
11
3.078001968503937
21
-3.3280511811023623
0
LINE
8
BLACK
6
CONTINUOUS
10
3.078001968503937
20
-3.3280511811023623
11
3.057824803149606
21
-3.3280511811023623
0
LINE
8
BLACK
6
CONTINUOUS
10
3.057824803149606
20
-3.3280511811023623
11
3.0545290551181101
21
-3.3273956299212597
0
LINE
8
BLACK
6
CONTINUOUS
10
3.0545290551181101
20
-3.3273956299212597
11
3.0517350393700786
21
-3.3255287401574805
0
LINE
8
BLACK
6
CONTINUOUS
10
3.0517350393700786
20
-3.3255287401574805
11
3.0498681496062989
21
-3.3227347244094489
0
LINE
8
BLACK
6
CONTINUOUS
10
3.0498681496062989
20
-3.3227347244094489
11
3.0492125984251968
21
-3.3194389763779526
0
LINE
8
BLACK
6
CONTINUOUS
10
3.0492125984251968
20
-3.3194389763779526
11
3.0492125984251968
21
-3.3022145669291336
0
LINE
8
BLACK
6
CONTINUOUS
10
3.0492125984251968
20
-3.3022145669291336
11
3.0498681496062989
21
-3.2989188188976377
0
LINE
8
BLACK
6
CONTINUOUS
10
3.0498681496062989
20
-3.2989188188976377
11
3.0517350393700786
21
-3.2961248031496062
0
LINE
8
BLACK
6
CONTINUOUS
10
3.0517350393700786
20
-3.2961248031496062
11
3.0545290551181101
21
-3.2942579133858265
0
LINE
8
BLACK
6
CONTINUOUS
10
3.0545290551181101
20
-3.2942579133858265
11
3.057824803149606
21
-3.2936023622047244
0
LINE
8
BLACK
6
CONTINUOUS
10
3.057824803149606
20
-3.2936023622047244
11
3.078001968503937
21
-3.2936023622047244
0
LINE
8
BLACK
6
CONTINUOUS
10
3.078001968503937
20
-3.2936023622047244
11
3.0812977165354329
21
-3.2942579133858265
0
LINE
8
BLACK
6
CONTINUOUS
10
3.1852362204724409
20
-3.3267322834645667
11
3.1592519685039369
21
-3.3267322834645667
0
LINE
8
BLACK
6
CONTINUOUS
10
3.1592519685039369
20
-3.3267322834645667
11
3.1592519685039369
21
-3.2979921259842517
0
LINE
8
BLACK
6
CONTINUOUS
10
3.1592519685039369
20
-3.2979921259842517
11
3.1852362204724409
21
-3.2979921259842517
0
LINE
8
BLACK
6
CONTINUOUS
10
3.1852362204724409
20
-3.2979921259842517
11
3.1852362204724409
21
-3.3267322834645667
0
LINE
8
BLACK
6
CONTINUOUS
10
3.2187007874015747
20
-3.3267322834645667
11
3.1927165354330707
21
-3.3267322834645667
0
LINE
8
BLACK
6
CONTINUOUS
10
3.1927165354330707
20
-3.3267322834645667
11
3.1927165354330707
21
-3.2979921259842517
0
LINE
8
BLACK
6
CONTINUOUS
10
3.1927165354330707
20
-3.2979921259842517
11
3.2187007874015747
21
-3.2979921259842517
0
LINE
8
BLACK
6
CONTINUOUS
10
3.2187007874015747
20
-3.2979921259842517
11
3.2187007874015747
21
-3.3267322834645667
0
LINE
8
BLACK
6
CONTINUOUS
10
2.9238174015748033
20
-3.2865807480314961
11
2.9266114173228344
21
-3.2884476377952754
0
LINE
8
BLACK
6
CONTINUOUS
10
2.9266114173228344
20
-3.2884476377952754
11
2.9284783070866141
21
-3.2912416535433069
0
LINE
8
BLACK
6
CONTINUOUS
10
2.9284783070866141
20
-3.2912416535433069
11
2.9291338582677167
21
-3.2945374015748032
0
LINE
8
BLACK
6
CONTINUOUS
10
2.9291338582677167
20
-3.2945374015748032
11
2.9291338582677167
21
-3.3117618110236218
0
LINE
8
BLACK
6
CONTINUOUS
10
2.9291338582677167
20
-3.3117618110236218
11
2.9284783070866141
21
-3.3150575590551181
0
LINE
8
BLACK
6
CONTINUOUS
10
2.9284783070866141
20
-3.3150575590551181
11
2.9266114173228344
21
-3.3178515748031496
0
LINE
8
BLACK
6
CONTINUOUS
10
2.9266114173228344
20
-3.3178515748031496
11
2.9238174015748033
21
-3.3197184645669289
0
LINE
8
BLACK
6
CONTINUOUS
10
2.9238174015748033
20
-3.3197184645669289
11
2.920521653543307
21
-3.3203740157480315
0
LINE
8
BLACK
6
CONTINUOUS
10
2.920521653543307
20
-3.3203740157480315
11
2.9003444881889764
21
-3.3203740157480315
0
LINE
8
BLACK
6
CONTINUOUS
10
2.9003444881889764
20
-3.3203740157480315
11
2.89704874015748
21
-3.3197184645669289
0
LINE
8
BLACK
6
CONTINUOUS
10
2.89704874015748
20
-3.3197184645669289
11
2.8942547244094485
21
-3.3178515748031496
0
LINE
8
BLACK
6
CONTINUOUS
10
2.8942547244094485
20
-3.3178515748031496
11
2.8923878346456693
21
-3.3150575590551181
0
LINE
8
BLACK
6
CONTINUOUS
10
2.8923878346456693
20
-3.3150575590551181
11
2.8917322834645667
21
-3.3117618110236218
0
LINE
8
BLACK
6
CONTINUOUS
10
2.8917322834645667
20
-3.3117618110236218
11
2.8917322834645667
21
-3.2945374015748032
0
LINE
8
BLACK
6
CONTINUOUS
10
2.8917322834645667
20
-3.2945374015748032
11
2.8923878346456693
21
-3.2912416535433069
0
LINE
8
BLACK
6
CONTINUOUS
10
2.8923878346456693
20
-3.2912416535433069
11
2.8942547244094485
21
-3.2884476377952754
0
LINE
8
BLACK
6
CONTINUOUS
10
2.8942547244094485
20
-3.2884476377952754
11
2.89704874015748
21
-3.2865807480314961
0
LINE
8
BLACK
6
CONTINUOUS
10
2.89704874015748
20
-3.2865807480314961
11
2.9003444881889764
21
-3.2859251968503935
0
LINE
8
BLACK
6
CONTINUOUS
10
2.9003444881889764
20
-3.2859251968503935
11
2.920521653543307
21
-3.2859251968503935
0
LINE
8
BLACK
6
CONTINUOUS
10
2.920521653543307
20
-3.2859251968503935
11
2.9238174015748033
21
-3.2865807480314961
0
LINE
8
BLACK
6
CONTINUOUS
10
3.0025575590551181
20
-3.2865807480314961
11
3.0053515748031496
21
-3.2884476377952754
0
LINE
8
BLACK
6
CONTINUOUS
10
3.0053515748031496
20
-3.2884476377952754
11
3.0072184645669289
21
-3.2912416535433069
0
LINE
8
BLACK
6
CONTINUOUS
10
3.0072184645669289
20
-3.2912416535433069
11
3.0078740157480315
21
-3.2945374015748032
0
LINE
8
BLACK
6
CONTINUOUS
10
3.0078740157480315
20
-3.2945374015748032
11
3.0078740157480315
21
-3.3117618110236218
0
LINE
8
BLACK
6
CONTINUOUS
10
3.0078740157480315
20
-3.3117618110236218
11
3.0072184645669289
21
-3.3150575590551181
0
LINE
8
BLACK
6
CONTINUOUS
10
3.0072184645669289
20
-3.3150575590551181
11
3.0053515748031496
21
-3.3178515748031496
0
LINE
8
BLACK
6
CONTINUOUS
10
3.0053515748031496
20
-3.3178515748031496
11
3.0025575590551181
21
-3.3197184645669289
0
LINE
8
BLACK
6
CONTINUOUS
10
3.0025575590551181
20
-3.3197184645669289
11
2.9992618110236218
21
-3.3203740157480315
0
LINE
8
BLACK
6
CONTINUOUS
10
2.9992618110236218
20
-3.3203740157480315
11
2.9790846456692912
21
-3.3203740157480315
0
LINE
8
BLACK
6
CONTINUOUS
10
2.9790846456692912
20
-3.3203740157480315
11
2.9757888976377953
21
-3.3197184645669289
0
LINE
8
BLACK
6
CONTINUOUS
10
2.9757888976377953
20
-3.3197184645669289
11
2.9729948818897638
21
-3.3178515748031496
0
LINE
8
BLACK
6
CONTINUOUS
10
2.9729948818897638
20
-3.3178515748031496
11
2.9711279921259841
21
-3.3150575590551181
0
LINE
8
BLACK
6
CONTINUOUS
10
2.9711279921259841
20
-3.3150575590551181
11
2.9704724409448819
21
-3.3117618110236218
0
LINE
8
BLACK
6
CONTINUOUS
10
2.9704724409448819
20
-3.3117618110236218
11
2.9704724409448819
21
-3.2945374015748032
0
LINE
8
BLACK
6
CONTINUOUS
10
2.9704724409448819
20
-3.2945374015748032
11
2.9711279921259841
21
-3.2912416535433069
0
LINE
8
BLACK
6
CONTINUOUS
10
2.9711279921259841
20
-3.2912416535433069
11
2.9729948818897638
21
-3.2884476377952754
0
LINE
8
BLACK
6
CONTINUOUS
10
2.9729948818897638
20
-3.2884476377952754
11
2.9757888976377953
21
-3.2865807480314961
0
LINE
8
BLACK
6
CONTINUOUS
10
2.9757888976377953
20
-3.2865807480314961
11
2.9790846456692912
21
-3.2859251968503935
0
LINE
8
BLACK
6
CONTINUOUS
10
2.9790846456692912
20
-3.2859251968503935
11
2.9992618110236218
21
-3.2859251968503935
0
LINE
8
BLACK
6
CONTINUOUS
10
2.9992618110236218
20
-3.2859251968503935
11
3.0025575590551181
21
-3.2865807480314961
0
LINE
8
BLACK
6
CONTINUOUS
10
3.1486220472440944
20
-3.3179133858267718
11
3.1238188976377952
21
-3.3179133858267718
0
LINE
8
BLACK
6
CONTINUOUS
10
3.1238188976377952
20
-3.3179133858267718
11
3.1238188976377952
21
-3.3001968503937009
0
LINE
8
BLACK
6
CONTINUOUS
10
3.1238188976377952
20
-3.3001968503937009
11
3.1486220472440944
21
-3.3001968503937009
0
LINE
8
BLACK
6
CONTINUOUS
10
3.1486220472440944
20
-3.3001968503937009
11
3.1486220472440944
21
-3.3179133858267718
0
LINE
8
BLACK
6
CONTINUOUS
10
3.2541338582677164
20
-3.3179133858267718
11
3.2293307086614171
21
-3.3179133858267718
0
LINE
8
BLACK
6
CONTINUOUS
10
3.2293307086614171
20
-3.3179133858267718
11
3.2293307086614171
21
-3.3001968503937009
0
LINE
8
BLACK
6
CONTINUOUS
10
3.2293307086614171
20
-3.3001968503937009
11
3.2541338582677164
21
-3.3001968503937009
0
LINE
8
BLACK
6
CONTINUOUS
10
3.2541338582677164
20
-3.3001968503937009
11
3.2541338582677164
21
-3.3179133858267718
0
LINE
8
BLACK
6
CONTINUOUS
10
2.8287401574803148
20
-3.3158028346456692
11
2.7933070866141732
21
-3.3158028346456692
0
LINE
8
BLACK
6
CONTINUOUS
10
2.7933070866141732
20
-3.3158028346456692
11
2.7933070866141732
21
-3.2843067716535432
0
LINE
8
BLACK
6
CONTINUOUS
10
2.7933070866141732
20
-3.2843067716535432
11
2.8287401574803148
21
-3.2843067716535432
0
LINE
8
BLACK
6
CONTINUOUS
10
2.8287401574803148
20
-3.2843067716535432
11
2.8287401574803148
21
-3.3158028346456692
0
LINE
8
BLACK
6
CONTINUOUS
10
2.4940759448818897
20
-3.2614151968503937
11
2.4971892519685039
21
-3.2634954724409448
0
LINE
8
BLACK
6
CONTINUOUS
10
2.4971892519685039
20
-3.2634954724409448
11
2.4992695275590551
21
-3.2666087795275591
0
LINE
8
BLACK
6
CONTINUOUS
10
2.4992695275590551
20
-3.2666087795275591
11
2.5
21
-3.2702811811023622
0
LINE
8
BLACK
6
CONTINUOUS
10
2.5
20
-3.2702811811023622
11
2.5
21
-3.2894740944881891
0
LINE
8
BLACK
6
CONTINUOUS
10
2.5
20
-3.2894740944881891
11
2.4992695275590551
21
-3.2931464960629921
0
LINE
8
BLACK
6
CONTINUOUS
10
2.4992695275590551
20
-3.2931464960629921
11
2.4971892519685039
21
-3.2962598031496064
0
LINE
8
BLACK
6
CONTINUOUS
10
2.4971892519685039
20
-3.2962598031496064
11
2.4940759448818897
21
-3.2983400787401576
0
LINE
8
BLACK
6
CONTINUOUS
10
2.4940759448818897
20
-3.2983400787401576
11
2.4904035433070866
21
-3.2990705511811025
0
LINE
8
BLACK
6
CONTINUOUS
10
2.4904035433070866
20
-3.2990705511811025
11
2.454478346456693
21
-3.2990705511811025
0
LINE
8
BLACK
6
CONTINUOUS
10
2.454478346456693
20
-3.2990705511811025
11
2.4508059448818895
21
-3.2983400787401576
0
LINE
8
BLACK
6
CONTINUOUS
10
2.4508059448818895
20
-3.2983400787401576
11
2.4476926377952757
21
-3.2962598031496064
0
LINE
8
BLACK
6
CONTINUOUS
10
2.4476926377952757
20
-3.2962598031496064
11
2.4456123622047246
21
-3.2931464960629921
0
LINE
8
BLACK
6
CONTINUOUS
10
2.4456123622047246
20
-3.2931464960629921
11
2.4448818897637796
21
-3.2894740944881891
0
LINE
8
BLACK
6
CONTINUOUS
10
2.4448818897637796
20
-3.2894740944881891
11
2.4448818897637796
21
-3.2702811811023622
0
LINE
8
BLACK
6
CONTINUOUS
10
2.4448818897637796
20
-3.2702811811023622
11
2.4456123622047246
21
-3.2666087795275591
0
LINE
8
BLACK
6
CONTINUOUS
10
2.4456123622047246
20
-3.2666087795275591
11
2.4476926377952757
21
-3.2634954724409448
0
LINE
8
BLACK
6
CONTINUOUS
10
2.4476926377952757
20
-3.2634954724409448
11
2.4508059448818895
21
-3.2614151968503937
0
LINE
8
BLACK
6
CONTINUOUS
10
2.4508059448818895
20
-3.2614151968503937
11
2.454478346456693
21
-3.2606847244094488
0
LINE
8
BLACK
6
CONTINUOUS
10
2.454478346456693
20
-3.2606847244094488
11
2.4904035433070866
21
-3.2606847244094488
0
LINE
8
BLACK
6
CONTINUOUS
10
2.4904035433070866
20
-3.2606847244094488
11
2.4940759448818897
21
-3.2614151968503937
0
LINE
8
BLACK
6
CONTINUOUS
10
2.5925011417322832
20
-3.2614151968503937
11
2.5956144488188975
21
-3.2634954724409448
0
LINE
8
BLACK
6
CONTINUOUS
10
2.5956144488188975
20
-3.2634954724409448
11
2.5976947244094486
21
-3.2666087795275591
0
LINE
8
BLACK
6
CONTINUOUS
10
2.5976947244094486
20
-3.2666087795275591
11
2.5984251968503935
21
-3.2702811811023622
0
LINE
8
BLACK
6
CONTINUOUS
10
2.5984251968503935
20
-3.2702811811023622
11
2.5984251968503935
21
-3.2894740944881891
0
LINE
8
BLACK
6
CONTINUOUS
10
2.5984251968503935
20
-3.2894740944881891
11
2.5976947244094486
21
-3.2931464960629921
0
LINE
8
BLACK
6
CONTINUOUS
10
2.5976947244094486
20
-3.2931464960629921
11
2.5956144488188975
21
-3.2962598031496064
0
LINE
8
BLACK
6
CONTINUOUS
10
2.5956144488188975
20
-3.2962598031496064
11
2.5925011417322832
21
-3.2983400787401576
0
LINE
8
BLACK
6
CONTINUOUS
10
2.5925011417322832
20
-3.2983400787401576
11
2.5888287401574801
21
-3.2990705511811025
0
LINE
8
BLACK
6
CONTINUOUS
10
2.5888287401574801
20
-3.2990705511811025
11
2.5529035433070866
21
-3.2990705511811025
0
LINE
8
BLACK
6
CONTINUOUS
10
2.5529035433070866
20
-3.2990705511811025
11
2.5492311417322835
21
-3.2983400787401576
0
LINE
8
BLACK
6
CONTINUOUS
10
2.5492311417322835
20
-3.2983400787401576
11
2.5461178346456692
21
-3.2962598031496064
0
LINE
8
BLACK
6
CONTINUOUS
10
2.5461178346456692
20
-3.2962598031496064
11
2.5440375590551181
21
-3.2931464960629921
0
LINE
8
BLACK
6
CONTINUOUS
10
2.5440375590551181
20
-3.2931464960629921
11
2.5433070866141732
21
-3.2894740944881891
0
LINE
8
BLACK
6
CONTINUOUS
10
2.5433070866141732
20
-3.2894740944881891
11
2.5433070866141732
21
-3.2702811811023622
0
LINE
8
BLACK
6
CONTINUOUS
10
2.5433070866141732
20
-3.2702811811023622
11
2.5440375590551181
21
-3.2666087795275591
0
LINE
8
BLACK
6
CONTINUOUS
10
2.5440375590551181
20
-3.2666087795275591
11
2.5461178346456692
21
-3.2634954724409448
0
LINE
8
BLACK
6
CONTINUOUS
10
2.5461178346456692
20
-3.2634954724409448
11
2.5492311417322835
21
-3.2614151968503937
0
LINE
8
BLACK
6
CONTINUOUS
10
2.5492311417322835
20
-3.2614151968503937
11
2.5529035433070866
21
-3.2606847244094488
0
LINE
8
BLACK
6
CONTINUOUS
10
2.5529035433070866
20
-3.2606847244094488
11
2.5888287401574801
21
-3.2606847244094488
0
LINE
8
BLACK
6
CONTINUOUS
10
2.5888287401574801
20
-3.2606847244094488
11
2.5925011417322832
21
-3.2614151968503937
0
LINE
8
BLACK
6
CONTINUOUS
10
2.1698803937007876
20
-3.2457342913385827
11
2.1726744094488191
21
-3.247601181102362
0
LINE
8
BLACK
6
CONTINUOUS
10
2.1726744094488191
20
-3.247601181102362
11
2.1745412992125983
21
-3.2503951968503935
0
LINE
8
BLACK
6
CONTINUOUS
10
2.1745412992125983
20
-3.2503951968503935
11
2.1751968503937009
21
-3.2536909448818898
0
LINE
8
BLACK
6
CONTINUOUS
10
2.1751968503937009
20
-3.2536909448818898
11
2.1751968503937009
21
-3.2738681102362204
0
LINE
8
BLACK
6
CONTINUOUS
10
2.1751968503937009
20
-3.2738681102362204
11
2.1745412992125983
21
-3.2771638582677163
0
LINE
8
BLACK
6
CONTINUOUS
10
2.1745412992125983
20
-3.2771638582677163
11
2.1726744094488191
21
-3.2799578740157478
0
LINE
8
BLACK
6
CONTINUOUS
10
2.1726744094488191
20
-3.2799578740157478
11
2.1698803937007876
21
-3.2818247637795275
0
LINE
8
BLACK
6
CONTINUOUS
10
2.1698803937007876
20
-3.2818247637795275
11
2.1665846456692912
21
-3.2824803149606296
0
LINE
8
BLACK
6
CONTINUOUS
10
2.1665846456692912
20
-3.2824803149606296
11
2.1493602362204722
21
-3.2824803149606296
0
LINE
8
BLACK
6
CONTINUOUS
10
2.1493602362204722
20
-3.2824803149606296
11
2.1460644881889763
21
-3.2818247637795275
0
LINE
8
BLACK
6
CONTINUOUS
10
2.1460644881889763
20
-3.2818247637795275
11
2.1432704724409448
21
-3.2799578740157478
0
LINE
8
BLACK
6
CONTINUOUS
10
2.1432704724409448
20
-3.2799578740157478
11
2.1414035826771651
21
-3.2771638582677163
0
LINE
8
BLACK
6
CONTINUOUS
10
2.1414035826771651
20
-3.2771638582677163
11
2.140748031496063
21
-3.2738681102362204
0
LINE
8
BLACK
6
CONTINUOUS
10
2.140748031496063
20
-3.2738681102362204
11
2.140748031496063
21
-3.2536909448818898
0
LINE
8
BLACK
6
CONTINUOUS
10
2.140748031496063
20
-3.2536909448818898
11
2.1414035826771651
21
-3.2503951968503935
0
LINE
8
BLACK
6
CONTINUOUS
10
2.1414035826771651
20
-3.2503951968503935
11
2.1432704724409448
21
-3.247601181102362
0
LINE
8
BLACK
6
CONTINUOUS
10
2.1432704724409448
20
-3.247601181102362
11
2.1460644881889763
21
-3.2457342913385827
0
LINE
8
BLACK
6
CONTINUOUS
10
2.1460644881889763
20
-3.2457342913385827
11
2.1493602362204722
21
-3.2450787401574801
0
LINE
8
BLACK
6
CONTINUOUS
10
2.1493602362204722
20
-3.2450787401574801
11
2.1665846456692912
21
-3.2450787401574801
0
LINE
8
BLACK
6
CONTINUOUS
10
2.1665846456692912
20
-3.2450787401574801
11
2.1698803937007876
21
-3.2457342913385827
0
LINE
8
BLACK
6
CONTINUOUS
10
2.2318882677165353
20
-3.2457342913385827
11
2.2346822834645668
21
-3.247601181102362
0
LINE
8
BLACK
6
CONTINUOUS
10
2.2346822834645668
20
-3.247601181102362
11
2.2365491732283465
21
-3.2503951968503935
0
LINE
8
BLACK
6
CONTINUOUS
10
2.2365491732283465
20
-3.2503951968503935
11
2.2372047244094486
21
-3.2536909448818898
0
LINE
8
BLACK
6
CONTINUOUS
10
2.2372047244094486
20
-3.2536909448818898
11
2.2372047244094486
21
-3.2738681102362204
0
LINE
8
BLACK
6
CONTINUOUS
10
2.2372047244094486
20
-3.2738681102362204
11
2.2365491732283465
21
-3.2771638582677163
0
LINE
8
BLACK
6
CONTINUOUS
10
2.2365491732283465
20
-3.2771638582677163
11
2.2346822834645668
21
-3.2799578740157478
0
LINE
8
BLACK
6
CONTINUOUS
10
2.2346822834645668
20
-3.2799578740157478
11
2.2318882677165353
21
-3.2818247637795275
0
LINE
8
BLACK
6
CONTINUOUS
10
2.2318882677165353
20
-3.2818247637795275
11
2.2285925196850394
21
-3.2824803149606296
0
LINE
8
BLACK
6
CONTINUOUS
10
2.2285925196850394
20
-3.2824803149606296
11
2.2113681102362204
21
-3.2824803149606296
0
LINE
8
BLACK
6
CONTINUOUS
10
2.2113681102362204
20
-3.2824803149606296
11
2.2080723622047245
21
-3.2818247637795275
0
LINE
8
BLACK
6
CONTINUOUS
10
2.2080723622047245
20
-3.2818247637795275
11
2.205278346456693
21
-3.2799578740157478
0
LINE
8
BLACK
6
CONTINUOUS
10
2.205278346456693
20
-3.2799578740157478
11
2.2034114566929133
21
-3.2771638582677163
0
LINE
8
BLACK
6
CONTINUOUS
10
2.2034114566929133
20
-3.2771638582677163
11
2.2027559055118111
21
-3.2738681102362204
0
LINE
8
BLACK
6
CONTINUOUS
10
2.2027559055118111
20
-3.2738681102362204
11
2.2027559055118111
21
-3.2536909448818898
0
LINE
8
BLACK
6
CONTINUOUS
10
2.2027559055118111
20
-3.2536909448818898
11
2.2034114566929133
21
-3.2503951968503935
0
LINE
8
BLACK
6
CONTINUOUS
10
2.2034114566929133
20
-3.2503951968503935
11
2.205278346456693
21
-3.247601181102362
0
LINE
8
BLACK
6
CONTINUOUS
10
2.205278346456693
20
-3.247601181102362
11
2.2080723622047245
21
-3.2457342913385827
0
LINE
8
BLACK
6
CONTINUOUS
10
2.2080723622047245
20
-3.2457342913385827
11
2.2113681102362204
21
-3.2450787401574801
0
LINE
8
BLACK
6
CONTINUOUS
10
2.2113681102362204
20
-3.2450787401574801
11
2.2285925196850394
21
-3.2450787401574801
0
LINE
8
BLACK
6
CONTINUOUS
10
2.2285925196850394
20
-3.2450787401574801
11
2.2318882677165353
21
-3.2457342913385827
0
LINE
8
BLACK
6
CONTINUOUS
10
2.75
20
-3.2784012598425196
11
2.7145669291338583
21
-3.2784012598425196
0
LINE
8
BLACK
6
CONTINUOUS
10
2.7145669291338583
20
-3.2784012598425196
11
2.7145669291338583
21
-3.2469051968503937
0
LINE
8
BLACK
6
CONTINUOUS
10
2.7145669291338583
20
-3.2469051968503937
11
2.75
21
-3.2469051968503937
0
LINE
8
BLACK
6
CONTINUOUS
10
2.75
20
-3.2469051968503937
11
2.75
21
-3.2784012598425196
0
LINE
8
BLACK
6
CONTINUOUS
10
2.8942898425196848
20
-3.210301220472441
11
2.8970838582677163
21
-3.2121681102362203
0
LINE
8
BLACK
6
CONTINUOUS
10
2.8970838582677163
20
-3.2121681102362203
11
2.898950748031496
21
-3.2149621259842518
0
LINE
8
BLACK
6
CONTINUOUS
10
2.898950748031496
20
-3.2149621259842518
11
2.8996062992125982
21
-3.2182578740157481
0
LINE
8
BLACK
6
CONTINUOUS
10
2.8996062992125982
20
-3.2182578740157481
11
2.8996062992125982
21
-3.2384350393700787
0
LINE
8
BLACK
6
CONTINUOUS
10
2.8996062992125982
20
-3.2384350393700787
11
2.898950748031496
21
-3.2417307874015746
0
LINE
8
BLACK
6
CONTINUOUS
10
2.898950748031496
20
-3.2417307874015746
11
2.8970838582677163
21
-3.2445248031496061
0
LINE
8
BLACK
6
CONTINUOUS
10
2.8970838582677163
20
-3.2445248031496061
11
2.8942898425196848
21
-3.2463916929133858
0
LINE
8
BLACK
6
CONTINUOUS
10
2.8942898425196848
20
-3.2463916929133858
11
2.8909940944881889
21
-3.247047244094488
0
LINE
8
BLACK
6
CONTINUOUS
10
2.8909940944881889
20
-3.247047244094488
11
2.8737696850393699
21
-3.247047244094488
0
LINE
8
BLACK
6
CONTINUOUS
10
2.8737696850393699
20
-3.247047244094488
11
2.870473937007874
21
-3.2463916929133858
0
LINE
8
BLACK
6
CONTINUOUS
10
2.870473937007874
20
-3.2463916929133858
11
2.8676799212598425
21
-3.2445248031496061
0
LINE
8
BLACK
6
CONTINUOUS
10
2.8676799212598425
20
-3.2445248031496061
11
2.8658130314960628
21
-3.2417307874015746
0
LINE
8
BLACK
6
CONTINUOUS
10
2.8658130314960628
20
-3.2417307874015746
11
2.8651574803149606
21
-3.2384350393700787
0
LINE
8
BLACK
6
CONTINUOUS
10
2.8651574803149606
20
-3.2384350393700787
11
2.8651574803149606
21
-3.2182578740157481
0
LINE
8
BLACK
6
CONTINUOUS
10
2.8651574803149606
20
-3.2182578740157481
11
2.8658130314960628
21
-3.2149621259842518
0
LINE
8
BLACK
6
CONTINUOUS
10
2.8658130314960628
20
-3.2149621259842518
11
2.8676799212598425
21
-3.2121681102362203
0
LINE
8
BLACK
6
CONTINUOUS
10
2.8676799212598425
20
-3.2121681102362203
11
2.870473937007874
21
-3.210301220472441
0
LINE
8
BLACK
6
CONTINUOUS
10
2.870473937007874
20
-3.210301220472441
11
2.8737696850393699
21
-3.2096456692913384
0
LINE
8
BLACK
6
CONTINUOUS
10
2.8737696850393699
20
-3.2096456692913384
11
2.8909940944881889
21
-3.2096456692913384
0
LINE
8
BLACK
6
CONTINUOUS
10
2.8909940944881889
20
-3.2096456692913384
11
2.8942898425196848
21
-3.210301220472441
0
LINE
8
BLACK
6
CONTINUOUS
10
2.9562977165354329
20
-3.210301220472441
11
2.9590917322834644
21
-3.2121681102362203
0
LINE
8
BLACK
6
CONTINUOUS
10
2.9590917322834644
20
-3.2121681102362203
11
2.9609586220472441
21
-3.2149621259842518
0
LINE
8
BLACK
6
CONTINUOUS
10
2.9609586220472441
20
-3.2149621259842518
11
2.9616141732283463
21
-3.2182578740157481
0
LINE
8
BLACK
6
CONTINUOUS
10
2.9616141732283463
20
-3.2182578740157481
11
2.9616141732283463
21
-3.2384350393700787
0
LINE
8
BLACK
6
CONTINUOUS
10
2.9616141732283463
20
-3.2384350393700787
11
2.9609586220472441
21
-3.2417307874015746
0
LINE
8
BLACK
6
CONTINUOUS
10
2.9609586220472441
20
-3.2417307874015746
11
2.9590917322834644
21
-3.2445248031496061
0
LINE
8
BLACK
6
CONTINUOUS
10
2.9590917322834644
20
-3.2445248031496061
11
2.9562977165354329
21
-3.2463916929133858
0
LINE
8
BLACK
6
CONTINUOUS
10
2.9562977165354329
20
-3.2463916929133858
11
2.953001968503937
21
-3.247047244094488
0
LINE
8
BLACK
6
CONTINUOUS
10
2.953001968503937
20
-3.247047244094488
11
2.9357775590551181
21
-3.247047244094488
0
LINE
8
BLACK
6
CONTINUOUS
10
2.9357775590551181
20
-3.247047244094488
11
2.9324818110236222
21
-3.2463916929133858
0
LINE
8
BLACK
6
CONTINUOUS
10
2.9324818110236222
20
-3.2463916929133858
11
2.9296877952755906
21
-3.2445248031496061
0
LINE
8
BLACK
6
CONTINUOUS
10
2.9296877952755906
20
-3.2445248031496061
11
2.927820905511811
21
-3.2417307874015746
0
LINE
8
BLACK
6
CONTINUOUS
10
2.927820905511811
20
-3.2417307874015746
11
2.9271653543307088
21
-3.2384350393700787
0
LINE
8
BLACK
6
CONTINUOUS
10
2.9271653543307088
20
-3.2384350393700787
11
2.9271653543307088
21
-3.2182578740157481
0
LINE
8
BLACK
6
CONTINUOUS
10
2.9271653543307088
20
-3.2182578740157481
11
2.927820905511811
21
-3.2149621259842518
0
LINE
8
BLACK
6
CONTINUOUS
10
2.927820905511811
20
-3.2149621259842518
11
2.9296877952755906
21
-3.2121681102362203
0
LINE
8
BLACK
6
CONTINUOUS
10
2.9296877952755906
20
-3.2121681102362203
11
2.9324818110236222
21
-3.210301220472441
0
LINE
8
BLACK
6
CONTINUOUS
10
2.9324818110236222
20
-3.210301220472441
11
2.9357775590551181
21
-3.2096456692913384
0
LINE
8
BLACK
6
CONTINUOUS
10
2.9357775590551181
20
-3.2096456692913384
11
2.953001968503937
21
-3.2096456692913384
0
LINE
8
BLACK
6
CONTINUOUS
10
2.953001968503937
20
-3.2096456692913384
11
2.9562977165354329
21
-3.210301220472441
0
LINE
8
BLACK
6
CONTINUOUS
10
3.079724409448819
20
-3.2450787401574801
11
3.0698818897637796
21
-3.2450787401574801
0
LINE
8
BLACK
6
CONTINUOUS
10
3.0698818897637796
20
-3.2450787401574801
11
3.0698818897637796
21
-3.2194881889763778
0
LINE
8
BLACK
6
CONTINUOUS
10
3.0698818897637796
20
-3.2194881889763778
11
3.079724409448819
21
-3.2194881889763778
0
LINE
8
BLACK
6
CONTINUOUS
10
3.079724409448819
20
-3.2194881889763778
11
3.079724409448819
21
-3.2450787401574801
0
LINE
8
BLACK
6
CONTINUOUS
10
3.0570866141732282
20
-3.2352362204724407
11
3.0295275590551181
21
-3.2352362204724407
0
LINE
8
BLACK
6
CONTINUOUS
10
3.0295275590551181
20
-3.2352362204724407
11
3.0295275590551181
21
-3.2175196850393699
0
LINE
8
BLACK
6
CONTINUOUS
10
3.0295275590551181
20
-3.2175196850393699
11
3.0570866141732282
21
-3.2175196850393699
0
LINE
8
BLACK
6
CONTINUOUS
10
3.0570866141732282
20
-3.2175196850393699
11
3.0570866141732282
21
-3.2352362204724407
0
LINE
8
BLACK
6
CONTINUOUS
10
3.1200787401574801
20
-3.2352362204724407
11
3.0925196850393699
21
-3.2352362204724407
0
LINE
8
BLACK
6
CONTINUOUS
10
3.0925196850393699
20
-3.2352362204724407
11
3.0925196850393699
21
-3.2175196850393699
0
LINE
8
BLACK
6
CONTINUOUS
10
3.0925196850393699
20
-3.2175196850393699
11
3.1200787401574801
21
-3.2175196850393699
0
LINE
8
BLACK
6
CONTINUOUS
10
3.1200787401574801
20
-3.2175196850393699
11
3.1200787401574801
21
-3.2352362204724407
0
LINE
8
BLACK
6
CONTINUOUS
10
2.4940759448818897
20
-3.1875962992125983
11
2.4971892519685039
21
-3.1896765748031495
0
LINE
8
BLACK
6
CONTINUOUS
10
2.4971892519685039
20
-3.1896765748031495
11
2.4992695275590551
21
-3.1927898818897638
0
LINE
8
BLACK
6
CONTINUOUS
10
2.4992695275590551
20
-3.1927898818897638
11
2.5
21
-3.1964622834645668
0
LINE
8
BLACK
6
CONTINUOUS
10
2.5
20
-3.1964622834645668
11
2.5
21
-3.2156551968503937
0
LINE
8
BLACK
6
CONTINUOUS
10
2.5
20
-3.2156551968503937
11
2.4992695275590551
21
-3.2193275984251968
0
LINE
8
BLACK
6
CONTINUOUS
10
2.4992695275590551
20
-3.2193275984251968
11
2.4971892519685039
21
-3.2224409055118111
0
LINE
8
BLACK
6
CONTINUOUS
10
2.4971892519685039
20
-3.2224409055118111
11
2.4940759448818897
21
-3.2245211811023622
0
LINE
8
BLACK
6
CONTINUOUS
10
2.4940759448818897
20
-3.2245211811023622
11
2.4904035433070866
21
-3.2252516535433071
0
LINE
8
BLACK
6
CONTINUOUS
10
2.4904035433070866
20
-3.2252516535433071
11
2.454478346456693
21
-3.2252516535433071
0
LINE
8
BLACK
6
CONTINUOUS
10
2.454478346456693
20
-3.2252516535433071
11
2.4508059448818895
21
-3.2245211811023622
0
LINE
8
BLACK
6
CONTINUOUS
10
2.4508059448818895
20
-3.2245211811023622
11
2.4476926377952757
21
-3.2224409055118111
0
LINE
8
BLACK
6
CONTINUOUS
10
2.4476926377952757
20
-3.2224409055118111
11
2.4456123622047246
21
-3.2193275984251968
0
LINE
8
BLACK
6
CONTINUOUS
10
2.4456123622047246
20
-3.2193275984251968
11
2.4448818897637796
21
-3.2156551968503937
0
LINE
8
BLACK
6
CONTINUOUS
10
2.4448818897637796
20
-3.2156551968503937
11
2.4448818897637796
21
-3.1964622834645668
0
LINE
8
BLACK
6
CONTINUOUS
10
2.4448818897637796
20
-3.1964622834645668
11
2.4456123622047246
21
-3.1927898818897638
0
LINE
8
BLACK
6
CONTINUOUS
10
2.4456123622047246
20
-3.1927898818897638
11
2.4476926377952757
21
-3.1896765748031495
0
LINE
8
BLACK
6
CONTINUOUS
10
2.4476926377952757
20
-3.1896765748031495
11
2.4508059448818895
21
-3.1875962992125983
0
LINE
8
BLACK
6
CONTINUOUS
10
2.4508059448818895
20
-3.1875962992125983
11
2.454478346456693
21
-3.1868658267716534
0
LINE
8
BLACK
6
CONTINUOUS
10
2.454478346456693
20
-3.1868658267716534
11
2.4904035433070866
21
-3.1868658267716534
0
LINE
8
BLACK
6
CONTINUOUS
10
2.4904035433070866
20
-3.1868658267716534
11
2.4940759448818897
21
-3.1875962992125983
0
LINE
8
BLACK
6
CONTINUOUS
10
2.5925011417322832
20
-3.1875962992125983
11
2.5956144488188975
21
-3.1896765748031495
0
LINE
8
BLACK
6
CONTINUOUS
10
2.5956144488188975
20
-3.1896765748031495
11
2.5976947244094486
21
-3.1927898818897638
0
LINE
8
BLACK
6
CONTINUOUS
10
2.5976947244094486
20
-3.1927898818897638
11
2.5984251968503935
21
-3.1964622834645668
0
LINE
8
BLACK
6
CONTINUOUS
10
2.5984251968503935
20
-3.1964622834645668
11
2.5984251968503935
21
-3.2156551968503937
0
LINE
8
BLACK
6
CONTINUOUS
10
2.5984251968503935
20
-3.2156551968503937
11
2.5976947244094486
21
-3.2193275984251968
0
LINE
8
BLACK
6
CONTINUOUS
10
2.5976947244094486
20
-3.2193275984251968
11
2.5956144488188975
21
-3.2224409055118111
0
LINE
8
BLACK
6
CONTINUOUS
10
2.5956144488188975
20
-3.2224409055118111
11
2.5925011417322832
21
-3.2245211811023622
0
LINE
8
BLACK
6
CONTINUOUS
10
2.5925011417322832
20
-3.2245211811023622
11
2.5888287401574801
21
-3.2252516535433071
0
LINE
8
BLACK
6
CONTINUOUS
10
2.5888287401574801
20
-3.2252516535433071
11
2.5529035433070866
21
-3.2252516535433071
0
LINE
8
BLACK
6
CONTINUOUS
10
2.5529035433070866
20
-3.2252516535433071
11
2.5492311417322835
21
-3.2245211811023622
0
LINE
8
BLACK
6
CONTINUOUS
10
2.5492311417322835
20
-3.2245211811023622
11
2.5461178346456692
21
-3.2224409055118111
0
LINE
8
BLACK
6
CONTINUOUS
10
2.5461178346456692
20
-3.2224409055118111
11
2.5440375590551181
21
-3.2193275984251968
0
LINE
8
BLACK
6
CONTINUOUS
10
2.5440375590551181
20
-3.2193275984251968
11
2.5433070866141732
21
-3.2156551968503937
0
LINE
8
BLACK
6
CONTINUOUS
10
2.5433070866141732
20
-3.2156551968503937
11
2.5433070866141732
21
-3.1964622834645668
0
LINE
8
BLACK
6
CONTINUOUS
10
2.5433070866141732
20
-3.1964622834645668
11
2.5440375590551181
21
-3.1927898818897638
0
LINE
8
BLACK
6
CONTINUOUS
10
2.5440375590551181
20
-3.1927898818897638
11
2.5461178346456692
21
-3.1896765748031495
0
LINE
8
BLACK
6
CONTINUOUS
10
2.5461178346456692
20
-3.1896765748031495
11
2.5492311417322835
21
-3.1875962992125983
0
LINE
8
BLACK
6
CONTINUOUS
10
2.5492311417322835
20
-3.1875962992125983
11
2.5529035433070866
21
-3.1868658267716534
0
LINE
8
BLACK
6
CONTINUOUS
10
2.5529035433070866
20
-3.1868658267716534
11
2.5888287401574801
21
-3.1868658267716534
0
LINE
8
BLACK
6
CONTINUOUS
10
2.5888287401574801
20
-3.1868658267716534
11
2.5925011417322832
21
-3.1875962992125983
0
LINE
8
BLACK
6
CONTINUOUS
10
3.0590551181102361
20
-3.1988188976377954
11
3.0275590551181102
21
-3.1988188976377954
0
LINE
8
BLACK
6
CONTINUOUS
10
3.0275590551181102
20
-3.1988188976377954
11
3.0275590551181102
21
-3.1870078740157481
0
LINE
8
BLACK
6
CONTINUOUS
10
3.0275590551181102
20
-3.1870078740157481
11
3.0590551181102361
21
-3.1870078740157481
0
LINE
8
BLACK
6
CONTINUOUS
10
3.0590551181102361
20
-3.1870078740157481
11
3.0590551181102361
21
-3.1988188976377954
0
LINE
8
BLACK
6
CONTINUOUS
10
3.122047244094488
20
-3.1988188976377954
11
3.090551181102362
21
-3.1988188976377954
0
LINE
8
BLACK
6
CONTINUOUS
10
3.090551181102362
20
-3.1988188976377954
11
3.090551181102362
21
-3.1870078740157481
0
LINE
8
BLACK
6
CONTINUOUS
10
3.090551181102362
20
-3.1870078740157481
11
3.122047244094488
21
-3.1870078740157481
0
LINE
8
BLACK
6
CONTINUOUS
10
3.122047244094488
20
-3.1870078740157481
11
3.122047244094488
21
-3.1988188976377954
0
LINE
8
BLACK
6
CONTINUOUS
10
3.0570866141732282
20
-3.1683070866141732
11
3.0295275590551181
21
-3.1683070866141732
0
LINE
8
BLACK
6
CONTINUOUS
10
3.0295275590551181
20
-3.1683070866141732
11
3.0295275590551181
21
-3.1505905511811023
0
LINE
8
BLACK
6
CONTINUOUS
10
3.0295275590551181
20
-3.1505905511811023
11
3.0570866141732282
21
-3.1505905511811023
0
LINE
8
BLACK
6
CONTINUOUS
10
3.0570866141732282
20
-3.1505905511811023
11
3.0570866141732282
21
-3.1683070866141732
0
LINE
8
BLACK
6
CONTINUOUS
10
3.1200787401574801
20
-3.1683070866141732
11
3.0925196850393699
21
-3.1683070866141732
0
LINE
8
BLACK
6
CONTINUOUS
10
3.0925196850393699
20
-3.1683070866141732
11
3.0925196850393699
21
-3.1505905511811023
0
LINE
8
BLACK
6
CONTINUOUS
10
3.0925196850393699
20
-3.1505905511811023
11
3.1200787401574801
21
-3.1505905511811023
0
LINE
8
BLACK
6
CONTINUOUS
10
3.1200787401574801
20
-3.1505905511811023
11
3.1200787401574801
21
-3.1683070866141732
0
LINE
8
BLACK
6
CONTINUOUS
10
3.079724409448819
20
-3.1663385826771653
11
3.0698818897637796
21
-3.1663385826771653
0
LINE
8
BLACK
6
CONTINUOUS
10
3.0698818897637796
20
-3.1663385826771653
11
3.0698818897637796
21
-3.140748031496063
0
LINE
8
BLACK
6
CONTINUOUS
10
3.0698818897637796
20
-3.140748031496063
11
3.079724409448819
21
-3.140748031496063
0
LINE
8
BLACK
6
CONTINUOUS
10
3.079724409448819
20
-3.140748031496063
11
3.079724409448819
21
-3.1663385826771653
  0
ENDSEC
  0
EOF
