  0
SECTION
  2
HEADER
  9
$ANGBASE
  50
0.0
  9
$ANGDIR
  70
1
  9
$MEASUREMENT
  70
0
  0
ENDSEC
  0
SECTION
  2
TABLES
  0
TABLE
  2
LTYPE
  70
4
  0
LTYPE
  5
40F
  2
CONTINUOUS
  70
0
  3
Solid line
  72
65
  73
0
  40
0.0
  0
LTYPE
  5
410
  2
DASHDOT
 70
0
  3
Dash Dot ____ _ ____ _
 72
65
 73
4
 40
2.0
 49
1.25
 49
-0.25
 49
0.25
 49
-0.25
  0
LTYPE
  5
411
  2
DASHED
 70
0
  3
Dashed __ __ __ __ __
 72
65
 73
2
 40
0.75
 49
0.5
 49
-0.25
  0
LTYPE
  5
43B
  2
DOTTED
 70
0
  3
Dotted .  .  .  .
 72
65
 73
2
 40
0.2
 49
0.0
 49
-0.2
  0
ENDTAB
  0
TABLE
  2
STYLE
  70
4
  0
STYLE
  2
KICAD
  70
0
  40
0
  41
1
  42
1
  50
0
  71
0
  3
isocp.shx
  0
STYLE
  2
KICADB
  70
0
  40
0
  41
1
  42
1
  50
0
  71
0
  3
isocp.shx
  0
STYLE
  2
KICADI
  70
0
  40
0
  41
1
  42
1
  50
15
  71
0
  3
isocp.shx
  0
STYLE
  2
KICADBI
  70
0
  40
0
  41
1
  42
1
  50
15
  71
0
  3
isocp.shx
  0
ENDTAB
  0
TABLE
  2
LAYER
  70
1
  0
LAYER
  2
BLACK
  70
0
  62
7
  6
CONTINUOUS
  0
ENDTAB
  0
ENDSEC
  0
SECTION
  2
ENTITIES
0
LINE
8
BLACK
6
CONTINUOUS
10
4.6474879527559052
20
-4.081314527559055
11
4.6476377952755907
21
-4.0820678346456694
0
LINE
8
BLACK
6
CONTINUOUS
10
4.6476377952755907
20
-4.0820678346456694
11
4.6476377952755907
21
-4.7951049606299208
0
LINE
8
BLACK
6
CONTINUOUS
10
4.6476377952755907
20
-4.7951049606299208
11
4.6670106299212595
21
-4.757890118110236
0
LINE
8
BLACK
6
CONTINUOUS
10
4.6670106299212595
20
-4.757890118110236
11
4.6674913779527554
21
-4.7572911023622044
0
LINE
8
BLACK
6
CONTINUOUS
10
4.6674913779527554
20
-4.7572911023622044
11
4.6689283070866141
21
-4.7568380708661415
0
LINE
8
BLACK
6
CONTINUOUS
10
4.6689283070866141
20
-4.7568380708661415
11
4.6702646850393696
21
-4.7575337401574807
0
LINE
8
BLACK
6
CONTINUOUS
10
4.6702646850393696
20
-4.7575337401574807
11
4.6707177559055113
21
-4.7589706299212597
0
LINE
8
BLACK
6
CONTINUOUS
10
4.6707177559055113
20
-4.7589706299212597
11
4.6705027952755902
21
-4.7597080314960625
0
LINE
8
BLACK
6
CONTINUOUS
10
4.6705027952755902
20
-4.7597080314960625
11
4.6489133070866142
21
-4.8011811023622046
0
LINE
8
BLACK
6
CONTINUOUS
10
4.6489133070866142
20
-4.8011811023622046
11
4.6687566929133855
21
-4.8011811023622046
0
LINE
8
BLACK
6
CONTINUOUS
10
4.6687566929133855
20
-4.8011811023622046
11
4.6695099999999998
21
-4.8013309448818893
0
LINE
8
BLACK
6
CONTINUOUS
10
4.6695099999999998
20
-4.8013309448818893
11
4.6705753543307083
21
-4.8023962992125986
0
LINE
8
BLACK
6
CONTINUOUS
10
4.6705753543307083
20
-4.8023962992125986
11
4.6705753543307083
21
-4.8039029133858264
0
LINE
8
BLACK
6
CONTINUOUS
10
4.6705753543307083
20
-4.8039029133858264
11
4.6695099999999998
21
-4.8049682677165357
0
LINE
8
BLACK
6
CONTINUOUS
10
4.6695099999999998
20
-4.8049682677165357
11
4.6687566929133855
21
-4.8051181102362204
0
LINE
8
BLACK
6
CONTINUOUS
10
4.6687566929133855
20
-4.8051181102362204
11
4.5472440944881889
21
-4.8051181102362204
0
LINE
8
BLACK
6
CONTINUOUS
10
4.5472440944881889
20
-4.8051181102362204
11
4.5464907874015745
21
-4.8049682677165357
0
LINE
8
BLACK
6
CONTINUOUS
10
4.5464907874015745
20
-4.8049682677165357
11
4.5454254330708661
21
-4.8039029133858264
0
LINE
8
BLACK
6
CONTINUOUS
10
4.5454254330708661
20
-4.8039029133858264
11
4.5454254330708661
21
-4.8023962992125986
0
LINE
8
BLACK
6
CONTINUOUS
10
4.5454254330708661
20
-4.8023962992125986
11
4.5464907874015745
21
-4.8013309448818893
0
LINE
8
BLACK
6
CONTINUOUS
10
4.5464907874015745
20
-4.8013309448818893
11
4.5472440944881889
21
-4.8011811023622046
0
LINE
8
BLACK
6
CONTINUOUS
10
4.5472440944881889
20
-4.8011811023622046
11
4.6424252755905515
21
-4.8011811023622046
0
LINE
8
BLACK
6
CONTINUOUS
10
4.6424252755905515
20
-4.8011811023622046
11
4.6208357480314959
21
-4.7597079921259837
0
LINE
8
BLACK
6
CONTINUOUS
10
4.6208357480314959
20
-4.7597079921259837
11
4.6206208267716535
21
-4.7589706299212597
0
LINE
8
BLACK
6
CONTINUOUS
10
4.6206208267716535
20
-4.7589706299212597
11
4.6210738976377952
21
-4.7575337401574807
0
LINE
8
BLACK
6
CONTINUOUS
10
4.6210738976377952
20
-4.7575337401574807
11
4.6224102755905507
21
-4.7568380314960628
0
LINE
8
BLACK
6
CONTINUOUS
10
4.6224102755905507
20
-4.7568380314960628
11
4.6238471653543307
21
-4.7572911023622044
0
LINE
8
BLACK
6
CONTINUOUS
10
4.6238471653543307
20
-4.7572911023622044
11
4.6243279527559054
21
-4.757890118110236
0
LINE
8
BLACK
6
CONTINUOUS
10
4.6243279527559054
20
-4.757890118110236
11
4.643700787401575
21
-4.7951049999999995
0
LINE
8
BLACK
6
CONTINUOUS
10
4.643700787401575
20
-4.7951049999999995
11
4.643700787401575
21
-4.0820678346456694
0
LINE
8
BLACK
6
CONTINUOUS
10
4.643700787401575
20
-4.0820678346456694
11
4.6438506299212596
21
-4.081314527559055
0
LINE
8
BLACK
6
CONTINUOUS
10
4.6438506299212596
20
-4.081314527559055
11
4.6449159842519681
21
-4.0802491732283466
0
LINE
8
BLACK
6
CONTINUOUS
10
4.6449159842519681
20
-4.0802491732283466
11
4.6464225984251968
21
-4.0802491732283466
0
LINE
8
BLACK
6
CONTINUOUS
10
4.6464225984251968
20
-4.0802491732283466
11
4.6474879527559052
21
-4.081314527559055
0
LINE
8
BLACK
6
CONTINUOUS
10
2.3655121653543305
20
-4.4307386220472438
11
2.3657252362204724
21
-4.4309516929133856
0
LINE
8
BLACK
6
CONTINUOUS
10
2.3657252362204724
20
-4.4309516929133856
11
2.3657252362204724
21
-4.4312530314960625
0
LINE
8
BLACK
6
CONTINUOUS
10
2.3657252362204724
20
-4.4312530314960625
11
2.3655121653543305
21
-4.4314661023622044
0
LINE
8
BLACK
6
CONTINUOUS
10
2.3655121653543305
20
-4.4314661023622044
11
2.3653614960629921
21
-4.4314960629921263
0
LINE
8
BLACK
6
CONTINUOUS
10
2.3653614960629921
20
-4.4314960629921263
11
2.1933142519685038
21
-4.4314960629921263
0
LINE
8
BLACK
6
CONTINUOUS
10
2.1933142519685038
20
-4.4314960629921263
11
2.1931635826771654
21
-4.4314661023622044
0
LINE
8
BLACK
6
CONTINUOUS
10
2.1931635826771654
20
-4.4314661023622044
11
2.1929505118110235
21
-4.4312530314960625
0
LINE
8
BLACK
6
CONTINUOUS
10
2.1929505118110235
20
-4.4312530314960625
11
2.1929505118110235
21
-4.4309516929133856
0
LINE
8
BLACK
6
CONTINUOUS
10
2.1929505118110235
20
-4.4309516929133856
11
2.1931635826771654
21
-4.4307386220472438
0
LINE
8
BLACK
6
CONTINUOUS
10
2.1931635826771654
20
-4.4307386220472438
11
2.1933142519685038
21
-4.4307086614173228
0
LINE
8
BLACK
6
CONTINUOUS
10
2.1933142519685038
20
-4.4307086614173228
11
2.3653614960629921
21
-4.4307086614173228
0
LINE
8
BLACK
6
CONTINUOUS
10
2.3653614960629921
20
-4.4307086614173228
11
2.3655121653543305
21
-4.4307386220472438
0
LINE
8
BLACK
6
CONTINUOUS
10
2.1543079133858267
20
-4.1750461811023625
11
2.1543378740157482
21
-4.1751968503937009
0
LINE
8
BLACK
6
CONTINUOUS
10
2.1543378740157482
20
-4.1751968503937009
11
2.1543378740157482
21
-4.4311023622047241
0
LINE
8
BLACK
6
CONTINUOUS
10
2.1543378740157482
20
-4.4311023622047241
11
2.1543079133858267
21
-4.4312530314960625
0
LINE
8
BLACK
6
CONTINUOUS
10
2.1543079133858267
20
-4.4312530314960625
11
2.1540948425196849
21
-4.4314661023622044
0
LINE
8
BLACK
6
CONTINUOUS
10
2.1540948425196849
20
-4.4314661023622044
11
2.153793503937008
21
-4.4314661023622044
0
LINE
8
BLACK
6
CONTINUOUS
10
2.153793503937008
20
-4.4314661023622044
11
2.1535804330708661
21
-4.4312530314960625
0
LINE
8
BLACK
6
CONTINUOUS
10
2.1535804330708661
20
-4.4312530314960625
11
2.1535504724409447
21
-4.4311023622047241
0
LINE
8
BLACK
6
CONTINUOUS
10
2.1535504724409447
20
-4.4311023622047241
11
2.1535504724409447
21
-4.1751968503937009
0
LINE
8
BLACK
6
CONTINUOUS
10
2.1535504724409447
20
-4.1751968503937009
11
2.1535804330708661
21
-4.1750461811023625
0
LINE
8
BLACK
6
CONTINUOUS
10
2.1535804330708661
20
-4.1750461811023625
11
2.153793503937008
21
-4.1748331102362206
0
LINE
8
BLACK
6
CONTINUOUS
10
2.153793503937008
20
-4.1748331102362206
11
2.1540948425196849
21
-4.1748331102362206
0
LINE
8
BLACK
6
CONTINUOUS
10
2.1540948425196849
20
-4.1748331102362206
11
2.1543079133858267
21
-4.1750461811023625
0
LINE
8
BLACK
6
CONTINUOUS
10
2.3371657086614173
20
-4.4169590944881891
11
2.3373787795275591
21
-4.417172165354331
0
LINE
8
BLACK
6
CONTINUOUS
10
2.3373787795275591
20
-4.417172165354331
11
2.3373787795275591
21
-4.4174735039370079
0
LINE
8
BLACK
6
CONTINUOUS
10
2.3373787795275591
20
-4.4174735039370079
11
2.3371657086614173
21
-4.4176865748031497
0
LINE
8
BLACK
6
CONTINUOUS
10
2.3371657086614173
20
-4.4176865748031497
11
2.3370150393700788
21
-4.4177165354330707
0
LINE
8
BLACK
6
CONTINUOUS
10
2.3370150393700788
20
-4.4177165354330707
11
2.1933142519685038
21
-4.4177165354330707
0
LINE
8
BLACK
6
CONTINUOUS
10
2.1933142519685038
20
-4.4177165354330707
11
2.1931635826771654
21
-4.4176865748031497
0
LINE
8
BLACK
6
CONTINUOUS
10
2.1931635826771654
20
-4.4176865748031497
11
2.1929505118110235
21
-4.4174735039370079
0
LINE
8
BLACK
6
CONTINUOUS
10
2.1929505118110235
20
-4.4174735039370079
11
2.1929505118110235
21
-4.417172165354331
0
LINE
8
BLACK
6
CONTINUOUS
10
2.1929505118110235
20
-4.417172165354331
11
2.1931635826771654
21
-4.4169590944881891
0
LINE
8
BLACK
6
CONTINUOUS
10
2.1931635826771654
20
-4.4169590944881891
11
2.1933142519685038
21
-4.4169291338582672
0
LINE
8
BLACK
6
CONTINUOUS
10
2.1933142519685038
20
-4.4169291338582672
11
2.3370150393700788
21
-4.4169291338582672
0
LINE
8
BLACK
6
CONTINUOUS
10
2.3370150393700788
20
-4.4169291338582672
11
2.3371657086614173
21
-4.4169590944881891
0
LINE
8
BLACK
6
CONTINUOUS
10
2.1739929527559054
20
-4.1892194094488184
11
2.1740229133858269
21
-4.1893700787401578
0
LINE
8
BLACK
6
CONTINUOUS
10
2.1740229133858269
20
-4.1893700787401578
11
2.1740229133858269
21
-4.4169291338582672
0
LINE
8
BLACK
6
CONTINUOUS
10
2.1740229133858269
20
-4.4169291338582672
11
2.1739929527559054
21
-4.4170798031496066
0
LINE
8
BLACK
6
CONTINUOUS
10
2.1739929527559054
20
-4.4170798031496066
11
2.1737798818897636
21
-4.4172928740157476
0
LINE
8
BLACK
6
CONTINUOUS
10
2.1737798818897636
20
-4.4172928740157476
11
2.1734785433070867
21
-4.4172928740157476
0
LINE
8
BLACK
6
CONTINUOUS
10
2.1734785433070867
20
-4.4172928740157476
11
2.1732654724409448
21
-4.4170798031496066
0
LINE
8
BLACK
6
CONTINUOUS
10
2.1732654724409448
20
-4.4170798031496066
11
2.1732355118110234
21
-4.4169291338582672
0
LINE
8
BLACK
6
CONTINUOUS
10
2.1732355118110234
20
-4.4169291338582672
11
2.1732355118110234
21
-4.1893700787401578
0
LINE
8
BLACK
6
CONTINUOUS
10
2.1732355118110234
20
-4.1893700787401578
11
2.1732654724409448
21
-4.1892194094488184
0
LINE
8
BLACK
6
CONTINUOUS
10
2.1732654724409448
20
-4.1892194094488184
11
2.1734785433070867
21
-4.1890063385826775
0
LINE
8
BLACK
6
CONTINUOUS
10
2.1734785433070867
20
-4.1890063385826775
11
2.1737798818897636
21
-4.1890063385826775
0
LINE
8
BLACK
6
CONTINUOUS
10
2.1737798818897636
20
-4.1890063385826775
11
2.1739929527559054
21
-4.1892194094488184
0
LINE
8
BLACK
6
CONTINUOUS
10
2.3655121653543305
20
-4.2063291732283465
11
2.3657252362204724
21
-4.2065422440944884
0
LINE
8
BLACK
6
CONTINUOUS
10
2.3657252362204724
20
-4.2065422440944884
11
2.3657252362204724
21
-4.2068435826771653
0
LINE
8
BLACK
6
CONTINUOUS
10
2.3657252362204724
20
-4.2068435826771653
11
2.3655121653543305
21
-4.2070566535433072
0
LINE
8
BLACK
6
CONTINUOUS
10
2.3655121653543305
20
-4.2070566535433072
11
2.3653614960629921
21
-4.2070866141732282
0
LINE
8
BLACK
6
CONTINUOUS
10
2.3653614960629921
20
-4.2070866141732282
11
2.1937079527559056
21
-4.2070866141732282
0
LINE
8
BLACK
6
CONTINUOUS
10
2.1937079527559056
20
-4.2070866141732282
11
2.1937079527559056
21
-4.3992125984251969
0
LINE
8
BLACK
6
CONTINUOUS
10
2.1937079527559056
20
-4.3992125984251969
11
2.3653614960629921
21
-4.3992125984251969
0
LINE
8
BLACK
6
CONTINUOUS
10
2.3653614960629921
20
-4.3992125984251969
11
2.3655121653543305
21
-4.3992425590551179
0
LINE
8
BLACK
6
CONTINUOUS
10
2.3655121653543305
20
-4.3992425590551179
11
2.3657252362204724
21
-4.3994556299212597
0
LINE
8
BLACK
6
CONTINUOUS
10
2.3657252362204724
20
-4.3994556299212597
11
2.3657252362204724
21
-4.3997569685039366
0
LINE
8
BLACK
6
CONTINUOUS
10
2.3657252362204724
20
-4.3997569685039366
11
2.3655121653543305
21
-4.3999700393700785
0
LINE
8
BLACK
6
CONTINUOUS
10
2.3655121653543305
20
-4.3999700393700785
11
2.3653614960629921
21
-4.3999999999999995
0
LINE
8
BLACK
6
CONTINUOUS
10
2.3653614960629921
20
-4.3999999999999995
11
2.1933142519685038
21
-4.3999999999999995
0
LINE
8
BLACK
6
CONTINUOUS
10
2.1933142519685038
20
-4.3999999999999995
11
2.1931635826771654
21
-4.3999700393700785
0
LINE
8
BLACK
6
CONTINUOUS
10
2.1931635826771654
20
-4.3999700393700785
11
2.1929505118110235
21
-4.3997569685039366
0
LINE
8
BLACK
6
CONTINUOUS
10
2.1929505118110235
20
-4.3997569685039366
11
2.1929205511811025
21
-4.3996062992125982
0
LINE
8
BLACK
6
CONTINUOUS
10
2.1929205511811025
20
-4.3996062992125982
11
2.1929205511811025
21
-4.2066929133858268
0
LINE
8
BLACK
6
CONTINUOUS
10
2.1929205511811025
20
-4.2066929133858268
11
2.1929505118110235
21
-4.2065422440944884
0
LINE
8
BLACK
6
CONTINUOUS
10
2.1929505118110235
20
-4.2065422440944884
11
2.1931635826771654
21
-4.2063291732283465
0
LINE
8
BLACK
6
CONTINUOUS
10
2.1931635826771654
20
-4.2063291732283465
11
2.1933142519685038
21
-4.2062992125984255
0
LINE
8
BLACK
6
CONTINUOUS
10
2.1933142519685038
20
-4.2062992125984255
11
2.3653614960629921
21
-4.2062992125984255
0
LINE
8
BLACK
6
CONTINUOUS
10
2.3653614960629921
20
-4.2062992125984255
11
2.3655121653543305
21
-4.2063291732283465
0
LINE
8
BLACK
6
CONTINUOUS
10
2.3655121653543305
20
-4.2732583070866141
11
2.3657252362204724
21
-4.273471377952756
0
LINE
8
BLACK
6
CONTINUOUS
10
2.3657252362204724
20
-4.273471377952756
11
2.3657252362204724
21
-4.2737727165354329
0
LINE
8
BLACK
6
CONTINUOUS
10
2.3657252362204724
20
-4.2737727165354329
11
2.3655121653543305
21
-4.2739857874015748
0
LINE
8
BLACK
6
CONTINUOUS
10
2.3655121653543305
20
-4.2739857874015748
11
2.3653614960629921
21
-4.2740157480314958
0
LINE
8
BLACK
6
CONTINUOUS
10
2.3653614960629921
20
-4.2740157480314958
11
2.2133929921259843
21
-4.2740157480314958
0
LINE
8
BLACK
6
CONTINUOUS
10
2.2133929921259843
20
-4.2740157480314958
11
2.2133929921259843
21
-4.3322834645669293
0
LINE
8
BLACK
6
CONTINUOUS
10
2.2133929921259843
20
-4.3322834645669293
11
2.3653614960629921
21
-4.3322834645669293
0
LINE
8
BLACK
6
CONTINUOUS
10
2.3653614960629921
20
-4.3322834645669293
11
2.3655121653543305
21
-4.3323134251968503
0
LINE
8
BLACK
6
CONTINUOUS
10
2.3655121653543305
20
-4.3323134251968503
11
2.3657252362204724
21
-4.3325264960629921
0
LINE
8
BLACK
6
CONTINUOUS
10
2.3657252362204724
20
-4.3325264960629921
11
2.3657252362204724
21
-4.332827834645669
0
LINE
8
BLACK
6
CONTINUOUS
10
2.3657252362204724
20
-4.332827834645669
11
2.3655121653543305
21
-4.3330409055118109
0
LINE
8
BLACK
6
CONTINUOUS
10
2.3655121653543305
20
-4.3330409055118109
11
2.3653614960629921
21
-4.3330708661417319
0
LINE
8
BLACK
6
CONTINUOUS
10
2.3653614960629921
20
-4.3330708661417319
11
2.2129992913385825
21
-4.3330708661417319
0
LINE
8
BLACK
6
CONTINUOUS
10
2.2129992913385825
20
-4.3330708661417319
11
2.2128486220472441
21
-4.3330409055118109
0
LINE
8
BLACK
6
CONTINUOUS
10
2.2128486220472441
20
-4.3330409055118109
11
2.2126355511811022
21
-4.332827834645669
0
LINE
8
BLACK
6
CONTINUOUS
10
2.2126355511811022
20
-4.332827834645669
11
2.2126055905511812
21
-4.3326771653543306
0
LINE
8
BLACK
6
CONTINUOUS
10
2.2126055905511812
20
-4.3326771653543306
11
2.2126055905511812
21
-4.2736220472440944
0
LINE
8
BLACK
6
CONTINUOUS
10
2.2126055905511812
20
-4.2736220472440944
11
2.2126355511811022
21
-4.273471377952756
0
LINE
8
BLACK
6
CONTINUOUS
10
2.2126355511811022
20
-4.273471377952756
11
2.2128486220472441
21
-4.2732583070866141
0
LINE
8
BLACK
6
CONTINUOUS
10
2.2128486220472441
20
-4.2732583070866141
11
2.2129992913385825
21
-4.2732283464566931
0
LINE
8
BLACK
6
CONTINUOUS
10
2.2129992913385825
20
-4.2732283464566931
11
2.3653614960629921
21
-4.2732283464566931
0
LINE
8
BLACK
6
CONTINUOUS
10
2.3653614960629921
20
-4.2732283464566931
11
2.3655121653543305
21
-4.2732583070866141
0
LINE
8
BLACK
6
CONTINUOUS
10
2.3655121653543305
20
-4.2929433464566928
11
2.3657252362204724
21
-4.2931564173228347
0
LINE
8
BLACK
6
CONTINUOUS
10
2.3657252362204724
20
-4.2931564173228347
11
2.3657252362204724
21
-4.2934577559055116
0
LINE
8
BLACK
6
CONTINUOUS
10
2.3657252362204724
20
-4.2934577559055116
11
2.3655121653543305
21
-4.2936708267716535
0
LINE
8
BLACK
6
CONTINUOUS
10
2.3655121653543305
20
-4.2936708267716535
11
2.3653614960629921
21
-4.2937007874015745
0
LINE
8
BLACK
6
CONTINUOUS
10
2.3653614960629921
20
-4.2937007874015745
11
2.233078031496063
21
-4.2937007874015745
0
LINE
8
BLACK
6
CONTINUOUS
10
2.233078031496063
20
-4.2937007874015745
11
2.233078031496063
21
-4.3125984251968505
0
LINE
8
BLACK
6
CONTINUOUS
10
2.233078031496063
20
-4.3125984251968505
11
2.3653614960629921
21
-4.3125984251968505
0
LINE
8
BLACK
6
CONTINUOUS
10
2.3653614960629921
20
-4.3125984251968505
11
2.3655121653543305
21
-4.3126283858267715
0
LINE
8
BLACK
6
CONTINUOUS
10
2.3655121653543305
20
-4.3126283858267715
11
2.3657252362204724
21
-4.3128414566929134
0
LINE
8
BLACK
6
CONTINUOUS
10
2.3657252362204724
20
-4.3128414566929134
11
2.3657252362204724
21
-4.3131427952755903
0
LINE
8
BLACK
6
CONTINUOUS
10
2.3657252362204724
20
-4.3131427952755903
11
2.3655121653543305
21
-4.3133558661417322
0
LINE
8
BLACK
6
CONTINUOUS
10
2.3655121653543305
20
-4.3133558661417322
11
2.3653614960629921
21
-4.3133858267716532
0
LINE
8
BLACK
6
CONTINUOUS
10
2.3653614960629921
20
-4.3133858267716532
11
2.2326843307086612
21
-4.3133858267716532
0
LINE
8
BLACK
6
CONTINUOUS
10
2.2326843307086612
20
-4.3133858267716532
11
2.2325336614173228
21
-4.3133558661417322
0
LINE
8
BLACK
6
CONTINUOUS
10
2.2325336614173228
20
-4.3133558661417322
11
2.2323205905511809
21
-4.3131427952755903
0
LINE
8
BLACK
6
CONTINUOUS
10
2.2323205905511809
20
-4.3131427952755903
11
2.2322906299212599
21
-4.3129921259842519
0
LINE
8
BLACK
6
CONTINUOUS
10
2.2322906299212599
20
-4.3129921259842519
11
2.2322906299212599
21
-4.2933070866141732
0
LINE
8
BLACK
6
CONTINUOUS
10
2.2322906299212599
20
-4.2933070866141732
11
2.2323205905511809
21
-4.2931564173228347
0
LINE
8
BLACK
6
CONTINUOUS
10
2.2323205905511809
20
-4.2931564173228347
11
2.2325336614173228
21
-4.2929433464566928
0
LINE
8
BLACK
6
CONTINUOUS
10
2.2325336614173228
20
-4.2929433464566928
11
2.2326843307086612
21
-4.2929133858267718
0
LINE
8
BLACK
6
CONTINUOUS
10
2.2326843307086612
20
-4.2929133858267718
11
2.3653614960629921
21
-4.2929133858267718
0
LINE
8
BLACK
6
CONTINUOUS
10
2.3653614960629921
20
-4.2929133858267718
11
2.3655121653543305
21
-4.2929433464566928
0
LINE
8
BLACK
6
CONTINUOUS
10
2.3371657086614173
20
-4.1886126377952753
11
2.3373787795275591
21
-4.1888257086614171
0
LINE
8
BLACK
6
CONTINUOUS
10
2.3373787795275591
20
-4.1888257086614171
11
2.3373787795275591
21
-4.189127047244094
0
LINE
8
BLACK
6
CONTINUOUS
10
2.3373787795275591
20
-4.189127047244094
11
2.3371657086614173
21
-4.1893401181102359
0
LINE
8
BLACK
6
CONTINUOUS
10
2.3371657086614173
20
-4.1893401181102359
11
2.3370150393700788
21
-4.1893700787401578
0
LINE
8
BLACK
6
CONTINUOUS
10
2.3370150393700788
20
-4.1893700787401578
11
2.1933142519685038
21
-4.1893700787401578
0
LINE
8
BLACK
6
CONTINUOUS
10
2.1933142519685038
20
-4.1893700787401578
11
2.1931635826771654
21
-4.1893401181102359
0
LINE
8
BLACK
6
CONTINUOUS
10
2.1931635826771654
20
-4.1893401181102359
11
2.1929505118110235
21
-4.189127047244094
0
LINE
8
BLACK
6
CONTINUOUS
10
2.1929505118110235
20
-4.189127047244094
11
2.1929505118110235
21
-4.1888257086614171
0
LINE
8
BLACK
6
CONTINUOUS
10
2.1929505118110235
20
-4.1888257086614171
11
2.1931635826771654
21
-4.1886126377952753
0
LINE
8
BLACK
6
CONTINUOUS
10
2.1931635826771654
20
-4.1886126377952753
11
2.1933142519685038
21
-4.1885826771653543
0
LINE
8
BLACK
6
CONTINUOUS
10
2.1933142519685038
20
-4.1885826771653543
11
2.3370150393700788
21
-4.1885826771653543
0
LINE
8
BLACK
6
CONTINUOUS
10
2.3370150393700788
20
-4.1885826771653543
11
2.3371657086614173
21
-4.1886126377952753
0
LINE
8
BLACK
6
CONTINUOUS
10
2.3655121653543305
20
-4.1748331102362206
11
2.3657252362204724
21
-4.1750461811023625
0
LINE
8
BLACK
6
CONTINUOUS
10
2.3657252362204724
20
-4.1750461811023625
11
2.3657252362204724
21
-4.1753475196850394
0
LINE
8
BLACK
6
CONTINUOUS
10
2.3657252362204724
20
-4.1753475196850394
11
2.3655121653543305
21
-4.1755605905511812
0
LINE
8
BLACK
6
CONTINUOUS
10
2.3655121653543305
20
-4.1755605905511812
11
2.3653614960629921
21
-4.1755905511811022
0
LINE
8
BLACK
6
CONTINUOUS
10
2.3653614960629921
20
-4.1755905511811022
11
2.1933142519685038
21
-4.1755905511811022
0
LINE
8
BLACK
6
CONTINUOUS
10
2.1933142519685038
20
-4.1755905511811022
11
2.1931635826771654
21
-4.1755605905511812
0
LINE
8
BLACK
6
CONTINUOUS
10
2.1931635826771654
20
-4.1755605905511812
11
2.1929505118110235
21
-4.1753475196850394
0
LINE
8
BLACK
6
CONTINUOUS
10
2.1929505118110235
20
-4.1753475196850394
11
2.1929505118110235
21
-4.1750461811023625
0
LINE
8
BLACK
6
CONTINUOUS
10
2.1929505118110235
20
-4.1750461811023625
11
2.1931635826771654
21
-4.1748331102362206
0
LINE
8
BLACK
6
CONTINUOUS
10
2.1931635826771654
20
-4.1748331102362206
11
2.1933142519685038
21
-4.1748031496062987
0
LINE
8
BLACK
6
CONTINUOUS
10
2.1933142519685038
20
-4.1748031496062987
11
2.3653614960629921
21
-4.1748031496062987
0
LINE
8
BLACK
6
CONTINUOUS
10
2.3653614960629921
20
-4.1748031496062987
11
2.3655121653543305
21
-4.1748331102362206
0
LINE
8
BLACK
6
CONTINUOUS
10
4.6520926377952758
20
-4.0231353937007874
11
4.6529072834645664
21
-4.0239500393700789
0
LINE
8
BLACK
6
CONTINUOUS
10
4.6529072834645664
20
-4.0239500393700789
11
4.6533481889763779
21
-4.0250144488188973
0
LINE
8
BLACK
6
CONTINUOUS
10
4.6533481889763779
20
-4.0250144488188973
11
4.6534049212598427
21
-4.0255905118110231
0
LINE
8
BLACK
6
CONTINUOUS
10
4.6534049212598427
20
-4.0255905118110231
11
4.6534049212598427
21
-4.0282620472440946
0
LINE
8
BLACK
6
CONTINUOUS
10
4.6534049212598427
20
-4.0282620472440946
11
4.6635755511811023
21
-4.0282620472440946
0
LINE
8
BLACK
6
CONTINUOUS
10
4.6635755511811023
20
-4.0282620472440946
11
4.6641516141732282
21
-4.0283187795275586
0
LINE
8
BLACK
6
CONTINUOUS
10
4.6641516141732282
20
-4.0283187795275586
11
4.6652160236220475
21
-4.0287596850393701
0
LINE
8
BLACK
6
CONTINUOUS
10
4.6652160236220475
20
-4.0287596850393701
11
4.6660306692913389
21
-4.0295743307086616
0
LINE
8
BLACK
6
CONTINUOUS
10
4.6660306692913389
20
-4.0295743307086616
11
4.6664715748031496
21
-4.0306387401574799
0
LINE
8
BLACK
6
CONTINUOUS
10
4.6664715748031496
20
-4.0306387401574799
11
4.6664715748031496
21
-4.0317908661417325
0
LINE
8
BLACK
6
CONTINUOUS
10
4.6664715748031496
20
-4.0317908661417325
11
4.6660306692913389
21
-4.0328552755905509
0
LINE
8
BLACK
6
CONTINUOUS
10
4.6660306692913389
20
-4.0328552755905509
11
4.6652160236220475
21
-4.0336699212598424
0
LINE
8
BLACK
6
CONTINUOUS
10
4.6652160236220475
20
-4.0336699212598424
11
4.6641516141732282
21
-4.0341108267716539
0
LINE
8
BLACK
6
CONTINUOUS
10
4.6641516141732282
20
-4.0341108267716539
11
4.6635755511811023
21
-4.0341675590551178
0
LINE
8
BLACK
6
CONTINUOUS
10
4.6635755511811023
20
-4.0341675590551178
11
4.6534049212598427
21
-4.0341675590551178
0
LINE
8
BLACK
6
CONTINUOUS
10
4.6534049212598427
20
-4.0341675590551178
11
4.6534049212598427
21
-4.0499624409448822
0
LINE
8
BLACK
6
CONTINUOUS
10
4.6534049212598427
20
-4.0499624409448822
11
4.6533761811023622
21
-4.0502539763779524
0
LINE
8
BLACK
6
CONTINUOUS
10
4.6533761811023622
20
-4.0502539763779524
11
4.6533817322834645
21
-4.0503317322834649
0
LINE
8
BLACK
6
CONTINUOUS
10
4.6533817322834645
20
-4.0503317322834649
11
4.6533629921259845
21
-4.0503878346456688
0
LINE
8
BLACK
6
CONTINUOUS
10
4.6533629921259845
20
-4.0503878346456688
11
4.6533481889763779
21
-4.0505385039370081
0
LINE
8
BLACK
6
CONTINUOUS
10
4.6533481889763779
20
-4.0505385039370081
11
4.6531670078740159
21
-4.0509758661417319
0
LINE
8
BLACK
6
CONTINUOUS
10
4.6531670078740159
20
-4.0509758661417319
11
4.6530174015748029
21
-4.0514247244094488
0
LINE
8
BLACK
6
CONTINUOUS
10
4.6530174015748029
20
-4.0514247244094488
11
4.6529478740157479
21
-4.0515048425196847
0
LINE
8
BLACK
6
CONTINUOUS
10
4.6529478740157479
20
-4.0515048425196847
11
4.6529072834645664
21
-4.0516029133858265
0
LINE
8
BLACK
6
CONTINUOUS
10
4.6529072834645664
20
-4.0516029133858265
11
4.6525725196850392
21
-4.0519376377952758
0
LINE
8
BLACK
6
CONTINUOUS
10
4.6525725196850392
20
-4.0519376377952758
11
4.6522625196850393
21
-4.0522951181102362
0
LINE
8
BLACK
6
CONTINUOUS
10
4.6522625196850393
20
-4.0522951181102362
11
4.6521676377952756
21
-4.0523425196850393
0
LINE
8
BLACK
6
CONTINUOUS
10
4.6521676377952756
20
-4.0523425196850393
11
4.6520926377952758
21
-4.0524175590551179
0
LINE
8
BLACK
6
CONTINUOUS
10
4.6520926377952758
20
-4.0524175590551179
11
4.6516551574803149
21
-4.0525987401574799
0
LINE
8
BLACK
6
CONTINUOUS
10
4.6516551574803149
20
-4.0525987401574799
11
4.6512320472440942
21
-4.05281031496063
0
LINE
8
BLACK
6
CONTINUOUS
10
4.6512320472440942
20
-4.05281031496063
11
4.6511262992125983
21
-4.0528177952755904
0
LINE
8
BLACK
6
CONTINUOUS
10
4.6511262992125983
20
-4.0528177952755904
11
4.6510282283464566
21
-4.0528584645669294
0
LINE
8
BLACK
6
CONTINUOUS
10
4.6510282283464566
20
-4.0528584645669294
11
4.6505546850393698
21
-4.0528584645669294
0
LINE
8
BLACK
6
CONTINUOUS
10
4.6505546850393698
20
-4.0528584645669294
11
4.6500828346456693
21
-4.052892007874016
0
LINE
8
BLACK
6
CONTINUOUS
10
4.6500828346456693
20
-4.052892007874016
11
4.6499353149606302
21
-4.0528584645669294
0
LINE
8
BLACK
6
CONTINUOUS
10
4.6499353149606302
20
-4.0528584645669294
11
4.6498761023622048
21
-4.0528584645669294
0
LINE
8
BLACK
6
CONTINUOUS
10
4.6498761023622048
20
-4.0528584645669294
11
4.6498040157480318
21
-4.0528285826771651
0
LINE
8
BLACK
6
CONTINUOUS
10
4.6498040157480318
20
-4.0528285826771651
11
4.6495183858267719
21
-4.0527636614173224
0
LINE
8
BLACK
6
CONTINUOUS
10
4.6495183858267719
20
-4.0527636614173224
11
4.6213969685039373
21
-4.0433898425196846
0
LINE
8
BLACK
6
CONTINUOUS
10
4.6213969685039373
20
-4.0433898425196846
11
4.6208683858267712
21
-4.0431538582677167
0
LINE
8
BLACK
6
CONTINUOUS
10
4.6208683858267712
20
-4.0431538582677167
11
4.6199980314960625
21
-4.0423989763779531
0
LINE
8
BLACK
6
CONTINUOUS
10
4.6199980314960625
20
-4.0423989763779531
11
4.6194828346456696
21
-4.0413685433070867
0
LINE
8
BLACK
6
CONTINUOUS
10
4.6194828346456696
20
-4.0413685433070867
11
4.6194011417322836
21
-4.0402193307086609
0
LINE
8
BLACK
6
CONTINUOUS
10
4.6194011417322836
20
-4.0402193307086609
11
4.6197654724409452
21
-4.0391262992125982
0
LINE
8
BLACK
6
CONTINUOUS
10
4.6197654724409452
20
-4.0391262992125982
11
4.6205203543307087
21
-4.0382559448818895
0
LINE
8
BLACK
6
CONTINUOUS
10
4.6205203543307087
20
-4.0382559448818895
11
4.6215507874015751
21
-4.0377407480314957
0
LINE
8
BLACK
6
CONTINUOUS
10
4.6215507874015751
20
-4.0377407480314957
11
4.6227
21
-4.0376590551181097
0
LINE
8
BLACK
6
CONTINUOUS
10
4.6227
20
-4.0376590551181097
11
4.6232644488188974
21
-4.0377874015748034
0
LINE
8
BLACK
6
CONTINUOUS
10
4.6232644488188974
20
-4.0377874015748034
11
4.6474994094488187
21
-4.0458657086614176
0
LINE
8
BLACK
6
CONTINUOUS
10
4.6474994094488187
20
-4.0458657086614176
11
4.6474994094488187
21
-4.0341675590551178
0
LINE
8
BLACK
6
CONTINUOUS
10
4.6474994094488187
20
-4.0341675590551178
11
4.6373288188976378
21
-4.0341675590551178
0
LINE
8
BLACK
6
CONTINUOUS
10
4.6373288188976378
20
-4.0341675590551178
11
4.6367527559055119
21
-4.0341108267716539
0
LINE
8
BLACK
6
CONTINUOUS
10
4.6367527559055119
20
-4.0341108267716539
11
4.6356883464566927
21
-4.0336699212598424
0
LINE
8
BLACK
6
CONTINUOUS
10
4.6356883464566927
20
-4.0336699212598424
11
4.6348737007874012
21
-4.0328552755905509
0
LINE
8
BLACK
6
CONTINUOUS
10
4.6348737007874012
20
-4.0328552755905509
11
4.6344327952755906
21
-4.0317908661417325
0
LINE
8
BLACK
6
CONTINUOUS
10
4.6344327952755906
20
-4.0317908661417325
11
4.6344327952755906
21
-4.0306387401574799
0
LINE
8
BLACK
6
CONTINUOUS
10
4.6344327952755906
20
-4.0306387401574799
11
4.6348737007874012
21
-4.0295743307086616
0
LINE
8
BLACK
6
CONTINUOUS
10
4.6348737007874012
20
-4.0295743307086616
11
4.6356883464566927
21
-4.0287596850393701
0
LINE
8
BLACK
6
CONTINUOUS
10
4.6356883464566927
20
-4.0287596850393701
11
4.6367527559055119
21
-4.0283187795275586
0
LINE
8
BLACK
6
CONTINUOUS
10
4.6367527559055119
20
-4.0283187795275586
11
4.6373288188976378
21
-4.0282620472440946
0
LINE
8
BLACK
6
CONTINUOUS
10
4.6373288188976378
20
-4.0282620472440946
11
4.6474994094488187
21
-4.0282620472440946
0
LINE
8
BLACK
6
CONTINUOUS
10
4.6474994094488187
20
-4.0282620472440946
11
4.6474994094488187
21
-4.0255905118110231
0
LINE
8
BLACK
6
CONTINUOUS
10
4.6474994094488187
20
-4.0255905118110231
11
4.6475561417322835
21
-4.0250144488188973
0
LINE
8
BLACK
6
CONTINUOUS
10
4.6475561417322835
20
-4.0250144488188973
11
4.6479970472440941
21
-4.0239500393700789
0
LINE
8
BLACK
6
CONTINUOUS
10
4.6479970472440941
20
-4.0239500393700789
11
4.6488116929133856
21
-4.0231353937007874
0
LINE
8
BLACK
6
CONTINUOUS
10
4.6488116929133856
20
-4.0231353937007874
11
4.6498761023622048
21
-4.0226944881889759
0
LINE
8
BLACK
6
CONTINUOUS
10
4.6498761023622048
20
-4.0226944881889759
11
4.6510282283464566
21
-4.0226944881889759
0
LINE
8
BLACK
6
CONTINUOUS
10
4.6510282283464566
20
-4.0226944881889759
11
4.6520926377952758
21
-4.0231353937007874
0
LINE
8
BLACK
6
CONTINUOUS
10
4.6242230314960633
20
-3.9851991732283465
11
4.6247815354330708
21
-3.9851991732283465
0
LINE
8
BLACK
6
CONTINUOUS
10
4.6247815354330708
20
-3.9851991732283465
11
4.6247984645669291
21
-3.9852061811023622
0
LINE
8
BLACK
6
CONTINUOUS
10
4.6247984645669291
20
-3.9852061811023622
11
4.6248167716535429
21
-3.9852064173228348
0
LINE
8
BLACK
6
CONTINUOUS
10
4.6248167716535429
20
-3.9852064173228348
11
4.6253686220472439
21
-3.9853811811023623
0
LINE
8
BLACK
6
CONTINUOUS
10
4.6253686220472439
20
-3.9853811811023623
11
4.6647387007874013
21
-4.0022540551181098
0
LINE
8
BLACK
6
CONTINUOUS
10
4.6647387007874013
20
-4.0022540551181098
11
4.6652458267716534
21
-4.0025331102362207
0
LINE
8
BLACK
6
CONTINUOUS
10
4.6652458267716534
20
-4.0025331102362207
11
4.6660504724409444
21
-4.0033576771653543
0
LINE
8
BLACK
6
CONTINUOUS
10
4.6660504724409444
20
-4.0033576771653543
11
4.6664783464566932
21
-4.0044273622047246
0
LINE
8
BLACK
6
CONTINUOUS
10
4.6664783464566932
20
-4.0044273622047246
11
4.6664643307086617
21
-4.0055793700787401
0
LINE
8
BLACK
6
CONTINUOUS
10
4.6664643307086617
20
-4.0055793700787401
11
4.666010472440945
21
-4.0066383464566933
0
LINE
8
BLACK
6
CONTINUOUS
10
4.666010472440945
20
-4.0066383464566933
11
4.6651859448818893
21
-4.007443031496063
0
LINE
8
BLACK
6
CONTINUOUS
10
4.6651859448818893
20
-4.007443031496063
11
4.6641162598425199
21
-4.0078709055118109
0
LINE
8
BLACK
6
CONTINUOUS
10
4.6641162598425199
20
-4.0078709055118109
11
4.6629642125984248
21
-4.0078568503937007
0
LINE
8
BLACK
6
CONTINUOUS
10
4.6629642125984248
20
-4.0078568503937007
11
4.6624124015748034
21
-4.0076820866141736
0
LINE
8
BLACK
6
CONTINUOUS
10
4.6624124015748034
20
-4.0076820866141736
11
4.627158228346457
21
-3.9925731496062991
0
LINE
8
BLACK
6
CONTINUOUS
10
4.627158228346457
20
-3.9925731496062991
11
4.627158228346457
21
-4.014341889763779
0
LINE
8
BLACK
6
CONTINUOUS
10
4.627158228346457
20
-4.014341889763779
11
4.6271014960629921
21
-4.0149179527559058
0
LINE
8
BLACK
6
CONTINUOUS
10
4.6271014960629921
20
-4.0149179527559058
11
4.6266605905511806
21
-4.0159823622047242
0
LINE
8
BLACK
6
CONTINUOUS
10
4.6266605905511806
20
-4.0159823622047242
11
4.62584594488189
21
-4.0167970078740156
0
LINE
8
BLACK
6
CONTINUOUS
10
4.62584594488189
20
-4.0167970078740156
11
4.6247815354330708
21
-4.0172379133858263
0
LINE
8
BLACK
6
CONTINUOUS
10
4.6247815354330708
20
-4.0172379133858263
11
4.6236294094488191
21
-4.0172379133858263
0
LINE
8
BLACK
6
CONTINUOUS
10
4.6236294094488191
20
-4.0172379133858263
11
4.6225649999999998
21
-4.0167970078740156
0
LINE
8
BLACK
6
CONTINUOUS
10
4.6225649999999998
20
-4.0167970078740156
11
4.6217503543307084
21
-4.0159823622047242
0
LINE
8
BLACK
6
CONTINUOUS
10
4.6217503543307084
20
-4.0159823622047242
11
4.6213094488188977
21
-4.0149179527559058
0
LINE
8
BLACK
6
CONTINUOUS
10
4.6213094488188977
20
-4.0149179527559058
11
4.6212527165354329
21
-4.014341889763779
0
LINE
8
BLACK
6
CONTINUOUS
10
4.6212527165354329
20
-4.014341889763779
11
4.6212527165354329
21
-3.9880951968503937
0
LINE
8
BLACK
6
CONTINUOUS
10
4.6212527165354329
20
-3.9880951968503937
11
4.6213094488188977
21
-3.9875191338582678
0
LINE
8
BLACK
6
CONTINUOUS
10
4.6213094488188977
20
-3.9875191338582678
11
4.621316456692913
21
-3.9875021653543308
0
LINE
8
BLACK
6
CONTINUOUS
10
4.621316456692913
20
-3.9875021653543308
11
4.6213166929133855
21
-3.9874838976377953
0
LINE
8
BLACK
6
CONTINUOUS
10
4.6213166929133855
20
-3.9874838976377953
11
4.6215366929133861
21
-3.9869704724409449
0
LINE
8
BLACK
6
CONTINUOUS
10
4.6215366929133861
20
-3.9869704724409449
11
4.6217503543307084
21
-3.9864547244094486
0
LINE
8
BLACK
6
CONTINUOUS
10
4.6217503543307084
20
-3.9864547244094486
11
4.6217632677165357
21
-3.9864417716535434
0
LINE
8
BLACK
6
CONTINUOUS
10
4.6217632677165357
20
-3.9864417716535434
11
4.6217705118110235
21
-3.9864249212598426
0
LINE
8
BLACK
6
CONTINUOUS
10
4.6217705118110235
20
-3.9864249212598426
11
4.6221705118110235
21
-3.9860345275590552
0
LINE
8
BLACK
6
CONTINUOUS
10
4.6221705118110235
20
-3.9860345275590552
11
4.6225649999999998
21
-3.9856400787401576
0
LINE
8
BLACK
6
CONTINUOUS
10
4.6225649999999998
20
-3.9856400787401576
11
4.6225819291338581
21
-3.9856330314960631
0
LINE
8
BLACK
6
CONTINUOUS
10
4.6225819291338581
20
-3.9856330314960631
11
4.6225950787401571
21
-3.9856202362204725
0
LINE
8
BLACK
6
CONTINUOUS
10
4.6225950787401571
20
-3.9856202362204725
11
4.6231140551181102
21
-3.9854125984251967
0
LINE
8
BLACK
6
CONTINUOUS
10
4.6231140551181102
20
-3.9854125984251967
11
4.6236294094488191
21
-3.9851991732283465
0
LINE
8
BLACK
6
CONTINUOUS
10
4.6236294094488191
20
-3.9851991732283465
11
4.6236477559055116
21
-3.9851991732283465
0
LINE
8
BLACK
6
CONTINUOUS
10
4.6236477559055116
20
-3.9851991732283465
11
4.6236647637795274
21
-3.9851923622047245
0
LINE
8
BLACK
6
CONTINUOUS
10
4.6236647637795274
20
-3.9851923622047245
11
4.6242230314960633
21
-3.9851991732283465
0
LINE
8
BLACK
6
CONTINUOUS
10
4.6633411811023624
20
-3.9687671259842521
11
4.6633412598425199
21
-3.9687671653543308
0
LINE
8
BLACK
6
CONTINUOUS
10
4.6633412598425199
20
-3.9687671653543308
11
4.6637887007874017
21
-3.96913437007874
0
LINE
8
BLACK
6
CONTINUOUS
10
4.6637887007874017
20
-3.96913437007874
11
4.6656634645669293
21
-3.9710091338582676
0
LINE
8
BLACK
6
CONTINUOUS
10
4.6656634645669293
20
-3.9710091338582676
11
4.6660306692913389
21
-3.9714565748031494
0
LINE
8
BLACK
6
CONTINUOUS
10
4.6660306692913389
20
-3.9714565748031494
11
4.6661722440944882
21
-3.9717983464566928
0
LINE
8
BLACK
6
CONTINUOUS
10
4.6661722440944882
20
-3.9717983464566928
11
4.6664715748031496
21
-3.972521023622047
0
LINE
8
BLACK
6
CONTINUOUS
10
4.6664715748031496
20
-3.972521023622047
11
4.6664715748031496
21
-3.9736731102362204
0
LINE
8
BLACK
6
CONTINUOUS
10
4.6664715748031496
20
-3.9736731102362204
11
4.6660306692913389
21
-3.9747375196850392
0
LINE
8
BLACK
6
CONTINUOUS
10
4.6660306692913389
20
-3.9747375196850392
11
4.6656634645669293
21
-3.975184960629921
0
LINE
8
BLACK
6
CONTINUOUS
10
4.6656634645669293
20
-3.975184960629921
11
4.6637887007874017
21
-3.9770597244094485
0
LINE
8
BLACK
6
CONTINUOUS
10
4.6637887007874017
20
-3.9770597244094485
11
4.6633412598425199
21
-3.9774269291338582
0
LINE
8
BLACK
6
CONTINUOUS
10
4.6633412598425199
20
-3.9774269291338582
11
4.6622768503937007
21
-3.9778678346456693
0
LINE
8
BLACK
6
CONTINUOUS
10
4.6622768503937007
20
-3.9778678346456693
11
4.6611247637795277
21
-3.9778678346456693
0
LINE
8
BLACK
6
CONTINUOUS
10
4.6611247637795277
20
-3.9778678346456693
11
4.6600603543307084
21
-3.977426968503937
0
LINE
8
BLACK
6
CONTINUOUS
10
4.6600603543307084
20
-3.977426968503937
11
4.6596128740157479
21
-3.9770597244094485
0
LINE
8
BLACK
6
CONTINUOUS
10
4.6596128740157479
20
-3.9770597244094485
11
4.6577381102362203
21
-3.9751849999999997
0
LINE
8
BLACK
6
CONTINUOUS
10
4.6577381102362203
20
-3.9751849999999997
11
4.6573708661417319
21
-3.9747375196850392
0
LINE
8
BLACK
6
CONTINUOUS
10
4.6573708661417319
20
-3.9747375196850392
11
4.6573708267716531
21
-3.9747374803149604
0
LINE
8
BLACK
6
CONTINUOUS
10
4.6573708267716531
20
-3.9747374803149604
11
4.6569299606299213
21
-3.9736730708661416
0
LINE
8
BLACK
6
CONTINUOUS
10
4.6569299606299213
20
-3.9736730708661416
11
4.6569299606299213
21
-3.9725209842519682
0
LINE
8
BLACK
6
CONTINUOUS
10
4.6569299606299213
20
-3.9725209842519682
11
4.6572292913385827
21
-3.9717983464566928
0
LINE
8
BLACK
6
CONTINUOUS
10
4.6572292913385827
20
-3.9717983464566928
11
4.6573708267716531
21
-3.9714566141732282
0
LINE
8
BLACK
6
CONTINUOUS
10
4.6573708267716531
20
-3.9714566141732282
11
4.6573708661417319
21
-3.9714565748031494
0
LINE
8
BLACK
6
CONTINUOUS
10
4.6573708661417319
20
-3.9714565748031494
11
4.6577381102362203
21
-3.9710090944881888
0
LINE
8
BLACK
6
CONTINUOUS
10
4.6577381102362203
20
-3.9710090944881888
11
4.6596128740157479
21
-3.96913437007874
0
LINE
8
BLACK
6
CONTINUOUS
10
4.6596128740157479
20
-3.96913437007874
11
4.6600603543307084
21
-3.9687671259842521
0
LINE
8
BLACK
6
CONTINUOUS
10
4.6600603543307084
20
-3.9687671259842521
11
4.6611247637795277
21
-3.9683262598425197
0
LINE
8
BLACK
6
CONTINUOUS
10
4.6611247637795277
20
-3.9683262598425197
11
4.6622768503937007
21
-3.9683262598425197
0
LINE
8
BLACK
6
CONTINUOUS
10
4.6622768503937007
20
-3.9683262598425197
11
4.6633411811023624
21
-3.9687671259842521
0
LINE
8
BLACK
6
CONTINUOUS
10
4.6566525196850392
20
-3.9308309842519682
11
4.6567505118110235
21
-3.9308715748031493
0
LINE
8
BLACK
6
CONTINUOUS
10
4.6567505118110235
20
-3.9308715748031493
11
4.6568563385826769
21
-3.9308790944881888
0
LINE
8
BLACK
6
CONTINUOUS
10
4.6568563385826769
20
-3.9308790944881888
11
4.6573969685039369
21
-3.9310859842519683
0
LINE
8
BLACK
6
CONTINUOUS
10
4.6573969685039369
20
-3.9310859842519683
11
4.661146496062992
21
-3.9329607480314959
0
LINE
8
BLACK
6
CONTINUOUS
10
4.661146496062992
20
-3.9329607480314959
11
4.6613943700787397
21
-3.9331167716535433
0
LINE
8
BLACK
6
CONTINUOUS
10
4.6613943700787397
20
-3.9331167716535433
11
4.6614664173228348
21
-3.9331466141732281
0
LINE
8
BLACK
6
CONTINUOUS
10
4.6614664173228348
20
-3.9331466141732281
11
4.661547440944882
21
-3.9332131102362204
0
LINE
8
BLACK
6
CONTINUOUS
10
4.661547440944882
20
-3.9332131102362204
11
4.6616363779527559
21
-3.933269094488189
0
LINE
8
BLACK
6
CONTINUOUS
10
4.6616363779527559
20
-3.933269094488189
11
4.6616875196850396
21
-3.9333280708661418
0
LINE
8
BLACK
6
CONTINUOUS
10
4.6616875196850396
20
-3.9333280708661418
11
4.6619138582677166
21
-3.9335138188976377
0
LINE
8
BLACK
6
CONTINUOUS
10
4.6619138582677166
20
-3.9335138188976377
11
4.663788661417323
21
-3.9353885826771653
0
LINE
8
BLACK
6
CONTINUOUS
10
4.663788661417323
20
-3.9353885826771653
11
4.6639744094488185
21
-3.9356149212598424
0
LINE
8
BLACK
6
CONTINUOUS
10
4.6639744094488185
20
-3.9356149212598424
11
4.6640334645669288
21
-3.9356661417322836
0
LINE
8
BLACK
6
CONTINUOUS
10
4.6640334645669288
20
-3.9356661417322836
11
4.6640894488188973
21
-3.9357550787401574
0
LINE
8
BLACK
6
CONTINUOUS
10
4.6640894488188973
20
-3.9357550787401574
11
4.6641559055118105
21
-3.9358360629921259
0
LINE
8
BLACK
6
CONTINUOUS
10
4.6641559055118105
20
-3.9358360629921259
11
4.6641857086614174
21
-3.9359079921259843
0
LINE
8
BLACK
6
CONTINUOUS
10
4.6641857086614174
20
-3.9359079921259843
11
4.6643418110236219
21
-3.936156023622047
0
LINE
8
BLACK
6
CONTINUOUS
10
4.6643418110236219
20
-3.936156023622047
11
4.6662165748031494
21
-3.9399055511811021
0
LINE
8
BLACK
6
CONTINUOUS
10
4.6662165748031494
20
-3.9399055511811021
11
4.6664234645669289
21
-3.9404461417322834
0
LINE
8
BLACK
6
CONTINUOUS
10
4.6664234645669289
20
-3.9404461417322834
11
4.666430984251968
21
-3.9405520078740155
0
LINE
8
BLACK
6
CONTINUOUS
10
4.666430984251968
20
-3.9405520078740155
11
4.6664715748031496
21
-3.9406499999999998
0
LINE
8
BLACK
6
CONTINUOUS
10
4.6664715748031496
20
-3.9406499999999998
11
4.6665283070866144
21
-3.9412260629921261
0
LINE
8
BLACK
6
CONTINUOUS
10
4.6665283070866144
20
-3.9412260629921261
11
4.6665283070866144
21
-3.9505998818897639
0
LINE
8
BLACK
6
CONTINUOUS
10
4.6665283070866144
20
-3.9505998818897639
11
4.6664715748031496
21
-3.9511759448818897
0
LINE
8
BLACK
6
CONTINUOUS
10
4.6664715748031496
20
-3.9511759448818897
11
4.666430984251968
21
-3.9512738976377952
0
LINE
8
BLACK
6
CONTINUOUS
10
4.666430984251968
20
-3.9512738976377952
11
4.6664234645669289
21
-3.9513798031496061
0
LINE
8
BLACK
6
CONTINUOUS
10
4.6664234645669289
20
-3.9513798031496061
11
4.6662165748031494
21
-3.9519203937007874
0
LINE
8
BLACK
6
CONTINUOUS
10
4.6662165748031494
20
-3.9519203937007874
11
4.6643418110236219
21
-3.9556699212598425
0
LINE
8
BLACK
6
CONTINUOUS
10
4.6643418110236219
20
-3.9556699212598425
11
4.6641857086614174
21
-3.9559179133858269
0
LINE
8
BLACK
6
CONTINUOUS
10
4.6641857086614174
20
-3.9559179133858269
11
4.6641559055118105
21
-3.9559898818897636
0
LINE
8
BLACK
6
CONTINUOUS
10
4.6641559055118105
20
-3.9559898818897636
11
4.6640894488188973
21
-3.9560708267716533
0
LINE
8
BLACK
6
CONTINUOUS
10
4.6640894488188973
20
-3.9560708267716533
11
4.6640334645669288
21
-3.9561598031496064
0
LINE
8
BLACK
6
CONTINUOUS
10
4.6640334645669288
20
-3.9561598031496064
11
4.6639744094488185
21
-3.9562109842519684
0
LINE
8
BLACK
6
CONTINUOUS
10
4.6639744094488185
20
-3.9562109842519684
11
4.663788661417323
21
-3.9564373622047242
0
LINE
8
BLACK
6
CONTINUOUS
10
4.663788661417323
20
-3.9564373622047242
11
4.6619138582677166
21
-3.9583121259842518
0
LINE
8
BLACK
6
CONTINUOUS
10
4.6619138582677166
20
-3.9583121259842518
11
4.6614664173228348
21
-3.9586793307086614
0
LINE
8
BLACK
6
CONTINUOUS
10
4.6614664173228348
20
-3.9586793307086614
11
4.6604020078740156
21
-3.9591201968503937
0
LINE
8
BLACK
6
CONTINUOUS
10
4.6604020078740156
20
-3.9591201968503937
11
4.6592499212598426
21
-3.9591201968503937
0
LINE
8
BLACK
6
CONTINUOUS
10
4.6592499212598426
20
-3.9591201968503937
11
4.6581855118110234
21
-3.9586792913385827
0
LINE
8
BLACK
6
CONTINUOUS
10
4.6581855118110234
20
-3.9586792913385827
11
4.6573708267716531
21
-3.9578646062992124
0
LINE
8
BLACK
6
CONTINUOUS
10
4.6573708267716531
20
-3.9578646062992124
11
4.6569299606299213
21
-3.9568001968503936
0
LINE
8
BLACK
6
CONTINUOUS
10
4.6569299606299213
20
-3.9568001968503936
11
4.6569299606299213
21
-3.9556481102362202
0
LINE
8
BLACK
6
CONTINUOUS
10
4.6569299606299213
20
-3.9556481102362202
11
4.6573708661417319
21
-3.9545837007874014
0
LINE
8
BLACK
6
CONTINUOUS
10
4.6573708661417319
20
-3.9545837007874014
11
4.6577381102362203
21
-3.9541362204724408
0
LINE
8
BLACK
6
CONTINUOUS
10
4.6577381102362203
20
-3.9541362204724408
11
4.65927405511811
21
-3.9526002755905512
0
LINE
8
BLACK
6
CONTINUOUS
10
4.65927405511811
20
-3.9526002755905512
11
4.6606227952755903
21
-3.9499028346456693
0
LINE
8
BLACK
6
CONTINUOUS
10
4.6606227952755903
20
-3.9499028346456693
11
4.6606227952755903
21
-3.9419231102362202
0
LINE
8
BLACK
6
CONTINUOUS
10
4.6606227952755903
20
-3.9419231102362202
11
4.65927405511811
21
-3.9392256299212596
0
LINE
8
BLACK
6
CONTINUOUS
10
4.65927405511811
20
-3.9392256299212596
11
4.6580768897637794
21
-3.9380285039370078
0
LINE
8
BLACK
6
CONTINUOUS
10
4.6580768897637794
20
-3.9380285039370078
11
4.6553794094488188
21
-3.9366797637795274
0
LINE
8
BLACK
6
CONTINUOUS
10
4.6553794094488188
20
-3.9366797637795274
11
4.6473996850393702
21
-3.9366797637795274
0
LINE
8
BLACK
6
CONTINUOUS
10
4.6473996850393702
20
-3.9366797637795274
11
4.6447022047244095
21
-3.9380285039370078
0
LINE
8
BLACK
6
CONTINUOUS
10
4.6447022047244095
20
-3.9380285039370078
11
4.6435050787401577
21
-3.9392256299212596
0
LINE
8
BLACK
6
CONTINUOUS
10
4.6435050787401577
20
-3.9392256299212596
11
4.6421563385826774
21
-3.9419231102362202
0
LINE
8
BLACK
6
CONTINUOUS
10
4.6421563385826774
20
-3.9419231102362202
11
4.6421563385826774
21
-3.9499028346456693
0
LINE
8
BLACK
6
CONTINUOUS
10
4.6421563385826774
20
-3.9499028346456693
11
4.6435050787401577
21
-3.9526003149606299
0
LINE
8
BLACK
6
CONTINUOUS
10
4.6435050787401577
20
-3.9526003149606299
11
4.6450410236220474
21
-3.9541362598425196
0
LINE
8
BLACK
6
CONTINUOUS
10
4.6450410236220474
20
-3.9541362598425196
11
4.6454082283464562
21
-3.9545837007874014
0
LINE
8
BLACK
6
CONTINUOUS
10
4.6454082283464562
20
-3.9545837007874014
11
4.645465118110236
21
-3.9547210236220471
0
LINE
8
BLACK
6
CONTINUOUS
10
4.645465118110236
20
-3.9547210236220471
11
4.6455592913385821
21
-3.9548361417322835
0
LINE
8
BLACK
6
CONTINUOUS
10
4.6455592913385821
20
-3.9548361417322835
11
4.6456839763779527
21
-3.9552494094488186
0
LINE
8
BLACK
6
CONTINUOUS
10
4.6456839763779527
20
-3.9552494094488186
11
4.6458491338582677
21
-3.9556481102362202
0
LINE
8
BLACK
6
CONTINUOUS
10
4.6458491338582677
20
-3.9556481102362202
11
4.6458491338582677
21
-3.9557967716535432
0
LINE
8
BLACK
6
CONTINUOUS
10
4.6458491338582677
20
-3.9557967716535432
11
4.6458920866141735
21
-3.9559391338582675
0
LINE
8
BLACK
6
CONTINUOUS
10
4.6458920866141735
20
-3.9559391338582675
11
4.6458491338582677
21
-3.9563686220472438
0
LINE
8
BLACK
6
CONTINUOUS
10
4.6458491338582677
20
-3.9563686220472438
11
4.6458491338582677
21
-3.9568001968503936
0
LINE
8
BLACK
6
CONTINUOUS
10
4.6458491338582677
20
-3.9568001968503936
11
4.6457922047244091
21
-3.9569375196850394
0
LINE
8
BLACK
6
CONTINUOUS
10
4.6457922047244091
20
-3.9569375196850394
11
4.6457774409448822
21
-3.9570855511811023
0
LINE
8
BLACK
6
CONTINUOUS
10
4.6457774409448822
20
-3.9570855511811023
11
4.6455733070866136
21
-3.9574659842519684
0
LINE
8
BLACK
6
CONTINUOUS
10
4.6455733070866136
20
-3.9574659842519684
11
4.6454082283464562
21
-3.9578646062992124
0
LINE
8
BLACK
6
CONTINUOUS
10
4.6454082283464562
20
-3.9578646062992124
11
4.6453030708661416
21
-3.9579697244094487
0
LINE
8
BLACK
6
CONTINUOUS
10
4.6453030708661416
20
-3.9579697244094487
11
4.6452327952755903
21
-3.9581007874015746
0
LINE
8
BLACK
6
CONTINUOUS
10
4.6452327952755903
20
-3.9581007874015746
11
4.6448985826771656
21
-3.9583742125984251
0
LINE
8
BLACK
6
CONTINUOUS
10
4.6448985826771656
20
-3.9583742125984251
11
4.6445935433070868
21
-3.9586792913385827
0
LINE
8
BLACK
6
CONTINUOUS
10
4.6445935433070868
20
-3.9586792913385827
11
4.6444562598425199
21
-3.9587361417322833
0
LINE
8
BLACK
6
CONTINUOUS
10
4.6444562598425199
20
-3.9587361417322833
11
4.6443411417322835
21
-3.9588303543307086
0
LINE
8
BLACK
6
CONTINUOUS
10
4.6443411417322835
20
-3.9588303543307086
11
4.6439277165354333
21
-3.9589550787401575
0
LINE
8
BLACK
6
CONTINUOUS
10
4.6439277165354333
20
-3.9589550787401575
11
4.6435291338582676
21
-3.9591201968503937
0
LINE
8
BLACK
6
CONTINUOUS
10
4.6435291338582676
20
-3.9591201968503937
11
4.6433805118110234
21
-3.9591201968503937
0
LINE
8
BLACK
6
CONTINUOUS
10
4.6433805118110234
20
-3.9591201968503937
11
4.6432381496062991
21
-3.9591631496062991
0
LINE
8
BLACK
6
CONTINUOUS
10
4.6432381496062991
20
-3.9591631496062991
11
4.6426592913385827
21
-3.959162283464567
0
LINE
8
BLACK
6
CONTINUOUS
10
4.6426592913385827
20
-3.959162283464567
11
4.6239116535433071
21
-3.9572875196850394
0
LINE
8
BLACK
6
CONTINUOUS
10
4.6239116535433071
20
-3.9572875196850394
11
4.6237017322834646
21
-3.9572454330708662
0
LINE
8
BLACK
6
CONTINUOUS
10
4.6237017322834646
20
-3.9572454330708662
11
4.6236294094488191
21
-3.9572454330708662
0
LINE
8
BLACK
6
CONTINUOUS
10
4.6236294094488191
20
-3.9572454330708662
11
4.6235615748031496
21
-3.9572173228346457
0
LINE
8
BLACK
6
CONTINUOUS
10
4.6235615748031496
20
-3.9572173228346457
11
4.6233440944881892
21
-3.9571737401574802
0
LINE
8
BLACK
6
CONTINUOUS
10
4.6233440944881892
20
-3.9571737401574802
11
4.6229637795275593
21
-3.9569696850393701
0
LINE
8
BLACK
6
CONTINUOUS
10
4.6229637795275593
20
-3.9569696850393701
11
4.6225649999999998
21
-3.9568045275590551
0
LINE
8
BLACK
6
CONTINUOUS
10
4.6225649999999998
20
-3.9568045275590551
11
4.6224598031496065
21
-3.9566993307086613
0
LINE
8
BLACK
6
CONTINUOUS
10
4.6224598031496065
20
-3.9566993307086613
11
4.622328858267716
21
-3.9566290944881888
0
LINE
8
BLACK
6
CONTINUOUS
10
4.622328858267716
20
-3.9566290944881888
11
4.6220555905511809
21
-3.9562951181102362
0
LINE
8
BLACK
6
CONTINUOUS
10
4.6220555905511809
20
-3.9562951181102362
11
4.6217503543307084
21
-3.9559898818897636
0
LINE
8
BLACK
6
CONTINUOUS
10
4.6217503543307084
20
-3.9559898818897636
11
4.6216934251968507
21
-3.9558525196850391
0
LINE
8
BLACK
6
CONTINUOUS
10
4.6216934251968507
20
-3.9558525196850391
11
4.6215992913385824
21
-3.955737440944882
0
LINE
8
BLACK
6
CONTINUOUS
10
4.6215992913385824
20
-3.955737440944882
11
4.6214745669291339
21
-3.9553241338582676
0
LINE
8
BLACK
6
CONTINUOUS
10
4.6214745669291339
20
-3.9553241338582676
11
4.6213094488188977
21
-3.9549254724409448
0
LINE
8
BLACK
6
CONTINUOUS
10
4.6213094488188977
20
-3.9549254724409448
11
4.6212876771653546
21
-3.9547047637795276
0
LINE
8
BLACK
6
CONTINUOUS
10
4.6212876771653546
20
-3.9547047637795276
11
4.6212664960629919
21
-3.9546344488188976
0
LINE
8
BLACK
6
CONTINUOUS
10
4.6212664960629919
20
-3.9546344488188976
11
4.6212736614173231
21
-3.9545624409448816
0
LINE
8
BLACK
6
CONTINUOUS
10
4.6212736614173231
20
-3.9545624409448816
11
4.6212527165354329
21
-3.954349409448819
0
LINE
8
BLACK
6
CONTINUOUS
10
4.6212527165354329
20
-3.954349409448819
11
4.6212527165354329
21
-3.9356017716535434
0
LINE
8
BLACK
6
CONTINUOUS
10
4.6212527165354329
20
-3.9356017716535434
11
4.6213094488188977
21
-3.9350257086614171
0
LINE
8
BLACK
6
CONTINUOUS
10
4.6213094488188977
20
-3.9350257086614171
11
4.6217503543307084
21
-3.9339612992125983
0
LINE
8
BLACK
6
CONTINUOUS
10
4.6217503543307084
20
-3.9339612992125983
11
4.6225649999999998
21
-3.9331466535433068
0
LINE
8
BLACK
6
CONTINUOUS
10
4.6225649999999998
20
-3.9331466535433068
11
4.6236294094488191
21
-3.9327057480314958
0
LINE
8
BLACK
6
CONTINUOUS
10
4.6236294094488191
20
-3.9327057480314958
11
4.6247815354330708
21
-3.9327057480314958
0
LINE
8
BLACK
6
CONTINUOUS
10
4.6247815354330708
20
-3.9327057480314958
11
4.62584594488189
21
-3.9331466535433068
0
LINE
8
BLACK
6
CONTINUOUS
10
4.62584594488189
20
-3.9331466535433068
11
4.6266605905511806
21
-3.9339612992125983
0
LINE
8
BLACK
6
CONTINUOUS
10
4.6266605905511806
20
-3.9339612992125983
11
4.6271014960629921
21
-3.9350257086614171
0
LINE
8
BLACK
6
CONTINUOUS
10
4.6271014960629921
20
-3.9350257086614171
11
4.627158228346457
21
-3.9356017716535434
0
LINE
8
BLACK
6
CONTINUOUS
10
4.627158228346457
20
-3.9356017716535434
11
4.627158228346457
21
-3.9516771653543308
0
LINE
8
BLACK
6
CONTINUOUS
10
4.627158228346457
20
-3.9516771653543308
11
4.6369294881889767
21
-3.9526542913385825
0
LINE
8
BLACK
6
CONTINUOUS
10
4.6369294881889767
20
-3.9526542913385825
11
4.6365625590551183
21
-3.9519203937007874
0
LINE
8
BLACK
6
CONTINUOUS
10
4.6365625590551183
20
-3.9519203937007874
11
4.6363556692913388
21
-3.9513797637795274
0
LINE
8
BLACK
6
CONTINUOUS
10
4.6363556692913388
20
-3.9513797637795274
11
4.6363481496062988
21
-3.951273937007874
0
LINE
8
BLACK
6
CONTINUOUS
10
4.6363481496062988
20
-3.951273937007874
11
4.6363075590551182
21
-3.9511759448818897
0
LINE
8
BLACK
6
CONTINUOUS
10
4.6363075590551182
20
-3.9511759448818897
11
4.6362508267716533
21
-3.9505998818897639
0
LINE
8
BLACK
6
CONTINUOUS
10
4.6362508267716533
20
-3.9505998818897639
11
4.6362508267716533
21
-3.9412260629921261
0
LINE
8
BLACK
6
CONTINUOUS
10
4.6362508267716533
20
-3.9412260629921261
11
4.6363075590551182
21
-3.9406499999999998
0
LINE
8
BLACK
6
CONTINUOUS
10
4.6363075590551182
20
-3.9406499999999998
11
4.6363481496062988
21
-3.9405519685039367
0
LINE
8
BLACK
6
CONTINUOUS
10
4.6363481496062988
20
-3.9405519685039367
11
4.6363556692913388
21
-3.9404461811023621
0
LINE
8
BLACK
6
CONTINUOUS
10
4.6363556692913388
20
-3.9404461811023621
11
4.6365625590551183
21
-3.9399055511811021
0
LINE
8
BLACK
6
CONTINUOUS
10
4.6365625590551183
20
-3.9399055511811021
11
4.6384373228346458
21
-3.936156023622047
0
LINE
8
BLACK
6
CONTINUOUS
10
4.6384373228346458
20
-3.936156023622047
11
4.6385933858267716
21
-3.9359079921259843
0
LINE
8
BLACK
6
CONTINUOUS
10
4.6385933858267716
20
-3.9359079921259843
11
4.6386232283464564
21
-3.9358360629921259
0
LINE
8
BLACK
6
CONTINUOUS
10
4.6386232283464564
20
-3.9358360629921259
11
4.6386896850393704
21
-3.9357550787401574
0
LINE
8
BLACK
6
CONTINUOUS
10
4.6386896850393704
20
-3.9357550787401574
11
4.6387456692913389
21
-3.9356661417322836
0
LINE
8
BLACK
6
CONTINUOUS
10
4.6387456692913389
20
-3.9356661417322836
11
4.6388046456692908
21
-3.9356149606299211
0
LINE
8
BLACK
6
CONTINUOUS
10
4.6388046456692908
20
-3.9356149606299211
11
4.638990433070866
21
-3.935388622047244
0
LINE
8
BLACK
6
CONTINUOUS
10
4.638990433070866
20
-3.935388622047244
11
4.6408651968503936
21
-3.9335138582677165
0
LINE
8
BLACK
6
CONTINUOUS
10
4.6408651968503936
20
-3.9335138582677165
11
4.6410915354330706
21
-3.9333280708661418
0
LINE
8
BLACK
6
CONTINUOUS
10
4.6410915354330706
20
-3.9333280708661418
11
4.6411427165354331
21
-3.933269094488189
0
LINE
8
BLACK
6
CONTINUOUS
10
4.6411427165354331
20
-3.933269094488189
11
4.6412316535433069
21
-3.9332131102362204
0
LINE
8
BLACK
6
CONTINUOUS
10
4.6412316535433069
20
-3.9332131102362204
11
4.6413126377952754
21
-3.9331466535433068
0
LINE
8
BLACK
6
CONTINUOUS
10
4.6413126377952754
20
-3.9331466535433068
11
4.6413845669291334
21
-3.9331168110236221
0
LINE
8
BLACK
6
CONTINUOUS
10
4.6413845669291334
20
-3.9331168110236221
11
4.6416325984251969
21
-3.9329607480314959
0
LINE
8
BLACK
6
CONTINUOUS
10
4.6416325984251969
20
-3.9329607480314959
11
4.645382125984252
21
-3.9310859842519683
0
LINE
8
BLACK
6
CONTINUOUS
10
4.645382125984252
20
-3.9310859842519683
11
4.6459227165354333
21
-3.9308790944881888
0
LINE
8
BLACK
6
CONTINUOUS
10
4.6459227165354333
20
-3.9308790944881888
11
4.6460285826771655
21
-3.930871535433071
0
LINE
8
BLACK
6
CONTINUOUS
10
4.6460285826771655
20
-3.930871535433071
11
4.6461265748031497
21
-3.9308309842519682
0
LINE
8
BLACK
6
CONTINUOUS
10
4.6461265748031497
20
-3.9308309842519682
11
4.6467026377952756
21
-3.9307742519685038
0
LINE
8
BLACK
6
CONTINUOUS
10
4.6467026377952756
20
-3.9307742519685038
11
4.6560764566929134
21
-3.9307742519685038
0
LINE
8
BLACK
6
CONTINUOUS
10
4.6560764566929134
20
-3.9307742519685038
11
4.6566525196850392
21
-3.9308309842519682
0
LINE
8
BLACK
6
CONTINUOUS
10
4.6486779133858267
20
-3.8932888188976378
11
4.64872094488189
21
-3.8932824409448816
0
LINE
8
BLACK
6
CONTINUOUS
10
4.64872094488189
20
-3.8932824409448816
11
4.6489364173228349
21
-3.8933142913385828
0
LINE
8
BLACK
6
CONTINUOUS
10
4.6489364173228349
20
-3.8933142913385828
11
4.649153464566929
21
-3.8933356692913383
0
LINE
8
BLACK
6
CONTINUOUS
10
4.649153464566929
20
-3.8933356692913383
11
4.649193661417323
21
-3.8933522834645666
0
LINE
8
BLACK
6
CONTINUOUS
10
4.649193661417323
20
-3.8933522834645666
11
4.6492935433070866
21
-3.8933670866141732
0
LINE
8
BLACK
6
CONTINUOUS
10
4.6492935433070866
20
-3.8933670866141732
11
4.6567925984251968
21
-3.8952418503937007
0
LINE
8
BLACK
6
CONTINUOUS
10
4.6567925984251968
20
-3.8952418503937007
11
4.6568350787401576
21
-3.8952570078740156
0
LINE
8
BLACK
6
CONTINUOUS
10
4.6568350787401576
20
-3.8952570078740156
11
4.6568563385826769
21
-3.8952585433070865
0
LINE
8
BLACK
6
CONTINUOUS
10
4.6568563385826769
20
-3.8952585433070865
11
4.6570957480314963
21
-3.8953501574803147
0
LINE
8
BLACK
6
CONTINUOUS
10
4.6570957480314963
20
-3.8953501574803147
11
4.6573377165354328
21
-3.8954366141732284
0
LINE
8
BLACK
6
CONTINUOUS
10
4.6573377165354328
20
-3.8954366141732284
11
4.6573548425196849
21
-3.8954492913385828
0
LINE
8
BLACK
6
CONTINUOUS
10
4.6573548425196849
20
-3.8954492913385828
11
4.6573969685039369
21
-3.895465433070866
0
LINE
8
BLACK
6
CONTINUOUS
10
4.6573969685039369
20
-3.895465433070866
11
4.661146496062992
21
-3.8973401968503936
0
LINE
8
BLACK
6
CONTINUOUS
10
4.661146496062992
20
-3.8973401968503936
11
4.6613943700787397
21
-3.897496220472441
0
LINE
8
BLACK
6
CONTINUOUS
10
4.6613943700787397
20
-3.897496220472441
11
4.6614664173228348
21
-3.8975260629921258
0
LINE
8
BLACK
6
CONTINUOUS
10
4.6614664173228348
20
-3.8975260629921258
11
4.661547440944882
21
-3.8975925590551181
0
LINE
8
BLACK
6
CONTINUOUS
10
4.661547440944882
20
-3.8975925590551181
11
4.6616363779527559
21
-3.8976485433070867
0
LINE
8
BLACK
6
CONTINUOUS
10
4.6616363779527559
20
-3.8976485433070867
11
4.6616875196850396
21
-3.8977075196850395
0
LINE
8
BLACK
6
CONTINUOUS
10
4.6616875196850396
20
-3.8977075196850395
11
4.6619138582677166
21
-3.8978932677165354
0
LINE
8
BLACK
6
CONTINUOUS
10
4.6619138582677166
20
-3.8978932677165354
11
4.663788661417323
21
-3.899768031496063
0
LINE
8
BLACK
6
CONTINUOUS
10
4.663788661417323
20
-3.899768031496063
11
4.6639744094488185
21
-3.8999943700787401
0
LINE
8
BLACK
6
CONTINUOUS
10
4.6639744094488185
20
-3.8999943700787401
11
4.6640334645669288
21
-3.9000455905511808
0
LINE
8
BLACK
6
CONTINUOUS
10
4.6640334645669288
20
-3.9000455905511808
11
4.6640894488188973
21
-3.9001345275590551
0
LINE
8
BLACK
6
CONTINUOUS
10
4.6640894488188973
20
-3.9001345275590551
11
4.6641559055118105
21
-3.9002155118110235
0
LINE
8
BLACK
6
CONTINUOUS
10
4.6641559055118105
20
-3.9002155118110235
11
4.6641857086614174
21
-3.900287440944882
0
LINE
8
BLACK
6
CONTINUOUS
10
4.6641857086614174
20
-3.900287440944882
11
4.6643418110236219
21
-3.9005354724409447
0
LINE
8
BLACK
6
CONTINUOUS
10
4.6643418110236219
20
-3.9005354724409447
11
4.6662165748031494
21
-3.9042849999999998
0
LINE
8
BLACK
6
CONTINUOUS
10
4.6662165748031494
20
-3.9042849999999998
11
4.6664234645669289
21
-3.9048255905511811
0
LINE
8
BLACK
6
CONTINUOUS
10
4.6664234645669289
20
-3.9048255905511811
11
4.666430984251968
21
-3.9049314566929132
0
LINE
8
BLACK
6
CONTINUOUS
10
4.666430984251968
20
-3.9049314566929132
11
4.6664715748031496
21
-3.9050294488188975
0
LINE
8
BLACK
6
CONTINUOUS
10
4.6664715748031496
20
-3.9050294488188975
11
4.6665283070866144
21
-3.9056055118110233
0
LINE
8
BLACK
6
CONTINUOUS
10
4.6665283070866144
20
-3.9056055118110233
11
4.6665283070866144
21
-3.9093550393700784
0
LINE
8
BLACK
6
CONTINUOUS
10
4.6665283070866144
20
-3.9093550393700784
11
4.6664715748031496
21
-3.9099311023622048
0
LINE
8
BLACK
6
CONTINUOUS
10
4.6664715748031496
20
-3.9099311023622048
11
4.666430984251968
21
-3.9100290551181103
0
LINE
8
BLACK
6
CONTINUOUS
10
4.666430984251968
20
-3.9100290551181103
11
4.6664234645669289
21
-3.9101349606299212
0
LINE
8
BLACK
6
CONTINUOUS
10
4.6664234645669289
20
-3.9101349606299212
11
4.6662165748031494
21
-3.9106755511811024
0
LINE
8
BLACK
6
CONTINUOUS
10
4.6662165748031494
20
-3.9106755511811024
11
4.6643418110236219
21
-3.9144250787401575
0
LINE
8
BLACK
6
CONTINUOUS
10
4.6643418110236219
20
-3.9144250787401575
11
4.6641857086614174
21
-3.9146730708661415
0
LINE
8
BLACK
6
CONTINUOUS
10
4.6641857086614174
20
-3.9146730708661415
11
4.6641559055118105
21
-3.9147450393700787
0
LINE
8
BLACK
6
CONTINUOUS
10
4.6641559055118105
20
-3.9147450393700787
11
4.6640894488188973
21
-3.9148259842519684
0
LINE
8
BLACK
6
CONTINUOUS
10
4.6640894488188973
20
-3.9148259842519684
11
4.6640334645669288
21
-3.9149149606299214
0
LINE
8
BLACK
6
CONTINUOUS
10
4.6640334645669288
20
-3.9149149606299214
11
4.6639744094488185
21
-3.9149661417322834
0
LINE
8
BLACK
6
CONTINUOUS
10
4.6639744094488185
20
-3.9149661417322834
11
4.663788661417323
21
-3.9151925196850392
0
LINE
8
BLACK
6
CONTINUOUS
10
4.663788661417323
20
-3.9151925196850392
11
4.6619138582677166
21
-3.9170672834645668
0
LINE
8
BLACK
6
CONTINUOUS
10
4.6619138582677166
20
-3.9170672834645668
11
4.6616875196850396
21
-3.917252992125984
0
LINE
8
BLACK
6
CONTINUOUS
10
4.6616875196850396
20
-3.917252992125984
11
4.6616363779527559
21
-3.9173120078740156
0
LINE
8
BLACK
6
CONTINUOUS
10
4.6616363779527559
20
-3.9173120078740156
11
4.661547440944882
21
-3.9173679527559053
0
LINE
8
BLACK
6
CONTINUOUS
10
4.661547440944882
20
-3.9173679527559053
11
4.6614664173228348
21
-3.9174344881889764
0
LINE
8
BLACK
6
CONTINUOUS
10
4.6614664173228348
20
-3.9174344881889764
11
4.6613943700787397
21
-3.9174642913385824
0
LINE
8
BLACK
6
CONTINUOUS
10
4.6613943700787397
20
-3.9174642913385824
11
4.661146496062992
21
-3.9176203543307087
0
LINE
8
BLACK
6
CONTINUOUS
10
4.661146496062992
20
-3.9176203543307087
11
4.6573969685039369
21
-3.9194951181102362
0
LINE
8
BLACK
6
CONTINUOUS
10
4.6573969685039369
20
-3.9194951181102362
11
4.6573548425196849
21
-3.9195112204724407
0
LINE
8
BLACK
6
CONTINUOUS
10
4.6573548425196849
20
-3.9195112204724407
11
4.6573377165354328
21
-3.9195239370078738
0
LINE
8
BLACK
6
CONTINUOUS
10
4.6573377165354328
20
-3.9195239370078738
11
4.6570957480314963
21
-3.9196103543307084
0
LINE
8
BLACK
6
CONTINUOUS
10
4.6570957480314963
20
-3.9196103543307084
11
4.6568563385826769
21
-3.9197020078740157
0
LINE
8
BLACK
6
CONTINUOUS
10
4.6568563385826769
20
-3.9197020078740157
11
4.6568350787401576
21
-3.9197035039370078
0
LINE
8
BLACK
6
CONTINUOUS
10
4.6568350787401576
20
-3.9197035039370078
11
4.6567925984251968
21
-3.9197187007874015
0
LINE
8
BLACK
6
CONTINUOUS
10
4.6567925984251968
20
-3.9197187007874015
11
4.6492935433070866
21
-3.921593464566929
0
LINE
8
BLACK
6
CONTINUOUS
10
4.6492935433070866
20
-3.921593464566929
11
4.649193661417323
21
-3.9216082283464564
0
LINE
8
BLACK
6
CONTINUOUS
10
4.649193661417323
20
-3.9216082283464564
11
4.649153464566929
21
-3.9216248818897639
0
LINE
8
BLACK
6
CONTINUOUS
10
4.649153464566929
20
-3.9216248818897639
11
4.6489364173228349
21
-3.9216462204724407
0
LINE
8
BLACK
6
CONTINUOUS
10
4.6489364173228349
20
-3.9216462204724407
11
4.64872094488189
21
-3.9216781102362206
0
LINE
8
BLACK
6
CONTINUOUS
10
4.64872094488189
20
-3.9216781102362206
11
4.6486779133858267
21
-3.9216716929133857
0
LINE
8
BLACK
6
CONTINUOUS
10
4.6486779133858267
20
-3.9216716929133857
11
4.6485774015748031
21
-3.9216816141732282
0
LINE
8
BLACK
6
CONTINUOUS
10
4.6485774015748031
20
-3.9216816141732282
11
4.6392035826771654
21
-3.9216816141732282
0
LINE
8
BLACK
6
CONTINUOUS
10
4.6392035826771654
20
-3.9216816141732282
11
4.6391030314960631
21
-3.9216716929133857
0
LINE
8
BLACK
6
CONTINUOUS
10
4.6391030314960631
20
-3.9216716929133857
11
4.6390600393700785
21
-3.9216781102362206
0
LINE
8
BLACK
6
CONTINUOUS
10
4.6390600393700785
20
-3.9216781102362206
11
4.6388445275590549
21
-3.9216462204724407
0
LINE
8
BLACK
6
CONTINUOUS
10
4.6388445275590549
20
-3.9216462204724407
11
4.6386275196850395
21
-3.9216248818897639
0
LINE
8
BLACK
6
CONTINUOUS
10
4.6386275196850395
20
-3.9216248818897639
11
4.6385872834645667
21
-3.9216082283464564
0
LINE
8
BLACK
6
CONTINUOUS
10
4.6385872834645667
20
-3.9216082283464564
11
4.638487440944882
21
-3.921593464566929
0
LINE
8
BLACK
6
CONTINUOUS
10
4.638487440944882
20
-3.921593464566929
11
4.6309883858267717
21
-3.9197187007874015
0
LINE
8
BLACK
6
CONTINUOUS
10
4.6309883858267717
20
-3.9197187007874015
11
4.6309458661417322
21
-3.9197035039370078
0
LINE
8
BLACK
6
CONTINUOUS
10
4.6309458661417322
20
-3.9197035039370078
11
4.6309246062992129
21
-3.9197020078740157
0
LINE
8
BLACK
6
CONTINUOUS
10
4.6309246062992129
20
-3.9197020078740157
11
4.6306848425196847
21
-3.9196102362204726
0
LINE
8
BLACK
6
CONTINUOUS
10
4.6306848425196847
20
-3.9196102362204726
11
4.6304432677165357
21
-3.9195239370078738
0
LINE
8
BLACK
6
CONTINUOUS
10
4.6304432677165357
20
-3.9195239370078738
11
4.6304261023622049
21
-3.9195112204724407
0
LINE
8
BLACK
6
CONTINUOUS
10
4.6304261023622049
20
-3.9195112204724407
11
4.6303840157480316
21
-3.9194951181102362
0
LINE
8
BLACK
6
CONTINUOUS
10
4.6303840157480316
20
-3.9194951181102362
11
4.6266344881889765
21
-3.9176203543307087
0
LINE
8
BLACK
6
CONTINUOUS
10
4.6266344881889765
20
-3.9176203543307087
11
4.6263864566929129
21
-3.9174642519685037
0
LINE
8
BLACK
6
CONTINUOUS
10
4.6263864566929129
20
-3.9174642519685037
11
4.6263145275590549
21
-3.9174344488188977
0
LINE
8
BLACK
6
CONTINUOUS
10
4.6263145275590549
20
-3.9174344488188977
11
4.6262335433070865
21
-3.9173679527559053
0
LINE
8
BLACK
6
CONTINUOUS
10
4.6262335433070865
20
-3.9173679527559053
11
4.6261446062992126
21
-3.9173120078740156
0
LINE
8
BLACK
6
CONTINUOUS
10
4.6261446062992126
20
-3.9173120078740156
11
4.6260934251968502
21
-3.917252992125984
0
LINE
8
BLACK
6
CONTINUOUS
10
4.6260934251968502
20
-3.917252992125984
11
4.6258670866141731
21
-3.917067244094488
0
LINE
8
BLACK
6
CONTINUOUS
10
4.6258670866141731
20
-3.917067244094488
11
4.6239923228346456
21
-3.9151924803149605
0
LINE
8
BLACK
6
CONTINUOUS
10
4.6239923228346456
20
-3.9151924803149605
11
4.6238065354330704
21
-3.9149661023622047
0
LINE
8
BLACK
6
CONTINUOUS
10
4.6238065354330704
20
-3.9149661023622047
11
4.6237475590551176
21
-3.9149149606299214
0
LINE
8
BLACK
6
CONTINUOUS
10
4.6237475590551176
20
-3.9149149606299214
11
4.6236915748031491
21
-3.9148259842519684
0
LINE
8
BLACK
6
CONTINUOUS
10
4.6236915748031491
20
-3.9148259842519684
11
4.6236251181102359
21
-3.9147450393700787
0
LINE
8
BLACK
6
CONTINUOUS
10
4.6236251181102359
20
-3.9147450393700787
11
4.6235952755905512
21
-3.9146730708661415
0
LINE
8
BLACK
6
CONTINUOUS
10
4.6235952755905512
20
-3.9146730708661415
11
4.6234392125984254
21
-3.9144250787401575
0
LINE
8
BLACK
6
CONTINUOUS
10
4.6234392125984254
20
-3.9144250787401575
11
4.6215644488188978
21
-3.9106755511811024
0
LINE
8
BLACK
6
CONTINUOUS
10
4.6215644488188978
20
-3.9106755511811024
11
4.6213575590551184
21
-3.9101349212598424
0
LINE
8
BLACK
6
CONTINUOUS
10
4.6213575590551184
20
-3.9101349212598424
11
4.6213500393700784
21
-3.910029094488189
0
LINE
8
BLACK
6
CONTINUOUS
10
4.6213500393700784
20
-3.910029094488189
11
4.6213094488188977
21
-3.9099311023622048
0
LINE
8
BLACK
6
CONTINUOUS
10
4.6213094488188977
20
-3.9099311023622048
11
4.6212527165354329
21
-3.9093550393700784
0
LINE
8
BLACK
6
CONTINUOUS
10
4.6212527165354329
20
-3.9093550393700784
11
4.6212527165354329
21
-3.9056055118110233
0
LINE
8
BLACK
6
CONTINUOUS
10
4.6212527165354329
20
-3.9056055118110233
11
4.6213094488188977
21
-3.9050294488188975
0
LINE
8
BLACK
6
CONTINUOUS
10
4.6213094488188977
20
-3.9050294488188975
11
4.6213500393700784
21
-3.9049314173228344
0
LINE
8
BLACK
6
CONTINUOUS
10
4.6213500393700784
20
-3.9049314173228344
11
4.6213575590551184
21
-3.9048256299212598
0
LINE
8
BLACK
6
CONTINUOUS
10
4.6213575590551184
20
-3.9048256299212598
11
4.6215644488188978
21
-3.9042849999999998
0
LINE
8
BLACK
6
CONTINUOUS
10
4.6215644488188978
20
-3.9042849999999998
11
4.6234392125984254
21
-3.9005354724409447
0
LINE
8
BLACK
6
CONTINUOUS
10
4.6234392125984254
20
-3.9005354724409447
11
4.6235952755905512
21
-3.900287440944882
0
LINE
8
BLACK
6
CONTINUOUS
10
4.6235952755905512
20
-3.900287440944882
11
4.6236251181102359
21
-3.9002155118110235
0
LINE
8
BLACK
6
CONTINUOUS
10
4.6236251181102359
20
-3.9002155118110235
11
4.6236915748031491
21
-3.9001345275590551
0
LINE
8
BLACK
6
CONTINUOUS
10
4.6236915748031491
20
-3.9001345275590551
11
4.6237475590551176
21
-3.9000455905511808
0
LINE
8
BLACK
6
CONTINUOUS
10
4.6237475590551176
20
-3.9000455905511808
11
4.6238065354330704
21
-3.8999944094488188
0
LINE
8
BLACK
6
CONTINUOUS
10
4.6238065354330704
20
-3.8999944094488188
11
4.6239923228346456
21
-3.8997680708661417
0
LINE
8
BLACK
6
CONTINUOUS
10
4.6239923228346456
20
-3.8997680708661417
11
4.6258670866141731
21
-3.8978933070866142
0
LINE
8
BLACK
6
CONTINUOUS
10
4.6258670866141731
20
-3.8978933070866142
11
4.6260934251968502
21
-3.8977075196850395
0
LINE
8
BLACK
6
CONTINUOUS
10
4.6260934251968502
20
-3.8977075196850395
11
4.6261446062992126
21
-3.8976485433070867
0
LINE
8
BLACK
6
CONTINUOUS
10
4.6261446062992126
20
-3.8976485433070867
11
4.6262335433070865
21
-3.8975925590551181
0
LINE
8
BLACK
6
CONTINUOUS
10
4.6262335433070865
20
-3.8975925590551181
11
4.6263145275590549
21
-3.8975261023622045
0
LINE
8
BLACK
6
CONTINUOUS
10
4.6263145275590549
20
-3.8975261023622045
11
4.6263864566929129
21
-3.8974962598425198
0
LINE
8
BLACK
6
CONTINUOUS
10
4.6263864566929129
20
-3.8974962598425198
11
4.6266344881889765
21
-3.8973401968503936
0
LINE
8
BLACK
6
CONTINUOUS
10
4.6266344881889765
20
-3.8973401968503936
11
4.6303840157480316
21
-3.895465433070866
0
LINE
8
BLACK
6
CONTINUOUS
10
4.6303840157480316
20
-3.895465433070866
11
4.6304261023622049
21
-3.8954492913385828
0
LINE
8
BLACK
6
CONTINUOUS
10
4.6304261023622049
20
-3.8954492913385828
11
4.6304432677165357
21
-3.8954366141732284
0
LINE
8
BLACK
6
CONTINUOUS
10
4.6304432677165357
20
-3.8954366141732284
11
4.6306848425196847
21
-3.8953502755905509
0
LINE
8
BLACK
6
CONTINUOUS
10
4.6306848425196847
20
-3.8953502755905509
11
4.6309246062992129
21
-3.8952585433070865
0
LINE
8
BLACK
6
CONTINUOUS
10
4.6309246062992129
20
-3.8952585433070865
11
4.6309458661417322
21
-3.8952570078740156
0
LINE
8
BLACK
6
CONTINUOUS
10
4.6309458661417322
20
-3.8952570078740156
11
4.6309883858267717
21
-3.8952418503937007
0
LINE
8
BLACK
6
CONTINUOUS
10
4.6309883858267717
20
-3.8952418503937007
11
4.638487440944882
21
-3.8933670866141732
0
LINE
8
BLACK
6
CONTINUOUS
10
4.638487440944882
20
-3.8933670866141732
11
4.6385872834645667
21
-3.8933522834645666
0
LINE
8
BLACK
6
CONTINUOUS
10
4.6385872834645667
20
-3.8933522834645666
11
4.6386275196850395
21
-3.8933356692913383
0
LINE
8
BLACK
6
CONTINUOUS
10
4.6386275196850395
20
-3.8933356692913383
11
4.6388445275590549
21
-3.8933142913385828
0
LINE
8
BLACK
6
CONTINUOUS
10
4.6388445275590549
20
-3.8933142913385828
11
4.6390600393700785
21
-3.8932824409448816
0
LINE
8
BLACK
6
CONTINUOUS
10
4.6390600393700785
20
-3.8932824409448816
11
4.6391030314960631
21
-3.8932888188976378
0
LINE
8
BLACK
6
CONTINUOUS
10
4.6391030314960631
20
-3.8932888188976378
11
4.6392035826771654
21
-3.893278937007874
0
LINE
8
BLACK
6
CONTINUOUS
10
4.6392035826771654
20
-3.893278937007874
11
4.6485774015748031
21
-3.893278937007874
0
LINE
8
BLACK
6
CONTINUOUS
10
4.6485774015748031
20
-3.893278937007874
11
4.6486779133858267
21
-3.8932888188976378
0
LINE
8
BLACK
6
CONTINUOUS
10
4.6327350787401578
20
-3.9008924409448817
11
4.6297040944881891
21
-3.9024079527559055
0
LINE
8
BLACK
6
CONTINUOUS
10
4.6297040944881891
20
-3.9024079527559055
11
4.6285069685039373
21
-3.9036050787401573
0
LINE
8
BLACK
6
CONTINUOUS
10
4.6285069685039373
20
-3.9036050787401573
11
4.627158228346457
21
-3.9063025590551179
0
LINE
8
BLACK
6
CONTINUOUS
10
4.627158228346457
20
-3.9063025590551179
11
4.627158228346457
21
-3.9086579921259843
0
LINE
8
BLACK
6
CONTINUOUS
10
4.627158228346457
20
-3.9086579921259843
11
4.6285069685039373
21
-3.9113554724409449
0
LINE
8
BLACK
6
CONTINUOUS
10
4.6285069685039373
20
-3.9113554724409449
11
4.6297040944881891
21
-3.9125525984251968
0
LINE
8
BLACK
6
CONTINUOUS
10
4.6297040944881891
20
-3.9125525984251968
11
4.6327350787401578
21
-3.9140680708661417
0
LINE
8
BLACK
6
CONTINUOUS
10
4.6327350787401578
20
-3.9140680708661417
11
4.6395671259842519
21
-3.9157761023622046
0
LINE
8
BLACK
6
CONTINUOUS
10
4.6395671259842519
20
-3.9157761023622046
11
4.6482138582677166
21
-3.9157761023622046
0
LINE
8
BLACK
6
CONTINUOUS
10
4.6482138582677166
20
-3.9157761023622046
11
4.6550459055118107
21
-3.9140680708661417
0
LINE
8
BLACK
6
CONTINUOUS
10
4.6550459055118107
20
-3.9140680708661417
11
4.6580768897637794
21
-3.912552559055118
0
LINE
8
BLACK
6
CONTINUOUS
10
4.6580768897637794
20
-3.912552559055118
11
4.65927405511811
21
-3.9113554330708662
0
LINE
8
BLACK
6
CONTINUOUS
10
4.65927405511811
20
-3.9113554330708662
11
4.6606227952755903
21
-3.9086579921259843
0
LINE
8
BLACK
6
CONTINUOUS
10
4.6606227952755903
20
-3.9086579921259843
11
4.6606227952755903
21
-3.9063025590551179
0
LINE
8
BLACK
6
CONTINUOUS
10
4.6606227952755903
20
-3.9063025590551179
11
4.65927405511811
21
-3.9036050787401573
0
LINE
8
BLACK
6
CONTINUOUS
10
4.65927405511811
20
-3.9036050787401573
11
4.6580768897637794
21
-3.9024079527559055
0
LINE
8
BLACK
6
CONTINUOUS
10
4.6580768897637794
20
-3.9024079527559055
11
4.6550459055118107
21
-3.9008924409448817
0
LINE
8
BLACK
6
CONTINUOUS
10
4.6550459055118107
20
-3.9008924409448817
11
4.6482138582677166
21
-3.8991844488188976
0
LINE
8
BLACK
6
CONTINUOUS
10
4.6482138582677166
20
-3.8991844488188976
11
4.6395671259842519
21
-3.8991844488188976
0
LINE
8
BLACK
6
CONTINUOUS
10
4.6395671259842519
20
-3.8991844488188976
11
4.6327350787401578
21
-3.9008924409448817
0
LINE
8
BLACK
6
CONTINUOUS
10
4.6486779133858267
20
-3.8557935039370079
11
4.64872094488189
21
-3.8557871259842518
0
LINE
8
BLACK
6
CONTINUOUS
10
4.64872094488189
20
-3.8557871259842518
11
4.6489364173228349
21
-3.8558189763779525
0
LINE
8
BLACK
6
CONTINUOUS
10
4.6489364173228349
20
-3.8558189763779525
11
4.649153464566929
21
-3.8558403543307085
0
LINE
8
BLACK
6
CONTINUOUS
10
4.649153464566929
20
-3.8558403543307085
11
4.649193661417323
21
-3.8558569685039368
0
LINE
8
BLACK
6
CONTINUOUS
10
4.649193661417323
20
-3.8558569685039368
11
4.6492935433070866
21
-3.8558717716535433
0
LINE
8
BLACK
6
CONTINUOUS
10
4.6492935433070866
20
-3.8558717716535433
11
4.6567925984251968
21
-3.8577465354330709
0
LINE
8
BLACK
6
CONTINUOUS
10
4.6567925984251968
20
-3.8577465354330709
11
4.6568350787401576
21
-3.8577616929133858
0
LINE
8
BLACK
6
CONTINUOUS
10
4.6568350787401576
20
-3.8577616929133858
11
4.6568563385826769
21
-3.8577632283464567
0
LINE
8
BLACK
6
CONTINUOUS
10
4.6568563385826769
20
-3.8577632283464567
11
4.6570957480314963
21
-3.8578548425196848
0
LINE
8
BLACK
6
CONTINUOUS
10
4.6570957480314963
20
-3.8578548425196848
11
4.6573377165354328
21
-3.8579412992125985
0
LINE
8
BLACK
6
CONTINUOUS
10
4.6573377165354328
20
-3.8579412992125985
11
4.6573548425196849
21
-3.8579539763779525
0
LINE
8
BLACK
6
CONTINUOUS
10
4.6573548425196849
20
-3.8579539763779525
11
4.6573969685039369
21
-3.8579701181102362
0
LINE
8
BLACK
6
CONTINUOUS
10
4.6573969685039369
20
-3.8579701181102362
11
4.661146496062992
21
-3.8598448818897637
0
LINE
8
BLACK
6
CONTINUOUS
10
4.661146496062992
20
-3.8598448818897637
11
4.6613943700787397
21
-3.8600009055118107
0
LINE
8
BLACK
6
CONTINUOUS
10
4.6613943700787397
20
-3.8600009055118107
11
4.6614664173228348
21
-3.8600307480314959
0
LINE
8
BLACK
6
CONTINUOUS
10
4.6614664173228348
20
-3.8600307480314959
11
4.661547440944882
21
-3.8600972440944883
0
LINE
8
BLACK
6
CONTINUOUS
10
4.661547440944882
20
-3.8600972440944883
11
4.6616363779527559
21
-3.8601532283464568
0
LINE
8
BLACK
6
CONTINUOUS
10
4.6616363779527559
20
-3.8601532283464568
11
4.6616875196850396
21
-3.8602122047244092
0
LINE
8
BLACK
6
CONTINUOUS
10
4.6616875196850396
20
-3.8602122047244092
11
4.6619138582677166
21
-3.8603979527559056
0
LINE
8
BLACK
6
CONTINUOUS
10
4.6619138582677166
20
-3.8603979527559056
11
4.663788661417323
21
-3.8622727165354331
0
LINE
8
BLACK
6
CONTINUOUS
10
4.663788661417323
20
-3.8622727165354331
11
4.6639744094488185
21
-3.8624990551181102
0
LINE
8
BLACK
6
CONTINUOUS
10
4.6639744094488185
20
-3.8624990551181102
11
4.6640334645669288
21
-3.862550275590551
0
LINE
8
BLACK
6
CONTINUOUS
10
4.6640334645669288
20
-3.862550275590551
11
4.6640894488188973
21
-3.8626392125984252
0
LINE
8
BLACK
6
CONTINUOUS
10
4.6640894488188973
20
-3.8626392125984252
11
4.6641559055118105
21
-3.8627201968503937
0
LINE
8
BLACK
6
CONTINUOUS
10
4.6641559055118105
20
-3.8627201968503937
11
4.6641857086614174
21
-3.8627921259842517
0
LINE
8
BLACK
6
CONTINUOUS
10
4.6641857086614174
20
-3.8627921259842517
11
4.6643418110236219
21
-3.8630401574803148
0
LINE
8
BLACK
6
CONTINUOUS
10
4.6643418110236219
20
-3.8630401574803148
11
4.6662165748031494
21
-3.8667896850393699
0
LINE
8
BLACK
6
CONTINUOUS
10
4.6662165748031494
20
-3.8667896850393699
11
4.6664234645669289
21
-3.8673302755905512
0
LINE
8
BLACK
6
CONTINUOUS
10
4.6664234645669289
20
-3.8673302755905512
11
4.666430984251968
21
-3.8674361417322833
0
LINE
8
BLACK
6
CONTINUOUS
10
4.666430984251968
20
-3.8674361417322833
11
4.6664715748031496
21
-3.8675341338582676
0
LINE
8
BLACK
6
CONTINUOUS
10
4.6664715748031496
20
-3.8675341338582676
11
4.6665283070866144
21
-3.8681101968503935
0
LINE
8
BLACK
6
CONTINUOUS
10
4.6665283070866144
20
-3.8681101968503935
11
4.6665283070866144
21
-3.8718597244094486
0
LINE
8
BLACK
6
CONTINUOUS
10
4.6665283070866144
20
-3.8718597244094486
11
4.6664715748031496
21
-3.8724357874015749
0
LINE
8
BLACK
6
CONTINUOUS
10
4.6664715748031496
20
-3.8724357874015749
11
4.666430984251968
21
-3.8725337401574804
0
LINE
8
BLACK
6
CONTINUOUS
10
4.666430984251968
20
-3.8725337401574804
11
4.6664234645669289
21
-3.8726396456692913
0
LINE
8
BLACK
6
CONTINUOUS
10
4.6664234645669289
20
-3.8726396456692913
11
4.6662165748031494
21
-3.8731802362204721
0
LINE
8
BLACK
6
CONTINUOUS
10
4.6662165748031494
20
-3.8731802362204721
11
4.6643418110236219
21
-3.8769297637795272
0
LINE
8
BLACK
6
CONTINUOUS
10
4.6643418110236219
20
-3.8769297637795272
11
4.6641857086614174
21
-3.8771777559055116
0
LINE
8
BLACK
6
CONTINUOUS
10
4.6641857086614174
20
-3.8771777559055116
11
4.6641559055118105
21
-3.8772497244094488
0
LINE
8
BLACK
6
CONTINUOUS
10
4.6641559055118105
20
-3.8772497244094488
11
4.6640894488188973
21
-3.8773306692913385
0
LINE
8
BLACK
6
CONTINUOUS
10
4.6640894488188973
20
-3.8773306692913385
11
4.6640334645669288
21
-3.8774196456692911
0
LINE
8
BLACK
6
CONTINUOUS
10
4.6640334645669288
20
-3.8774196456692911
11
4.6639744094488185
21
-3.8774708267716536
0
LINE
8
BLACK
6
CONTINUOUS
10
4.6639744094488185
20
-3.8774708267716536
11
4.663788661417323
21
-3.8776972047244094
0
LINE
8
BLACK
6
CONTINUOUS
10
4.663788661417323
20
-3.8776972047244094
11
4.6619138582677166
21
-3.8795719685039369
0
LINE
8
BLACK
6
CONTINUOUS
10
4.6619138582677166
20
-3.8795719685039369
11
4.6616875196850396
21
-3.8797576771653541
0
LINE
8
BLACK
6
CONTINUOUS
10
4.6616875196850396
20
-3.8797576771653541
11
4.6616363779527559
21
-3.8798166929133857
0
LINE
8
BLACK
6
CONTINUOUS
10
4.6616363779527559
20
-3.8798166929133857
11
4.661547440944882
21
-3.8798726377952755
0
LINE
8
BLACK
6
CONTINUOUS
10
4.661547440944882
20
-3.8798726377952755
11
4.6614664173228348
21
-3.8799391732283466
0
LINE
8
BLACK
6
CONTINUOUS
10
4.6614664173228348
20
-3.8799391732283466
11
4.6613943700787397
21
-3.8799689763779526
0
LINE
8
BLACK
6
CONTINUOUS
10
4.6613943700787397
20
-3.8799689763779526
11
4.661146496062992
21
-3.8801250393700788
0
LINE
8
BLACK
6
CONTINUOUS
10
4.661146496062992
20
-3.8801250393700788
11
4.6573969685039369
21
-3.8819998031496064
0
LINE
8
BLACK
6
CONTINUOUS
10
4.6573969685039369
20
-3.8819998031496064
11
4.6573548425196849
21
-3.8820159055118109
0
LINE
8
BLACK
6
CONTINUOUS
10
4.6573548425196849
20
-3.8820159055118109
11
4.6573377165354328
21
-3.882028622047244
0
LINE
8
BLACK
6
CONTINUOUS
10
4.6573377165354328
20
-3.882028622047244
11
4.6570957480314963
21
-3.8821150393700785
0
LINE
8
BLACK
6
CONTINUOUS
10
4.6570957480314963
20
-3.8821150393700785
11
4.6568563385826769
21
-3.8822066929133858
0
LINE
8
BLACK
6
CONTINUOUS
10
4.6568563385826769
20
-3.8822066929133858
11
4.6568350787401576
21
-3.882208188976378
0
LINE
8
BLACK
6
CONTINUOUS
10
4.6568350787401576
20
-3.882208188976378
11
4.6567925984251968
21
-3.8822233858267716
0
LINE
8
BLACK
6
CONTINUOUS
10
4.6567925984251968
20
-3.8822233858267716
11
4.6492935433070866
21
-3.8840981496062992
0
LINE
8
BLACK
6
CONTINUOUS
10
4.6492935433070866
20
-3.8840981496062992
11
4.649193661417323
21
-3.8841129133858265
0
LINE
8
BLACK
6
CONTINUOUS
10
4.649193661417323
20
-3.8841129133858265
11
4.649153464566929
21
-3.8841295669291336
0
LINE
8
BLACK
6
CONTINUOUS
10
4.649153464566929
20
-3.8841295669291336
11
4.6489364173228349
21
-3.8841509055118109
0
LINE
8
BLACK
6
CONTINUOUS
10
4.6489364173228349
20
-3.8841509055118109
11
4.64872094488189
21
-3.8841827952755903
0
LINE
8
BLACK
6
CONTINUOUS
10
4.64872094488189
20
-3.8841827952755903
11
4.6486779133858267
21
-3.8841763779527558
0
LINE
8
BLACK
6
CONTINUOUS
10
4.6486779133858267
20
-3.8841763779527558
11
4.6485774015748031
21
-3.8841862992125984
0
LINE
8
BLACK
6
CONTINUOUS
10
4.6485774015748031
20
-3.8841862992125984
11
4.6392035826771654
21
-3.8841862992125984
0
LINE
8
BLACK
6
CONTINUOUS
10
4.6392035826771654
20
-3.8841862992125984
11
4.6391030314960631
21
-3.8841763779527558
0
LINE
8
BLACK
6
CONTINUOUS
10
4.6391030314960631
20
-3.8841763779527558
11
4.6390600393700785
21
-3.8841827952755903
0
LINE
8
BLACK
6
CONTINUOUS
10
4.6390600393700785
20
-3.8841827952755903
11
4.6388445275590549
21
-3.8841509055118109
0
LINE
8
BLACK
6
CONTINUOUS
10
4.6388445275590549
20
-3.8841509055118109
11
4.6386275196850395
21
-3.8841295669291336
0
LINE
8
BLACK
6
CONTINUOUS
10
4.6386275196850395
20
-3.8841295669291336
11
4.6385872834645667
21
-3.8841129133858265
0
LINE
8
BLACK
6
CONTINUOUS
10
4.6385872834645667
20
-3.8841129133858265
11
4.638487440944882
21
-3.8840981496062992
0
LINE
8
BLACK
6
CONTINUOUS
10
4.638487440944882
20
-3.8840981496062992
11
4.6309883858267717
21
-3.8822233858267716
0
LINE
8
BLACK
6
CONTINUOUS
10
4.6309883858267717
20
-3.8822233858267716
11
4.6309458661417322
21
-3.882208188976378
0
LINE
8
BLACK
6
CONTINUOUS
10
4.6309458661417322
20
-3.882208188976378
11
4.6309246062992129
21
-3.8822066929133858
0
LINE
8
BLACK
6
CONTINUOUS
10
4.6309246062992129
20
-3.8822066929133858
11
4.6306848425196847
21
-3.8821149212598423
0
LINE
8
BLACK
6
CONTINUOUS
10
4.6306848425196847
20
-3.8821149212598423
11
4.6304432677165357
21
-3.882028622047244
0
LINE
8
BLACK
6
CONTINUOUS
10
4.6304432677165357
20
-3.882028622047244
11
4.6304261023622049
21
-3.8820159055118109
0
LINE
8
BLACK
6
CONTINUOUS
10
4.6304261023622049
20
-3.8820159055118109
11
4.6303840157480316
21
-3.8819998031496064
0
LINE
8
BLACK
6
CONTINUOUS
10
4.6303840157480316
20
-3.8819998031496064
11
4.6266344881889765
21
-3.8801250393700788
0
LINE
8
BLACK
6
CONTINUOUS
10
4.6266344881889765
20
-3.8801250393700788
11
4.6263864566929129
21
-3.8799689370078738
0
LINE
8
BLACK
6
CONTINUOUS
10
4.6263864566929129
20
-3.8799689370078738
11
4.6263145275590549
21
-3.8799391338582678
0
LINE
8
BLACK
6
CONTINUOUS
10
4.6263145275590549
20
-3.8799391338582678
11
4.6262335433070865
21
-3.8798726377952755
0
LINE
8
BLACK
6
CONTINUOUS
10
4.6262335433070865
20
-3.8798726377952755
11
4.6261446062992126
21
-3.8798166929133857
0
LINE
8
BLACK
6
CONTINUOUS
10
4.6261446062992126
20
-3.8798166929133857
11
4.6260934251968502
21
-3.8797576771653541
0
LINE
8
BLACK
6
CONTINUOUS
10
4.6260934251968502
20
-3.8797576771653541
11
4.6258670866141731
21
-3.8795719291338582
0
LINE
8
BLACK
6
CONTINUOUS
10
4.6258670866141731
20
-3.8795719291338582
11
4.6239923228346456
21
-3.8776971653543306
0
LINE
8
BLACK
6
CONTINUOUS
10
4.6239923228346456
20
-3.8776971653543306
11
4.6238065354330704
21
-3.8774707874015748
0
LINE
8
BLACK
6
CONTINUOUS
10
4.6238065354330704
20
-3.8774707874015748
11
4.6237475590551176
21
-3.8774196456692911
0
LINE
8
BLACK
6
CONTINUOUS
10
4.6237475590551176
20
-3.8774196456692911
11
4.6236915748031491
21
-3.8773306692913385
0
LINE
8
BLACK
6
CONTINUOUS
10
4.6236915748031491
20
-3.8773306692913385
11
4.6236251181102359
21
-3.8772497244094488
0
LINE
8
BLACK
6
CONTINUOUS
10
4.6236251181102359
20
-3.8772497244094488
11
4.6235952755905512
21
-3.8771777559055116
0
LINE
8
BLACK
6
CONTINUOUS
10
4.6235952755905512
20
-3.8771777559055116
11
4.6234392125984254
21
-3.8769297637795272
0
LINE
8
BLACK
6
CONTINUOUS
10
4.6234392125984254
20
-3.8769297637795272
11
4.6215644488188978
21
-3.8731802362204721
0
LINE
8
BLACK
6
CONTINUOUS
10
4.6215644488188978
20
-3.8731802362204721
11
4.6213575590551184
21
-3.8726396062992126
0
LINE
8
BLACK
6
CONTINUOUS
10
4.6213575590551184
20
-3.8726396062992126
11
4.6213500393700784
21
-3.8725337795275592
0
LINE
8
BLACK
6
CONTINUOUS
10
4.6213500393700784
20
-3.8725337795275592
11
4.6213094488188977
21
-3.8724357874015749
0
LINE
8
BLACK
6
CONTINUOUS
10
4.6213094488188977
20
-3.8724357874015749
11
4.6212527165354329
21
-3.8718597244094486
0
LINE
8
BLACK
6
CONTINUOUS
10
4.6212527165354329
20
-3.8718597244094486
11
4.6212527165354329
21
-3.8681101968503935
0
LINE
8
BLACK
6
CONTINUOUS
10
4.6212527165354329
20
-3.8681101968503935
11
4.6213094488188977
21
-3.8675341338582676
0
LINE
8
BLACK
6
CONTINUOUS
10
4.6213094488188977
20
-3.8675341338582676
11
4.6213500393700784
21
-3.8674361023622046
0
LINE
8
BLACK
6
CONTINUOUS
10
4.6213500393700784
20
-3.8674361023622046
11
4.6213575590551184
21
-3.86733031496063
0
LINE
8
BLACK
6
CONTINUOUS
10
4.6213575590551184
20
-3.86733031496063
11
4.6215644488188978
21
-3.8667896850393699
0
LINE
8
BLACK
6
CONTINUOUS
10
4.6215644488188978
20
-3.8667896850393699
11
4.6234392125984254
21
-3.8630401574803148
0
LINE
8
BLACK
6
CONTINUOUS
10
4.6234392125984254
20
-3.8630401574803148
11
4.6235952755905512
21
-3.8627921259842517
0
LINE
8
BLACK
6
CONTINUOUS
10
4.6235952755905512
20
-3.8627921259842517
11
4.6236251181102359
21
-3.8627201968503937
0
LINE
8
BLACK
6
CONTINUOUS
10
4.6236251181102359
20
-3.8627201968503937
11
4.6236915748031491
21
-3.8626392125984252
0
LINE
8
BLACK
6
CONTINUOUS
10
4.6236915748031491
20
-3.8626392125984252
11
4.6237475590551176
21
-3.862550275590551
0
LINE
8
BLACK
6
CONTINUOUS
10
4.6237475590551176
20
-3.862550275590551
11
4.6238065354330704
21
-3.862499094488189
0
LINE
8
BLACK
6
CONTINUOUS
10
4.6238065354330704
20
-3.862499094488189
11
4.6239923228346456
21
-3.8622727559055119
0
LINE
8
BLACK
6
CONTINUOUS
10
4.6239923228346456
20
-3.8622727559055119
11
4.6258670866141731
21
-3.8603979921259843
0
LINE
8
BLACK
6
CONTINUOUS
10
4.6258670866141731
20
-3.8603979921259843
11
4.6260934251968502
21
-3.8602122047244092
0
LINE
8
BLACK
6
CONTINUOUS
10
4.6260934251968502
20
-3.8602122047244092
11
4.6261446062992126
21
-3.8601532283464568
0
LINE
8
BLACK
6
CONTINUOUS
10
4.6261446062992126
20
-3.8601532283464568
11
4.6262335433070865
21
-3.8600972440944883
0
LINE
8
BLACK
6
CONTINUOUS
10
4.6262335433070865
20
-3.8600972440944883
11
4.6263145275590549
21
-3.8600307874015747
0
LINE
8
BLACK
6
CONTINUOUS
10
4.6263145275590549
20
-3.8600307874015747
11
4.6263864566929129
21
-3.8600009448818895
0
LINE
8
BLACK
6
CONTINUOUS
10
4.6263864566929129
20
-3.8600009448818895
11
4.6266344881889765
21
-3.8598448818897637
0
LINE
8
BLACK
6
CONTINUOUS
10
4.6266344881889765
20
-3.8598448818897637
11
4.6303840157480316
21
-3.8579701181102362
0
LINE
8
BLACK
6
CONTINUOUS
10
4.6303840157480316
20
-3.8579701181102362
11
4.6304261023622049
21
-3.8579539763779525
0
LINE
8
BLACK
6
CONTINUOUS
10
4.6304261023622049
20
-3.8579539763779525
11
4.6304432677165357
21
-3.8579412992125985
0
LINE
8
BLACK
6
CONTINUOUS
10
4.6304432677165357
20
-3.8579412992125985
11
4.6306848425196847
21
-3.8578549606299211
0
LINE
8
BLACK
6
CONTINUOUS
10
4.6306848425196847
20
-3.8578549606299211
11
4.6309246062992129
21
-3.8577632283464567
0
LINE
8
BLACK
6
CONTINUOUS
10
4.6309246062992129
20
-3.8577632283464567
11
4.6309458661417322
21
-3.8577616929133858
0
LINE
8
BLACK
6
CONTINUOUS
10
4.6309458661417322
20
-3.8577616929133858
11
4.6309883858267717
21
-3.8577465354330709
0
LINE
8
BLACK
6
CONTINUOUS
10
4.6309883858267717
20
-3.8577465354330709
11
4.638487440944882
21
-3.8558717716535433
0
LINE
8
BLACK
6
CONTINUOUS
10
4.638487440944882
20
-3.8558717716535433
11
4.6385872834645667
21
-3.8558569685039368
0
LINE
8
BLACK
6
CONTINUOUS
10
4.6385872834645667
20
-3.8558569685039368
11
4.6386275196850395
21
-3.8558403543307085
0
LINE
8
BLACK
6
CONTINUOUS
10
4.6386275196850395
20
-3.8558403543307085
11
4.6388445275590549
21
-3.8558189763779525
0
LINE
8
BLACK
6
CONTINUOUS
10
4.6388445275590549
20
-3.8558189763779525
11
4.6390600393700785
21
-3.8557871259842518
0
LINE
8
BLACK
6
CONTINUOUS
10
4.6390600393700785
20
-3.8557871259842518
11
4.6391030314960631
21
-3.8557935039370079
0
LINE
8
BLACK
6
CONTINUOUS
10
4.6391030314960631
20
-3.8557935039370079
11
4.6392035826771654
21
-3.8557836220472441
0
LINE
8
BLACK
6
CONTINUOUS
10
4.6392035826771654
20
-3.8557836220472441
11
4.6485774015748031
21
-3.8557836220472441
0
LINE
8
BLACK
6
CONTINUOUS
10
4.6485774015748031
20
-3.8557836220472441
11
4.6486779133858267
21
-3.8557935039370079
0
LINE
8
BLACK
6
CONTINUOUS
10
4.6327350787401578
20
-3.8633971259842519
11
4.6297040944881891
21
-3.8649126377952756
0
LINE
8
BLACK
6
CONTINUOUS
10
4.6297040944881891
20
-3.8649126377952756
11
4.6285069685039373
21
-3.8661097637795274
0
LINE
8
BLACK
6
CONTINUOUS
10
4.6285069685039373
20
-3.8661097637795274
11
4.627158228346457
21
-3.8688072440944881
0
LINE
8
BLACK
6
CONTINUOUS
10
4.627158228346457
20
-3.8688072440944881
11
4.627158228346457
21
-3.8711626771653544
0
LINE
8
BLACK
6
CONTINUOUS
10
4.627158228346457
20
-3.8711626771653544
11
4.6285069685039373
21
-3.8738601574803151
0
LINE
8
BLACK
6
CONTINUOUS
10
4.6285069685039373
20
-3.8738601574803151
11
4.6297040944881891
21
-3.8750572834645669
0
LINE
8
BLACK
6
CONTINUOUS
10
4.6297040944881891
20
-3.8750572834645669
11
4.6327350787401578
21
-3.8765727559055119
0
LINE
8
BLACK
6
CONTINUOUS
10
4.6327350787401578
20
-3.8765727559055119
11
4.6395671259842519
21
-3.8782807874015748
0
LINE
8
BLACK
6
CONTINUOUS
10
4.6395671259842519
20
-3.8782807874015748
11
4.6482138582677166
21
-3.8782807874015748
0
LINE
8
BLACK
6
CONTINUOUS
10
4.6482138582677166
20
-3.8782807874015748
11
4.6550459055118107
21
-3.8765727559055119
0
LINE
8
BLACK
6
CONTINUOUS
10
4.6550459055118107
20
-3.8765727559055119
11
4.6580768897637794
21
-3.8750572440944882
0
LINE
8
BLACK
6
CONTINUOUS
10
4.6580768897637794
20
-3.8750572440944882
11
4.65927405511811
21
-3.8738601181102363
0
LINE
8
BLACK
6
CONTINUOUS
10
4.65927405511811
20
-3.8738601181102363
11
4.6606227952755903
21
-3.8711626771653544
0
LINE
8
BLACK
6
CONTINUOUS
10
4.6606227952755903
20
-3.8711626771653544
11
4.6606227952755903
21
-3.8688072440944881
0
LINE
8
BLACK
6
CONTINUOUS
10
4.6606227952755903
20
-3.8688072440944881
11
4.65927405511811
21
-3.8661097637795274
0
LINE
8
BLACK
6
CONTINUOUS
10
4.65927405511811
20
-3.8661097637795274
11
4.6580768897637794
21
-3.8649126377952756
0
LINE
8
BLACK
6
CONTINUOUS
10
4.6580768897637794
20
-3.8649126377952756
11
4.6550459055118107
21
-3.8633971259842519
0
LINE
8
BLACK
6
CONTINUOUS
10
4.6550459055118107
20
-3.8633971259842519
11
4.6482138582677166
21
-3.8616891338582677
0
LINE
8
BLACK
6
CONTINUOUS
10
4.6482138582677166
20
-3.8616891338582677
11
4.6395671259842519
21
-3.8616891338582677
0
LINE
8
BLACK
6
CONTINUOUS
10
4.6395671259842519
20
-3.8616891338582677
11
4.6327350787401578
21
-3.8633971259842519
0
LINE
8
BLACK
6
CONTINUOUS
10
4.6486779133858267
20
-3.8182981889763781
11
4.64872094488189
21
-3.8182918110236219
0
LINE
8
BLACK
6
CONTINUOUS
10
4.64872094488189
20
-3.8182918110236219
11
4.6489364173228349
21
-3.8183236614173226
0
LINE
8
BLACK
6
CONTINUOUS
10
4.6489364173228349
20
-3.8183236614173226
11
4.649153464566929
21
-3.8183450393700786
0
LINE
8
BLACK
6
CONTINUOUS
10
4.649153464566929
20
-3.8183450393700786
11
4.649193661417323
21
-3.8183616535433069
0
LINE
8
BLACK
6
CONTINUOUS
10
4.649193661417323
20
-3.8183616535433069
11
4.6492935433070866
21
-3.8183764566929135
0
LINE
8
BLACK
6
CONTINUOUS
10
4.6492935433070866
20
-3.8183764566929135
11
4.6567925984251968
21
-3.820251220472441
0
LINE
8
BLACK
6
CONTINUOUS
10
4.6567925984251968
20
-3.820251220472441
11
4.6568350787401576
21
-3.8202663779527559
0
LINE
8
BLACK
6
CONTINUOUS
10
4.6568350787401576
20
-3.8202663779527559
11
4.6568563385826769
21
-3.8202679133858268
0
LINE
8
BLACK
6
CONTINUOUS
10
4.6568563385826769
20
-3.8202679133858268
11
4.6570957480314963
21
-3.8203595275590549
0
LINE
8
BLACK
6
CONTINUOUS
10
4.6570957480314963
20
-3.8203595275590549
11
4.6573377165354328
21
-3.8204459842519682
0
LINE
8
BLACK
6
CONTINUOUS
10
4.6573377165354328
20
-3.8204459842519682
11
4.6573548425196849
21
-3.8204586614173226
0
LINE
8
BLACK
6
CONTINUOUS
10
4.6573548425196849
20
-3.8204586614173226
11
4.6573969685039369
21
-3.8204748031496063
0
LINE
8
BLACK
6
CONTINUOUS
10
4.6573969685039369
20
-3.8204748031496063
11
4.661146496062992
21
-3.8223495669291339
0
LINE
8
BLACK
6
CONTINUOUS
10
4.661146496062992
20
-3.8223495669291339
11
4.6613943700787397
21
-3.8225055905511809
0
LINE
8
BLACK
6
CONTINUOUS
10
4.6613943700787397
20
-3.8225055905511809
11
4.6614664173228348
21
-3.8225354330708661
0
LINE
8
BLACK
6
CONTINUOUS
10
4.6614664173228348
20
-3.8225354330708661
11
4.661547440944882
21
-3.822601929133858
0
LINE
8
BLACK
6
CONTINUOUS
10
4.661547440944882
20
-3.822601929133858
11
4.6616363779527559
21
-3.8226579133858265
0
LINE
8
BLACK
6
CONTINUOUS
10
4.6616363779527559
20
-3.8226579133858265
11
4.6616875196850396
21
-3.8227168897637793
0
LINE
8
BLACK
6
CONTINUOUS
10
4.6616875196850396
20
-3.8227168897637793
11
4.6619138582677166
21
-3.8229026377952753
0
LINE
8
BLACK
6
CONTINUOUS
10
4.6619138582677166
20
-3.8229026377952753
11
4.663788661417323
21
-3.8247774015748033
0
LINE
8
BLACK
6
CONTINUOUS
10
4.663788661417323
20
-3.8247774015748033
11
4.6639744094488185
21
-3.8250037401574803
0
LINE
8
BLACK
6
CONTINUOUS
10
4.6639744094488185
20
-3.8250037401574803
11
4.6640334645669288
21
-3.8250549606299211
0
LINE
8
BLACK
6
CONTINUOUS
10
4.6640334645669288
20
-3.8250549606299211
11
4.6640894488188973
21
-3.8251438976377954
0
LINE
8
BLACK
6
CONTINUOUS
10
4.6640894488188973
20
-3.8251438976377954
11
4.6641559055118105
21
-3.8252248818897638
0
LINE
8
BLACK
6
CONTINUOUS
10
4.6641559055118105
20
-3.8252248818897638
11
4.6641857086614174
21
-3.8252968110236218
0
LINE
8
BLACK
6
CONTINUOUS
10
4.6641857086614174
20
-3.8252968110236218
11
4.6643418110236219
21
-3.825544842519685
0
LINE
8
BLACK
6
CONTINUOUS
10
4.6643418110236219
20
-3.825544842519685
11
4.6662165748031494
21
-3.8292943700787401
0
LINE
8
BLACK
6
CONTINUOUS
10
4.6662165748031494
20
-3.8292943700787401
11
4.6664234645669289
21
-3.8298349606299213
0
LINE
8
BLACK
6
CONTINUOUS
10
4.6664234645669289
20
-3.8298349606299213
11
4.666430984251968
21
-3.8299408267716535
0
LINE
8
BLACK
6
CONTINUOUS
10
4.666430984251968
20
-3.8299408267716535
11
4.6664715748031496
21
-3.8300388188976378
0
LINE
8
BLACK
6
CONTINUOUS
10
4.6664715748031496
20
-3.8300388188976378
11
4.6665283070866144
21
-3.8306148818897636
0
LINE
8
BLACK
6
CONTINUOUS
10
4.6665283070866144
20
-3.8306148818897636
11
4.6665283070866144
21
-3.8343644094488187
0
LINE
8
BLACK
6
CONTINUOUS
10
4.6665283070866144
20
-3.8343644094488187
11
4.6664715748031496
21
-3.8349404724409446
0
LINE
8
BLACK
6
CONTINUOUS
10
4.6664715748031496
20
-3.8349404724409446
11
4.666430984251968
21
-3.8350384251968501
0
LINE
8
BLACK
6
CONTINUOUS
10
4.666430984251968
20
-3.8350384251968501
11
4.6664234645669289
21
-3.8351443307086615
0
LINE
8
BLACK
6
CONTINUOUS
10
4.6664234645669289
20
-3.8351443307086615
11
4.6662165748031494
21
-3.8356849212598423
0
LINE
8
BLACK
6
CONTINUOUS
10
4.6662165748031494
20
-3.8356849212598423
11
4.6643418110236219
21
-3.8394344488188974
0
LINE
8
BLACK
6
CONTINUOUS
10
4.6643418110236219
20
-3.8394344488188974
11
4.6641857086614174
21
-3.8396824409448818
0
LINE
8
BLACK
6
CONTINUOUS
10
4.6641857086614174
20
-3.8396824409448818
11
4.6641559055118105
21
-3.839754409448819
0
LINE
8
BLACK
6
CONTINUOUS
10
4.6641559055118105
20
-3.839754409448819
11
4.6640894488188973
21
-3.8398353543307087
0
LINE
8
BLACK
6
CONTINUOUS
10
4.6640894488188973
20
-3.8398353543307087
11
4.6640334645669288
21
-3.8399243307086612
0
LINE
8
BLACK
6
CONTINUOUS
10
4.6640334645669288
20
-3.8399243307086612
11
4.6639744094488185
21
-3.8399755118110237
0
LINE
8
BLACK
6
CONTINUOUS
10
4.6639744094488185
20
-3.8399755118110237
11
4.663788661417323
21
-3.8402018897637795
0
LINE
8
BLACK
6
CONTINUOUS
10
4.663788661417323
20
-3.8402018897637795
11
4.6619138582677166
21
-3.8420766535433071
0
LINE
8
BLACK
6
CONTINUOUS
10
4.6619138582677166
20
-3.8420766535433071
11
4.6616875196850396
21
-3.8422623622047243
0
LINE
8
BLACK
6
CONTINUOUS
10
4.6616875196850396
20
-3.8422623622047243
11
4.6616363779527559
21
-3.8423213779527559
0
LINE
8
BLACK
6
CONTINUOUS
10
4.6616363779527559
20
-3.8423213779527559
11
4.661547440944882
21
-3.8423773228346456
0
LINE
8
BLACK
6
CONTINUOUS
10
4.661547440944882
20
-3.8423773228346456
11
4.6614664173228348
21
-3.8424438582677163
0
LINE
8
BLACK
6
CONTINUOUS
10
4.6614664173228348
20
-3.8424438582677163
11
4.6613943700787397
21
-3.8424736614173227
0
LINE
8
BLACK
6
CONTINUOUS
10
4.6613943700787397
20
-3.8424736614173227
11
4.661146496062992
21
-3.8426297244094489
0
LINE
8
BLACK
6
CONTINUOUS
10
4.661146496062992
20
-3.8426297244094489
11
4.6573969685039369
21
-3.8445044881889765
0
LINE
8
BLACK
6
CONTINUOUS
10
4.6573969685039369
20
-3.8445044881889765
11
4.6573548425196849
21
-3.844520590551181
0
LINE
8
BLACK
6
CONTINUOUS
10
4.6573548425196849
20
-3.844520590551181
11
4.6573377165354328
21
-3.8445333070866141
0
LINE
8
BLACK
6
CONTINUOUS
10
4.6573377165354328
20
-3.8445333070866141
11
4.6570957480314963
21
-3.8446197244094487
0
LINE
8
BLACK
6
CONTINUOUS
10
4.6570957480314963
20
-3.8446197244094487
11
4.6568563385826769
21
-3.844711377952756
0
LINE
8
BLACK
6
CONTINUOUS
10
4.6568563385826769
20
-3.844711377952756
11
4.6568350787401576
21
-3.8447128740157481
0
LINE
8
BLACK
6
CONTINUOUS
10
4.6568350787401576
20
-3.8447128740157481
11
4.6567925984251968
21
-3.8447280708661418
0
LINE
8
BLACK
6
CONTINUOUS
10
4.6567925984251968
20
-3.8447280708661418
11
4.6492935433070866
21
-3.8466028346456693
0
LINE
8
BLACK
6
CONTINUOUS
10
4.6492935433070866
20
-3.8466028346456693
11
4.649193661417323
21
-3.8466175984251967
0
LINE
8
BLACK
6
CONTINUOUS
10
4.649193661417323
20
-3.8466175984251967
11
4.649153464566929
21
-3.8466342519685037
0
LINE
8
BLACK
6
CONTINUOUS
10
4.649153464566929
20
-3.8466342519685037
11
4.6489364173228349
21
-3.846655590551181
0
LINE
8
BLACK
6
CONTINUOUS
10
4.6489364173228349
20
-3.846655590551181
11
4.64872094488189
21
-3.8466874803149604
0
LINE
8
BLACK
6
CONTINUOUS
10
4.64872094488189
20
-3.8466874803149604
11
4.6486779133858267
21
-3.846681062992126
0
LINE
8
BLACK
6
CONTINUOUS
10
4.6486779133858267
20
-3.846681062992126
11
4.6485774015748031
21
-3.8466909842519685
0
LINE
8
BLACK
6
CONTINUOUS
10
4.6485774015748031
20
-3.8466909842519685
11
4.6392035826771654
21
-3.8466909842519685
0
LINE
8
BLACK
6
CONTINUOUS
10
4.6392035826771654
20
-3.8466909842519685
11
4.6391030314960631
21
-3.846681062992126
0
LINE
8
BLACK
6
CONTINUOUS
10
4.6391030314960631
20
-3.846681062992126
11
4.6390600393700785
21
-3.8466874803149604
0
LINE
8
BLACK
6
CONTINUOUS
10
4.6390600393700785
20
-3.8466874803149604
11
4.6388445275590549
21
-3.846655590551181
0
LINE
8
BLACK
6
CONTINUOUS
10
4.6388445275590549
20
-3.846655590551181
11
4.6386275196850395
21
-3.8466342519685037
0
LINE
8
BLACK
6
CONTINUOUS
10
4.6386275196850395
20
-3.8466342519685037
11
4.6385872834645667
21
-3.8466175984251967
0
LINE
8
BLACK
6
CONTINUOUS
10
4.6385872834645667
20
-3.8466175984251967
11
4.638487440944882
21
-3.8466028346456693
0
LINE
8
BLACK
6
CONTINUOUS
10
4.638487440944882
20
-3.8466028346456693
11
4.6309883858267717
21
-3.8447280708661418
0
LINE
8
BLACK
6
CONTINUOUS
10
4.6309883858267717
20
-3.8447280708661418
11
4.6309458661417322
21
-3.8447128740157481
0
LINE
8
BLACK
6
CONTINUOUS
10
4.6309458661417322
20
-3.8447128740157481
11
4.6309246062992129
21
-3.844711377952756
0
LINE
8
BLACK
6
CONTINUOUS
10
4.6309246062992129
20
-3.844711377952756
11
4.6306848425196847
21
-3.8446196062992124
0
LINE
8
BLACK
6
CONTINUOUS
10
4.6306848425196847
20
-3.8446196062992124
11
4.6304432677165357
21
-3.8445333070866141
0
LINE
8
BLACK
6
CONTINUOUS
10
4.6304432677165357
20
-3.8445333070866141
11
4.6304261023622049
21
-3.844520590551181
0
LINE
8
BLACK
6
CONTINUOUS
10
4.6304261023622049
20
-3.844520590551181
11
4.6303840157480316
21
-3.8445044881889765
0
LINE
8
BLACK
6
CONTINUOUS
10
4.6303840157480316
20
-3.8445044881889765
11
4.6266344881889765
21
-3.8426297244094489
0
LINE
8
BLACK
6
CONTINUOUS
10
4.6266344881889765
20
-3.8426297244094489
11
4.6263864566929129
21
-3.842473622047244
0
LINE
8
BLACK
6
CONTINUOUS
10
4.6263864566929129
20
-3.842473622047244
11
4.6263145275590549
21
-3.8424438188976375
0
LINE
8
BLACK
6
CONTINUOUS
10
4.6263145275590549
20
-3.8424438188976375
11
4.6262335433070865
21
-3.8423773228346456
0
LINE
8
BLACK
6
CONTINUOUS
10
4.6262335433070865
20
-3.8423773228346456
11
4.6261446062992126
21
-3.8423213779527559
0
LINE
8
BLACK
6
CONTINUOUS
10
4.6261446062992126
20
-3.8423213779527559
11
4.6260934251968502
21
-3.8422623622047243
0
LINE
8
BLACK
6
CONTINUOUS
10
4.6260934251968502
20
-3.8422623622047243
11
4.6258670866141731
21
-3.8420766141732283
0
LINE
8
BLACK
6
CONTINUOUS
10
4.6258670866141731
20
-3.8420766141732283
11
4.6239923228346456
21
-3.8402018503937008
0
LINE
8
BLACK
6
CONTINUOUS
10
4.6239923228346456
20
-3.8402018503937008
11
4.6238065354330704
21
-3.8399754724409449
0
LINE
8
BLACK
6
CONTINUOUS
10
4.6238065354330704
20
-3.8399754724409449
11
4.6237475590551176
21
-3.8399243307086612
0
LINE
8
BLACK
6
CONTINUOUS
10
4.6237475590551176
20
-3.8399243307086612
11
4.6236915748031491
21
-3.8398353543307087
0
LINE
8
BLACK
6
CONTINUOUS
10
4.6236915748031491
20
-3.8398353543307087
11
4.6236251181102359
21
-3.839754409448819
0
LINE
8
BLACK
6
CONTINUOUS
10
4.6236251181102359
20
-3.839754409448819
11
4.6235952755905512
21
-3.8396824409448818
0
LINE
8
BLACK
6
CONTINUOUS
10
4.6235952755905512
20
-3.8396824409448818
11
4.6234392125984254
21
-3.8394344488188974
0
LINE
8
BLACK
6
CONTINUOUS
10
4.6234392125984254
20
-3.8394344488188974
11
4.6215644488188978
21
-3.8356849212598423
0
LINE
8
BLACK
6
CONTINUOUS
10
4.6215644488188978
20
-3.8356849212598423
11
4.6213575590551184
21
-3.8351442913385827
0
LINE
8
BLACK
6
CONTINUOUS
10
4.6213575590551184
20
-3.8351442913385827
11
4.6213500393700784
21
-3.8350384645669289
0
LINE
8
BLACK
6
CONTINUOUS
10
4.6213500393700784
20
-3.8350384645669289
11
4.6213094488188977
21
-3.8349404724409446
0
LINE
8
BLACK
6
CONTINUOUS
10
4.6213094488188977
20
-3.8349404724409446
11
4.6212527165354329
21
-3.8343644094488187
0
LINE
8
BLACK
6
CONTINUOUS
10
4.6212527165354329
20
-3.8343644094488187
11
4.6212527165354329
21
-3.8306148818897636
0
LINE
8
BLACK
6
CONTINUOUS
10
4.6212527165354329
20
-3.8306148818897636
11
4.6213094488188977
21
-3.8300388188976378
0
LINE
8
BLACK
6
CONTINUOUS
10
4.6213094488188977
20
-3.8300388188976378
11
4.6213500393700784
21
-3.8299407874015747
0
LINE
8
BLACK
6
CONTINUOUS
10
4.6213500393700784
20
-3.8299407874015747
11
4.6213575590551184
21
-3.8298350000000001
0
LINE
8
BLACK
6
CONTINUOUS
10
4.6213575590551184
20
-3.8298350000000001
11
4.6215644488188978
21
-3.8292943700787401
0
LINE
8
BLACK
6
CONTINUOUS
10
4.6215644488188978
20
-3.8292943700787401
11
4.6234392125984254
21
-3.825544842519685
0
LINE
8
BLACK
6
CONTINUOUS
10
4.6234392125984254
20
-3.825544842519685
11
4.6235952755905512
21
-3.8252968110236218
0
LINE
8
BLACK
6
CONTINUOUS
10
4.6235952755905512
20
-3.8252968110236218
11
4.6236251181102359
21
-3.8252248818897638
0
LINE
8
BLACK
6
CONTINUOUS
10
4.6236251181102359
20
-3.8252248818897638
11
4.6236915748031491
21
-3.8251438976377954
0
LINE
8
BLACK
6
CONTINUOUS
10
4.6236915748031491
20
-3.8251438976377954
11
4.6237475590551176
21
-3.8250549606299211
0
LINE
8
BLACK
6
CONTINUOUS
10
4.6237475590551176
20
-3.8250549606299211
11
4.6238065354330704
21
-3.8250037795275591
0
LINE
8
BLACK
6
CONTINUOUS
10
4.6238065354330704
20
-3.8250037795275591
11
4.6239923228346456
21
-3.8247774409448816
0
LINE
8
BLACK
6
CONTINUOUS
10
4.6239923228346456
20
-3.8247774409448816
11
4.6258670866141731
21
-3.822902677165354
0
LINE
8
BLACK
6
CONTINUOUS
10
4.6258670866141731
20
-3.822902677165354
11
4.6260934251968502
21
-3.8227168897637793
0
LINE
8
BLACK
6
CONTINUOUS
10
4.6260934251968502
20
-3.8227168897637793
11
4.6261446062992126
21
-3.8226579133858265
0
LINE
8
BLACK
6
CONTINUOUS
10
4.6261446062992126
20
-3.8226579133858265
11
4.6262335433070865
21
-3.822601929133858
0
LINE
8
BLACK
6
CONTINUOUS
10
4.6262335433070865
20
-3.822601929133858
11
4.6263145275590549
21
-3.8225354724409448
0
LINE
8
BLACK
6
CONTINUOUS
10
4.6263145275590549
20
-3.8225354724409448
11
4.6263864566929129
21
-3.8225056299212596
0
LINE
8
BLACK
6
CONTINUOUS
10
4.6263864566929129
20
-3.8225056299212596
11
4.6266344881889765
21
-3.8223495669291339
0
LINE
8
BLACK
6
CONTINUOUS
10
4.6266344881889765
20
-3.8223495669291339
11
4.6303840157480316
21
-3.8204748031496063
0
LINE
8
BLACK
6
CONTINUOUS
10
4.6303840157480316
20
-3.8204748031496063
11
4.6304261023622049
21
-3.8204586614173226
0
LINE
8
BLACK
6
CONTINUOUS
10
4.6304261023622049
20
-3.8204586614173226
11
4.6304432677165357
21
-3.8204459842519682
0
LINE
8
BLACK
6
CONTINUOUS
10
4.6304432677165357
20
-3.8204459842519682
11
4.6306848425196847
21
-3.8203596456692912
0
LINE
8
BLACK
6
CONTINUOUS
10
4.6306848425196847
20
-3.8203596456692912
11
4.6309246062992129
21
-3.8202679133858268
0
LINE
8
BLACK
6
CONTINUOUS
10
4.6309246062992129
20
-3.8202679133858268
11
4.6309458661417322
21
-3.8202663779527559
0
LINE
8
BLACK
6
CONTINUOUS
10
4.6309458661417322
20
-3.8202663779527559
11
4.6309883858267717
21
-3.820251220472441
0
LINE
8
BLACK
6
CONTINUOUS
10
4.6309883858267717
20
-3.820251220472441
11
4.638487440944882
21
-3.8183764566929135
0
LINE
8
BLACK
6
CONTINUOUS
10
4.638487440944882
20
-3.8183764566929135
11
4.6385872834645667
21
-3.8183616535433069
0
LINE
8
BLACK
6
CONTINUOUS
10
4.6385872834645667
20
-3.8183616535433069
11
4.6386275196850395
21
-3.8183450393700786
0
LINE
8
BLACK
6
CONTINUOUS
10
4.6386275196850395
20
-3.8183450393700786
11
4.6388445275590549
21
-3.8183236614173226
0
LINE
8
BLACK
6
CONTINUOUS
10
4.6388445275590549
20
-3.8183236614173226
11
4.6390600393700785
21
-3.8182918110236219
0
LINE
8
BLACK
6
CONTINUOUS
10
4.6390600393700785
20
-3.8182918110236219
11
4.6391030314960631
21
-3.8182981889763781
0
LINE
8
BLACK
6
CONTINUOUS
10
4.6391030314960631
20
-3.8182981889763781
11
4.6392035826771654
21
-3.8182883070866143
0
LINE
8
BLACK
6
CONTINUOUS
10
4.6392035826771654
20
-3.8182883070866143
11
4.6485774015748031
21
-3.8182883070866143
0
LINE
8
BLACK
6
CONTINUOUS
10
4.6485774015748031
20
-3.8182883070866143
11
4.6486779133858267
21
-3.8182981889763781
0
LINE
8
BLACK
6
CONTINUOUS
10
4.6327350787401578
20
-3.825901811023622
11
4.6297040944881891
21
-3.8274173228346458
0
LINE
8
BLACK
6
CONTINUOUS
10
4.6297040944881891
20
-3.8274173228346458
11
4.6285069685039373
21
-3.8286144488188976
0
LINE
8
BLACK
6
CONTINUOUS
10
4.6285069685039373
20
-3.8286144488188976
11
4.627158228346457
21
-3.8313119291338582
0
LINE
8
BLACK
6
CONTINUOUS
10
4.627158228346457
20
-3.8313119291338582
11
4.627158228346457
21
-3.8336673622047241
0
LINE
8
BLACK
6
CONTINUOUS
10
4.627158228346457
20
-3.8336673622047241
11
4.6285069685039373
21
-3.8363648425196848
0
LINE
8
BLACK
6
CONTINUOUS
10
4.6285069685039373
20
-3.8363648425196848
11
4.6297040944881891
21
-3.837561968503937
0
LINE
8
BLACK
6
CONTINUOUS
10
4.6297040944881891
20
-3.837561968503937
11
4.6327350787401578
21
-3.839077440944882
0
LINE
8
BLACK
6
CONTINUOUS
10
4.6327350787401578
20
-3.839077440944882
11
4.6395671259842519
21
-3.8407854724409449
0
LINE
8
BLACK
6
CONTINUOUS
10
4.6395671259842519
20
-3.8407854724409449
11
4.6482138582677166
21
-3.8407854724409449
0
LINE
8
BLACK
6
CONTINUOUS
10
4.6482138582677166
20
-3.8407854724409449
11
4.6550459055118107
21
-3.839077440944882
0
LINE
8
BLACK
6
CONTINUOUS
10
4.6550459055118107
20
-3.839077440944882
11
4.6580768897637794
21
-3.8375619291338583
0
LINE
8
BLACK
6
CONTINUOUS
10
4.6580768897637794
20
-3.8375619291338583
11
4.65927405511811
21
-3.836364803149606
0
LINE
8
BLACK
6
CONTINUOUS
10
4.65927405511811
20
-3.836364803149606
11
4.6606227952755903
21
-3.8336673622047241
0
LINE
8
BLACK
6
CONTINUOUS
10
4.6606227952755903
20
-3.8336673622047241
11
4.6606227952755903
21
-3.8313119291338582
0
LINE
8
BLACK
6
CONTINUOUS
10
4.6606227952755903
20
-3.8313119291338582
11
4.65927405511811
21
-3.8286144488188976
0
LINE
8
BLACK
6
CONTINUOUS
10
4.65927405511811
20
-3.8286144488188976
11
4.6580768897637794
21
-3.8274173228346458
0
LINE
8
BLACK
6
CONTINUOUS
10
4.6580768897637794
20
-3.8274173228346458
11
4.6550459055118107
21
-3.825901811023622
0
LINE
8
BLACK
6
CONTINUOUS
10
4.6550459055118107
20
-3.825901811023622
11
4.6482138582677166
21
-3.8241938188976379
0
LINE
8
BLACK
6
CONTINUOUS
10
4.6482138582677166
20
-3.8241938188976379
11
4.6395671259842519
21
-3.8241938188976379
0
LINE
8
BLACK
6
CONTINUOUS
10
4.6395671259842519
20
-3.8241938188976379
11
4.6327350787401578
21
-3.825901811023622
0
LINE
8
BLACK
6
CONTINUOUS
10
4.6641516141732282
20
-3.7377300787401575
11
4.6652160236220475
21
-3.7381709842519686
0
LINE
8
BLACK
6
CONTINUOUS
10
4.6652160236220475
20
-3.7381709842519686
11
4.6660306692913389
21
-3.7389856299212596
0
LINE
8
BLACK
6
CONTINUOUS
10
4.6660306692913389
20
-3.7389856299212596
11
4.6664715748031496
21
-3.7400500393700788
0
LINE
8
BLACK
6
CONTINUOUS
10
4.6664715748031496
20
-3.7400500393700788
11
4.6664715748031496
21
-3.7412021653543306
0
LINE
8
BLACK
6
CONTINUOUS
10
4.6664715748031496
20
-3.7412021653543306
11
4.6660306692913389
21
-3.7422665748031494
0
LINE
8
BLACK
6
CONTINUOUS
10
4.6660306692913389
20
-3.7422665748031494
11
4.6652160236220475
21
-3.7430812204724409
0
LINE
8
BLACK
6
CONTINUOUS
10
4.6652160236220475
20
-3.7430812204724409
11
4.6641516141732282
21
-3.7435221259842519
0
LINE
8
BLACK
6
CONTINUOUS
10
4.6641516141732282
20
-3.7435221259842519
11
4.6635755511811023
21
-3.7435788582677163
0
LINE
8
BLACK
6
CONTINUOUS
10
4.6635755511811023
20
-3.7435788582677163
11
4.6436501574803151
21
-3.7435788582677163
0
LINE
8
BLACK
6
CONTINUOUS
10
4.6436501574803151
20
-3.7435788582677163
11
4.6414044094488185
21
-3.7447016929133858
0
LINE
8
BLACK
6
CONTINUOUS
10
4.6414044094488185
20
-3.7447016929133858
11
4.6402815748031498
21
-3.746947440944882
0
LINE
8
BLACK
6
CONTINUOUS
10
4.6402815748031498
20
-3.746947440944882
11
4.6402815748031498
21
-3.7511776771653542
0
LINE
8
BLACK
6
CONTINUOUS
10
4.6402815748031498
20
-3.7511776771653542
11
4.6414044094488185
21
-3.7534233858267716
0
LINE
8
BLACK
6
CONTINUOUS
10
4.6414044094488185
20
-3.7534233858267716
11
4.6436501574803151
21
-3.7545462598425194
0
LINE
8
BLACK
6
CONTINUOUS
10
4.6436501574803151
20
-3.7545462598425194
11
4.6635755511811023
21
-3.7545462598425194
0
LINE
8
BLACK
6
CONTINUOUS
10
4.6635755511811023
20
-3.7545462598425194
11
4.6641516141732282
21
-3.7546029921259843
0
LINE
8
BLACK
6
CONTINUOUS
10
4.6641516141732282
20
-3.7546029921259843
11
4.6652160236220475
21
-3.7550438976377953
0
LINE
8
BLACK
6
CONTINUOUS
10
4.6652160236220475
20
-3.7550438976377953
11
4.6660306692913389
21
-3.7558585433070864
0
LINE
8
BLACK
6
CONTINUOUS
10
4.6660306692913389
20
-3.7558585433070864
11
4.6664715748031496
21
-3.7569229527559056
0
LINE
8
BLACK
6
CONTINUOUS
10
4.6664715748031496
20
-3.7569229527559056
11
4.6664715748031496
21
-3.7580750787401573
0
LINE
8
BLACK
6
CONTINUOUS
10
4.6664715748031496
20
-3.7580750787401573
11
4.6660306692913389
21
-3.7591394881889761
0
LINE
8
BLACK
6
CONTINUOUS
10
4.6660306692913389
20
-3.7591394881889761
11
4.6652160236220475
21
-3.7599541338582676
0
LINE
8
BLACK
6
CONTINUOUS
10
4.6652160236220475
20
-3.7599541338582676
11
4.6641516141732282
21
-3.7603950393700787
0
LINE
8
BLACK
6
CONTINUOUS
10
4.6641516141732282
20
-3.7603950393700787
11
4.6635755511811023
21
-3.7604517716535431
0
LINE
8
BLACK
6
CONTINUOUS
10
4.6635755511811023
20
-3.7604517716535431
11
4.6436501574803151
21
-3.7604517716535431
0
LINE
8
BLACK
6
CONTINUOUS
10
4.6436501574803151
20
-3.7604517716535431
11
4.6414044094488185
21
-3.7615746062992126
0
LINE
8
BLACK
6
CONTINUOUS
10
4.6414044094488185
20
-3.7615746062992126
11
4.6402815748031498
21
-3.7638203543307087
0
LINE
8
BLACK
6
CONTINUOUS
10
4.6402815748031498
20
-3.7638203543307087
11
4.6402815748031498
21
-3.7680505511811022
0
LINE
8
BLACK
6
CONTINUOUS
10
4.6402815748031498
20
-3.7680505511811022
11
4.6416303149606302
21
-3.7707480314960629
0
LINE
8
BLACK
6
CONTINUOUS
10
4.6416303149606302
20
-3.7707480314960629
11
4.6423014173228347
21
-3.7714191338582674
0
LINE
8
BLACK
6
CONTINUOUS
10
4.6423014173228347
20
-3.7714191338582674
11
4.6635755511811023
21
-3.7714191338582674
0
LINE
8
BLACK
6
CONTINUOUS
10
4.6635755511811023
20
-3.7714191338582674
11
4.6641516141732282
21
-3.7714758661417322
0
LINE
8
BLACK
6
CONTINUOUS
10
4.6641516141732282
20
-3.7714758661417322
11
4.6652160236220475
21
-3.7719167716535433
0
LINE
8
BLACK
6
CONTINUOUS
10
4.6652160236220475
20
-3.7719167716535433
11
4.6660306692913389
21
-3.7727314173228343
0
LINE
8
BLACK
6
CONTINUOUS
10
4.6660306692913389
20
-3.7727314173228343
11
4.6664715748031496
21
-3.7737958267716536
0
LINE
8
BLACK
6
CONTINUOUS
10
4.6664715748031496
20
-3.7737958267716536
11
4.6664715748031496
21
-3.7749479527559053
0
LINE
8
BLACK
6
CONTINUOUS
10
4.6664715748031496
20
-3.7749479527559053
11
4.6660306692913389
21
-3.7760123622047241
0
LINE
8
BLACK
6
CONTINUOUS
10
4.6660306692913389
20
-3.7760123622047241
11
4.6652160236220475
21
-3.7768270078740156
0
LINE
8
BLACK
6
CONTINUOUS
10
4.6652160236220475
20
-3.7768270078740156
11
4.6641516141732282
21
-3.7772679133858267
0
LINE
8
BLACK
6
CONTINUOUS
10
4.6641516141732282
20
-3.7772679133858267
11
4.6635755511811023
21
-3.777324645669291
0
LINE
8
BLACK
6
CONTINUOUS
10
4.6635755511811023
20
-3.777324645669291
11
4.6373288188976378
21
-3.777324645669291
0
LINE
8
BLACK
6
CONTINUOUS
10
4.6373288188976378
20
-3.777324645669291
11
4.6367527559055119
21
-3.7772679133858267
0
LINE
8
BLACK
6
CONTINUOUS
10
4.6367527559055119
20
-3.7772679133858267
11
4.6356883464566927
21
-3.7768270078740156
0
LINE
8
BLACK
6
CONTINUOUS
10
4.6356883464566927
20
-3.7768270078740156
11
4.6348737007874012
21
-3.7760123622047241
0
LINE
8
BLACK
6
CONTINUOUS
10
4.6348737007874012
20
-3.7760123622047241
11
4.6344327952755906
21
-3.7749479527559053
0
LINE
8
BLACK
6
CONTINUOUS
10
4.6344327952755906
20
-3.7749479527559053
11
4.6344327952755906
21
-3.7737958267716536
0
LINE
8
BLACK
6
CONTINUOUS
10
4.6344327952755906
20
-3.7737958267716536
11
4.6348737007874012
21
-3.7727314173228343
0
LINE
8
BLACK
6
CONTINUOUS
10
4.6348737007874012
20
-3.7727314173228343
11
4.635637519685039
21
-3.7719675590551178
0
LINE
8
BLACK
6
CONTINUOUS
10
4.635637519685039
20
-3.7719675590551178
11
4.6346877952755907
21
-3.7700681102362203
0
LINE
8
BLACK
6
CONTINUOUS
10
4.6346877952755907
20
-3.7700681102362203
11
4.6344809055118112
21
-3.7695274803149608
0
LINE
8
BLACK
6
CONTINUOUS
10
4.6344809055118112
20
-3.7695274803149608
11
4.6344733858267713
21
-3.7694216535433069
0
LINE
8
BLACK
6
CONTINUOUS
10
4.6344733858267713
20
-3.7694216535433069
11
4.6344327952755906
21
-3.7693236614173227
0
LINE
8
BLACK
6
CONTINUOUS
10
4.6344327952755906
20
-3.7693236614173227
11
4.6343760629921258
21
-3.7687475984251968
0
LINE
8
BLACK
6
CONTINUOUS
10
4.6343760629921258
20
-3.7687475984251968
11
4.6343760629921258
21
-3.7631233070866141
0
LINE
8
BLACK
6
CONTINUOUS
10
4.6343760629921258
20
-3.7631233070866141
11
4.6344327952755906
21
-3.7625472440944883
0
LINE
8
BLACK
6
CONTINUOUS
10
4.6344327952755906
20
-3.7625472440944883
11
4.6344733858267713
21
-3.7624492125984252
0
LINE
8
BLACK
6
CONTINUOUS
10
4.6344733858267713
20
-3.7624492125984252
11
4.6344809055118112
21
-3.7623434251968502
0
LINE
8
BLACK
6
CONTINUOUS
10
4.6344809055118112
20
-3.7623434251968502
11
4.6346877952755907
21
-3.7618027952755906
0
LINE
8
BLACK
6
CONTINUOUS
10
4.6346877952755907
20
-3.7618027952755906
11
4.6365625590551183
21
-3.7580532677165355
0
LINE
8
BLACK
6
CONTINUOUS
10
4.6365625590551183
20
-3.7580532677165355
11
4.6366231889763778
21
-3.7579568897637796
0
LINE
8
BLACK
6
CONTINUOUS
10
4.6366231889763778
20
-3.7579568897637796
11
4.6366383464566931
21
-3.757911496062992
0
LINE
8
BLACK
6
CONTINUOUS
10
4.6366383464566931
20
-3.757911496062992
11
4.6366873622047242
21
-3.7578549212598422
0
LINE
8
BLACK
6
CONTINUOUS
10
4.6366873622047242
20
-3.7578549212598422
11
4.6368709055118114
21
-3.7575633858267716
0
LINE
8
BLACK
6
CONTINUOUS
10
4.6368709055118114
20
-3.7575633858267716
11
4.6369451181102361
21
-3.7574990157480315
0
LINE
8
BLACK
6
CONTINUOUS
10
4.6369451181102361
20
-3.7574990157480315
11
4.6368709055118114
21
-3.7574346456692913
0
LINE
8
BLACK
6
CONTINUOUS
10
4.6368709055118114
20
-3.7574346456692913
11
4.6366873622047242
21
-3.7571430708661415
0
LINE
8
BLACK
6
CONTINUOUS
10
4.6366873622047242
20
-3.7571430708661415
11
4.6366383464566931
21
-3.7570865354330709
0
LINE
8
BLACK
6
CONTINUOUS
10
4.6366383464566931
20
-3.7570865354330709
11
4.6366231889763778
21
-3.7570411023622046
0
LINE
8
BLACK
6
CONTINUOUS
10
4.6366231889763778
20
-3.7570411023622046
11
4.6365625590551183
21
-3.7569447637795275
0
LINE
8
BLACK
6
CONTINUOUS
10
4.6365625590551183
20
-3.7569447637795275
11
4.6346877952755907
21
-3.7531952362204724
0
LINE
8
BLACK
6
CONTINUOUS
10
4.6346877952755907
20
-3.7531952362204724
11
4.6344809055118112
21
-3.7526546062992123
0
LINE
8
BLACK
6
CONTINUOUS
10
4.6344809055118112
20
-3.7526546062992123
11
4.6344733858267713
21
-3.7525487795275589
0
LINE
8
BLACK
6
CONTINUOUS
10
4.6344733858267713
20
-3.7525487795275589
11
4.6344327952755906
21
-3.7524507874015747
0
LINE
8
BLACK
6
CONTINUOUS
10
4.6344327952755906
20
-3.7524507874015747
11
4.6343760629921258
21
-3.7518747244094488
0
LINE
8
BLACK
6
CONTINUOUS
10
4.6343760629921258
20
-3.7518747244094488
11
4.6343760629921258
21
-3.7462504330708661
0
LINE
8
BLACK
6
CONTINUOUS
10
4.6343760629921258
20
-3.7462504330708661
11
4.6344327952755906
21
-3.7456743700787403
0
LINE
8
BLACK
6
CONTINUOUS
10
4.6344327952755906
20
-3.7456743700787403
11
4.6344733858267713
21
-3.7455763385826772
0
LINE
8
BLACK
6
CONTINUOUS
10
4.6344733858267713
20
-3.7455763385826772
11
4.6344809055118112
21
-3.7454705511811022
0
LINE
8
BLACK
6
CONTINUOUS
10
4.6344809055118112
20
-3.7454705511811022
11
4.6346877952755907
21
-3.7449299212598426
0
LINE
8
BLACK
6
CONTINUOUS
10
4.6346877952755907
20
-3.7449299212598426
11
4.6365625590551183
21
-3.7411803543307087
0
LINE
8
BLACK
6
CONTINUOUS
10
4.6365625590551183
20
-3.7411803543307087
11
4.6366231889763778
21
-3.7410840157480316
0
LINE
8
BLACK
6
CONTINUOUS
10
4.6366231889763778
20
-3.7410840157480316
11
4.6366383464566931
21
-3.7410385826771653
0
LINE
8
BLACK
6
CONTINUOUS
10
4.6366383464566931
20
-3.7410385826771653
11
4.636687401574803
21
-3.7409819685039367
0
LINE
8
BLACK
6
CONTINUOUS
10
4.636687401574803
20
-3.7409819685039367
11
4.6368709055118114
21
-3.7406905118110236
0
LINE
8
BLACK
6
CONTINUOUS
10
4.6368709055118114
20
-3.7406905118110236
11
4.6371505118110239
21
-3.7404479921259841
0
LINE
8
BLACK
6
CONTINUOUS
10
4.6371505118110239
20
-3.7404479921259841
11
4.637393188976378
21
-3.7401681889763778
0
LINE
8
BLACK
6
CONTINUOUS
10
4.637393188976378
20
-3.7401681889763778
11
4.637684724409449
21
-3.7399846456692911
0
LINE
8
BLACK
6
CONTINUOUS
10
4.637684724409449
20
-3.7399846456692911
11
4.6377412992125979
21
-3.7399356299212596
0
LINE
8
BLACK
6
CONTINUOUS
10
4.6377412992125979
20
-3.7399356299212596
11
4.6377866929133855
21
-3.7399204724409447
0
LINE
8
BLACK
6
CONTINUOUS
10
4.6377866929133855
20
-3.7399204724409447
11
4.6378830708661418
21
-3.7398598425196852
0
LINE
8
BLACK
6
CONTINUOUS
10
4.6378830708661418
20
-3.7398598425196852
11
4.6416325984251969
21
-3.7379850787401572
0
LINE
8
BLACK
6
CONTINUOUS
10
4.6416325984251969
20
-3.7379850787401572
11
4.6421731889763782
21
-3.7377781889763777
0
LINE
8
BLACK
6
CONTINUOUS
10
4.6421731889763782
20
-3.7377781889763777
11
4.6422790551181103
21
-3.7377706299212599
0
LINE
8
BLACK
6
CONTINUOUS
10
4.6422790551181103
20
-3.7377706299212599
11
4.6423770472440946
21
-3.7377300787401575
0
LINE
8
BLACK
6
CONTINUOUS
10
4.6423770472440946
20
-3.7377300787401575
11
4.6429531102362205
21
-3.7376733464566927
0
LINE
8
BLACK
6
CONTINUOUS
10
4.6429531102362205
20
-3.7376733464566927
11
4.6635755511811023
21
-3.7376733464566927
0
LINE
8
BLACK
6
CONTINUOUS
10
4.6635755511811023
20
-3.7376733464566927
11
4.6641516141732282
21
-3.7377300787401575
0
LINE
8
BLACK
6
CONTINUOUS
10
4.6641516141732282
20
-3.6852366535433072
11
4.6652160236220475
21
-3.6856775590551178
0
LINE
8
BLACK
6
CONTINUOUS
10
4.6652160236220475
20
-3.6856775590551178
11
4.6660306692913389
21
-3.6864922047244093
0
LINE
8
BLACK
6
CONTINUOUS
10
4.6660306692913389
20
-3.6864922047244093
11
4.6664715748031496
21
-3.6875566141732281
0
LINE
8
BLACK
6
CONTINUOUS
10
4.6664715748031496
20
-3.6875566141732281
11
4.6664715748031496
21
-3.6887087401574803
0
LINE
8
BLACK
6
CONTINUOUS
10
4.6664715748031496
20
-3.6887087401574803
11
4.6660306692913389
21
-3.6897731496062991
0
LINE
8
BLACK
6
CONTINUOUS
10
4.6660306692913389
20
-3.6897731496062991
11
4.6652160236220475
21
-3.6905877952755906
0
LINE
8
BLACK
6
CONTINUOUS
10
4.6652160236220475
20
-3.6905877952755906
11
4.6641516141732282
21
-3.6910287007874016
0
LINE
8
BLACK
6
CONTINUOUS
10
4.6641516141732282
20
-3.6910287007874016
11
4.6635755511811023
21
-3.691085433070866
0
LINE
8
BLACK
6
CONTINUOUS
10
4.6635755511811023
20
-3.691085433070866
11
4.6436501574803151
21
-3.691085433070866
0
LINE
8
BLACK
6
CONTINUOUS
10
4.6436501574803151
20
-3.691085433070866
11
4.6414044094488185
21
-3.6922082677165355
0
LINE
8
BLACK
6
CONTINUOUS
10
4.6414044094488185
20
-3.6922082677165355
11
4.6402815748031498
21
-3.6944540157480312
0
LINE
8
BLACK
6
CONTINUOUS
10
4.6402815748031498
20
-3.6944540157480312
11
4.6402815748031498
21
-3.6986842519685039
0
LINE
8
BLACK
6
CONTINUOUS
10
4.6402815748031498
20
-3.6986842519685039
11
4.6414044094488185
21
-3.7009299606299213
0
LINE
8
BLACK
6
CONTINUOUS
10
4.6414044094488185
20
-3.7009299606299213
11
4.6436501574803151
21
-3.7020528346456691
0
LINE
8
BLACK
6
CONTINUOUS
10
4.6436501574803151
20
-3.7020528346456691
11
4.6635755511811023
21
-3.7020528346456691
0
LINE
8
BLACK
6
CONTINUOUS
10
4.6635755511811023
20
-3.7020528346456691
11
4.6641516141732282
21
-3.702109566929134
0
LINE
8
BLACK
6
CONTINUOUS
10
4.6641516141732282
20
-3.702109566929134
11
4.6652160236220475
21
-3.7025504724409446
0
LINE
8
BLACK
6
CONTINUOUS
10
4.6652160236220475
20
-3.7025504724409446
11
4.6660306692913389
21
-3.7033651181102361
0
LINE
8
BLACK
6
CONTINUOUS
10
4.6660306692913389
20
-3.7033651181102361
11
4.6664715748031496
21
-3.7044295275590549
0
LINE
8
BLACK
6
CONTINUOUS
10
4.6664715748031496
20
-3.7044295275590549
11
4.6664715748031496
21
-3.705581653543307
0
LINE
8
BLACK
6
CONTINUOUS
10
4.6664715748031496
20
-3.705581653543307
11
4.6660306692913389
21
-3.7066460629921258
0
LINE
8
BLACK
6
CONTINUOUS
10
4.6660306692913389
20
-3.7066460629921258
11
4.6652160236220475
21
-3.7074607086614173
0
LINE
8
BLACK
6
CONTINUOUS
10
4.6652160236220475
20
-3.7074607086614173
11
4.6641516141732282
21
-3.7079016141732284
0
LINE
8
BLACK
6
CONTINUOUS
10
4.6641516141732282
20
-3.7079016141732284
11
4.6635755511811023
21
-3.7079583464566928
0
LINE
8
BLACK
6
CONTINUOUS
10
4.6635755511811023
20
-3.7079583464566928
11
4.6436501574803151
21
-3.7079583464566928
0
LINE
8
BLACK
6
CONTINUOUS
10
4.6436501574803151
20
-3.7079583464566928
11
4.6414044094488185
21
-3.7090811811023623
0
LINE
8
BLACK
6
CONTINUOUS
10
4.6414044094488185
20
-3.7090811811023623
11
4.6402815748031498
21
-3.711326929133858
0
LINE
8
BLACK
6
CONTINUOUS
10
4.6402815748031498
20
-3.711326929133858
11
4.6402815748031498
21
-3.7155571259842519
0
LINE
8
BLACK
6
CONTINUOUS
10
4.6402815748031498
20
-3.7155571259842519
11
4.6416303149606302
21
-3.7182546062992126
0
LINE
8
BLACK
6
CONTINUOUS
10
4.6416303149606302
20
-3.7182546062992126
11
4.6423014173228347
21
-3.7189257086614171
0
LINE
8
BLACK
6
CONTINUOUS
10
4.6423014173228347
20
-3.7189257086614171
11
4.6635755511811023
21
-3.7189257086614171
0
LINE
8
BLACK
6
CONTINUOUS
10
4.6635755511811023
20
-3.7189257086614171
11
4.6641516141732282
21
-3.718982440944882
0
LINE
8
BLACK
6
CONTINUOUS
10
4.6641516141732282
20
-3.718982440944882
11
4.6652160236220475
21
-3.719423346456693
0
LINE
8
BLACK
6
CONTINUOUS
10
4.6652160236220475
20
-3.719423346456693
11
4.6660306692913389
21
-3.7202379921259841
0
LINE
8
BLACK
6
CONTINUOUS
10
4.6660306692913389
20
-3.7202379921259841
11
4.6664715748031496
21
-3.7213024015748029
0
LINE
8
BLACK
6
CONTINUOUS
10
4.6664715748031496
20
-3.7213024015748029
11
4.6664715748031496
21
-3.722454527559055
0
LINE
8
BLACK
6
CONTINUOUS
10
4.6664715748031496
20
-3.722454527559055
11
4.6660306692913389
21
-3.7235189370078738
0
LINE
8
BLACK
6
CONTINUOUS
10
4.6660306692913389
20
-3.7235189370078738
11
4.6652160236220475
21
-3.7243335826771653
0
LINE
8
BLACK
6
CONTINUOUS
10
4.6652160236220475
20
-3.7243335826771653
11
4.6641516141732282
21
-3.7247744881889764
0
LINE
8
BLACK
6
CONTINUOUS
10
4.6641516141732282
20
-3.7247744881889764
11
4.6635755511811023
21
-3.7248312204724408
0
LINE
8
BLACK
6
CONTINUOUS
10
4.6635755511811023
20
-3.7248312204724408
11
4.6373288188976378
21
-3.7248312204724408
0
LINE
8
BLACK
6
CONTINUOUS
10
4.6373288188976378
20
-3.7248312204724408
11
4.6367527559055119
21
-3.7247744881889764
0
LINE
8
BLACK
6
CONTINUOUS
10
4.6367527559055119
20
-3.7247744881889764
11
4.6356883464566927
21
-3.7243335826771653
0
LINE
8
BLACK
6
CONTINUOUS
10
4.6356883464566927
20
-3.7243335826771653
11
4.6348737007874012
21
-3.7235189370078738
0
LINE
8
BLACK
6
CONTINUOUS
10
4.6348737007874012
20
-3.7235189370078738
11
4.6344327952755906
21
-3.722454527559055
0
LINE
8
BLACK
6
CONTINUOUS
10
4.6344327952755906
20
-3.722454527559055
11
4.6344327952755906
21
-3.7213024015748029
0
LINE
8
BLACK
6
CONTINUOUS
10
4.6344327952755906
20
-3.7213024015748029
11
4.6348737007874012
21
-3.7202379921259841
0
LINE
8
BLACK
6
CONTINUOUS
10
4.6348737007874012
20
-3.7202379921259841
11
4.635637519685039
21
-3.7194741338582675
0
LINE
8
BLACK
6
CONTINUOUS
10
4.635637519685039
20
-3.7194741338582675
11
4.6346877952755907
21
-3.7175746850393701
0
LINE
8
BLACK
6
CONTINUOUS
10
4.6346877952755907
20
-3.7175746850393701
11
4.6344809055118112
21
-3.71703405511811
0
LINE
8
BLACK
6
CONTINUOUS
10
4.6344809055118112
20
-3.71703405511811
11
4.6344733858267713
21
-3.7169282283464566
0
LINE
8
BLACK
6
CONTINUOUS
10
4.6344733858267713
20
-3.7169282283464566
11
4.6344327952755906
21
-3.7168302362204724
0
LINE
8
BLACK
6
CONTINUOUS
10
4.6344327952755906
20
-3.7168302362204724
11
4.6343760629921258
21
-3.7162541732283465
0
LINE
8
BLACK
6
CONTINUOUS
10
4.6343760629921258
20
-3.7162541732283465
11
4.6343760629921258
21
-3.7106298818897638
0
LINE
8
BLACK
6
CONTINUOUS
10
4.6343760629921258
20
-3.7106298818897638
11
4.6344327952755906
21
-3.7100538188976375
0
LINE
8
BLACK
6
CONTINUOUS
10
4.6344327952755906
20
-3.7100538188976375
11
4.6344733858267713
21
-3.7099557874015745
0
LINE
8
BLACK
6
CONTINUOUS
10
4.6344733858267713
20
-3.7099557874015745
11
4.6344809055118112
21
-3.7098499999999999
0
LINE
8
BLACK
6
CONTINUOUS
10
4.6344809055118112
20
-3.7098499999999999
11
4.6346877952755907
21
-3.7093093700787403
0
LINE
8
BLACK
6
CONTINUOUS
10
4.6346877952755907
20
-3.7093093700787403
11
4.6365625590551183
21
-3.7055598425196852
0
LINE
8
BLACK
6
CONTINUOUS
10
4.6365625590551183
20
-3.7055598425196852
11
4.6366231889763778
21
-3.7054634645669289
0
LINE
8
BLACK
6
CONTINUOUS
10
4.6366231889763778
20
-3.7054634645669289
11
4.6366383464566931
21
-3.7054180708661417
0
LINE
8
BLACK
6
CONTINUOUS
10
4.6366383464566931
20
-3.7054180708661417
11
4.6366873622047242
21
-3.7053614960629919
0
LINE
8
BLACK
6
CONTINUOUS
10
4.6366873622047242
20
-3.7053614960629919
11
4.6368709055118114
21
-3.7050699606299213
0
LINE
8
BLACK
6
CONTINUOUS
10
4.6368709055118114
20
-3.7050699606299213
11
4.6369451181102361
21
-3.7050055905511812
0
LINE
8
BLACK
6
CONTINUOUS
10
4.6369451181102361
20
-3.7050055905511812
11
4.6368709055118114
21
-3.704941220472441
0
LINE
8
BLACK
6
CONTINUOUS
10
4.6368709055118114
20
-3.704941220472441
11
4.6366873622047242
21
-3.7046496456692912
0
LINE
8
BLACK
6
CONTINUOUS
10
4.6366873622047242
20
-3.7046496456692912
11
4.6366383464566931
21
-3.7045931102362202
0
LINE
8
BLACK
6
CONTINUOUS
10
4.6366383464566931
20
-3.7045931102362202
11
4.6366231889763778
21
-3.7045476771653543
0
LINE
8
BLACK
6
CONTINUOUS
10
4.6366231889763778
20
-3.7045476771653543
11
4.6365625590551183
21
-3.7044513385826772
0
LINE
8
BLACK
6
CONTINUOUS
10
4.6365625590551183
20
-3.7044513385826772
11
4.6346877952755907
21
-3.7007018110236221
0
LINE
8
BLACK
6
CONTINUOUS
10
4.6346877952755907
20
-3.7007018110236221
11
4.6344809055118112
21
-3.700161181102362
0
LINE
8
BLACK
6
CONTINUOUS
10
4.6344809055118112
20
-3.700161181102362
11
4.6344733858267713
21
-3.7000553543307086
0
LINE
8
BLACK
6
CONTINUOUS
10
4.6344733858267713
20
-3.7000553543307086
11
4.6344327952755906
21
-3.6999573622047244
0
LINE
8
BLACK
6
CONTINUOUS
10
4.6344327952755906
20
-3.6999573622047244
11
4.6343760629921258
21
-3.6993812992125985
0
LINE
8
BLACK
6
CONTINUOUS
10
4.6343760629921258
20
-3.6993812992125985
11
4.6343760629921258
21
-3.6937570078740158
0
LINE
8
BLACK
6
CONTINUOUS
10
4.6343760629921258
20
-3.6937570078740158
11
4.6344327952755906
21
-3.6931809448818895
0
LINE
8
BLACK
6
CONTINUOUS
10
4.6344327952755906
20
-3.6931809448818895
11
4.6344733858267713
21
-3.6930829133858265
0
LINE
8
BLACK
6
CONTINUOUS
10
4.6344733858267713
20
-3.6930829133858265
11
4.6344809055118112
21
-3.6929771259842519
0
LINE
8
BLACK
6
CONTINUOUS
10
4.6344809055118112
20
-3.6929771259842519
11
4.6346877952755907
21
-3.6924364960629918
0
LINE
8
BLACK
6
CONTINUOUS
10
4.6346877952755907
20
-3.6924364960629918
11
4.6365625590551183
21
-3.688686929133858
0
LINE
8
BLACK
6
CONTINUOUS
10
4.6365625590551183
20
-3.688686929133858
11
4.6366231889763778
21
-3.6885905905511809
0
LINE
8
BLACK
6
CONTINUOUS
10
4.6366231889763778
20
-3.6885905905511809
11
4.6366383464566931
21
-3.688545157480315
0
LINE
8
BLACK
6
CONTINUOUS
10
4.6366383464566931
20
-3.688545157480315
11
4.636687401574803
21
-3.6884885433070864
0
LINE
8
BLACK
6
CONTINUOUS
10
4.636687401574803
20
-3.6884885433070864
11
4.6368709055118114
21
-3.6881970866141733
0
LINE
8
BLACK
6
CONTINUOUS
10
4.6368709055118114
20
-3.6881970866141733
11
4.6371505118110239
21
-3.6879545669291338
0
LINE
8
BLACK
6
CONTINUOUS
10
4.6371505118110239
20
-3.6879545669291338
11
4.637393188976378
21
-3.6876747637795275
0
LINE
8
BLACK
6
CONTINUOUS
10
4.637393188976378
20
-3.6876747637795275
11
4.637684724409449
21
-3.6874912204724408
0
LINE
8
BLACK
6
CONTINUOUS
10
4.637684724409449
20
-3.6874912204724408
11
4.6377412992125979
21
-3.6874422047244093
0
LINE
8
BLACK
6
CONTINUOUS
10
4.6377412992125979
20
-3.6874422047244093
11
4.6377866929133855
21
-3.6874270472440944
0
LINE
8
BLACK
6
CONTINUOUS
10
4.6377866929133855
20
-3.6874270472440944
11
4.6378830708661418
21
-3.6873664173228344
0
LINE
8
BLACK
6
CONTINUOUS
10
4.6378830708661418
20
-3.6873664173228344
11
4.6416325984251969
21
-3.6854916535433069
0
LINE
8
BLACK
6
CONTINUOUS
10
4.6416325984251969
20
-3.6854916535433069
11
4.6421731889763782
21
-3.6852847637795274
0
LINE
8
BLACK
6
CONTINUOUS
10
4.6421731889763782
20
-3.6852847637795274
11
4.6422790551181103
21
-3.6852772047244096
0
LINE
8
BLACK
6
CONTINUOUS
10
4.6422790551181103
20
-3.6852772047244096
11
4.6423770472440946
21
-3.6852366535433072
0
LINE
8
BLACK
6
CONTINUOUS
10
4.6423770472440946
20
-3.6852366535433072
11
4.6429531102362205
21
-3.6851799212598424
0
LINE
8
BLACK
6
CONTINUOUS
10
4.6429531102362205
20
-3.6851799212598424
11
4.6635755511811023
21
-3.6851799212598424
0
LINE
8
BLACK
6
CONTINUOUS
10
4.6635755511811023
20
-3.6851799212598424
11
4.6641516141732282
21
-3.6852366535433072
0
LINE
8
BLACK
6
CONTINUOUS
10
2.3656943700787401
20
-3.680801614173228
11
2.3659074409448819
21
-3.6810146850393699
0
LINE
8
BLACK
6
CONTINUOUS
10
2.3659074409448819
20
-3.6810146850393699
11
2.3659074409448819
21
-3.6813160236220472
0
LINE
8
BLACK
6
CONTINUOUS
10
2.3659074409448819
20
-3.6813160236220472
11
2.3656943700787401
21
-3.6815290944881891
0
LINE
8
BLACK
6
CONTINUOUS
10
2.3656943700787401
20
-3.6815290944881891
11
2.3655437007874016
21
-3.6815590551181101
0
LINE
8
BLACK
6
CONTINUOUS
10
2.3655437007874016
20
-3.6815590551181101
11
2.1934964566929134
21
-3.6815590551181101
0
LINE
8
BLACK
6
CONTINUOUS
10
2.1934964566929134
20
-3.6815590551181101
11
2.1933457874015749
21
-3.6815290944881891
0
LINE
8
BLACK
6
CONTINUOUS
10
2.1933457874015749
20
-3.6815290944881891
11
2.1931327165354331
21
-3.6813160236220472
0
LINE
8
BLACK
6
CONTINUOUS
10
2.1931327165354331
20
-3.6813160236220472
11
2.1931327165354331
21
-3.6810146850393699
0
LINE
8
BLACK
6
CONTINUOUS
10
2.1931327165354331
20
-3.6810146850393699
11
2.1933457874015749
21
-3.680801614173228
0
LINE
8
BLACK
6
CONTINUOUS
10
2.1933457874015749
20
-3.680801614173228
11
2.1934964566929134
21
-3.680771653543307
0
LINE
8
BLACK
6
CONTINUOUS
10
2.1934964566929134
20
-3.680771653543307
11
2.3655437007874016
21
-3.680771653543307
0
LINE
8
BLACK
6
CONTINUOUS
10
2.3655437007874016
20
-3.680771653543307
11
2.3656943700787401
21
-3.680801614173228
0
LINE
8
BLACK
6
CONTINUOUS
10
2.1544901181102363
20
-3.4251091732283463
11
2.1545200787401573
21
-3.4252598425196852
0
LINE
8
BLACK
6
CONTINUOUS
10
2.1545200787401573
20
-3.4252598425196852
11
2.1545200787401573
21
-3.6811653543307088
0
LINE
8
BLACK
6
CONTINUOUS
10
2.1545200787401573
20
-3.6811653543307088
11
2.1544901181102363
21
-3.6813160236220472
0
LINE
8
BLACK
6
CONTINUOUS
10
2.1544901181102363
20
-3.6813160236220472
11
2.1542770472440944
21
-3.6815290944881891
0
LINE
8
BLACK
6
CONTINUOUS
10
2.1542770472440944
20
-3.6815290944881891
11
2.1539757086614171
21
-3.6815290944881891
0
LINE
8
BLACK
6
CONTINUOUS
10
2.1539757086614171
20
-3.6815290944881891
11
2.1537626377952757
21
-3.6813160236220472
0
LINE
8
BLACK
6
CONTINUOUS
10
2.1537626377952757
20
-3.6813160236220472
11
2.1537326771653542
21
-3.6811653543307088
0
LINE
8
BLACK
6
CONTINUOUS
10
2.1537326771653542
20
-3.6811653543307088
11
2.1537326771653542
21
-3.4252598425196852
0
LINE
8
BLACK
6
CONTINUOUS
10
2.1537326771653542
20
-3.4252598425196852
11
2.1537626377952757
21
-3.4251091732283463
0
LINE
8
BLACK
6
CONTINUOUS
10
2.1537626377952757
20
-3.4251091732283463
11
2.1539757086614171
21
-3.4248961023622044
0
LINE
8
BLACK
6
CONTINUOUS
10
2.1539757086614171
20
-3.4248961023622044
11
2.1542770472440944
21
-3.4248961023622044
0
LINE
8
BLACK
6
CONTINUOUS
10
2.1542770472440944
20
-3.4248961023622044
11
2.1544901181102363
21
-3.4251091732283463
0
LINE
8
BLACK
6
CONTINUOUS
10
2.3373479133858268
20
-3.6670220866141729
11
2.3375609842519682
21
-3.6672351574803148
0
LINE
8
BLACK
6
CONTINUOUS
10
2.3375609842519682
20
-3.6672351574803148
11
2.3375609842519682
21
-3.6675364960629921
0
LINE
8
BLACK
6
CONTINUOUS
10
2.3375609842519682
20
-3.6675364960629921
11
2.3373479133858268
21
-3.6677495669291336
0
LINE
8
BLACK
6
CONTINUOUS
10
2.3373479133858268
20
-3.6677495669291336
11
2.3371972440944879
21
-3.667779527559055
0
LINE
8
BLACK
6
CONTINUOUS
10
2.3371972440944879
20
-3.667779527559055
11
2.1934964566929134
21
-3.667779527559055
0
LINE
8
BLACK
6
CONTINUOUS
10
2.1934964566929134
20
-3.667779527559055
11
2.1933457874015749
21
-3.6677495669291336
0
LINE
8
BLACK
6
CONTINUOUS
10
2.1933457874015749
20
-3.6677495669291336
11
2.1931327165354331
21
-3.6675364960629921
0
LINE
8
BLACK
6
CONTINUOUS
10
2.1931327165354331
20
-3.6675364960629921
11
2.1931327165354331
21
-3.6672351574803148
0
LINE
8
BLACK
6
CONTINUOUS
10
2.1931327165354331
20
-3.6672351574803148
11
2.1933457874015749
21
-3.6670220866141729
0
LINE
8
BLACK
6
CONTINUOUS
10
2.1933457874015749
20
-3.6670220866141729
11
2.1934964566929134
21
-3.6669921259842519
0
LINE
8
BLACK
6
CONTINUOUS
10
2.1934964566929134
20
-3.6669921259842519
11
2.3371972440944879
21
-3.6669921259842519
0
LINE
8
BLACK
6
CONTINUOUS
10
2.3371972440944879
20
-3.6669921259842519
11
2.3373479133858268
21
-3.6670220866141729
0
LINE
8
BLACK
6
CONTINUOUS
10
2.174175157480315
20
-3.4392824015748031
11
2.174205118110236
21
-3.4394330708661416
0
LINE
8
BLACK
6
CONTINUOUS
10
2.174205118110236
20
-3.4394330708661416
11
2.174205118110236
21
-3.6669921259842519
0
LINE
8
BLACK
6
CONTINUOUS
10
2.174205118110236
20
-3.6669921259842519
11
2.174175157480315
21
-3.6671427952755904
0
LINE
8
BLACK
6
CONTINUOUS
10
2.174175157480315
20
-3.6671427952755904
11
2.1739620866141731
21
-3.6673558661417323
0
LINE
8
BLACK
6
CONTINUOUS
10
2.1739620866141731
20
-3.6673558661417323
11
2.1736607480314962
21
-3.6673558661417323
0
LINE
8
BLACK
6
CONTINUOUS
10
2.1736607480314962
20
-3.6673558661417323
11
2.1734476771653544
21
-3.6671427952755904
0
LINE
8
BLACK
6
CONTINUOUS
10
2.1734476771653544
20
-3.6671427952755904
11
2.1734177165354329
21
-3.6669921259842519
0
LINE
8
BLACK
6
CONTINUOUS
10
2.1734177165354329
20
-3.6669921259842519
11
2.1734177165354329
21
-3.4394330708661416
0
LINE
8
BLACK
6
CONTINUOUS
10
2.1734177165354329
20
-3.4394330708661416
11
2.1734476771653544
21
-3.4392824015748031
0
LINE
8
BLACK
6
CONTINUOUS
10
2.1734476771653544
20
-3.4392824015748031
11
2.1736607480314962
21
-3.4390693307086613
0
LINE
8
BLACK
6
CONTINUOUS
10
2.1736607480314962
20
-3.4390693307086613
11
2.1739620866141731
21
-3.4390693307086613
0
LINE
8
BLACK
6
CONTINUOUS
10
2.1739620866141731
20
-3.4390693307086613
11
2.174175157480315
21
-3.4392824015748031
0
LINE
8
BLACK
6
CONTINUOUS
10
4.6695099999999998
20
-2.9312522047244092
11
4.6705753543307083
21
-2.932317559055118
0
LINE
8
BLACK
6
CONTINUOUS
10
4.6705753543307083
20
-2.932317559055118
11
4.6705753543307083
21
-2.9338241732283463
0
LINE
8
BLACK
6
CONTINUOUS
10
4.6705753543307083
20
-2.9338241732283463
11
4.6695099999999998
21
-2.9348895275590552
0
LINE
8
BLACK
6
CONTINUOUS
10
4.6695099999999998
20
-2.9348895275590552
11
4.6687566929133855
21
-2.9350393700787403
0
LINE
8
BLACK
6
CONTINUOUS
10
4.6687566929133855
20
-2.9350393700787403
11
4.6489133070866142
21
-2.9350393700787403
0
LINE
8
BLACK
6
CONTINUOUS
10
4.6489133070866142
20
-2.9350393700787403
11
4.6705027952755902
21
-2.976512440944882
0
LINE
8
BLACK
6
CONTINUOUS
10
4.6705027952755902
20
-2.976512440944882
11
4.6707177559055113
21
-2.9772498425196852
0
LINE
8
BLACK
6
CONTINUOUS
10
4.6707177559055113
20
-2.9772498425196852
11
4.6702646850393696
21
-2.9786867322834647
0
LINE
8
BLACK
6
CONTINUOUS
10
4.6702646850393696
20
-2.9786867322834647
11
4.6689283070866141
21
-2.9793824015748029
0
LINE
8
BLACK
6
CONTINUOUS
10
4.6689283070866141
20
-2.9793824015748029
11
4.6674913779527554
21
-2.97892937007874
0
LINE
8
BLACK
6
CONTINUOUS
10
4.6674913779527554
20
-2.97892937007874
11
4.6670106299212595
21
-2.9783303543307085
0
LINE
8
BLACK
6
CONTINUOUS
10
4.6670106299212595
20
-2.9783303543307085
11
4.6476377952755907
21
-2.941115472440945
0
LINE
8
BLACK
6
CONTINUOUS
10
4.6476377952755907
20
-2.941115472440945
11
4.6476377952755907
21
-3.6541525984251968
0
LINE
8
BLACK
6
CONTINUOUS
10
4.6476377952755907
20
-3.6541525984251968
11
4.6474879527559052
21
-3.6549059055118112
0
LINE
8
BLACK
6
CONTINUOUS
10
4.6474879527559052
20
-3.6549059055118112
11
4.6464225984251968
21
-3.6559712598425196
0
LINE
8
BLACK
6
CONTINUOUS
10
4.6464225984251968
20
-3.6559712598425196
11
4.6449159842519681
21
-3.6559712598425196
0
LINE
8
BLACK
6
CONTINUOUS
10
4.6449159842519681
20
-3.6559712598425196
11
4.6438506299212596
21
-3.6549059055118112
0
LINE
8
BLACK
6
CONTINUOUS
10
4.6438506299212596
20
-3.6549059055118112
11
4.643700787401575
21
-3.6541525984251968
0
LINE
8
BLACK
6
CONTINUOUS
10
4.643700787401575
20
-3.6541525984251968
11
4.643700787401575
21
-2.9411154330708662
0
LINE
8
BLACK
6
CONTINUOUS
10
4.643700787401575
20
-2.9411154330708662
11
4.6243279527559054
21
-2.9783303543307085
0
LINE
8
BLACK
6
CONTINUOUS
10
4.6243279527559054
20
-2.9783303543307085
11
4.6238471653543307
21
-2.97892937007874
0
LINE
8
BLACK
6
CONTINUOUS
10
4.6238471653543307
20
-2.97892937007874
11
4.6224102755905507
21
-2.9793824409448817
0
LINE
8
BLACK
6
CONTINUOUS
10
4.6224102755905507
20
-2.9793824409448817
11
4.6210738976377952
21
-2.9786867322834647
0
LINE
8
BLACK
6
CONTINUOUS
10
4.6210738976377952
20
-2.9786867322834647
11
4.6206208267716535
21
-2.9772498425196852
0
LINE
8
BLACK
6
CONTINUOUS
10
4.6206208267716535
20
-2.9772498425196852
11
4.6208357480314959
21
-2.9765124803149607
0
LINE
8
BLACK
6
CONTINUOUS
10
4.6208357480314959
20
-2.9765124803149607
11
4.6424252755905515
21
-2.9350393700787403
0
LINE
8
BLACK
6
CONTINUOUS
10
4.6424252755905515
20
-2.9350393700787403
11
4.5472440944881889
21
-2.9350393700787403
0
LINE
8
BLACK
6
CONTINUOUS
10
4.5472440944881889
20
-2.9350393700787403
11
4.5464907874015745
21
-2.9348895275590552
0
LINE
8
BLACK
6
CONTINUOUS
10
4.5464907874015745
20
-2.9348895275590552
11
4.5454254330708661
21
-2.9338241732283463
0
LINE
8
BLACK
6
CONTINUOUS
10
4.5454254330708661
20
-2.9338241732283463
11
4.5454254330708661
21
-2.932317559055118
0
LINE
8
BLACK
6
CONTINUOUS
10
4.5454254330708661
20
-2.932317559055118
11
4.5464907874015745
21
-2.9312522047244092
0
LINE
8
BLACK
6
CONTINUOUS
10
4.5464907874015745
20
-2.9312522047244092
11
4.5472440944881889
21
-2.9311023622047245
0
LINE
8
BLACK
6
CONTINUOUS
10
4.5472440944881889
20
-2.9311023622047245
11
4.6687566929133855
21
-2.9311023622047245
0
LINE
8
BLACK
6
CONTINUOUS
10
4.6687566929133855
20
-2.9311023622047245
11
4.6695099999999998
21
-2.9312522047244092
0
LINE
8
BLACK
6
CONTINUOUS
10
2.3656943700787401
20
-3.4563921653543308
11
2.3659074409448819
21
-3.4566052362204722
0
LINE
8
BLACK
6
CONTINUOUS
10
2.3659074409448819
20
-3.4566052362204722
11
2.3659074409448819
21
-3.4569065748031496
0
LINE
8
BLACK
6
CONTINUOUS
10
2.3659074409448819
20
-3.4569065748031496
11
2.3656943700787401
21
-3.4571196456692914
0
LINE
8
BLACK
6
CONTINUOUS
10
2.3656943700787401
20
-3.4571196456692914
11
2.3655437007874016
21
-3.4571496062992124
0
LINE
8
BLACK
6
CONTINUOUS
10
2.3655437007874016
20
-3.4571496062992124
11
2.1938901574803151
21
-3.4571496062992124
0
LINE
8
BLACK
6
CONTINUOUS
10
2.1938901574803151
20
-3.4571496062992124
11
2.1938901574803151
21
-3.6492755905511811
0
LINE
8
BLACK
6
CONTINUOUS
10
2.1938901574803151
20
-3.6492755905511811
11
2.3655437007874016
21
-3.6492755905511811
0
LINE
8
BLACK
6
CONTINUOUS
10
2.3655437007874016
20
-3.6492755905511811
11
2.3656943700787401
21
-3.6493055511811021
0
LINE
8
BLACK
6
CONTINUOUS
10
2.3656943700787401
20
-3.6493055511811021
11
2.3659074409448819
21
-3.649518622047244
0
LINE
8
BLACK
6
CONTINUOUS
10
2.3659074409448819
20
-3.649518622047244
11
2.3659074409448819
21
-3.6498199606299213
0
LINE
8
BLACK
6
CONTINUOUS
10
2.3659074409448819
20
-3.6498199606299213
11
2.3656943700787401
21
-3.6500330314960627
0
LINE
8
BLACK
6
CONTINUOUS
10
2.3656943700787401
20
-3.6500330314960627
11
2.3655437007874016
21
-3.6500629921259842
0
LINE
8
BLACK
6
CONTINUOUS
10
2.3655437007874016
20
-3.6500629921259842
11
2.1934964566929134
21
-3.6500629921259842
0
LINE
8
BLACK
6
CONTINUOUS
10
2.1934964566929134
20
-3.6500629921259842
11
2.1933457874015749
21
-3.6500330314960627
0
LINE
8
BLACK
6
CONTINUOUS
10
2.1933457874015749
20
-3.6500330314960627
11
2.1931327165354331
21
-3.6498199606299213
0
LINE
8
BLACK
6
CONTINUOUS
10
2.1931327165354331
20
-3.6498199606299213
11
2.1931027559055116
21
-3.6496692913385824
0
LINE
8
BLACK
6
CONTINUOUS
10
2.1931027559055116
20
-3.6496692913385824
11
2.1931027559055116
21
-3.4567559055118111
0
LINE
8
BLACK
6
CONTINUOUS
10
2.1931027559055116
20
-3.4567559055118111
11
2.1931327165354331
21
-3.4566052362204722
0
LINE
8
BLACK
6
CONTINUOUS
10
2.1931327165354331
20
-3.4566052362204722
11
2.1933457874015749
21
-3.4563921653543308
0
LINE
8
BLACK
6
CONTINUOUS
10
2.1933457874015749
20
-3.4563921653543308
11
2.1934964566929134
21
-3.4563622047244094
0
LINE
8
BLACK
6
CONTINUOUS
10
2.1934964566929134
20
-3.4563622047244094
11
2.3655437007874016
21
-3.4563622047244094
0
LINE
8
BLACK
6
CONTINUOUS
10
2.3655437007874016
20
-3.4563622047244094
11
2.3656943700787401
21
-3.4563921653543308
0
LINE
8
BLACK
6
CONTINUOUS
10
2.3656943700787401
20
-3.5233212992125984
11
2.3659074409448819
21
-3.5235343700787403
0
LINE
8
BLACK
6
CONTINUOUS
10
2.3659074409448819
20
-3.5235343700787403
11
2.3659074409448819
21
-3.5238357086614172
0
LINE
8
BLACK
6
CONTINUOUS
10
2.3659074409448819
20
-3.5238357086614172
11
2.3656943700787401
21
-3.524048779527559
0
LINE
8
BLACK
6
CONTINUOUS
10
2.3656943700787401
20
-3.524048779527559
11
2.3655437007874016
21
-3.52407874015748
0
LINE
8
BLACK
6
CONTINUOUS
10
2.3655437007874016
20
-3.52407874015748
11
2.2135751968503938
21
-3.52407874015748
0
LINE
8
BLACK
6
CONTINUOUS
10
2.2135751968503938
20
-3.52407874015748
11
2.2135751968503938
21
-3.5823464566929135
0
LINE
8
BLACK
6
CONTINUOUS
10
2.2135751968503938
20
-3.5823464566929135
11
2.3655437007874016
21
-3.5823464566929135
0
LINE
8
BLACK
6
CONTINUOUS
10
2.3655437007874016
20
-3.5823464566929135
11
2.3656943700787401
21
-3.5823764173228345
0
LINE
8
BLACK
6
CONTINUOUS
10
2.3656943700787401
20
-3.5823764173228345
11
2.3659074409448819
21
-3.5825894881889764
0
LINE
8
BLACK
6
CONTINUOUS
10
2.3659074409448819
20
-3.5825894881889764
11
2.3659074409448819
21
-3.5828908267716533
0
LINE
8
BLACK
6
CONTINUOUS
10
2.3659074409448819
20
-3.5828908267716533
11
2.3656943700787401
21
-3.5831038976377951
0
LINE
8
BLACK
6
CONTINUOUS
10
2.3656943700787401
20
-3.5831038976377951
11
2.3655437007874016
21
-3.5831338582677166
0
LINE
8
BLACK
6
CONTINUOUS
10
2.3655437007874016
20
-3.5831338582677166
11
2.2131814960629921
21
-3.5831338582677166
0
LINE
8
BLACK
6
CONTINUOUS
10
2.2131814960629921
20
-3.5831338582677166
11
2.2130308267716536
21
-3.5831038976377951
0
LINE
8
BLACK
6
CONTINUOUS
10
2.2130308267716536
20
-3.5831038976377951
11
2.2128177559055118
21
-3.5828908267716533
0
LINE
8
BLACK
6
CONTINUOUS
10
2.2128177559055118
20
-3.5828908267716533
11
2.2127877952755903
21
-3.5827401574803148
0
LINE
8
BLACK
6
CONTINUOUS
10
2.2127877952755903
20
-3.5827401574803148
11
2.2127877952755903
21
-3.5236850393700787
0
LINE
8
BLACK
6
CONTINUOUS
10
2.2127877952755903
20
-3.5236850393700787
11
2.2128177559055118
21
-3.5235343700787403
0
LINE
8
BLACK
6
CONTINUOUS
10
2.2128177559055118
20
-3.5235343700787403
11
2.2130308267716536
21
-3.5233212992125984
0
LINE
8
BLACK
6
CONTINUOUS
10
2.2130308267716536
20
-3.5233212992125984
11
2.2131814960629921
21
-3.523291338582677
0
LINE
8
BLACK
6
CONTINUOUS
10
2.2131814960629921
20
-3.523291338582677
11
2.3655437007874016
21
-3.523291338582677
0
LINE
8
BLACK
6
CONTINUOUS
10
2.3655437007874016
20
-3.523291338582677
11
2.3656943700787401
21
-3.5233212992125984
0
LINE
8
BLACK
6
CONTINUOUS
10
2.3656943700787401
20
-3.5430063385826771
11
2.3659074409448819
21
-3.543219409448819
0
LINE
8
BLACK
6
CONTINUOUS
10
2.3659074409448819
20
-3.543219409448819
11
2.3659074409448819
21
-3.5435207480314959
0
LINE
8
BLACK
6
CONTINUOUS
10
2.3659074409448819
20
-3.5435207480314959
11
2.3656943700787401
21
-3.5437338188976377
0
LINE
8
BLACK
6
CONTINUOUS
10
2.3656943700787401
20
-3.5437338188976377
11
2.3655437007874016
21
-3.5437637795275592
0
LINE
8
BLACK
6
CONTINUOUS
10
2.3655437007874016
20
-3.5437637795275592
11
2.2332602362204725
21
-3.5437637795275592
0
LINE
8
BLACK
6
CONTINUOUS
10
2.2332602362204725
20
-3.5437637795275592
11
2.2332602362204725
21
-3.5626614173228344
0
LINE
8
BLACK
6
CONTINUOUS
10
2.2332602362204725
20
-3.5626614173228344
11
2.3655437007874016
21
-3.5626614173228344
0
LINE
8
BLACK
6
CONTINUOUS
10
2.3655437007874016
20
-3.5626614173228344
11
2.3656943700787401
21
-3.5626913779527558
0
LINE
8
BLACK
6
CONTINUOUS
10
2.3656943700787401
20
-3.5626913779527558
11
2.3659074409448819
21
-3.5629044488188977
0
LINE
8
BLACK
6
CONTINUOUS
10
2.3659074409448819
20
-3.5629044488188977
11
2.3659074409448819
21
-3.5632057874015746
0
LINE
8
BLACK
6
CONTINUOUS
10
2.3659074409448819
20
-3.5632057874015746
11
2.3656943700787401
21
-3.5634188582677164
0
LINE
8
BLACK
6
CONTINUOUS
10
2.3656943700787401
20
-3.5634188582677164
11
2.3655437007874016
21
-3.5634488188976379
0
LINE
8
BLACK
6
CONTINUOUS
10
2.3655437007874016
20
-3.5634488188976379
11
2.2328665354330708
21
-3.5634488188976379
0
LINE
8
BLACK
6
CONTINUOUS
10
2.2328665354330708
20
-3.5634488188976379
11
2.2327158661417323
21
-3.5634188582677164
0
LINE
8
BLACK
6
CONTINUOUS
10
2.2327158661417323
20
-3.5634188582677164
11
2.2325027952755905
21
-3.5632057874015746
0
LINE
8
BLACK
6
CONTINUOUS
10
2.2325027952755905
20
-3.5632057874015746
11
2.232472834645669
21
-3.5630551181102361
0
LINE
8
BLACK
6
CONTINUOUS
10
2.232472834645669
20
-3.5630551181102361
11
2.232472834645669
21
-3.5433700787401574
0
LINE
8
BLACK
6
CONTINUOUS
10
2.232472834645669
20
-3.5433700787401574
11
2.2325027952755905
21
-3.543219409448819
0
LINE
8
BLACK
6
CONTINUOUS
10
2.2325027952755905
20
-3.543219409448819
11
2.2327158661417323
21
-3.5430063385826771
0
LINE
8
BLACK
6
CONTINUOUS
10
2.2327158661417323
20
-3.5430063385826771
11
2.2328665354330708
21
-3.5429763779527557
0
LINE
8
BLACK
6
CONTINUOUS
10
2.2328665354330708
20
-3.5429763779527557
11
2.3655437007874016
21
-3.5429763779527557
0
LINE
8
BLACK
6
CONTINUOUS
10
2.3655437007874016
20
-3.5429763779527557
11
2.3656943700787401
21
-3.5430063385826771
0
LINE
8
BLACK
6
CONTINUOUS
10
2.3373479133858268
20
-3.43867562992126
11
2.3375609842519682
21
-3.4388887007874014
0
LINE
8
BLACK
6
CONTINUOUS
10
2.3375609842519682
20
-3.4388887007874014
11
2.3375609842519682
21
-3.4391900393700787
0
LINE
8
BLACK
6
CONTINUOUS
10
2.3375609842519682
20
-3.4391900393700787
11
2.3373479133858268
21
-3.4394031102362206
0
LINE
8
BLACK
6
CONTINUOUS
10
2.3373479133858268
20
-3.4394031102362206
11
2.3371972440944879
21
-3.4394330708661416
0
LINE
8
BLACK
6
CONTINUOUS
10
2.3371972440944879
20
-3.4394330708661416
11
2.1934964566929134
21
-3.4394330708661416
0
LINE
8
BLACK
6
CONTINUOUS
10
2.1934964566929134
20
-3.4394330708661416
11
2.1933457874015749
21
-3.4394031102362206
0
LINE
8
BLACK
6
CONTINUOUS
10
2.1933457874015749
20
-3.4394031102362206
11
2.1931327165354331
21
-3.4391900393700787
0
LINE
8
BLACK
6
CONTINUOUS
10
2.1931327165354331
20
-3.4391900393700787
11
2.1931327165354331
21
-3.4388887007874014
0
LINE
8
BLACK
6
CONTINUOUS
10
2.1931327165354331
20
-3.4388887007874014
11
2.1933457874015749
21
-3.43867562992126
0
LINE
8
BLACK
6
CONTINUOUS
10
2.1933457874015749
20
-3.43867562992126
11
2.1934964566929134
21
-3.4386456692913385
0
LINE
8
BLACK
6
CONTINUOUS
10
2.1934964566929134
20
-3.4386456692913385
11
2.3371972440944879
21
-3.4386456692913385
0
LINE
8
BLACK
6
CONTINUOUS
10
2.3371972440944879
20
-3.4386456692913385
11
2.3373479133858268
21
-3.43867562992126
0
LINE
8
BLACK
6
CONTINUOUS
10
2.3656943700787401
20
-3.4248961023622044
11
2.3659074409448819
21
-3.4251091732283463
0
LINE
8
BLACK
6
CONTINUOUS
10
2.3659074409448819
20
-3.4251091732283463
11
2.3659074409448819
21
-3.4254105118110236
0
LINE
8
BLACK
6
CONTINUOUS
10
2.3659074409448819
20
-3.4254105118110236
11
2.3656943700787401
21
-3.4256235826771655
0
LINE
8
BLACK
6
CONTINUOUS
10
2.3656943700787401
20
-3.4256235826771655
11
2.3655437007874016
21
-3.4256535433070865
0
LINE
8
BLACK
6
CONTINUOUS
10
2.3655437007874016
20
-3.4256535433070865
11
2.1934964566929134
21
-3.4256535433070865
0
LINE
8
BLACK
6
CONTINUOUS
10
2.1934964566929134
20
-3.4256535433070865
11
2.1933457874015749
21
-3.4256235826771655
0
LINE
8
BLACK
6
CONTINUOUS
10
2.1933457874015749
20
-3.4256235826771655
11
2.1931327165354331
21
-3.4254105118110236
0
LINE
8
BLACK
6
CONTINUOUS
10
2.1931327165354331
20
-3.4254105118110236
11
2.1931327165354331
21
-3.4251091732283463
0
LINE
8
BLACK
6
CONTINUOUS
10
2.1931327165354331
20
-3.4251091732283463
11
2.1933457874015749
21
-3.4248961023622044
0
LINE
8
BLACK
6
CONTINUOUS
10
2.1933457874015749
20
-3.4248961023622044
11
2.1934964566929134
21
-3.4248661417322834
0
LINE
8
BLACK
6
CONTINUOUS
10
2.1934964566929134
20
-3.4248661417322834
11
2.3655437007874016
21
-3.4248661417322834
0
LINE
8
BLACK
6
CONTINUOUS
10
2.3655437007874016
20
-3.4248661417322834
11
2.3656943700787401
21
-3.4248961023622044
0
LINE
8
BLACK
6
CONTINUOUS
10
2.1322300393700786
20
-2.7706801968503938
11
2.1329257086614173
21
-2.7720165748031493
0
LINE
8
BLACK
6
CONTINUOUS
10
2.1329257086614173
20
-2.7720165748031493
11
2.1324726771653544
21
-2.7734535039370076
0
LINE
8
BLACK
6
CONTINUOUS
10
2.1324726771653544
20
-2.7734535039370076
11
2.1318736614173228
21
-2.773934251968504
0
LINE
8
BLACK
6
CONTINUOUS
10
2.1318736614173228
20
-2.773934251968504
11
2.0946588188976376
21
-2.7933070866141732
0
LINE
8
BLACK
6
CONTINUOUS
10
2.0946588188976376
20
-2.7933070866141732
11
3.0832864960629922
21
-2.7933070866141732
0
LINE
8
BLACK
6
CONTINUOUS
10
3.0832864960629922
20
-2.7933070866141732
11
3.0840398031496061
21
-2.7934569291338582
0
LINE
8
BLACK
6
CONTINUOUS
10
3.0840398031496061
20
-2.7934569291338582
11
3.085105157480315
21
-2.7945222834645667
0
LINE
8
BLACK
6
CONTINUOUS
10
3.085105157480315
20
-2.7945222834645667
11
3.085105157480315
21
-2.7960288976377954
0
LINE
8
BLACK
6
CONTINUOUS
10
3.085105157480315
20
-2.7960288976377954
11
3.0840398031496061
21
-2.7970942519685038
0
LINE
8
BLACK
6
CONTINUOUS
10
3.0840398031496061
20
-2.7970942519685038
11
3.0832864960629922
21
-2.7972440944881889
0
LINE
8
BLACK
6
CONTINUOUS
10
3.0832864960629922
20
-2.7972440944881889
11
2.0946588188976376
21
-2.7972440944881889
0
LINE
8
BLACK
6
CONTINUOUS
10
2.0946588188976376
20
-2.7972440944881889
11
2.1318736614173228
21
-2.8166169291338581
0
LINE
8
BLACK
6
CONTINUOUS
10
2.1318736614173228
20
-2.8166169291338581
11
2.1324726771653544
21
-2.8170976771653544
0
LINE
8
BLACK
6
CONTINUOUS
10
2.1324726771653544
20
-2.8170976771653544
11
2.1329257086614173
21
-2.8185346062992127
0
LINE
8
BLACK
6
CONTINUOUS
10
2.1329257086614173
20
-2.8185346062992127
11
2.1322300393700786
21
-2.8198709842519682
0
LINE
8
BLACK
6
CONTINUOUS
10
2.1322300393700786
20
-2.8198709842519682
11
2.1307931496062991
21
-2.8203240551181104
0
LINE
8
BLACK
6
CONTINUOUS
10
2.1307931496062991
20
-2.8203240551181104
11
2.1300557480314959
21
-2.8201090944881888
0
LINE
8
BLACK
6
CONTINUOUS
10
2.1300557480314959
20
-2.8201090944881888
11
2.0885826771653542
21
-2.7985195669291336
0
LINE
8
BLACK
6
CONTINUOUS
10
2.0885826771653542
20
-2.7985195669291336
11
2.0885826771653542
21
-2.8937007874015745
0
LINE
8
BLACK
6
CONTINUOUS
10
2.0885826771653542
20
-2.8937007874015745
11
2.0884328346456691
21
-2.8944540944881889
0
LINE
8
BLACK
6
CONTINUOUS
10
2.0884328346456691
20
-2.8944540944881889
11
2.0873674803149607
21
-2.8955194488188978
0
LINE
8
BLACK
6
CONTINUOUS
10
2.0873674803149607
20
-2.8955194488188978
11
2.0858608661417324
21
-2.8955194488188978
0
LINE
8
BLACK
6
CONTINUOUS
10
2.0858608661417324
20
-2.8955194488188978
11
2.0847955118110235
21
-2.8944540944881889
0
LINE
8
BLACK
6
CONTINUOUS
10
2.0847955118110235
20
-2.8944540944881889
11
2.0846456692913384
21
-2.8937007874015745
0
LINE
8
BLACK
6
CONTINUOUS
10
2.0846456692913384
20
-2.8937007874015745
11
2.0846456692913384
21
-2.772188188976378
0
LINE
8
BLACK
6
CONTINUOUS
10
2.0846456692913384
20
-2.772188188976378
11
2.0847955118110235
21
-2.7714348818897636
0
LINE
8
BLACK
6
CONTINUOUS
10
2.0847955118110235
20
-2.7714348818897636
11
2.0858608661417324
21
-2.7703695275590552
0
LINE
8
BLACK
6
CONTINUOUS
10
2.0858608661417324
20
-2.7703695275590552
11
2.0873674803149607
21
-2.7703695275590552
0
LINE
8
BLACK
6
CONTINUOUS
10
2.0873674803149607
20
-2.7703695275590552
11
2.0884328346456691
21
-2.7714348818897636
0
LINE
8
BLACK
6
CONTINUOUS
10
2.0884328346456691
20
-2.7714348818897636
11
2.0885826771653542
21
-2.772188188976378
0
LINE
8
BLACK
6
CONTINUOUS
10
2.0885826771653542
20
-2.772188188976378
11
2.0885826771653542
21
-2.7920315748031497
0
LINE
8
BLACK
6
CONTINUOUS
10
2.0885826771653542
20
-2.7920315748031497
11
2.1300557480314959
21
-2.7704420866141732
0
LINE
8
BLACK
6
CONTINUOUS
10
2.1300557480314959
20
-2.7704420866141732
11
2.1307931496062991
21
-2.7702271259842517
0
LINE
8
BLACK
6
CONTINUOUS
10
2.1307931496062991
20
-2.7702271259842517
11
2.1322300393700786
21
-2.7706801968503938
0
LINE
8
BLACK
6
CONTINUOUS
10
4.4644324015748031
20
-2.7704420472440945
11
4.5059055118110232
21
-2.7920315748031497
0
LINE
8
BLACK
6
CONTINUOUS
10
4.5059055118110232
20
-2.7920315748031497
11
4.5059055118110232
21
-2.772188188976378
0
LINE
8
BLACK
6
CONTINUOUS
10
4.5059055118110232
20
-2.772188188976378
11
4.5060553543307087
21
-2.7714348818897636
0
LINE
8
BLACK
6
CONTINUOUS
10
4.5060553543307087
20
-2.7714348818897636
11
4.5071207086614171
21
-2.7703695275590552
0
LINE
8
BLACK
6
CONTINUOUS
10
4.5071207086614171
20
-2.7703695275590552
11
4.5086273228346458
21
-2.7703695275590552
0
LINE
8
BLACK
6
CONTINUOUS
10
4.5086273228346458
20
-2.7703695275590552
11
4.5096926771653543
21
-2.7714348818897636
0
LINE
8
BLACK
6
CONTINUOUS
10
4.5096926771653543
20
-2.7714348818897636
11
4.5098425196850389
21
-2.772188188976378
0
LINE
8
BLACK
6
CONTINUOUS
10
4.5098425196850389
20
-2.772188188976378
11
4.5098425196850389
21
-2.8937007874015745
0
LINE
8
BLACK
6
CONTINUOUS
10
4.5098425196850389
20
-2.8937007874015745
11
4.5096926771653543
21
-2.8944540944881889
0
LINE
8
BLACK
6
CONTINUOUS
10
4.5096926771653543
20
-2.8944540944881889
11
4.5086273228346458
21
-2.8955194488188978
0
LINE
8
BLACK
6
CONTINUOUS
10
4.5086273228346458
20
-2.8955194488188978
11
4.5071207086614171
21
-2.8955194488188978
0
LINE
8
BLACK
6
CONTINUOUS
10
4.5071207086614171
20
-2.8955194488188978
11
4.5060553543307087
21
-2.8944540944881889
0
LINE
8
BLACK
6
CONTINUOUS
10
4.5060553543307087
20
-2.8944540944881889
11
4.5059055118110232
21
-2.8937007874015745
0
LINE
8
BLACK
6
CONTINUOUS
10
4.5059055118110232
20
-2.8937007874015745
11
4.5059055118110232
21
-2.7985195669291336
0
LINE
8
BLACK
6
CONTINUOUS
10
4.5059055118110232
20
-2.7985195669291336
11
4.4644324015748031
21
-2.8201091338582676
0
LINE
8
BLACK
6
CONTINUOUS
10
4.4644324015748031
20
-2.8201091338582676
11
4.4636950393700783
21
-2.8203240551181104
0
LINE
8
BLACK
6
CONTINUOUS
10
4.4636950393700783
20
-2.8203240551181104
11
4.4622581496062992
21
-2.8198709842519682
0
LINE
8
BLACK
6
CONTINUOUS
10
4.4622581496062992
20
-2.8198709842519682
11
4.4615624409448822
21
-2.8185346062992127
0
LINE
8
BLACK
6
CONTINUOUS
10
4.4615624409448822
20
-2.8185346062992127
11
4.4620155118110238
21
-2.8170977165354332
0
LINE
8
BLACK
6
CONTINUOUS
10
4.4620155118110238
20
-2.8170977165354332
11
4.4626145275590554
21
-2.8166169291338581
0
LINE
8
BLACK
6
CONTINUOUS
10
4.4626145275590554
20
-2.8166169291338581
11
4.4998294094488189
21
-2.7972440944881889
0
LINE
8
BLACK
6
CONTINUOUS
10
4.4998294094488189
20
-2.7972440944881889
11
3.5112017322834643
21
-2.7972440944881889
0
LINE
8
BLACK
6
CONTINUOUS
10
3.5112017322834643
20
-2.7972440944881889
11
3.5104484251968504
21
-2.7970942519685038
0
LINE
8
BLACK
6
CONTINUOUS
10
3.5104484251968504
20
-2.7970942519685038
11
3.5093830708661415
21
-2.7960288976377954
0
LINE
8
BLACK
6
CONTINUOUS
10
3.5093830708661415
20
-2.7960288976377954
11
3.5093830708661415
21
-2.7945222834645667
0
LINE
8
BLACK
6
CONTINUOUS
10
3.5093830708661415
20
-2.7945222834645667
11
3.5104484251968504
21
-2.7934569291338582
0
LINE
8
BLACK
6
CONTINUOUS
10
3.5104484251968504
20
-2.7934569291338582
11
3.5112017322834643
21
-2.7933070866141732
0
LINE
8
BLACK
6
CONTINUOUS
10
3.5112017322834643
20
-2.7933070866141732
11
4.4998294094488189
21
-2.7933070866141732
0
LINE
8
BLACK
6
CONTINUOUS
10
4.4998294094488189
20
-2.7933070866141732
11
4.4626145275590554
21
-2.773934251968504
0
LINE
8
BLACK
6
CONTINUOUS
10
4.4626145275590554
20
-2.773934251968504
11
4.4620155118110238
21
-2.7734534645669289
0
LINE
8
BLACK
6
CONTINUOUS
10
4.4620155118110238
20
-2.7734534645669289
11
4.4615624409448822
21
-2.7720165748031493
0
LINE
8
BLACK
6
CONTINUOUS
10
4.4615624409448822
20
-2.7720165748031493
11
4.4622581496062992
21
-2.7706801968503938
0
LINE
8
BLACK
6
CONTINUOUS
10
4.4622581496062992
20
-2.7706801968503938
11
4.4636950393700783
21
-2.7702271259842517
0
LINE
8
BLACK
6
CONTINUOUS
10
4.4636950393700783
20
-2.7702271259842517
11
4.4644324015748031
21
-2.7704420472440945
0
LINE
8
BLACK
6
CONTINUOUS
10
3.1347155511811025
20
-2.7709157480314959
11
3.1357799606299213
21
-2.771356653543307
0
LINE
8
BLACK
6
CONTINUOUS
10
3.1357799606299213
20
-2.771356653543307
11
3.1365946062992127
21
-2.7721712992125984
0
LINE
8
BLACK
6
CONTINUOUS
10
3.1365946062992127
20
-2.7721712992125984
11
3.1370355118110234
21
-2.7732357086614172
0
LINE
8
BLACK
6
CONTINUOUS
10
3.1370355118110234
20
-2.7732357086614172
11
3.1370355118110234
21
-2.7743878346456694
0
LINE
8
BLACK
6
CONTINUOUS
10
3.1370355118110234
20
-2.7743878346456694
11
3.1365946062992127
21
-2.7754522440944882
0
LINE
8
BLACK
6
CONTINUOUS
10
3.1365946062992127
20
-2.7754522440944882
11
3.1357799606299213
21
-2.7762668897637797
0
LINE
8
BLACK
6
CONTINUOUS
10
3.1357799606299213
20
-2.7762668897637797
11
3.1347155511811025
21
-2.7767077952755903
0
LINE
8
BLACK
6
CONTINUOUS
10
3.1347155511811025
20
-2.7767077952755903
11
3.1341394881889761
21
-2.7767645275590551
0
LINE
8
BLACK
6
CONTINUOUS
10
3.1341394881889761
20
-2.7767645275590551
11
3.1273374803149605
21
-2.7767645275590551
0
LINE
8
BLACK
6
CONTINUOUS
10
3.1273374803149605
20
-2.7767645275590551
11
3.1246399999999999
21
-2.7781132677165354
0
LINE
8
BLACK
6
CONTINUOUS
10
3.1246399999999999
20
-2.7781132677165354
11
3.1233107874015746
21
-2.7794424409448819
0
LINE
8
BLACK
6
CONTINUOUS
10
3.1233107874015746
20
-2.7794424409448819
11
3.1200071653543304
21
-2.7843979133858268
0
LINE
8
BLACK
6
CONTINUOUS
10
3.1200071653543304
20
-2.7843979133858268
11
3.1192778740157481
21
-2.7873151181102362
0
LINE
8
BLACK
6
CONTINUOUS
10
3.1192778740157481
20
-2.7873151181102362
11
3.1215703937007873
21
-2.7861688582677164
0
LINE
8
BLACK
6
CONTINUOUS
10
3.1215703937007873
20
-2.7861688582677164
11
3.1221109842519685
21
-2.785961968503937
0
LINE
8
BLACK
6
CONTINUOUS
10
3.1221109842519685
20
-2.785961968503937
11
3.1222168503937007
21
-2.7859544094488187
0
LINE
8
BLACK
6
CONTINUOUS
10
3.1222168503937007
20
-2.7859544094488187
11
3.1223148425196849
21
-2.7859138582677163
0
LINE
8
BLACK
6
CONTINUOUS
10
3.1223148425196849
20
-2.7859138582677163
11
3.1228909055118108
21
-2.7858571259842519
0
LINE
8
BLACK
6
CONTINUOUS
10
3.1228909055118108
20
-2.7858571259842519
11
3.130389960629921
21
-2.7858571259842519
0
LINE
8
BLACK
6
CONTINUOUS
10
3.130389960629921
20
-2.7858571259842519
11
3.1309660236220473
21
-2.7859138582677163
0
LINE
8
BLACK
6
CONTINUOUS
10
3.1309660236220473
20
-2.7859138582677163
11
3.1310640157480316
21
-2.7859544488188974
0
LINE
8
BLACK
6
CONTINUOUS
10
3.1310640157480316
20
-2.7859544488188974
11
3.131169842519685
21
-2.785961968503937
0
LINE
8
BLACK
6
CONTINUOUS
10
3.131169842519685
20
-2.785961968503937
11
3.131710472440945
21
-2.7861688582677164
0
LINE
8
BLACK
6
CONTINUOUS
10
3.131710472440945
20
-2.7861688582677164
11
3.1354600000000001
21
-2.788043622047244
0
LINE
8
BLACK
6
CONTINUOUS
10
3.1354600000000001
20
-2.788043622047244
11
3.1357079921259841
21
-2.7881996850393702
0
LINE
8
BLACK
6
CONTINUOUS
10
3.1357079921259841
20
-2.7881996850393702
11
3.1357799606299213
21
-2.788229527559055
0
LINE
8
BLACK
6
CONTINUOUS
10
3.1357799606299213
20
-2.788229527559055
11
3.135860905511811
21
-2.7882959842519686
0
LINE
8
BLACK
6
CONTINUOUS
10
3.135860905511811
20
-2.7882959842519686
11
3.1359498818897635
21
-2.7883519685039371
0
LINE
8
BLACK
6
CONTINUOUS
10
3.1359498818897635
20
-2.7883519685039371
11
3.1360010236220472
21
-2.7884109448818899
0
LINE
8
BLACK
6
CONTINUOUS
10
3.1360010236220472
20
-2.7884109448818899
11
3.1362274015748031
21
-2.7885967322834646
0
LINE
8
BLACK
6
CONTINUOUS
10
3.1362274015748031
20
-2.7885967322834646
11
3.1381021653543306
21
-2.7904714960629922
0
LINE
8
BLACK
6
CONTINUOUS
10
3.1381021653543306
20
-2.7904714960629922
11
3.1382879133858266
21
-2.7906978346456692
0
LINE
8
BLACK
6
CONTINUOUS
10
3.1382879133858266
20
-2.7906978346456692
11
3.1383469291338582
21
-2.7907490157480312
0
LINE
8
BLACK
6
CONTINUOUS
10
3.1383469291338582
20
-2.7907490157480312
11
3.1384028740157479
21
-2.7908379527559055
0
LINE
8
BLACK
6
CONTINUOUS
10
3.1384028740157479
20
-2.7908379527559055
11
3.1384693700787403
21
-2.790918937007874
0
LINE
8
BLACK
6
CONTINUOUS
10
3.1384693700787403
20
-2.790918937007874
11
3.1384991732283463
21
-2.7909908661417324
0
LINE
8
BLACK
6
CONTINUOUS
10
3.1384991732283463
20
-2.7909908661417324
11
3.1386552755905512
21
-2.7912388976377951
0
LINE
8
BLACK
6
CONTINUOUS
10
3.1386552755905512
20
-2.7912388976377951
11
3.1405300393700788
21
-2.7949884251968502
0
LINE
8
BLACK
6
CONTINUOUS
10
3.1405300393700788
20
-2.7949884251968502
11
3.1407369291338583
21
-2.7955290157480315
0
LINE
8
BLACK
6
CONTINUOUS
10
3.1407369291338583
20
-2.7955290157480315
11
3.1407444488188974
21
-2.7956348818897636
0
LINE
8
BLACK
6
CONTINUOUS
10
3.1407444488188974
20
-2.7956348818897636
11
3.1407850393700785
21
-2.7957328740157479
0
LINE
8
BLACK
6
CONTINUOUS
10
3.1407850393700785
20
-2.7957328740157479
11
3.1408417716535433
21
-2.7963089370078738
0
LINE
8
BLACK
6
CONTINUOUS
10
3.1408417716535433
20
-2.7963089370078738
11
3.1408417716535433
21
-2.8056827559055115
0
LINE
8
BLACK
6
CONTINUOUS
10
3.1408417716535433
20
-2.8056827559055115
11
3.1407850393700785
21
-2.8062588188976378
0
LINE
8
BLACK
6
CONTINUOUS
10
3.1407850393700785
20
-2.8062588188976378
11
3.1407444488188974
21
-2.8063567716535434
0
LINE
8
BLACK
6
CONTINUOUS
10
3.1407444488188974
20
-2.8063567716535434
11
3.1407369291338583
21
-2.8064626771653542
0
LINE
8
BLACK
6
CONTINUOUS
10
3.1407369291338583
20
-2.8064626771653542
11
3.1405300393700788
21
-2.8070032677165355
0
LINE
8
BLACK
6
CONTINUOUS
10
3.1405300393700788
20
-2.8070032677165355
11
3.1386552755905512
21
-2.8107527952755906
0
LINE
8
BLACK
6
CONTINUOUS
10
3.1386552755905512
20
-2.8107527952755906
11
3.138499212598425
21
-2.8110006692913387
0
LINE
8
BLACK
6
CONTINUOUS
10
3.138499212598425
20
-2.8110006692913387
11
3.138469409448819
21
-2.811072716535433
0
LINE
8
BLACK
6
CONTINUOUS
10
3.138469409448819
20
-2.811072716535433
11
3.1384028740157479
21
-2.8111537401574802
0
LINE
8
BLACK
6
CONTINUOUS
10
3.1384028740157479
20
-2.8111537401574802
11
3.1383469291338582
21
-2.8112426771653545
0
LINE
8
BLACK
6
CONTINUOUS
10
3.1383469291338582
20
-2.8112426771653545
11
3.1382879133858266
21
-2.8112938188976377
0
LINE
8
BLACK
6
CONTINUOUS
10
3.1382879133858266
20
-2.8112938188976377
11
3.1381021653543306
21
-2.8115201968503936
0
LINE
8
BLACK
6
CONTINUOUS
10
3.1381021653543306
20
-2.8115201968503936
11
3.1362274409448818
21
-2.8133949606299211
0
LINE
8
BLACK
6
CONTINUOUS
10
3.1362274409448818
20
-2.8133949606299211
11
3.136001062992126
21
-2.8135807086614171
0
LINE
8
BLACK
6
CONTINUOUS
10
3.136001062992126
20
-2.8135807086614171
11
3.1359498818897635
21
-2.8136397637795274
0
LINE
8
BLACK
6
CONTINUOUS
10
3.1359498818897635
20
-2.8136397637795274
11
3.135860905511811
21
-2.8136957480314959
0
LINE
8
BLACK
6
CONTINUOUS
10
3.135860905511811
20
-2.8136957480314959
11
3.1357799606299213
21
-2.8137622047244095
0
LINE
8
BLACK
6
CONTINUOUS
10
3.1357799606299213
20
-2.8137622047244095
11
3.1357079921259841
21
-2.8137920078740155
0
LINE
8
BLACK
6
CONTINUOUS
10
3.1357079921259841
20
-2.8137920078740155
11
3.1354600000000001
21
-2.8139481102362205
0
LINE
8
BLACK
6
CONTINUOUS
10
3.1354600000000001
20
-2.8139481102362205
11
3.131710472440945
21
-2.815822874015748
0
LINE
8
BLACK
6
CONTINUOUS
10
3.131710472440945
20
-2.815822874015748
11
3.131169842519685
21
-2.8160297637795275
0
LINE
8
BLACK
6
CONTINUOUS
10
3.131169842519685
20
-2.8160297637795275
11
3.1310640157480316
21
-2.8160372440944883
0
LINE
8
BLACK
6
CONTINUOUS
10
3.1310640157480316
20
-2.8160372440944883
11
3.1309660236220473
21
-2.8160778740157482
0
LINE
8
BLACK
6
CONTINUOUS
10
3.1309660236220473
20
-2.8160778740157482
11
3.130389960629921
21
-2.8161346062992125
0
LINE
8
BLACK
6
CONTINUOUS
10
3.130389960629921
20
-2.8161346062992125
11
3.1228909055118108
21
-2.8161346062992125
0
LINE
8
BLACK
6
CONTINUOUS
10
3.1228909055118108
20
-2.8161346062992125
11
3.1223148425196849
21
-2.8160778740157482
0
LINE
8
BLACK
6
CONTINUOUS
10
3.1223148425196849
20
-2.8160778740157482
11
3.1222168503937007
21
-2.8160372834645671
0
LINE
8
BLACK
6
CONTINUOUS
10
3.1222168503937007
20
-2.8160372834645671
11
3.1221109842519685
21
-2.8160297637795275
0
LINE
8
BLACK
6
CONTINUOUS
10
3.1221109842519685
20
-2.8160297637795275
11
3.1215703937007873
21
-2.815822874015748
0
LINE
8
BLACK
6
CONTINUOUS
10
3.1215703937007873
20
-2.815822874015748
11
3.1178208661417322
21
-2.8139481102362205
0
LINE
8
BLACK
6
CONTINUOUS
10
3.1178208661417322
20
-2.8139481102362205
11
3.117572834645669
21
-2.8137920078740155
0
LINE
8
BLACK
6
CONTINUOUS
10
3.117572834645669
20
-2.8137920078740155
11
3.117500905511811
21
-2.8137622047244095
0
LINE
8
BLACK
6
CONTINUOUS
10
3.117500905511811
20
-2.8137622047244095
11
3.1174199212598426
21
-2.8136957480314959
0
LINE
8
BLACK
6
CONTINUOUS
10
3.1174199212598426
20
-2.8136957480314959
11
3.1173309842519683
21
-2.8136397637795274
0
LINE
8
BLACK
6
CONTINUOUS
10
3.1173309842519683
20
-2.8136397637795274
11
3.1172797637795275
21
-2.8135807086614171
0
LINE
8
BLACK
6
CONTINUOUS
10
3.1172797637795275
20
-2.8135807086614171
11
3.1170534251968505
21
-2.8133949606299211
0
LINE
8
BLACK
6
CONTINUOUS
10
3.1170534251968505
20
-2.8133949606299211
11
3.1151786614173229
21
-2.8115201574803148
0
LINE
8
BLACK
6
CONTINUOUS
10
3.1151786614173229
20
-2.8115201574803148
11
3.1149929133858265
21
-2.8112938188976377
0
LINE
8
BLACK
6
CONTINUOUS
10
3.1149929133858265
20
-2.8112938188976377
11
3.1149339370078741
21
-2.8112426771653545
0
LINE
8
BLACK
6
CONTINUOUS
10
3.1149339370078741
20
-2.8112426771653545
11
3.1148779527559056
21
-2.8111537401574802
0
LINE
8
BLACK
6
CONTINUOUS
10
3.1148779527559056
20
-2.8111537401574802
11
3.1148114566929133
21
-2.811072716535433
0
LINE
8
BLACK
6
CONTINUOUS
10
3.1148114566929133
20
-2.811072716535433
11
3.1147816141732281
21
-2.8110006692913387
0
LINE
8
BLACK
6
CONTINUOUS
10
3.1147816141732281
20
-2.8110006692913387
11
3.114625590551181
21
-2.8107527952755906
0
LINE
8
BLACK
6
CONTINUOUS
10
3.114625590551181
20
-2.8107527952755906
11
3.1127508267716535
21
-2.8070032677165355
0
LINE
8
BLACK
6
CONTINUOUS
10
3.1127508267716535
20
-2.8070032677165355
11
3.112543937007874
21
-2.8064626377952755
0
LINE
8
BLACK
6
CONTINUOUS
10
3.112543937007874
20
-2.8064626377952755
11
3.1125364173228345
21
-2.8063568110236221
0
LINE
8
BLACK
6
CONTINUOUS
10
3.1125364173228345
20
-2.8063568110236221
11
3.1124958267716534
21
-2.8062588188976378
0
LINE
8
BLACK
6
CONTINUOUS
10
3.1124958267716534
20
-2.8062588188976378
11
3.112439094488189
21
-2.8056827559055115
0
LINE
8
BLACK
6
CONTINUOUS
10
3.112439094488189
20
-2.8056827559055115
11
3.112439094488189
21
-2.7906846456692911
0
LINE
8
BLACK
6
CONTINUOUS
10
3.112439094488189
20
-2.7906846456692911
11
3.1124489763779528
21
-2.7905840944881888
0
LINE
8
BLACK
6
CONTINUOUS
10
3.1124489763779528
20
-2.7905840944881888
11
3.1124425984251967
21
-2.7905411023622047
0
LINE
8
BLACK
6
CONTINUOUS
10
3.1124425984251967
20
-2.7905411023622047
11
3.1124744488188978
21
-2.790325590551181
0
LINE
8
BLACK
6
CONTINUOUS
10
3.1124744488188978
20
-2.790325590551181
11
3.1124958267716534
21
-2.7901085826771652
0
LINE
8
BLACK
6
CONTINUOUS
10
3.1124958267716534
20
-2.7901085826771652
11
3.1125124409448817
21
-2.7900683464566929
0
LINE
8
BLACK
6
CONTINUOUS
10
3.1125124409448817
20
-2.7900683464566929
11
3.1125272440944882
21
-2.7899685039370077
0
LINE
8
BLACK
6
CONTINUOUS
10
3.1125272440944882
20
-2.7899685039370077
11
3.1144020078740158
21
-2.7824694488188975
0
LINE
8
BLACK
6
CONTINUOUS
10
3.1144020078740158
20
-2.7824694488188975
11
3.1145232677165353
21
-2.7821299606299212
0
LINE
8
BLACK
6
CONTINUOUS
10
3.1145232677165353
20
-2.7821299606299212
11
3.1145374409448818
21
-2.7820584645669291
0
LINE
8
BLACK
6
CONTINUOUS
10
3.1145374409448818
20
-2.7820584645669291
11
3.1145720078740156
21
-2.7819935826771651
0
LINE
8
BLACK
6
CONTINUOUS
10
3.1145720078740156
20
-2.7819935826771651
11
3.1145967716535434
21
-2.7819243307086614
0
LINE
8
BLACK
6
CONTINUOUS
10
3.1145967716535434
20
-2.7819243307086614
11
3.1146401968503938
21
-2.7818657086614174
0
LINE
8
BLACK
6
CONTINUOUS
10
3.1146401968503938
20
-2.7818657086614174
11
3.1148097637795273
21
-2.7815476771653542
0
LINE
8
BLACK
6
CONTINUOUS
10
3.1148097637795273
20
-2.7815476771653542
11
3.1185592913385825
21
-2.7759233858267716
0
LINE
8
BLACK
6
CONTINUOUS
10
3.1185592913385825
20
-2.7759233858267716
11
3.1185606299212596
21
-2.7759216929133856
0
LINE
8
BLACK
6
CONTINUOUS
10
3.1185606299212596
20
-2.7759216929133856
11
3.1185610236220471
21
-2.7759208267716535
0
LINE
8
BLACK
6
CONTINUOUS
10
3.1185610236220471
20
-2.7759208267716535
11
3.1187377165354331
21
-2.7757055118110237
0
LINE
8
BLACK
6
CONTINUOUS
10
3.1187377165354331
20
-2.7757055118110237
11
3.1189260629921258
21
-2.7754755511811022
0
LINE
8
BLACK
6
CONTINUOUS
10
3.1189260629921258
20
-2.7754755511811022
11
3.1189268897637796
21
-2.7754749606299214
0
LINE
8
BLACK
6
CONTINUOUS
10
3.1189268897637796
20
-2.7754749606299214
11
3.1189282283464568
21
-2.7754733858267717
0
LINE
8
BLACK
6
CONTINUOUS
10
3.1189282283464568
20
-2.7754733858267717
11
3.1208029921259843
21
-2.7735986220472442
0
LINE
8
BLACK
6
CONTINUOUS
10
3.1208029921259843
20
-2.7735986220472442
11
3.1210293307086614
21
-2.773412834645669
0
LINE
8
BLACK
6
CONTINUOUS
10
3.1210293307086614
20
-2.773412834645669
11
3.1210805118110234
21
-2.7733538582677166
0
LINE
8
BLACK
6
CONTINUOUS
10
3.1210805118110234
20
-2.7733538582677166
11
3.1211694488188977
21
-2.7732978740157481
0
LINE
8
BLACK
6
CONTINUOUS
10
3.1211694488188977
20
-2.7732978740157481
11
3.1212504330708661
21
-2.7732314173228345
0
LINE
8
BLACK
6
CONTINUOUS
10
3.1212504330708661
20
-2.7732314173228345
11
3.1213223622047241
21
-2.7732015748031493
0
LINE
8
BLACK
6
CONTINUOUS
10
3.1213223622047241
20
-2.7732015748031493
11
3.1215703937007873
21
-2.7730455118110235
0
LINE
8
BLACK
6
CONTINUOUS
10
3.1215703937007873
20
-2.7730455118110235
11
3.1253199212598424
21
-2.771170748031496
0
LINE
8
BLACK
6
CONTINUOUS
10
3.1253199212598424
20
-2.771170748031496
11
3.1258605118110236
21
-2.7709638582677165
0
LINE
8
BLACK
6
CONTINUOUS
10
3.1258605118110236
20
-2.7709638582677165
11
3.1259663779527558
21
-2.7709562992125982
0
LINE
8
BLACK
6
CONTINUOUS
10
3.1259663779527558
20
-2.7709562992125982
11
3.1260643700787401
21
-2.7709157480314959
0
LINE
8
BLACK
6
CONTINUOUS
10
3.1260643700787401
20
-2.7709157480314959
11
3.1266404330708659
21
-2.7708590157480315
0
LINE
8
BLACK
6
CONTINUOUS
10
3.1266404330708659
20
-2.7708590157480315
11
3.1341394881889761
21
-2.7708590157480315
0
LINE
8
BLACK
6
CONTINUOUS
10
3.1341394881889761
20
-2.7708590157480315
11
3.1347155511811025
21
-2.7709157480314959
0
LINE
8
BLACK
6
CONTINUOUS
10
3.1208904724409448
20
-2.7931113779527559
11
3.1196933464566929
21
-2.7943085039370077
0
LINE
8
BLACK
6
CONTINUOUS
10
3.1196933464566929
20
-2.7943085039370077
11
3.1183446062992126
21
-2.7970059842519683
0
LINE
8
BLACK
6
CONTINUOUS
10
3.1183446062992126
20
-2.7970059842519683
11
3.1183446062992126
21
-2.8049857086614174
0
LINE
8
BLACK
6
CONTINUOUS
10
3.1183446062992126
20
-2.8049857086614174
11
3.1196933464566929
21
-2.807683188976378
0
LINE
8
BLACK
6
CONTINUOUS
10
3.1196933464566929
20
-2.807683188976378
11
3.1208904724409448
21
-2.8088803543307086
0
LINE
8
BLACK
6
CONTINUOUS
10
3.1208904724409448
20
-2.8088803543307086
11
3.1235879527559054
21
-2.8102290944881889
0
LINE
8
BLACK
6
CONTINUOUS
10
3.1235879527559054
20
-2.8102290944881889
11
3.1296929133858269
21
-2.8102290944881889
0
LINE
8
BLACK
6
CONTINUOUS
10
3.1296929133858269
20
-2.8102290944881889
11
3.1323903543307088
21
-2.8088803543307086
0
LINE
8
BLACK
6
CONTINUOUS
10
3.1323903543307088
20
-2.8088803543307086
11
3.1335874803149606
21
-2.807683188976378
0
LINE
8
BLACK
6
CONTINUOUS
10
3.1335874803149606
20
-2.807683188976378
11
3.1349362598425197
21
-2.8049857086614174
0
LINE
8
BLACK
6
CONTINUOUS
10
3.1349362598425197
20
-2.8049857086614174
11
3.1349362598425197
21
-2.7970059842519683
0
LINE
8
BLACK
6
CONTINUOUS
10
3.1349362598425197
20
-2.7970059842519683
11
3.1335875196850393
21
-2.7943085039370077
0
LINE
8
BLACK
6
CONTINUOUS
10
3.1335875196850393
20
-2.7943085039370077
11
3.1323903937007875
21
-2.7931113779527559
0
LINE
8
BLACK
6
CONTINUOUS
10
3.1323903937007875
20
-2.7931113779527559
11
3.1296929133858269
21
-2.7917626377952756
0
LINE
8
BLACK
6
CONTINUOUS
10
3.1296929133858269
20
-2.7917626377952756
11
3.1235879527559054
21
-2.7917626377952756
0
LINE
8
BLACK
6
CONTINUOUS
10
3.1235879527559054
20
-2.7917626377952756
11
3.1208904724409448
21
-2.7931113779527559
0
LINE
8
BLACK
6
CONTINUOUS
10
3.1644194094488189
20
-2.7709157480314959
11
3.1647118110236221
21
-2.7709157480314959
0
LINE
8
BLACK
6
CONTINUOUS
10
3.1647118110236221
20
-2.7709157480314959
11
3.1649790551181103
21
-2.7710264566929133
0
LINE
8
BLACK
6
CONTINUOUS
10
3.1649790551181103
20
-2.7710264566929133
11
3.165262874015748
21
-2.7710825984251968
0
LINE
8
BLACK
6
CONTINUOUS
10
3.165262874015748
20
-2.7710825984251968
11
3.1655061417322834
21
-2.7712447637795274
0
LINE
8
BLACK
6
CONTINUOUS
10
3.1655061417322834
20
-2.7712447637795274
11
3.1657762204724409
21
-2.771356653543307
0
LINE
8
BLACK
6
CONTINUOUS
10
3.1657762204724409
20
-2.771356653543307
11
3.1659806692913386
21
-2.7715611023622047
0
LINE
8
BLACK
6
CONTINUOUS
10
3.1659806692913386
20
-2.7715611023622047
11
3.1662214960629922
21
-2.7717216535433069
0
LINE
8
BLACK
6
CONTINUOUS
10
3.1662214960629922
20
-2.7717216535433069
11
3.166384212598425
21
-2.7719646456692915
0
LINE
8
BLACK
6
CONTINUOUS
10
3.166384212598425
20
-2.7719646456692915
11
3.1665908661417324
21
-2.7721712992125984
0
LINE
8
BLACK
6
CONTINUOUS
10
3.1665908661417324
20
-2.7721712992125984
11
3.166701535433071
21
-2.7724385039370079
0
LINE
8
BLACK
6
CONTINUOUS
10
3.166701535433071
20
-2.7724385039370079
11
3.1668625590551178
21
-2.7726789370078739
0
LINE
8
BLACK
6
CONTINUOUS
10
3.1668625590551178
20
-2.7726789370078739
11
3.1669198818897639
21
-2.772965590551181
0
LINE
8
BLACK
6
CONTINUOUS
10
3.1669198818897639
20
-2.772965590551181
11
3.1670317716535434
21
-2.7732357086614172
0
LINE
8
BLACK
6
CONTINUOUS
10
3.1670317716535434
20
-2.7732357086614172
11
3.1670878740157478
21
-2.7738056299212599
0
LINE
8
BLACK
6
CONTINUOUS
10
3.1670878740157478
20
-2.7738056299212599
11
3.1670885039370078
21
-2.773808661417323
0
LINE
8
BLACK
6
CONTINUOUS
10
3.1670885039370078
20
-2.773808661417323
11
3.1670882677165353
21
-2.7738096850393701
0
LINE
8
BLACK
6
CONTINUOUS
10
3.1670882677165353
20
-2.7738096850393701
11
3.1670885039370078
21
-2.7738117716535431
0
LINE
8
BLACK
6
CONTINUOUS
10
3.1670885039370078
20
-2.7738117716535431
11
3.1670885039370078
21
-2.8102290944881889
0
LINE
8
BLACK
6
CONTINUOUS
10
3.1670885039370078
20
-2.8102290944881889
11
3.1753843307086616
21
-2.8102290944881889
0
LINE
8
BLACK
6
CONTINUOUS
10
3.1753843307086616
20
-2.8102290944881889
11
3.1759603937007874
21
-2.8102858267716533
0
LINE
8
BLACK
6
CONTINUOUS
10
3.1759603937007874
20
-2.8102858267716533
11
3.1770248031496062
21
-2.8107267322834644
0
LINE
8
BLACK
6
CONTINUOUS
10
3.1770248031496062
20
-2.8107267322834644
11
3.1778394488188977
21
-2.8115413779527558
0
LINE
8
BLACK
6
CONTINUOUS
10
3.1778394488188977
20
-2.8115413779527558
11
3.1782803543307088
21
-2.8126057874015746
0
LINE
8
BLACK
6
CONTINUOUS
10
3.1782803543307088
20
-2.8126057874015746
11
3.1782803543307088
21
-2.8137579133858268
0
LINE
8
BLACK
6
CONTINUOUS
10
3.1782803543307088
20
-2.8137579133858268
11
3.1778394488188977
21
-2.8148223228346456
0
LINE
8
BLACK
6
CONTINUOUS
10
3.1778394488188977
20
-2.8148223228346456
11
3.1770248031496062
21
-2.8156369685039371
0
LINE
8
BLACK
6
CONTINUOUS
10
3.1770248031496062
20
-2.8156369685039371
11
3.1759603937007874
21
-2.8160778740157482
0
LINE
8
BLACK
6
CONTINUOUS
10
3.1759603937007874
20
-2.8160778740157482
11
3.1753843307086616
21
-2.8161346062992125
0
LINE
8
BLACK
6
CONTINUOUS
10
3.1753843307086616
20
-2.8161346062992125
11
3.1528871653543304
21
-2.8161346062992125
0
LINE
8
BLACK
6
CONTINUOUS
10
3.1528871653543304
20
-2.8161346062992125
11
3.1523111023622046
21
-2.8160778740157482
0
LINE
8
BLACK
6
CONTINUOUS
10
3.1523111023622046
20
-2.8160778740157482
11
3.1512466929133858
21
-2.8156369685039371
0
LINE
8
BLACK
6
CONTINUOUS
10
3.1512466929133858
20
-2.8156369685039371
11
3.1504320472440943
21
-2.8148223228346456
0
LINE
8
BLACK
6
CONTINUOUS
10
3.1504320472440943
20
-2.8148223228346456
11
3.1499911417322832
21
-2.8137579133858268
0
LINE
8
BLACK
6
CONTINUOUS
10
3.1499911417322832
20
-2.8137579133858268
11
3.1499911417322832
21
-2.8126057874015746
0
LINE
8
BLACK
6
CONTINUOUS
10
3.1499911417322832
20
-2.8126057874015746
11
3.1504320472440943
21
-2.8115413779527558
0
LINE
8
BLACK
6
CONTINUOUS
10
3.1504320472440943
20
-2.8115413779527558
11
3.1512466929133858
21
-2.8107267322834644
0
LINE
8
BLACK
6
CONTINUOUS
10
3.1512466929133858
20
-2.8107267322834644
11
3.1523111023622046
21
-2.8102858267716533
0
LINE
8
BLACK
6
CONTINUOUS
10
3.1523111023622046
20
-2.8102858267716533
11
3.1528871653543304
21
-2.8102290944881889
0
LINE
8
BLACK
6
CONTINUOUS
10
3.1528871653543304
20
-2.8102290944881889
11
3.1611829921259842
21
-2.8102290944881889
0
LINE
8
BLACK
6
CONTINUOUS
10
3.1611829921259842
20
-2.8102290944881889
11
3.1611829921259842
21
-2.7828151181102361
0
LINE
8
BLACK
6
CONTINUOUS
10
3.1611829921259842
20
-2.7828151181102361
11
3.1587246062992125
21
-2.7852735039370078
0
LINE
8
BLACK
6
CONTINUOUS
10
3.1587246062992125
20
-2.7852735039370078
11
3.1584982283464567
21
-2.7854592519685037
0
LINE
8
BLACK
6
CONTINUOUS
10
3.1584982283464567
20
-2.7854592519685037
11
3.1584470866141729
21
-2.7855182677165353
0
LINE
8
BLACK
6
CONTINUOUS
10
3.1584470866141729
20
-2.7855182677165353
11
3.1583581102362204
21
-2.7855742125984251
0
LINE
8
BLACK
6
CONTINUOUS
10
3.1583581102362204
20
-2.7855742125984251
11
3.1582771653543307
21
-2.7856407086614174
0
LINE
8
BLACK
6
CONTINUOUS
10
3.1582771653543307
20
-2.7856407086614174
11
3.1582051968503935
21
-2.7856705118110234
0
LINE
8
BLACK
6
CONTINUOUS
10
3.1582051968503935
20
-2.7856705118110234
11
3.1579572047244096
21
-2.7858266141732284
0
LINE
8
BLACK
6
CONTINUOUS
10
3.1579572047244096
20
-2.7858266141732284
11
3.1542076771653544
21
-2.787701377952756
0
LINE
8
BLACK
6
CONTINUOUS
10
3.1542076771653544
20
-2.787701377952756
11
3.1536670472440944
21
-2.7879082677165354
0
LINE
8
BLACK
6
CONTINUOUS
10
3.1536670472440944
20
-2.7879082677165354
11
3.152517834645669
21
-2.7879899212598422
0
LINE
8
BLACK
6
CONTINUOUS
10
3.152517834645669
20
-2.7879899212598422
11
3.1514248818897639
21
-2.7876255905511811
0
LINE
8
BLACK
6
CONTINUOUS
10
3.1514248818897639
20
-2.7876255905511811
11
3.1505544881889764
21
-2.7868707480314958
0
LINE
8
BLACK
6
CONTINUOUS
10
3.1505544881889764
20
-2.7868707480314958
11
3.1500392519685039
21
-2.7858402362204724
0
LINE
8
BLACK
6
CONTINUOUS
10
3.1500392519685039
20
-2.7858402362204724
11
3.1499575984251966
21
-2.784691023622047
0
LINE
8
BLACK
6
CONTINUOUS
10
3.1499575984251966
20
-2.784691023622047
11
3.1503219291338582
21
-2.7835980708661419
0
LINE
8
BLACK
6
CONTINUOUS
10
3.1503219291338582
20
-2.7835980708661419
11
3.1510767716535431
21
-2.7827276771653544
0
LINE
8
BLACK
6
CONTINUOUS
10
3.1510767716535431
20
-2.7827276771653544
11
3.1515666535433069
21
-2.7824193307086613
0
LINE
8
BLACK
6
CONTINUOUS
10
3.1515666535433069
20
-2.7824193307086613
11
3.1548875984251969
21
-2.7807588582677165
0
LINE
8
BLACK
6
CONTINUOUS
10
3.1548875984251969
20
-2.7807588582677165
11
3.1580914960629922
21
-2.7775549606299212
0
LINE
8
BLACK
6
CONTINUOUS
10
3.1580914960629922
20
-2.7775549606299212
11
3.1616788976377954
21
-2.7721738582677165
0
LINE
8
BLACK
6
CONTINUOUS
10
3.1616788976377954
20
-2.7721738582677165
11
3.1616802362204726
21
-2.7721721653543305
0
LINE
8
BLACK
6
CONTINUOUS
10
3.1616802362204726
20
-2.7721721653543305
11
3.1616806299212596
21
-2.7721712992125984
0
LINE
8
BLACK
6
CONTINUOUS
10
3.1616806299212596
20
-2.7721712992125984
11
3.1616826377952756
21
-2.7721692519685037
0
LINE
8
BLACK
6
CONTINUOUS
10
3.1616826377952756
20
-2.7721692519685037
11
3.1620456692913383
21
-2.7717260236220471
0
LINE
8
BLACK
6
CONTINUOUS
10
3.1620456692913383
20
-2.7717260236220471
11
3.1622885433070866
21
-2.7715633464566927
0
LINE
8
BLACK
6
CONTINUOUS
10
3.1622885433070866
20
-2.7715633464566927
11
3.1624952755905511
21
-2.771356653543307
0
LINE
8
BLACK
6
CONTINUOUS
10
3.1624952755905511
20
-2.771356653543307
11
3.1627625590551181
21
-2.7712459055118108
0
LINE
8
BLACK
6
CONTINUOUS
10
3.1627625590551181
20
-2.7712459055118108
11
3.1630029527559054
21
-2.771084960629921
0
LINE
8
BLACK
6
CONTINUOUS
10
3.1630029527559054
20
-2.771084960629921
11
3.1632895669291337
21
-2.7710275984251966
0
LINE
8
BLACK
6
CONTINUOUS
10
3.1632895669291337
20
-2.7710275984251966
11
3.1635596850393699
21
-2.7709157480314959
0
LINE
8
BLACK
6
CONTINUOUS
10
3.1635596850393699
20
-2.7709157480314959
11
3.1638489763779525
21
-2.7709157480314959
0
LINE
8
BLACK
6
CONTINUOUS
10
3.1638489763779525
20
-2.7709157480314959
11
3.1641326377952756
21
-2.7708590157480315
0
LINE
8
BLACK
6
CONTINUOUS
10
3.1641326377952756
20
-2.7708590157480315
11
3.1644194094488189
21
-2.7709157480314959
0
LINE
8
BLACK
6
CONTINUOUS
10
3.2303285826771653
20
-2.7709157480314959
11
3.2313929921259841
21
-2.771356653543307
0
LINE
8
BLACK
6
CONTINUOUS
10
3.2313929921259841
20
-2.771356653543307
11
3.2322076377952755
21
-2.7721712992125984
0
LINE
8
BLACK
6
CONTINUOUS
10
3.2322076377952755
20
-2.7721712992125984
11
3.2326485433070866
21
-2.7732357086614172
0
LINE
8
BLACK
6
CONTINUOUS
10
3.2326485433070866
20
-2.7732357086614172
11
3.2326485433070866
21
-2.7743878346456694
0
LINE
8
BLACK
6
CONTINUOUS
10
3.2326485433070866
20
-2.7743878346456694
11
3.2322076377952755
21
-2.7754522440944882
0
LINE
8
BLACK
6
CONTINUOUS
10
3.2322076377952755
20
-2.7754522440944882
11
3.2313929921259841
21
-2.7762668897637797
0
LINE
8
BLACK
6
CONTINUOUS
10
3.2313929921259841
20
-2.7762668897637797
11
3.2303285826771653
21
-2.7767077952755903
0
LINE
8
BLACK
6
CONTINUOUS
10
3.2303285826771653
20
-2.7767077952755903
11
3.2297525196850394
21
-2.7767645275590551
0
LINE
8
BLACK
6
CONTINUOUS
10
3.2297525196850394
20
-2.7767645275590551
11
3.2136770866141733
21
-2.7767645275590551
0
LINE
8
BLACK
6
CONTINUOUS
10
3.2136770866141733
20
-2.7767645275590551
11
3.2126999606299211
21
-2.7865357874015748
0
LINE
8
BLACK
6
CONTINUOUS
10
3.2126999606299211
20
-2.7865357874015748
11
3.2134338976377954
21
-2.7861688582677164
0
LINE
8
BLACK
6
CONTINUOUS
10
3.2134338976377954
20
-2.7861688582677164
11
3.2139744881889762
21
-2.785961968503937
0
LINE
8
BLACK
6
CONTINUOUS
10
3.2139744881889762
20
-2.785961968503937
11
3.2140803543307084
21
-2.7859544094488187
0
LINE
8
BLACK
6
CONTINUOUS
10
3.2140803543307084
20
-2.7859544094488187
11
3.2141783464566926
21
-2.7859138582677163
0
LINE
8
BLACK
6
CONTINUOUS
10
3.2141783464566926
20
-2.7859138582677163
11
3.214754409448819
21
-2.7858571259842519
0
LINE
8
BLACK
6
CONTINUOUS
10
3.214754409448819
20
-2.7858571259842519
11
3.2241282283464567
21
-2.7858571259842519
0
LINE
8
BLACK
6
CONTINUOUS
10
3.2241282283464567
20
-2.7858571259842519
11
3.2247042913385826
21
-2.7859138582677163
0
LINE
8
BLACK
6
CONTINUOUS
10
3.2247042913385826
20
-2.7859138582677163
11
3.2248022834645669
21
-2.7859544488188974
0
LINE
8
BLACK
6
CONTINUOUS
10
3.2248022834645669
20
-2.7859544488188974
11
3.2249081102362203
21
-2.785961968503937
0
LINE
8
BLACK
6
CONTINUOUS
10
3.2249081102362203
20
-2.785961968503937
11
3.2254487401574803
21
-2.7861688582677164
0
LINE
8
BLACK
6
CONTINUOUS
10
3.2254487401574803
20
-2.7861688582677164
11
3.2291982677165354
21
-2.788043622047244
0
LINE
8
BLACK
6
CONTINUOUS
10
3.2291982677165354
20
-2.788043622047244
11
3.2294462598425198
21
-2.7881996850393702
0
LINE
8
BLACK
6
CONTINUOUS
10
3.2294462598425198
20
-2.7881996850393702
11
3.2295182283464565
21
-2.788229527559055
0
LINE
8
BLACK
6
CONTINUOUS
10
3.2295182283464565
20
-2.788229527559055
11
3.2295991732283462
21
-2.7882959842519686
0
LINE
8
BLACK
6
CONTINUOUS
10
3.2295991732283462
20
-2.7882959842519686
11
3.2296881496062992
21
-2.7883519685039371
0
LINE
8
BLACK
6
CONTINUOUS
10
3.2296881496062992
20
-2.7883519685039371
11
3.2297392913385825
21
-2.7884109448818899
0
LINE
8
BLACK
6
CONTINUOUS
10
3.2297392913385825
20
-2.7884109448818899
11
3.2299656692913383
21
-2.7885967322834646
0
LINE
8
BLACK
6
CONTINUOUS
10
3.2299656692913383
20
-2.7885967322834646
11
3.2318404330708659
21
-2.7904714960629922
0
LINE
8
BLACK
6
CONTINUOUS
10
3.2318404330708659
20
-2.7904714960629922
11
3.2320261811023623
21
-2.7906978346456692
0
LINE
8
BLACK
6
CONTINUOUS
10
3.2320261811023623
20
-2.7906978346456692
11
3.2320851968503934
21
-2.7907490157480312
0
LINE
8
BLACK
6
CONTINUOUS
10
3.2320851968503934
20
-2.7907490157480312
11
3.2321411417322832
21
-2.7908379527559055
0
LINE
8
BLACK
6
CONTINUOUS
10
3.2321411417322832
20
-2.7908379527559055
11
3.2322076377952755
21
-2.790918937007874
0
LINE
8
BLACK
6
CONTINUOUS
10
3.2322076377952755
20
-2.790918937007874
11
3.232237440944882
21
-2.7909908661417324
0
LINE
8
BLACK
6
CONTINUOUS
10
3.232237440944882
20
-2.7909908661417324
11
3.2323935433070865
21
-2.7912388976377951
0
LINE
8
BLACK
6
CONTINUOUS
10
3.2323935433070865
20
-2.7912388976377951
11
3.2342683070866141
21
-2.7949884251968502
0
LINE
8
BLACK
6
CONTINUOUS
10
3.2342683070866141
20
-2.7949884251968502
11
3.2344751968503935
21
-2.7955290157480315
0
LINE
8
BLACK
6
CONTINUOUS
10
3.2344751968503935
20
-2.7955290157480315
11
3.2344827165354331
21
-2.7956348818897636
0
LINE
8
BLACK
6
CONTINUOUS
10
3.2344827165354331
20
-2.7956348818897636
11
3.2345233070866142
21
-2.7957328740157479
0
LINE
8
BLACK
6
CONTINUOUS
10
3.2345233070866142
20
-2.7957328740157479
11
3.2345800393700785
21
-2.7963089370078738
0
LINE
8
BLACK
6
CONTINUOUS
10
3.2345800393700785
20
-2.7963089370078738
11
3.2345800393700785
21
-2.8056827559055115
0
LINE
8
BLACK
6
CONTINUOUS
10
3.2345800393700785
20
-2.8056827559055115
11
3.2345233070866142
21
-2.8062588188976378
0
LINE
8
BLACK
6
CONTINUOUS
10
3.2345233070866142
20
-2.8062588188976378
11
3.2344827165354331
21
-2.8063567716535434
0
LINE
8
BLACK
6
CONTINUOUS
10
3.2344827165354331
20
-2.8063567716535434
11
3.2344751968503935
21
-2.8064626771653542
0
LINE
8
BLACK
6
CONTINUOUS
10
3.2344751968503935
20
-2.8064626771653542
11
3.2342683070866141
21
-2.8070032677165355
0
LINE
8
BLACK
6
CONTINUOUS
10
3.2342683070866141
20
-2.8070032677165355
11
3.2323935433070865
21
-2.8107527952755906
0
LINE
8
BLACK
6
CONTINUOUS
10
3.2323935433070865
20
-2.8107527952755906
11
3.2322374803149607
21
-2.8110006692913387
0
LINE
8
BLACK
6
CONTINUOUS
10
3.2322374803149607
20
-2.8110006692913387
11
3.2322076771653543
21
-2.811072716535433
0
LINE
8
BLACK
6
CONTINUOUS
10
3.2322076771653543
20
-2.811072716535433
11
3.2321411417322832
21
-2.8111537401574802
0
LINE
8
BLACK
6
CONTINUOUS
10
3.2321411417322832
20
-2.8111537401574802
11
3.2320851968503934
21
-2.8112426771653545
0
LINE
8
BLACK
6
CONTINUOUS
10
3.2320851968503934
20
-2.8112426771653545
11
3.2320261811023623
21
-2.8112938188976377
0
LINE
8
BLACK
6
CONTINUOUS
10
3.2320261811023623
20
-2.8112938188976377
11
3.2318404330708659
21
-2.8115201968503936
0
LINE
8
BLACK
6
CONTINUOUS
10
3.2318404330708659
20
-2.8115201968503936
11
3.2299657086614171
21
-2.8133949606299211
0
LINE
8
BLACK
6
CONTINUOUS
10
3.2299657086614171
20
-2.8133949606299211
11
3.2297393307086613
21
-2.8135807086614171
0
LINE
8
BLACK
6
CONTINUOUS
10
3.2297393307086613
20
-2.8135807086614171
11
3.2296881496062992
21
-2.8136397637795274
0
LINE
8
BLACK
6
CONTINUOUS
10
3.2296881496062992
20
-2.8136397637795274
11
3.2295991732283462
21
-2.8136957480314959
0
LINE
8
BLACK
6
CONTINUOUS
10
3.2295991732283462
20
-2.8136957480314959
11
3.2295182283464565
21
-2.8137622047244095
0
LINE
8
BLACK
6
CONTINUOUS
10
3.2295182283464565
20
-2.8137622047244095
11
3.2294462598425198
21
-2.8137920078740155
0
LINE
8
BLACK
6
CONTINUOUS
10
3.2294462598425198
20
-2.8137920078740155
11
3.2291982677165354
21
-2.8139481102362205
0
LINE
8
BLACK
6
CONTINUOUS
10
3.2291982677165354
20
-2.8139481102362205
11
3.2254487401574803
21
-2.815822874015748
0
LINE
8
BLACK
6
CONTINUOUS
10
3.2254487401574803
20
-2.815822874015748
11
3.2249081102362203
21
-2.8160297637795275
0
LINE
8
BLACK
6
CONTINUOUS
10
3.2249081102362203
20
-2.8160297637795275
11
3.2248022834645669
21
-2.8160372440944883
0
LINE
8
BLACK
6
CONTINUOUS
10
3.2248022834645669
20
-2.8160372440944883
11
3.2247042913385826
21
-2.8160778740157482
0
LINE
8
BLACK
6
CONTINUOUS
10
3.2247042913385826
20
-2.8160778740157482
11
3.2241282283464567
21
-2.8161346062992125
0
LINE
8
BLACK
6
CONTINUOUS
10
3.2241282283464567
20
-2.8161346062992125
11
3.214754409448819
21
-2.8161346062992125
0
LINE
8
BLACK
6
CONTINUOUS
10
3.214754409448819
20
-2.8161346062992125
11
3.2141783464566926
21
-2.8160778740157482
0
LINE
8
BLACK
6
CONTINUOUS
10
3.2141783464566926
20
-2.8160778740157482
11
3.2140803543307084
21
-2.8160372834645671
0
LINE
8
BLACK
6
CONTINUOUS
10
3.2140803543307084
20
-2.8160372834645671
11
3.2139744881889762
21
-2.8160297637795275
0
LINE
8
BLACK
6
CONTINUOUS
10
3.2139744881889762
20
-2.8160297637795275
11
3.2134338976377954
21
-2.815822874015748
0
LINE
8
BLACK
6
CONTINUOUS
10
3.2134338976377954
20
-2.815822874015748
11
3.2096843700787403
21
-2.8139481102362205
0
LINE
8
BLACK
6
CONTINUOUS
10
3.2096843700787403
20
-2.8139481102362205
11
3.2094363385826772
21
-2.8137920078740155
0
LINE
8
BLACK
6
CONTINUOUS
10
3.2094363385826772
20
-2.8137920078740155
11
3.2093644094488187
21
-2.8137622047244095
0
LINE
8
BLACK
6
CONTINUOUS
10
3.2093644094488187
20
-2.8137622047244095
11
3.2092834251968503
21
-2.8136957480314959
0
LINE
8
BLACK
6
CONTINUOUS
10
3.2092834251968503
20
-2.8136957480314959
11
3.2091944881889765
21
-2.8136397637795274
0
LINE
8
BLACK
6
CONTINUOUS
10
3.2091944881889765
20
-2.8136397637795274
11
3.2091432677165352
21
-2.8135807086614171
0
LINE
8
BLACK
6
CONTINUOUS
10
3.2091432677165352
20
-2.8135807086614171
11
3.2089169291338582
21
-2.8133949606299211
0
LINE
8
BLACK
6
CONTINUOUS
10
3.2089169291338582
20
-2.8133949606299211
11
3.2070421653543306
21
-2.8115201574803148
0
LINE
8
BLACK
6
CONTINUOUS
10
3.2070421653543306
20
-2.8115201574803148
11
3.206674960629921
21
-2.811072716535433
0
LINE
8
BLACK
6
CONTINUOUS
10
3.206674960629921
20
-2.811072716535433
11
3.2062340944881891
21
-2.8100083070866142
0
LINE
8
BLACK
6
CONTINUOUS
10
3.2062340944881891
20
-2.8100083070866142
11
3.2062340944881891
21
-2.8088562204724408
0
LINE
8
BLACK
6
CONTINUOUS
10
3.2062340944881891
20
-2.8088562204724408
11
3.2066749999999997
21
-2.807791811023622
0
LINE
8
BLACK
6
CONTINUOUS
10
3.2066749999999997
20
-2.807791811023622
11
3.2074896850393699
21
-2.8069771259842518
0
LINE
8
BLACK
6
CONTINUOUS
10
3.2074896850393699
20
-2.8069771259842518
11
3.2085540944881887
21
-2.8065362598425194
0
LINE
8
BLACK
6
CONTINUOUS
10
3.2085540944881887
20
-2.8065362598425194
11
3.2097061811023622
21
-2.8065362598425194
0
LINE
8
BLACK
6
CONTINUOUS
10
3.2097061811023622
20
-2.8065362598425194
11
3.210770590551181
21
-2.8069771653543305
0
LINE
8
BLACK
6
CONTINUOUS
10
3.210770590551181
20
-2.8069771653543305
11
3.2112180708661415
21
-2.8073444094488189
0
LINE
8
BLACK
6
CONTINUOUS
10
3.2112180708661415
20
-2.8073444094488189
11
3.2127539763779529
21
-2.8088803543307086
0
LINE
8
BLACK
6
CONTINUOUS
10
3.2127539763779529
20
-2.8088803543307086
11
3.2154514566929131
21
-2.8102290944881889
0
LINE
8
BLACK
6
CONTINUOUS
10
3.2154514566929131
20
-2.8102290944881889
11
3.2234311811023622
21
-2.8102290944881889
0
LINE
8
BLACK
6
CONTINUOUS
10
3.2234311811023622
20
-2.8102290944881889
11
3.226128622047244
21
-2.8088803543307086
0
LINE
8
BLACK
6
CONTINUOUS
10
3.226128622047244
20
-2.8088803543307086
11
3.2273257480314959
21
-2.807683188976378
0
LINE
8
BLACK
6
CONTINUOUS
10
3.2273257480314959
20
-2.807683188976378
11
3.2286745275590549
21
-2.8049857086614174
0
LINE
8
BLACK
6
CONTINUOUS
10
3.2286745275590549
20
-2.8049857086614174
11
3.2286745275590549
21
-2.7970059842519683
0
LINE
8
BLACK
6
CONTINUOUS
10
3.2286745275590549
20
-2.7970059842519683
11
3.2273257874015746
21
-2.7943085039370077
0
LINE
8
BLACK
6
CONTINUOUS
10
3.2273257874015746
20
-2.7943085039370077
11
3.2261286614173228
21
-2.7931113779527559
0
LINE
8
BLACK
6
CONTINUOUS
10
3.2261286614173228
20
-2.7931113779527559
11
3.2234311811023622
21
-2.7917626377952756
0
LINE
8
BLACK
6
CONTINUOUS
10
3.2234311811023622
20
-2.7917626377952756
11
3.2154514566929131
21
-2.7917626377952756
0
LINE
8
BLACK
6
CONTINUOUS
10
3.2154514566929131
20
-2.7917626377952756
11
3.2127539763779529
21
-2.7931113779527559
0
LINE
8
BLACK
6
CONTINUOUS
10
3.2127539763779529
20
-2.7931113779527559
11
3.2112180314960628
21
-2.7946473228346456
0
LINE
8
BLACK
6
CONTINUOUS
10
3.2112180314960628
20
-2.7946473228346456
11
3.210770590551181
21
-2.7950145275590552
0
LINE
8
BLACK
6
CONTINUOUS
10
3.210770590551181
20
-2.7950145275590552
11
3.2106332283464565
21
-2.7950714173228346
0
LINE
8
BLACK
6
CONTINUOUS
10
3.2106332283464565
20
-2.7950714173228346
11
3.2105181496062993
21
-2.7951655905511812
0
LINE
8
BLACK
6
CONTINUOUS
10
3.2105181496062993
20
-2.7951655905511812
11
3.2101047637795275
21
-2.7952902755905513
0
LINE
8
BLACK
6
CONTINUOUS
10
3.2101047637795275
20
-2.7952902755905513
11
3.2097061417322834
21
-2.7954554330708659
0
LINE
8
BLACK
6
CONTINUOUS
10
3.2097061417322834
20
-2.7954554330708659
11
3.2095575196850392
21
-2.7954554330708659
0
LINE
8
BLACK
6
CONTINUOUS
10
3.2095575196850392
20
-2.7954554330708659
11
3.2094151574803149
21
-2.7954983858267717
0
LINE
8
BLACK
6
CONTINUOUS
10
3.2094151574803149
20
-2.7954983858267717
11
3.2089856299212598
21
-2.7954554330708659
0
LINE
8
BLACK
6
CONTINUOUS
10
3.2089856299212598
20
-2.7954554330708659
11
3.2085540944881887
21
-2.7954554330708659
0
LINE
8
BLACK
6
CONTINUOUS
10
3.2085540944881887
20
-2.7954554330708659
11
3.2084167322834647
21
-2.7953985039370077
0
LINE
8
BLACK
6
CONTINUOUS
10
3.2084167322834647
20
-2.7953985039370077
11
3.2082687401574801
21
-2.7953837401574804
0
LINE
8
BLACK
6
CONTINUOUS
10
3.2082687401574801
20
-2.7953837401574804
11
3.2078883464566927
21
-2.7951796850393702
0
LINE
8
BLACK
6
CONTINUOUS
10
3.2078883464566927
20
-2.7951796850393702
11
3.2074896456692912
21
-2.7950145275590552
0
LINE
8
BLACK
6
CONTINUOUS
10
3.2074896456692912
20
-2.7950145275590552
11
3.2073844488188974
21
-2.7949093307086614
0
LINE
8
BLACK
6
CONTINUOUS
10
3.2073844488188974
20
-2.7949093307086614
11
3.2072535039370078
21
-2.7948390944881889
0
LINE
8
BLACK
6
CONTINUOUS
10
3.2072535039370078
20
-2.7948390944881889
11
3.2069802362204722
21
-2.7945051181102363
0
LINE
8
BLACK
6
CONTINUOUS
10
3.2069802362204722
20
-2.7945051181102363
11
3.2066749999999997
21
-2.7941998818897638
0
LINE
8
BLACK
6
CONTINUOUS
10
3.2066749999999997
20
-2.7941998818897638
11
3.2066180708661416
21
-2.7940625196850393
0
LINE
8
BLACK
6
CONTINUOUS
10
3.2066180708661416
20
-2.7940625196850393
11
3.2065239370078737
21
-2.7939474409448817
0
LINE
8
BLACK
6
CONTINUOUS
10
3.2065239370078737
20
-2.7939474409448817
11
3.2063992125984253
21
-2.7935340551181103
0
LINE
8
BLACK
6
CONTINUOUS
10
3.2063992125984253
20
-2.7935340551181103
11
3.2062340944881891
21
-2.7931354330708662
0
LINE
8
BLACK
6
CONTINUOUS
10
3.2062340944881891
20
-2.7931354330708662
11
3.2062340944881891
21
-2.7929867716535433
0
LINE
8
BLACK
6
CONTINUOUS
10
3.2062340944881891
20
-2.7929867716535433
11
3.2061911417322833
21
-2.7928444488188977
0
LINE
8
BLACK
6
CONTINUOUS
10
3.2061911417322833
20
-2.7928444488188977
11
3.2061920078740158
21
-2.7922655905511808
0
LINE
8
BLACK
6
CONTINUOUS
10
3.2061920078740158
20
-2.7922655905511808
11
3.2080667716535434
21
-2.7735179527559053
0
LINE
8
BLACK
6
CONTINUOUS
10
3.2080667716535434
20
-2.7735179527559053
11
3.2081088582677166
21
-2.773307992125984
0
LINE
8
BLACK
6
CONTINUOUS
10
3.2081088582677166
20
-2.773307992125984
11
3.2081088582677166
21
-2.7732357086614172
0
LINE
8
BLACK
6
CONTINUOUS
10
3.2081088582677166
20
-2.7732357086614172
11
3.2081369291338584
21
-2.7731678740157482
0
LINE
8
BLACK
6
CONTINUOUS
10
3.2081369291338584
20
-2.7731678740157482
11
3.2081805511811021
21
-2.7729503937007873
0
LINE
8
BLACK
6
CONTINUOUS
10
3.2081805511811021
20
-2.7729503937007873
11
3.208384566929134
21
-2.7725700787401575
0
LINE
8
BLACK
6
CONTINUOUS
10
3.208384566929134
20
-2.7725700787401575
11
3.2085497637795273
21
-2.7721712992125984
0
LINE
8
BLACK
6
CONTINUOUS
10
3.2085497637795273
20
-2.7721712992125984
11
3.2086549212598423
21
-2.7720661023622046
0
LINE
8
BLACK
6
CONTINUOUS
10
3.2086549212598423
20
-2.7720661023622046
11
3.2087251968503936
21
-2.771935157480315
0
LINE
8
BLACK
6
CONTINUOUS
10
3.2087251968503936
20
-2.771935157480315
11
3.2090591338582675
21
-2.7716618897637795
0
LINE
8
BLACK
6
CONTINUOUS
10
3.2090591338582675
20
-2.7716618897637795
11
3.2093644094488187
21
-2.771356653543307
0
LINE
8
BLACK
6
CONTINUOUS
10
3.2093644094488187
20
-2.771356653543307
11
3.2095017322834645
21
-2.7712997244094488
0
LINE
8
BLACK
6
CONTINUOUS
10
3.2095017322834645
20
-2.7712997244094488
11
3.2096168503937008
21
-2.771205590551181
0
LINE
8
BLACK
6
CONTINUOUS
10
3.2096168503937008
20
-2.771205590551181
11
3.210030118110236
21
-2.7710808661417321
0
LINE
8
BLACK
6
CONTINUOUS
10
3.210030118110236
20
-2.7710808661417321
11
3.2104288188976375
21
-2.7709157480314959
0
LINE
8
BLACK
6
CONTINUOUS
10
3.2104288188976375
20
-2.7709157480314959
11
3.2106494881889764
21
-2.7708939763779528
0
LINE
8
BLACK
6
CONTINUOUS
10
3.2106494881889764
20
-2.7708939763779528
11
3.2107198425196848
21
-2.7708727952755905
0
LINE
8
BLACK
6
CONTINUOUS
10
3.2107198425196848
20
-2.7708727952755905
11
3.210791811023622
21
-2.7708799606299213
0
LINE
8
BLACK
6
CONTINUOUS
10
3.210791811023622
20
-2.7708799606299213
11
3.2110048818897639
21
-2.7708590157480315
0
LINE
8
BLACK
6
CONTINUOUS
10
3.2110048818897639
20
-2.7708590157480315
11
3.2297525196850394
21
-2.7708590157480315
0
LINE
8
BLACK
6
CONTINUOUS
10
3.2297525196850394
20
-2.7708590157480315
11
3.2303285826771653
21
-2.7709157480314959
0
LINE
8
BLACK
6
CONTINUOUS
10
3.2603248425196849
20
-2.7709157480314959
11
3.2604228346456692
21
-2.770956338582677
0
LINE
8
BLACK
6
CONTINUOUS
10
3.2604228346456692
20
-2.770956338582677
11
3.2605286614173226
21
-2.7709638582677165
0
LINE
8
BLACK
6
CONTINUOUS
10
3.2605286614173226
20
-2.7709638582677165
11
3.2610692913385826
21
-2.771170748031496
0
LINE
8
BLACK
6
CONTINUOUS
10
3.2610692913385826
20
-2.771170748031496
11
3.2648188188976377
21
-2.7730455118110235
0
LINE
8
BLACK
6
CONTINUOUS
10
3.2648188188976377
20
-2.7730455118110235
11
3.2650668110236221
21
-2.7732015748031493
0
LINE
8
BLACK
6
CONTINUOUS
10
3.2650668110236221
20
-2.7732015748031493
11
3.2651387795275588
21
-2.7732314173228345
0
LINE
8
BLACK
6
CONTINUOUS
10
3.2651387795275588
20
-2.7732314173228345
11
3.265219724409449
21
-2.7732978740157481
0
LINE
8
BLACK
6
CONTINUOUS
10
3.265219724409449
20
-2.7732978740157481
11
3.2653087007874015
21
-2.7733538582677166
0
LINE
8
BLACK
6
CONTINUOUS
10
3.2653087007874015
20
-2.7733538582677166
11
3.2653598425196848
21
-2.773412834645669
0
LINE
8
BLACK
6
CONTINUOUS
10
3.2653598425196848
20
-2.773412834645669
11
3.2655862204724411
21
-2.7735986220472442
0
LINE
8
BLACK
6
CONTINUOUS
10
3.2655862204724411
20
-2.7735986220472442
11
3.2674609842519686
21
-2.7754733858267717
0
LINE
8
BLACK
6
CONTINUOUS
10
3.2674609842519686
20
-2.7754733858267717
11
3.2676467322834646
21
-2.7756997244094488
0
LINE
8
BLACK
6
CONTINUOUS
10
3.2676467322834646
20
-2.7756997244094488
11
3.2677057480314962
21
-2.7757509055118108
0
LINE
8
BLACK
6
CONTINUOUS
10
3.2677057480314962
20
-2.7757509055118108
11
3.2677616929133859
21
-2.7758398425196851
0
LINE
8
BLACK
6
CONTINUOUS
10
3.2677616929133859
20
-2.7758398425196851
11
3.2678281889763778
21
-2.7759208267716535
0
LINE
8
BLACK
6
CONTINUOUS
10
3.2678281889763778
20
-2.7759208267716535
11
3.2678579921259843
21
-2.7759927559055115
0
LINE
8
BLACK
6
CONTINUOUS
10
3.2678579921259843
20
-2.7759927559055115
11
3.2680140944881888
21
-2.7762407874015747
0
LINE
8
BLACK
6
CONTINUOUS
10
3.2680140944881888
20
-2.7762407874015747
11
3.2698888582677164
21
-2.7799903149606298
0
LINE
8
BLACK
6
CONTINUOUS
10
3.2698888582677164
20
-2.7799903149606298
11
3.2699049606299213
21
-2.780032401574803
0
LINE
8
BLACK
6
CONTINUOUS
10
3.2699049606299213
20
-2.780032401574803
11
3.2699176771653544
21
-2.7800495669291339
0
LINE
8
BLACK
6
CONTINUOUS
10
3.2699176771653544
20
-2.7800495669291339
11
3.2700039763779527
21
-2.7802911417322833
0
LINE
8
BLACK
6
CONTINUOUS
10
3.2700039763779527
20
-2.7802911417322833
11
3.2700957480314958
21
-2.780530905511811
0
LINE
8
BLACK
6
CONTINUOUS
10
3.2700957480314958
20
-2.780530905511811
11
3.270097244094488
21
-2.7805521653543308
0
LINE
8
BLACK
6
CONTINUOUS
10
3.270097244094488
20
-2.7805521653543308
11
3.2701124409448816
21
-2.7805946850393699
0
LINE
8
BLACK
6
CONTINUOUS
10
3.2701124409448816
20
-2.7805946850393699
11
3.2719872047244092
21
-2.7880937401574801
0
LINE
8
BLACK
6
CONTINUOUS
10
3.2719872047244092
20
-2.7880937401574801
11
3.272001968503937
21
-2.7881935826771653
0
LINE
8
BLACK
6
CONTINUOUS
10
3.272001968503937
20
-2.7881935826771653
11
3.272018622047244
21
-2.7882338188976377
0
LINE
8
BLACK
6
CONTINUOUS
10
3.272018622047244
20
-2.7882338188976377
11
3.2720399606299213
21
-2.7884508267716535
0
LINE
8
BLACK
6
CONTINUOUS
10
3.2720399606299213
20
-2.7884508267716535
11
3.2720718503937007
21
-2.7886663385826771
0
LINE
8
BLACK
6
CONTINUOUS
10
3.2720718503937007
20
-2.7886663385826771
11
3.2720654330708663
21
-2.7887093307086612
0
LINE
8
BLACK
6
CONTINUOUS
10
3.2720654330708663
20
-2.7887093307086612
11
3.2720753543307084
21
-2.7888098818897635
0
LINE
8
BLACK
6
CONTINUOUS
10
3.2720753543307084
20
-2.7888098818897635
11
3.2720753543307084
21
-2.7981837007874013
0
LINE
8
BLACK
6
CONTINUOUS
10
3.2720753543307084
20
-2.7981837007874013
11
3.2720654330708663
21
-2.7982842125984253
0
LINE
8
BLACK
6
CONTINUOUS
10
3.2720654330708663
20
-2.7982842125984253
11
3.2720718503937007
21
-2.7983272440944882
0
LINE
8
BLACK
6
CONTINUOUS
10
3.2720718503937007
20
-2.7983272440944882
11
3.2720399606299213
21
-2.7985427165354331
0
LINE
8
BLACK
6
CONTINUOUS
10
3.2720399606299213
20
-2.7985427165354331
11
3.272018622047244
21
-2.7987597637795276
0
LINE
8
BLACK
6
CONTINUOUS
10
3.272018622047244
20
-2.7987597637795276
11
3.272001968503937
21
-2.7987999606299212
0
LINE
8
BLACK
6
CONTINUOUS
10
3.272001968503937
20
-2.7987999606299212
11
3.2719872047244092
21
-2.7988998425196852
0
LINE
8
BLACK
6
CONTINUOUS
10
3.2719872047244092
20
-2.7988998425196852
11
3.2701124409448816
21
-2.8063988976377954
0
LINE
8
BLACK
6
CONTINUOUS
10
3.2701124409448816
20
-2.8063988976377954
11
3.270097244094488
21
-2.8064413779527557
0
LINE
8
BLACK
6
CONTINUOUS
10
3.270097244094488
20
-2.8064413779527557
11
3.2700957480314958
21
-2.8064626771653542
0
LINE
8
BLACK
6
CONTINUOUS
10
3.2700957480314958
20
-2.8064626771653542
11
3.2700039763779527
21
-2.8067024015748032
0
LINE
8
BLACK
6
CONTINUOUS
10
3.2700039763779527
20
-2.8067024015748032
11
3.2699176771653544
21
-2.8069440157480314
0
LINE
8
BLACK
6
CONTINUOUS
10
3.2699176771653544
20
-2.8069440157480314
11
3.2699049606299213
21
-2.8069611417322835
0
LINE
8
BLACK
6
CONTINUOUS
10
3.2699049606299213
20
-2.8069611417322835
11
3.2698888582677164
21
-2.8070032677165355
0
LINE
8
BLACK
6
CONTINUOUS
10
3.2698888582677164
20
-2.8070032677165355
11
3.2680140944881888
21
-2.8107527952755906
0
LINE
8
BLACK
6
CONTINUOUS
10
3.2680140944881888
20
-2.8107527952755906
11
3.267858031496063
21
-2.8110006692913387
0
LINE
8
BLACK
6
CONTINUOUS
10
3.267858031496063
20
-2.8110006692913387
11
3.2678282283464566
21
-2.811072716535433
0
LINE
8
BLACK
6
CONTINUOUS
10
3.2678282283464566
20
-2.811072716535433
11
3.2677616929133859
21
-2.8111537401574802
0
LINE
8
BLACK
6
CONTINUOUS
10
3.2677616929133859
20
-2.8111537401574802
11
3.2677057480314962
21
-2.8112426771653545
0
LINE
8
BLACK
6
CONTINUOUS
10
3.2677057480314962
20
-2.8112426771653545
11
3.2676467322834646
21
-2.8112938188976377
0
LINE
8
BLACK
6
CONTINUOUS
10
3.2676467322834646
20
-2.8112938188976377
11
3.2674609842519686
21
-2.8115201968503936
0
LINE
8
BLACK
6
CONTINUOUS
10
3.2674609842519686
20
-2.8115201968503936
11
3.2655862598425198
21
-2.8133949606299211
0
LINE
8
BLACK
6
CONTINUOUS
10
3.2655862598425198
20
-2.8133949606299211
11
3.2653598818897636
21
-2.8135807086614171
0
LINE
8
BLACK
6
CONTINUOUS
10
3.2653598818897636
20
-2.8135807086614171
11
3.2653087007874015
21
-2.8136397637795274
0
LINE
8
BLACK
6
CONTINUOUS
10
3.2653087007874015
20
-2.8136397637795274
11
3.265219724409449
21
-2.8136957480314959
0
LINE
8
BLACK
6
CONTINUOUS
10
3.265219724409449
20
-2.8136957480314959
11
3.2651387795275588
21
-2.8137622047244095
0
LINE
8
BLACK
6
CONTINUOUS
10
3.2651387795275588
20
-2.8137622047244095
11
3.2650668110236221
21
-2.8137920078740155
0
LINE
8
BLACK
6
CONTINUOUS
10
3.2650668110236221
20
-2.8137920078740155
11
3.2648188188976377
21
-2.8139481102362205
0
LINE
8
BLACK
6
CONTINUOUS
10
3.2648188188976377
20
-2.8139481102362205
11
3.2610692913385826
21
-2.815822874015748
0
LINE
8
BLACK
6
CONTINUOUS
10
3.2610692913385826
20
-2.815822874015748
11
3.2605286614173226
21
-2.8160297637795275
0
LINE
8
BLACK
6
CONTINUOUS
10
3.2605286614173226
20
-2.8160297637795275
11
3.2604228346456692
21
-2.8160372440944883
0
LINE
8
BLACK
6
CONTINUOUS
10
3.2604228346456692
20
-2.8160372440944883
11
3.2603248425196849
21
-2.8160778740157482
0
LINE
8
BLACK
6
CONTINUOUS
10
3.2603248425196849
20
-2.8160778740157482
11
3.259748779527559
21
-2.8161346062992125
0
LINE
8
BLACK
6
CONTINUOUS
10
3.259748779527559
20
-2.8161346062992125
11
3.2559992519685039
21
-2.8161346062992125
0
LINE
8
BLACK
6
CONTINUOUS
10
3.2559992519685039
20
-2.8161346062992125
11
3.2554231889763781
21
-2.8160778740157482
0
LINE
8
BLACK
6
CONTINUOUS
10
3.2554231889763781
20
-2.8160778740157482
11
3.2553251968503938
21
-2.8160372834645671
0
LINE
8
BLACK
6
CONTINUOUS
10
3.2553251968503938
20
-2.8160372834645671
11
3.2552193307086612
21
-2.8160297637795275
0
LINE
8
BLACK
6
CONTINUOUS
10
3.2552193307086612
20
-2.8160297637795275
11
3.2546787401574804
21
-2.815822874015748
0
LINE
8
BLACK
6
CONTINUOUS
10
3.2546787401574804
20
-2.815822874015748
11
3.2509292125984253
21
-2.8139481102362205
0
LINE
8
BLACK
6
CONTINUOUS
10
3.2509292125984253
20
-2.8139481102362205
11
3.2506811811023621
21
-2.8137920078740155
0
LINE
8
BLACK
6
CONTINUOUS
10
3.2506811811023621
20
-2.8137920078740155
11
3.2506092519685037
21
-2.8137622047244095
0
LINE
8
BLACK
6
CONTINUOUS
10
3.2506092519685037
20
-2.8137622047244095
11
3.2505282677165352
21
-2.8136957480314959
0
LINE
8
BLACK
6
CONTINUOUS
10
3.2505282677165352
20
-2.8136957480314959
11
3.2504393307086614
21
-2.8136397637795274
0
LINE
8
BLACK
6
CONTINUOUS
10
3.2504393307086614
20
-2.8136397637795274
11
3.2503881102362202
21
-2.8135807086614171
0
LINE
8
BLACK
6
CONTINUOUS
10
3.2503881102362202
20
-2.8135807086614171
11
3.2501617716535431
21
-2.8133949606299211
0
LINE
8
BLACK
6
CONTINUOUS
10
3.2501617716535431
20
-2.8133949606299211
11
3.2482870078740156
21
-2.8115201574803148
0
LINE
8
BLACK
6
CONTINUOUS
10
3.2482870078740156
20
-2.8115201574803148
11
3.2481012598425196
21
-2.8112938188976377
0
LINE
8
BLACK
6
CONTINUOUS
10
3.2481012598425196
20
-2.8112938188976377
11
3.2480422834645668
21
-2.8112426771653545
0
LINE
8
BLACK
6
CONTINUOUS
10
3.2480422834645668
20
-2.8112426771653545
11
3.2479862992125983
21
-2.8111537401574802
0
LINE
8
BLACK
6
CONTINUOUS
10
3.2479862992125983
20
-2.8111537401574802
11
3.2479198031496064
21
-2.811072716535433
0
LINE
8
BLACK
6
CONTINUOUS
10
3.2479198031496064
20
-2.811072716535433
11
3.2478899606299212
21
-2.8110006692913387
0
LINE
8
BLACK
6
CONTINUOUS
10
3.2478899606299212
20
-2.8110006692913387
11
3.2477339370078742
21
-2.8107527952755906
0
LINE
8
BLACK
6
CONTINUOUS
10
3.2477339370078742
20
-2.8107527952755906
11
3.2458591732283462
21
-2.8070032677165355
0
LINE
8
BLACK
6
CONTINUOUS
10
3.2458591732283462
20
-2.8070032677165355
11
3.2458430314960629
21
-2.8069611417322835
0
LINE
8
BLACK
6
CONTINUOUS
10
3.2458430314960629
20
-2.8069611417322835
11
3.2458303543307085
21
-2.8069440157480314
0
LINE
8
BLACK
6
CONTINUOUS
10
3.2458303543307085
20
-2.8069440157480314
11
3.2457438976377952
21
-2.8067020472440944
0
LINE
8
BLACK
6
CONTINUOUS
10
3.2457438976377952
20
-2.8067020472440944
11
3.2456522834645667
21
-2.8064626377952755
0
LINE
8
BLACK
6
CONTINUOUS
10
3.2456522834645667
20
-2.8064626377952755
11
3.2456507480314958
21
-2.8064413779527557
0
LINE
8
BLACK
6
CONTINUOUS
10
3.2456507480314958
20
-2.8064413779527557
11
3.2456355905511809
21
-2.8063988976377954
0
LINE
8
BLACK
6
CONTINUOUS
10
3.2456355905511809
20
-2.8063988976377954
11
3.2437608267716533
21
-2.7988998425196852
0
LINE
8
BLACK
6
CONTINUOUS
10
3.2437608267716533
20
-2.7988998425196852
11
3.2437460236220472
21
-2.7987999606299212
0
LINE
8
BLACK
6
CONTINUOUS
10
3.2437460236220472
20
-2.7987999606299212
11
3.2437294094488189
21
-2.7987597637795276
0
LINE
8
BLACK
6
CONTINUOUS
10
3.2437294094488189
20
-2.7987597637795276
11
3.2437080314960629
21
-2.7985427165354331
0
LINE
8
BLACK
6
CONTINUOUS
10
3.2437080314960629
20
-2.7985427165354331
11
3.2436761811023622
21
-2.7983272440944882
0
LINE
8
BLACK
6
CONTINUOUS
10
3.2436761811023622
20
-2.7983272440944882
11
3.2436825590551179
21
-2.7982842125984253
0
LINE
8
BLACK
6
CONTINUOUS
10
3.2436825590551179
20
-2.7982842125984253
11
3.2436726771653541
21
-2.7981837007874013
0
LINE
8
BLACK
6
CONTINUOUS
10
3.2436726771653541
20
-2.7981837007874013
11
3.2436726771653541
21
-2.7888098818897635
0
LINE
8
BLACK
6
CONTINUOUS
10
3.2436726771653541
20
-2.7888098818897635
11
3.2436825590551179
21
-2.7887093307086612
0
LINE
8
BLACK
6
CONTINUOUS
10
3.2436825590551179
20
-2.7887093307086612
11
3.2436761811023622
21
-2.7886663385826771
0
LINE
8
BLACK
6
CONTINUOUS
10
3.2436761811023622
20
-2.7886663385826771
11
3.2437080314960629
21
-2.7884508267716535
0
LINE
8
BLACK
6
CONTINUOUS
10
3.2437080314960629
20
-2.7884508267716535
11
3.2437294094488189
21
-2.7882338188976377
0
LINE
8
BLACK
6
CONTINUOUS
10
3.2437294094488189
20
-2.7882338188976377
11
3.2437460236220472
21
-2.7881935826771653
0
LINE
8
BLACK
6
CONTINUOUS
10
3.2437460236220472
20
-2.7881935826771653
11
3.2437608267716533
21
-2.7880937401574801
0
LINE
8
BLACK
6
CONTINUOUS
10
3.2437608267716533
20
-2.7880937401574801
11
3.2456355905511809
21
-2.7805946850393699
0
LINE
8
BLACK
6
CONTINUOUS
10
3.2456355905511809
20
-2.7805946850393699
11
3.2456507480314958
21
-2.7805521653543308
0
LINE
8
BLACK
6
CONTINUOUS
10
3.2456507480314958
20
-2.7805521653543308
11
3.2456522834645667
21
-2.7805309448818898
0
LINE
8
BLACK
6
CONTINUOUS
10
3.2456522834645667
20
-2.7805309448818898
11
3.2457438976377952
21
-2.7802914960629921
0
LINE
8
BLACK
6
CONTINUOUS
10
3.2457438976377952
20
-2.7802914960629921
11
3.2458303543307085
21
-2.7800495669291339
0
LINE
8
BLACK
6
CONTINUOUS
10
3.2458303543307085
20
-2.7800495669291339
11
3.2458430314960629
21
-2.780032401574803
0
LINE
8
BLACK
6
CONTINUOUS
10
3.2458430314960629
20
-2.780032401574803
11
3.2458591732283462
21
-2.7799903149606298
0
LINE
8
BLACK
6
CONTINUOUS
10
3.2458591732283462
20
-2.7799903149606298
11
3.2477339370078742
21
-2.7762407874015747
0
LINE
8
BLACK
6
CONTINUOUS
10
3.2477339370078742
20
-2.7762407874015747
11
3.2478899999999999
21
-2.7759927559055115
0
LINE
8
BLACK
6
CONTINUOUS
10
3.2478899999999999
20
-2.7759927559055115
11
3.2479198425196851
21
-2.7759208267716535
0
LINE
8
BLACK
6
CONTINUOUS
10
3.2479198425196851
20
-2.7759208267716535
11
3.2479862992125983
21
-2.7758398425196851
0
LINE
8
BLACK
6
CONTINUOUS
10
3.2479862992125983
20
-2.7758398425196851
11
3.2480422834645668
21
-2.7757509055118108
0
LINE
8
BLACK
6
CONTINUOUS
10
3.2480422834645668
20
-2.7757509055118108
11
3.2481012598425196
21
-2.7756997244094488
0
LINE
8
BLACK
6
CONTINUOUS
10
3.2481012598425196
20
-2.7756997244094488
11
3.2482870472440943
21
-2.7754733858267717
0
LINE
8
BLACK
6
CONTINUOUS
10
3.2482870472440943
20
-2.7754733858267717
11
3.2501618110236219
21
-2.7735986220472442
0
LINE
8
BLACK
6
CONTINUOUS
10
3.2501618110236219
20
-2.7735986220472442
11
3.250388149606299
21
-2.773412834645669
0
LINE
8
BLACK
6
CONTINUOUS
10
3.250388149606299
20
-2.773412834645669
11
3.2504393307086614
21
-2.7733538582677166
0
LINE
8
BLACK
6
CONTINUOUS
10
3.2504393307086614
20
-2.7733538582677166
11
3.2505282677165352
21
-2.7732978740157481
0
LINE
8
BLACK
6
CONTINUOUS
10
3.2505282677165352
20
-2.7732978740157481
11
3.2506092519685037
21
-2.7732314173228345
0
LINE
8
BLACK
6
CONTINUOUS
10
3.2506092519685037
20
-2.7732314173228345
11
3.2506811811023621
21
-2.7732015748031493
0
LINE
8
BLACK
6
CONTINUOUS
10
3.2506811811023621
20
-2.7732015748031493
11
3.2509292125984253
21
-2.7730455118110235
0
LINE
8
BLACK
6
CONTINUOUS
10
3.2509292125984253
20
-2.7730455118110235
11
3.2546787401574804
21
-2.771170748031496
0
LINE
8
BLACK
6
CONTINUOUS
10
3.2546787401574804
20
-2.771170748031496
11
3.2552193307086612
21
-2.7709638582677165
0
LINE
8
BLACK
6
CONTINUOUS
10
3.2552193307086612
20
-2.7709638582677165
11
3.2553251968503938
21
-2.7709562992125982
0
LINE
8
BLACK
6
CONTINUOUS
10
3.2553251968503938
20
-2.7709562992125982
11
3.2554231889763781
21
-2.7709157480314959
0
LINE
8
BLACK
6
CONTINUOUS
10
3.2554231889763781
20
-2.7709157480314959
11
3.2559992519685039
21
-2.7708590157480315
0
LINE
8
BLACK
6
CONTINUOUS
10
3.2559992519685039
20
-2.7708590157480315
11
3.259748779527559
21
-2.7708590157480315
0
LINE
8
BLACK
6
CONTINUOUS
10
3.259748779527559
20
-2.7708590157480315
11
3.2603248425196849
21
-2.7709157480314959
0
LINE
8
BLACK
6
CONTINUOUS
10
3.2539988188976379
20
-2.7781132677165354
11
3.2528016929133856
21
-2.7793103937007873
0
LINE
8
BLACK
6
CONTINUOUS
10
3.2528016929133856
20
-2.7793103937007873
11
3.2512861811023623
21
-2.7823413779527559
0
LINE
8
BLACK
6
CONTINUOUS
10
3.2512861811023623
20
-2.7823413779527559
11
3.2495781889763777
21
-2.7891734251968505
0
LINE
8
BLACK
6
CONTINUOUS
10
3.2495781889763777
20
-2.7891734251968505
11
3.2495781889763777
21
-2.7978201574803148
0
LINE
8
BLACK
6
CONTINUOUS
10
3.2495781889763777
20
-2.7978201574803148
11
3.2512861811023623
21
-2.8046522047244093
0
LINE
8
BLACK
6
CONTINUOUS
10
3.2512861811023623
20
-2.8046522047244093
11
3.2528016929133856
21
-2.807683188976378
0
LINE
8
BLACK
6
CONTINUOUS
10
3.2528016929133856
20
-2.807683188976378
11
3.2539988188976379
21
-2.8088803543307086
0
LINE
8
BLACK
6
CONTINUOUS
10
3.2539988188976379
20
-2.8088803543307086
11
3.2566962992125985
21
-2.8102290944881889
0
LINE
8
BLACK
6
CONTINUOUS
10
3.2566962992125985
20
-2.8102290944881889
11
3.2590517322834645
21
-2.8102290944881889
0
LINE
8
BLACK
6
CONTINUOUS
10
3.2590517322834645
20
-2.8102290944881889
11
3.2617491732283463
21
-2.8088803543307086
0
LINE
8
BLACK
6
CONTINUOUS
10
3.2617491732283463
20
-2.8088803543307086
11
3.2629462992125982
21
-2.807683188976378
0
LINE
8
BLACK
6
CONTINUOUS
10
3.2629462992125982
20
-2.807683188976378
11
3.2644618110236219
21
-2.8046522047244093
0
LINE
8
BLACK
6
CONTINUOUS
10
3.2644618110236219
20
-2.8046522047244093
11
3.2661698425196848
21
-2.7978201574803148
0
LINE
8
BLACK
6
CONTINUOUS
10
3.2661698425196848
20
-2.7978201574803148
11
3.2661698425196848
21
-2.7891734251968505
0
LINE
8
BLACK
6
CONTINUOUS
10
3.2661698425196848
20
-2.7891734251968505
11
3.2644618110236219
21
-2.7823413779527559
0
LINE
8
BLACK
6
CONTINUOUS
10
3.2644618110236219
20
-2.7823413779527559
11
3.2629463385826769
21
-2.7793103937007873
0
LINE
8
BLACK
6
CONTINUOUS
10
3.2629463385826769
20
-2.7793103937007873
11
3.2617492125984251
21
-2.7781132677165354
0
LINE
8
BLACK
6
CONTINUOUS
10
3.2617492125984251
20
-2.7781132677165354
11
3.2590517322834645
21
-2.7767645275590551
0
LINE
8
BLACK
6
CONTINUOUS
10
3.2590517322834645
20
-2.7767645275590551
11
3.2566962992125985
21
-2.7767645275590551
0
LINE
8
BLACK
6
CONTINUOUS
10
3.2566962992125985
20
-2.7767645275590551
11
3.2539988188976379
21
-2.7781132677165354
0
LINE
8
BLACK
6
CONTINUOUS
10
3.2978201574803148
20
-2.7709157480314959
11
3.297918149606299
21
-2.770956338582677
0
LINE
8
BLACK
6
CONTINUOUS
10
3.297918149606299
20
-2.770956338582677
11
3.2980239763779529
21
-2.7709638582677165
0
LINE
8
BLACK
6
CONTINUOUS
10
3.2980239763779529
20
-2.7709638582677165
11
3.2985646062992124
21
-2.771170748031496
0
LINE
8
BLACK
6
CONTINUOUS
10
3.2985646062992124
20
-2.771170748031496
11
3.3023141338582676
21
-2.7730455118110235
0
LINE
8
BLACK
6
CONTINUOUS
10
3.3023141338582676
20
-2.7730455118110235
11
3.3025621259842519
21
-2.7732015748031493
0
LINE
8
BLACK
6
CONTINUOUS
10
3.3025621259842519
20
-2.7732015748031493
11
3.3026340944881891
21
-2.7732314173228345
0
LINE
8
BLACK
6
CONTINUOUS
10
3.3026340944881891
20
-2.7732314173228345
11
3.3027150393700788
21
-2.7732978740157481
0
LINE
8
BLACK
6
CONTINUOUS
10
3.3027150393700788
20
-2.7732978740157481
11
3.3028040157480314
21
-2.7733538582677166
0
LINE
8
BLACK
6
CONTINUOUS
10
3.3028040157480314
20
-2.7733538582677166
11
3.3028551574803151
21
-2.773412834645669
0
LINE
8
BLACK
6
CONTINUOUS
10
3.3028551574803151
20
-2.773412834645669
11
3.3030815354330709
21
-2.7735986220472442
0
LINE
8
BLACK
6
CONTINUOUS
10
3.3030815354330709
20
-2.7735986220472442
11
3.3049562992125985
21
-2.7754733858267717
0
LINE
8
BLACK
6
CONTINUOUS
10
3.3049562992125985
20
-2.7754733858267717
11
3.3051420472440944
21
-2.7756997244094488
0
LINE
8
BLACK
6
CONTINUOUS
10
3.3051420472440944
20
-2.7756997244094488
11
3.305201062992126
21
-2.7757509055118108
0
LINE
8
BLACK
6
CONTINUOUS
10
3.305201062992126
20
-2.7757509055118108
11
3.3052570078740158
21
-2.7758398425196851
0
LINE
8
BLACK
6
CONTINUOUS
10
3.3052570078740158
20
-2.7758398425196851
11
3.3053235039370077
21
-2.7759208267716535
0
LINE
8
BLACK
6
CONTINUOUS
10
3.3053235039370077
20
-2.7759208267716535
11
3.3053533070866141
21
-2.7759927559055115
0
LINE
8
BLACK
6
CONTINUOUS
10
3.3053533070866141
20
-2.7759927559055115
11
3.3055094094488187
21
-2.7762407874015747
0
LINE
8
BLACK
6
CONTINUOUS
10
3.3055094094488187
20
-2.7762407874015747
11
3.3073841732283462
21
-2.7799903149606298
0
LINE
8
BLACK
6
CONTINUOUS
10
3.3073841732283462
20
-2.7799903149606298
11
3.3074002755905512
21
-2.780032401574803
0
LINE
8
BLACK
6
CONTINUOUS
10
3.3074002755905512
20
-2.780032401574803
11
3.3074129921259843
21
-2.7800495669291339
0
LINE
8
BLACK
6
CONTINUOUS
10
3.3074129921259843
20
-2.7800495669291339
11
3.3074992913385826
21
-2.7802911417322833
0
LINE
8
BLACK
6
CONTINUOUS
10
3.3074992913385826
20
-2.7802911417322833
11
3.3075910629921261
21
-2.780530905511811
0
LINE
8
BLACK
6
CONTINUOUS
10
3.3075910629921261
20
-2.780530905511811
11
3.3075925590551178
21
-2.7805521653543308
0
LINE
8
BLACK
6
CONTINUOUS
10
3.3075925590551178
20
-2.7805521653543308
11
3.3076077559055119
21
-2.7805946850393699
0
LINE
8
BLACK
6
CONTINUOUS
10
3.3076077559055119
20
-2.7805946850393699
11
3.3094825196850395
21
-2.7880937401574801
0
LINE
8
BLACK
6
CONTINUOUS
10
3.3094825196850395
20
-2.7880937401574801
11
3.3094972834645668
21
-2.7881935826771653
0
LINE
8
BLACK
6
CONTINUOUS
10
3.3094972834645668
20
-2.7881935826771653
11
3.3095139370078739
21
-2.7882338188976377
0
LINE
8
BLACK
6
CONTINUOUS
10
3.3095139370078739
20
-2.7882338188976377
11
3.3095352755905512
21
-2.7884508267716535
0
LINE
8
BLACK
6
CONTINUOUS
10
3.3095352755905512
20
-2.7884508267716535
11
3.3095671653543306
21
-2.7886663385826771
0
LINE
8
BLACK
6
CONTINUOUS
10
3.3095671653543306
20
-2.7886663385826771
11
3.3095607480314961
21
-2.7887093307086612
0
LINE
8
BLACK
6
CONTINUOUS
10
3.3095607480314961
20
-2.7887093307086612
11
3.3095706692913387
21
-2.7888098818897635
0
LINE
8
BLACK
6
CONTINUOUS
10
3.3095706692913387
20
-2.7888098818897635
11
3.3095706692913387
21
-2.7981837007874013
0
LINE
8
BLACK
6
CONTINUOUS
10
3.3095706692913387
20
-2.7981837007874013
11
3.3095607480314961
21
-2.7982842125984253
0
LINE
8
BLACK
6
CONTINUOUS
10
3.3095607480314961
20
-2.7982842125984253
11
3.3095671653543306
21
-2.7983272440944882
0
LINE
8
BLACK
6
CONTINUOUS
10
3.3095671653543306
20
-2.7983272440944882
11
3.3095352755905512
21
-2.7985427165354331
0
LINE
8
BLACK
6
CONTINUOUS
10
3.3095352755905512
20
-2.7985427165354331
11
3.3095139370078739
21
-2.7987597637795276
0
LINE
8
BLACK
6
CONTINUOUS
10
3.3095139370078739
20
-2.7987597637795276
11
3.3094972834645668
21
-2.7987999606299212
0
LINE
8
BLACK
6
CONTINUOUS
10
3.3094972834645668
20
-2.7987999606299212
11
3.3094825196850395
21
-2.7988998425196852
0
LINE
8
BLACK
6
CONTINUOUS
10
3.3094825196850395
20
-2.7988998425196852
11
3.3076077559055119
21
-2.8063988976377954
0
LINE
8
BLACK
6
CONTINUOUS
10
3.3076077559055119
20
-2.8063988976377954
11
3.3075925590551178
21
-2.8064413779527557
0
LINE
8
BLACK
6
CONTINUOUS
10
3.3075925590551178
20
-2.8064413779527557
11
3.3075910629921261
21
-2.8064626771653542
0
LINE
8
BLACK
6
CONTINUOUS
10
3.3075910629921261
20
-2.8064626771653542
11
3.3074992913385826
21
-2.8067024015748032
0
LINE
8
BLACK
6
CONTINUOUS
10
3.3074992913385826
20
-2.8067024015748032
11
3.3074129921259843
21
-2.8069440157480314
0
LINE
8
BLACK
6
CONTINUOUS
10
3.3074129921259843
20
-2.8069440157480314
11
3.3074002755905512
21
-2.8069611417322835
0
LINE
8
BLACK
6
CONTINUOUS
10
3.3074002755905512
20
-2.8069611417322835
11
3.3073841732283462
21
-2.8070032677165355
0
LINE
8
BLACK
6
CONTINUOUS
10
3.3073841732283462
20
-2.8070032677165355
11
3.3055094094488187
21
-2.8107527952755906
0
LINE
8
BLACK
6
CONTINUOUS
10
3.3055094094488187
20
-2.8107527952755906
11
3.3053533464566929
21
-2.8110006692913387
0
LINE
8
BLACK
6
CONTINUOUS
10
3.3053533464566929
20
-2.8110006692913387
11
3.3053235433070864
21
-2.811072716535433
0
LINE
8
BLACK
6
CONTINUOUS
10
3.3053235433070864
20
-2.811072716535433
11
3.3052570078740158
21
-2.8111537401574802
0
LINE
8
BLACK
6
CONTINUOUS
10
3.3052570078740158
20
-2.8111537401574802
11
3.305201062992126
21
-2.8112426771653545
0
LINE
8
BLACK
6
CONTINUOUS
10
3.305201062992126
20
-2.8112426771653545
11
3.3051420472440944
21
-2.8112938188976377
0
LINE
8
BLACK
6
CONTINUOUS
10
3.3051420472440944
20
-2.8112938188976377
11
3.3049562992125985
21
-2.8115201968503936
0
LINE
8
BLACK
6
CONTINUOUS
10
3.3049562992125985
20
-2.8115201968503936
11
3.3030815748031497
21
-2.8133949606299211
0
LINE
8
BLACK
6
CONTINUOUS
10
3.3030815748031497
20
-2.8133949606299211
11
3.3028551968503934
21
-2.8135807086614171
0
LINE
8
BLACK
6
CONTINUOUS
10
3.3028551968503934
20
-2.8135807086614171
11
3.3028040157480314
21
-2.8136397637795274
0
LINE
8
BLACK
6
CONTINUOUS
10
3.3028040157480314
20
-2.8136397637795274
11
3.3027150393700788
21
-2.8136957480314959
0
LINE
8
BLACK
6
CONTINUOUS
10
3.3027150393700788
20
-2.8136957480314959
11
3.3026340944881891
21
-2.8137622047244095
0
LINE
8
BLACK
6
CONTINUOUS
10
3.3026340944881891
20
-2.8137622047244095
11
3.3025621259842519
21
-2.8137920078740155
0
LINE
8
BLACK
6
CONTINUOUS
10
3.3025621259842519
20
-2.8137920078740155
11
3.3023141338582676
21
-2.8139481102362205
0
LINE
8
BLACK
6
CONTINUOUS
10
3.3023141338582676
20
-2.8139481102362205
11
3.2985646062992124
21
-2.815822874015748
0
LINE
8
BLACK
6
CONTINUOUS
10
3.2985646062992124
20
-2.815822874015748
11
3.2980239763779529
21
-2.8160297637795275
0
LINE
8
BLACK
6
CONTINUOUS
10
3.2980239763779529
20
-2.8160297637795275
11
3.297918149606299
21
-2.8160372440944883
0
LINE
8
BLACK
6
CONTINUOUS
10
3.297918149606299
20
-2.8160372440944883
11
3.2978201574803148
21
-2.8160778740157482
0
LINE
8
BLACK
6
CONTINUOUS
10
3.2978201574803148
20
-2.8160778740157482
11
3.2972440944881889
21
-2.8161346062992125
0
LINE
8
BLACK
6
CONTINUOUS
10
3.2972440944881889
20
-2.8161346062992125
11
3.2934945669291338
21
-2.8161346062992125
0
LINE
8
BLACK
6
CONTINUOUS
10
3.2934945669291338
20
-2.8161346062992125
11
3.2929185039370079
21
-2.8160778740157482
0
LINE
8
BLACK
6
CONTINUOUS
10
3.2929185039370079
20
-2.8160778740157482
11
3.2928205118110236
21
-2.8160372834645671
0
LINE
8
BLACK
6
CONTINUOUS
10
3.2928205118110236
20
-2.8160372834645671
11
3.2927146456692911
21
-2.8160297637795275
0
LINE
8
BLACK
6
CONTINUOUS
10
3.2927146456692911
20
-2.8160297637795275
11
3.2921740551181102
21
-2.815822874015748
0
LINE
8
BLACK
6
CONTINUOUS
10
3.2921740551181102
20
-2.815822874015748
11
3.2884245275590551
21
-2.8139481102362205
0
LINE
8
BLACK
6
CONTINUOUS
10
3.2884245275590551
20
-2.8139481102362205
11
3.288176496062992
21
-2.8137920078740155
0
LINE
8
BLACK
6
CONTINUOUS
10
3.288176496062992
20
-2.8137920078740155
11
3.288104566929134
21
-2.8137622047244095
0
LINE
8
BLACK
6
CONTINUOUS
10
3.288104566929134
20
-2.8137622047244095
11
3.2880235826771651
21
-2.8136957480314959
0
LINE
8
BLACK
6
CONTINUOUS
10
3.2880235826771651
20
-2.8136957480314959
11
3.2879346456692913
21
-2.8136397637795274
0
LINE
8
BLACK
6
CONTINUOUS
10
3.2879346456692913
20
-2.8136397637795274
11
3.2878834251968505
21
-2.8135807086614171
0
LINE
8
BLACK
6
CONTINUOUS
10
3.2878834251968505
20
-2.8135807086614171
11
3.287657086614173
21
-2.8133949606299211
0
LINE
8
BLACK
6
CONTINUOUS
10
3.287657086614173
20
-2.8133949606299211
11
3.2857823228346454
21
-2.8115201574803148
0
LINE
8
BLACK
6
CONTINUOUS
10
3.2857823228346454
20
-2.8115201574803148
11
3.2855965748031495
21
-2.8112938188976377
0
LINE
8
BLACK
6
CONTINUOUS
10
3.2855965748031495
20
-2.8112938188976377
11
3.2855375984251967
21
-2.8112426771653545
0
LINE
8
BLACK
6
CONTINUOUS
10
3.2855375984251967
20
-2.8112426771653545
11
3.2854816141732281
21
-2.8111537401574802
0
LINE
8
BLACK
6
CONTINUOUS
10
3.2854816141732281
20
-2.8111537401574802
11
3.2854151181102362
21
-2.811072716535433
0
LINE
8
BLACK
6
CONTINUOUS
10
3.2854151181102362
20
-2.811072716535433
11
3.285385275590551
21
-2.8110006692913387
0
LINE
8
BLACK
6
CONTINUOUS
10
3.285385275590551
20
-2.8110006692913387
11
3.285229251968504
21
-2.8107527952755906
0
LINE
8
BLACK
6
CONTINUOUS
10
3.285229251968504
20
-2.8107527952755906
11
3.2833544881889765
21
-2.8070032677165355
0
LINE
8
BLACK
6
CONTINUOUS
10
3.2833544881889765
20
-2.8070032677165355
11
3.2833383464566928
21
-2.8069611417322835
0
LINE
8
BLACK
6
CONTINUOUS
10
3.2833383464566928
20
-2.8069611417322835
11
3.2833256692913384
21
-2.8069440157480314
0
LINE
8
BLACK
6
CONTINUOUS
10
3.2833256692913384
20
-2.8069440157480314
11
3.2832392125984251
21
-2.8067020472440944
0
LINE
8
BLACK
6
CONTINUOUS
10
3.2832392125984251
20
-2.8067020472440944
11
3.283147598425197
21
-2.8064626377952755
0
LINE
8
BLACK
6
CONTINUOUS
10
3.283147598425197
20
-2.8064626377952755
11
3.2831460629921261
21
-2.8064413779527557
0
LINE
8
BLACK
6
CONTINUOUS
10
3.2831460629921261
20
-2.8064413779527557
11
3.2831309055118107
21
-2.8063988976377954
0
LINE
8
BLACK
6
CONTINUOUS
10
3.2831309055118107
20
-2.8063988976377954
11
3.2812561417322832
21
-2.7988998425196852
0
LINE
8
BLACK
6
CONTINUOUS
10
3.2812561417322832
20
-2.7988998425196852
11
3.2812413385826771
21
-2.7987999606299212
0
LINE
8
BLACK
6
CONTINUOUS
10
3.2812413385826771
20
-2.7987999606299212
11
3.2812247244094488
21
-2.7987597637795276
0
LINE
8
BLACK
6
CONTINUOUS
10
3.2812247244094488
20
-2.7987597637795276
11
3.2812033464566928
21
-2.7985427165354331
0
LINE
8
BLACK
6
CONTINUOUS
10
3.2812033464566928
20
-2.7985427165354331
11
3.2811714960629921
21
-2.7983272440944882
0
LINE
8
BLACK
6
CONTINUOUS
10
3.2811714960629921
20
-2.7983272440944882
11
3.2811778740157478
21
-2.7982842125984253
0
LINE
8
BLACK
6
CONTINUOUS
10
3.2811778740157478
20
-2.7982842125984253
11
3.281167992125984
21
-2.7981837007874013
0
LINE
8
BLACK
6
CONTINUOUS
10
3.281167992125984
20
-2.7981837007874013
11
3.281167992125984
21
-2.7888098818897635
0
LINE
8
BLACK
6
CONTINUOUS
10
3.281167992125984
20
-2.7888098818897635
11
3.2811778740157478
21
-2.7887093307086612
0
LINE
8
BLACK
6
CONTINUOUS
10
3.2811778740157478
20
-2.7887093307086612
11
3.2811714960629921
21
-2.7886663385826771
0
LINE
8
BLACK
6
CONTINUOUS
10
3.2811714960629921
20
-2.7886663385826771
11
3.2812033464566928
21
-2.7884508267716535
0
LINE
8
BLACK
6
CONTINUOUS
10
3.2812033464566928
20
-2.7884508267716535
11
3.2812247244094488
21
-2.7882338188976377
0
LINE
8
BLACK
6
CONTINUOUS
10
3.2812247244094488
20
-2.7882338188976377
11
3.2812413385826771
21
-2.7881935826771653
0
LINE
8
BLACK
6
CONTINUOUS
10
3.2812413385826771
20
-2.7881935826771653
11
3.2812561417322832
21
-2.7880937401574801
0
LINE
8
BLACK
6
CONTINUOUS
10
3.2812561417322832
20
-2.7880937401574801
11
3.2831309055118107
21
-2.7805946850393699
0
LINE
8
BLACK
6
CONTINUOUS
10
3.2831309055118107
20
-2.7805946850393699
11
3.2831460629921261
21
-2.7805521653543308
0
LINE
8
BLACK
6
CONTINUOUS
10
3.2831460629921261
20
-2.7805521653543308
11
3.283147598425197
21
-2.7805309448818898
0
LINE
8
BLACK
6
CONTINUOUS
10
3.283147598425197
20
-2.7805309448818898
11
3.2832392125984251
21
-2.7802914960629921
0
LINE
8
BLACK
6
CONTINUOUS
10
3.2832392125984251
20
-2.7802914960629921
11
3.2833256692913384
21
-2.7800495669291339
0
LINE
8
BLACK
6
CONTINUOUS
10
3.2833256692913384
20
-2.7800495669291339
11
3.2833383464566928
21
-2.780032401574803
0
LINE
8
BLACK
6
CONTINUOUS
10
3.2833383464566928
20
-2.780032401574803
11
3.2833544881889765
21
-2.7799903149606298
0
LINE
8
BLACK
6
CONTINUOUS
10
3.2833544881889765
20
-2.7799903149606298
11
3.285229251968504
21
-2.7762407874015747
0
LINE
8
BLACK
6
CONTINUOUS
10
3.285229251968504
20
-2.7762407874015747
11
3.2853853149606298
21
-2.7759927559055115
0
LINE
8
BLACK
6
CONTINUOUS
10
3.2853853149606298
20
-2.7759927559055115
11
3.285415157480315
21
-2.7759208267716535
0
LINE
8
BLACK
6
CONTINUOUS
10
3.285415157480315
20
-2.7759208267716535
11
3.2854816141732281
21
-2.7758398425196851
0
LINE
8
BLACK
6
CONTINUOUS
10
3.2854816141732281
20
-2.7758398425196851
11
3.2855375984251967
21
-2.7757509055118108
0
LINE
8
BLACK
6
CONTINUOUS
10
3.2855375984251967
20
-2.7757509055118108
11
3.2855965748031495
21
-2.7756997244094488
0
LINE
8
BLACK
6
CONTINUOUS
10
3.2855965748031495
20
-2.7756997244094488
11
3.2857823622047242
21
-2.7754733858267717
0
LINE
8
BLACK
6
CONTINUOUS
10
3.2857823622047242
20
-2.7754733858267717
11
3.2876571259842517
21
-2.7735986220472442
0
LINE
8
BLACK
6
CONTINUOUS
10
3.2876571259842517
20
-2.7735986220472442
11
3.2878834645669293
21
-2.773412834645669
0
LINE
8
BLACK
6
CONTINUOUS
10
3.2878834645669293
20
-2.773412834645669
11
3.2879346456692913
21
-2.7733538582677166
0
LINE
8
BLACK
6
CONTINUOUS
10
3.2879346456692913
20
-2.7733538582677166
11
3.2880235826771651
21
-2.7732978740157481
0
LINE
8
BLACK
6
CONTINUOUS
10
3.2880235826771651
20
-2.7732978740157481
11
3.288104566929134
21
-2.7732314173228345
0
LINE
8
BLACK
6
CONTINUOUS
10
3.288104566929134
20
-2.7732314173228345
11
3.288176496062992
21
-2.7732015748031493
0
LINE
8
BLACK
6
CONTINUOUS
10
3.288176496062992
20
-2.7732015748031493
11
3.2884245275590551
21
-2.7730455118110235
0
LINE
8
BLACK
6
CONTINUOUS
10
3.2884245275590551
20
-2.7730455118110235
11
3.2921740551181102
21
-2.771170748031496
0
LINE
8
BLACK
6
CONTINUOUS
10
3.2921740551181102
20
-2.771170748031496
11
3.2927146456692911
21
-2.7709638582677165
0
LINE
8
BLACK
6
CONTINUOUS
10
3.2927146456692911
20
-2.7709638582677165
11
3.2928205118110236
21
-2.7709562992125982
0
LINE
8
BLACK
6
CONTINUOUS
10
3.2928205118110236
20
-2.7709562992125982
11
3.2929185039370079
21
-2.7709157480314959
0
LINE
8
BLACK
6
CONTINUOUS
10
3.2929185039370079
20
-2.7709157480314959
11
3.2934945669291338
21
-2.7708590157480315
0
LINE
8
BLACK
6
CONTINUOUS
10
3.2934945669291338
20
-2.7708590157480315
11
3.2972440944881889
21
-2.7708590157480315
0
LINE
8
BLACK
6
CONTINUOUS
10
3.2972440944881889
20
-2.7708590157480315
11
3.2978201574803148
21
-2.7709157480314959
0
LINE
8
BLACK
6
CONTINUOUS
10
3.2914941338582677
20
-2.7781132677165354
11
3.2902970078740155
21
-2.7793103937007873
0
LINE
8
BLACK
6
CONTINUOUS
10
3.2902970078740155
20
-2.7793103937007873
11
3.2887814960629922
21
-2.7823413779527559
0
LINE
8
BLACK
6
CONTINUOUS
10
3.2887814960629922
20
-2.7823413779527559
11
3.2870735039370076
21
-2.7891734251968505
0
LINE
8
BLACK
6
CONTINUOUS
10
3.2870735039370076
20
-2.7891734251968505
11
3.2870735039370076
21
-2.7978201574803148
0
LINE
8
BLACK
6
CONTINUOUS
10
3.2870735039370076
20
-2.7978201574803148
11
3.2887814960629922
21
-2.8046522047244093
0
LINE
8
BLACK
6
CONTINUOUS
10
3.2887814960629922
20
-2.8046522047244093
11
3.2902970078740155
21
-2.807683188976378
0
LINE
8
BLACK
6
CONTINUOUS
10
3.2902970078740155
20
-2.807683188976378
11
3.2914941338582677
21
-2.8088803543307086
0
LINE
8
BLACK
6
CONTINUOUS
10
3.2914941338582677
20
-2.8088803543307086
11
3.2941916141732284
21
-2.8102290944881889
0
LINE
8
BLACK
6
CONTINUOUS
10
3.2941916141732284
20
-2.8102290944881889
11
3.2965470472440943
21
-2.8102290944881889
0
LINE
8
BLACK
6
CONTINUOUS
10
3.2965470472440943
20
-2.8102290944881889
11
3.2992444881889762
21
-2.8088803543307086
0
LINE
8
BLACK
6
CONTINUOUS
10
3.2992444881889762
20
-2.8088803543307086
11
3.3004416141732285
21
-2.807683188976378
0
LINE
8
BLACK
6
CONTINUOUS
10
3.3004416141732285
20
-2.807683188976378
11
3.3019571259842517
21
-2.8046522047244093
0
LINE
8
BLACK
6
CONTINUOUS
10
3.3019571259842517
20
-2.8046522047244093
11
3.3036651574803151
21
-2.7978201574803148
0
LINE
8
BLACK
6
CONTINUOUS
10
3.3036651574803151
20
-2.7978201574803148
11
3.3036651574803151
21
-2.7891734251968505
0
LINE
8
BLACK
6
CONTINUOUS
10
3.3036651574803151
20
-2.7891734251968505
11
3.3019571259842517
21
-2.7823413779527559
0
LINE
8
BLACK
6
CONTINUOUS
10
3.3019571259842517
20
-2.7823413779527559
11
3.3004416535433072
21
-2.7793103937007873
0
LINE
8
BLACK
6
CONTINUOUS
10
3.3004416535433072
20
-2.7793103937007873
11
3.299244527559055
21
-2.7781132677165354
0
LINE
8
BLACK
6
CONTINUOUS
10
3.299244527559055
20
-2.7781132677165354
11
3.2965470472440943
21
-2.7767645275590551
0
LINE
8
BLACK
6
CONTINUOUS
10
3.2965470472440943
20
-2.7767645275590551
11
3.2941916141732284
21
-2.7767645275590551
0
LINE
8
BLACK
6
CONTINUOUS
10
3.2941916141732284
20
-2.7767645275590551
11
3.2914941338582677
21
-2.7781132677165354
0
LINE
8
BLACK
6
CONTINUOUS
10
3.3353154724409446
20
-2.7709157480314959
11
3.3354134645669289
21
-2.770956338582677
0
LINE
8
BLACK
6
CONTINUOUS
10
3.3354134645669289
20
-2.770956338582677
11
3.3355192913385827
21
-2.7709638582677165
0
LINE
8
BLACK
6
CONTINUOUS
10
3.3355192913385827
20
-2.7709638582677165
11
3.3360599212598423
21
-2.771170748031496
0
LINE
8
BLACK
6
CONTINUOUS
10
3.3360599212598423
20
-2.771170748031496
11
3.3398094488188974
21
-2.7730455118110235
0
LINE
8
BLACK
6
CONTINUOUS
10
3.3398094488188974
20
-2.7730455118110235
11
3.3400574409448818
21
-2.7732015748031493
0
LINE
8
BLACK
6
CONTINUOUS
10
3.3400574409448818
20
-2.7732015748031493
11
3.340129409448819
21
-2.7732314173228345
0
LINE
8
BLACK
6
CONTINUOUS
10
3.340129409448819
20
-2.7732314173228345
11
3.3402103543307087
21
-2.7732978740157481
0
LINE
8
BLACK
6
CONTINUOUS
10
3.3402103543307087
20
-2.7732978740157481
11
3.3402993307086613
21
-2.7733538582677166
0
LINE
8
BLACK
6
CONTINUOUS
10
3.3402993307086613
20
-2.7733538582677166
11
3.340350472440945
21
-2.773412834645669
0
LINE
8
BLACK
6
CONTINUOUS
10
3.340350472440945
20
-2.773412834645669
11
3.3405768503937008
21
-2.7735986220472442
0
LINE
8
BLACK
6
CONTINUOUS
10
3.3405768503937008
20
-2.7735986220472442
11
3.3424516141732283
21
-2.7754733858267717
0
LINE
8
BLACK
6
CONTINUOUS
10
3.3424516141732283
20
-2.7754733858267717
11
3.3426373622047243
21
-2.7756997244094488
0
LINE
8
BLACK
6
CONTINUOUS
10
3.3426373622047243
20
-2.7756997244094488
11
3.3426963779527559
21
-2.7757509055118108
0
LINE
8
BLACK
6
CONTINUOUS
10
3.3426963779527559
20
-2.7757509055118108
11
3.3427523228346456
21
-2.7758398425196851
0
LINE
8
BLACK
6
CONTINUOUS
10
3.3427523228346456
20
-2.7758398425196851
11
3.3428188188976375
21
-2.7759208267716535
0
LINE
8
BLACK
6
CONTINUOUS
10
3.3428188188976375
20
-2.7759208267716535
11
3.342848622047244
21
-2.7759927559055115
0
LINE
8
BLACK
6
CONTINUOUS
10
3.342848622047244
20
-2.7759927559055115
11
3.343004724409449
21
-2.7762407874015747
0
LINE
8
BLACK
6
CONTINUOUS
10
3.343004724409449
20
-2.7762407874015747
11
3.3448794881889765
21
-2.7799903149606298
0
LINE
8
BLACK
6
CONTINUOUS
10
3.3448794881889765
20
-2.7799903149606298
11
3.344895590551181
21
-2.780032401574803
0
LINE
8
BLACK
6
CONTINUOUS
10
3.344895590551181
20
-2.780032401574803
11
3.3449083070866141
21
-2.7800495669291339
0
LINE
8
BLACK
6
CONTINUOUS
10
3.3449083070866141
20
-2.7800495669291339
11
3.3449946062992124
21
-2.7802911417322833
0
LINE
8
BLACK
6
CONTINUOUS
10
3.3449946062992124
20
-2.7802911417322833
11
3.345086377952756
21
-2.780530905511811
0
LINE
8
BLACK
6
CONTINUOUS
10
3.345086377952756
20
-2.780530905511811
11
3.3450878740157481
21
-2.7805521653543308
0
LINE
8
BLACK
6
CONTINUOUS
10
3.3450878740157481
20
-2.7805521653543308
11
3.3451030708661418
21
-2.7805946850393699
0
LINE
8
BLACK
6
CONTINUOUS
10
3.3451030708661418
20
-2.7805946850393699
11
3.3469778346456693
21
-2.7880937401574801
0
LINE
8
BLACK
6
CONTINUOUS
10
3.3469778346456693
20
-2.7880937401574801
11
3.3469925984251967
21
-2.7881935826771653
0
LINE
8
BLACK
6
CONTINUOUS
10
3.3469925984251967
20
-2.7881935826771653
11
3.3470092519685037
21
-2.7882338188976377
0
LINE
8
BLACK
6
CONTINUOUS
10
3.3470092519685037
20
-2.7882338188976377
11
3.347030590551181
21
-2.7884508267716535
0
LINE
8
BLACK
6
CONTINUOUS
10
3.347030590551181
20
-2.7884508267716535
11
3.3470624803149605
21
-2.7886663385826771
0
LINE
8
BLACK
6
CONTINUOUS
10
3.3470624803149605
20
-2.7886663385826771
11
3.347056062992126
21
-2.7887093307086612
0
LINE
8
BLACK
6
CONTINUOUS
10
3.347056062992126
20
-2.7887093307086612
11
3.3470659842519686
21
-2.7888098818897635
0
LINE
8
BLACK
6
CONTINUOUS
10
3.3470659842519686
20
-2.7888098818897635
11
3.3470659842519686
21
-2.7981837007874013
0
LINE
8
BLACK
6
CONTINUOUS
10
3.3470659842519686
20
-2.7981837007874013
11
3.347056062992126
21
-2.7982842125984253
0
LINE
8
BLACK
6
CONTINUOUS
10
3.347056062992126
20
-2.7982842125984253
11
3.3470624803149605
21
-2.7983272440944882
0
LINE
8
BLACK
6
CONTINUOUS
10
3.3470624803149605
20
-2.7983272440944882
11
3.347030590551181
21
-2.7985427165354331
0
LINE
8
BLACK
6
CONTINUOUS
10
3.347030590551181
20
-2.7985427165354331
11
3.3470092519685037
21
-2.7987597637795276
0
LINE
8
BLACK
6
CONTINUOUS
10
3.3470092519685037
20
-2.7987597637795276
11
3.3469925984251967
21
-2.7987999606299212
0
LINE
8
BLACK
6
CONTINUOUS
10
3.3469925984251967
20
-2.7987999606299212
11
3.3469778346456693
21
-2.7988998425196852
0
LINE
8
BLACK
6
CONTINUOUS
10
3.3469778346456693
20
-2.7988998425196852
11
3.3451030708661418
21
-2.8063988976377954
0
LINE
8
BLACK
6
CONTINUOUS
10
3.3451030708661418
20
-2.8063988976377954
11
3.3450878740157481
21
-2.8064413779527557
0
LINE
8
BLACK
6
CONTINUOUS
10
3.3450878740157481
20
-2.8064413779527557
11
3.345086377952756
21
-2.8064626771653542
0
LINE
8
BLACK
6
CONTINUOUS
10
3.345086377952756
20
-2.8064626771653542
11
3.3449946062992124
21
-2.8067024015748032
0
LINE
8
BLACK
6
CONTINUOUS
10
3.3449946062992124
20
-2.8067024015748032
11
3.3449083070866141
21
-2.8069440157480314
0
LINE
8
BLACK
6
CONTINUOUS
10
3.3449083070866141
20
-2.8069440157480314
11
3.344895590551181
21
-2.8069611417322835
0
LINE
8
BLACK
6
CONTINUOUS
10
3.344895590551181
20
-2.8069611417322835
11
3.3448794881889765
21
-2.8070032677165355
0
LINE
8
BLACK
6
CONTINUOUS
10
3.3448794881889765
20
-2.8070032677165355
11
3.343004724409449
21
-2.8107527952755906
0
LINE
8
BLACK
6
CONTINUOUS
10
3.343004724409449
20
-2.8107527952755906
11
3.3428486614173227
21
-2.8110006692913387
0
LINE
8
BLACK
6
CONTINUOUS
10
3.3428486614173227
20
-2.8110006692913387
11
3.3428188582677163
21
-2.811072716535433
0
LINE
8
BLACK
6
CONTINUOUS
10
3.3428188582677163
20
-2.811072716535433
11
3.3427523228346456
21
-2.8111537401574802
0
LINE
8
BLACK
6
CONTINUOUS
10
3.3427523228346456
20
-2.8111537401574802
11
3.3426963779527559
21
-2.8112426771653545
0
LINE
8
BLACK
6
CONTINUOUS
10
3.3426963779527559
20
-2.8112426771653545
11
3.3426373622047243
21
-2.8112938188976377
0
LINE
8
BLACK
6
CONTINUOUS
10
3.3426373622047243
20
-2.8112938188976377
11
3.3424516141732283
21
-2.8115201968503936
0
LINE
8
BLACK
6
CONTINUOUS
10
3.3424516141732283
20
-2.8115201968503936
11
3.3405768897637795
21
-2.8133949606299211
0
LINE
8
BLACK
6
CONTINUOUS
10
3.3405768897637795
20
-2.8133949606299211
11
3.3403505118110237
21
-2.8135807086614171
0
LINE
8
BLACK
6
CONTINUOUS
10
3.3403505118110237
20
-2.8135807086614171
11
3.3402993307086613
21
-2.8136397637795274
0
LINE
8
BLACK
6
CONTINUOUS
10
3.3402993307086613
20
-2.8136397637795274
11
3.3402103543307087
21
-2.8136957480314959
0
LINE
8
BLACK
6
CONTINUOUS
10
3.3402103543307087
20
-2.8136957480314959
11
3.340129409448819
21
-2.8137622047244095
0
LINE
8
BLACK
6
CONTINUOUS
10
3.340129409448819
20
-2.8137622047244095
11
3.3400574409448818
21
-2.8137920078740155
0
LINE
8
BLACK
6
CONTINUOUS
10
3.3400574409448818
20
-2.8137920078740155
11
3.3398094488188974
21
-2.8139481102362205
0
LINE
8
BLACK
6
CONTINUOUS
10
3.3398094488188974
20
-2.8139481102362205
11
3.3360599212598423
21
-2.815822874015748
0
LINE
8
BLACK
6
CONTINUOUS
10
3.3360599212598423
20
-2.815822874015748
11
3.3355192913385827
21
-2.8160297637795275
0
LINE
8
BLACK
6
CONTINUOUS
10
3.3355192913385827
20
-2.8160297637795275
11
3.3354134645669289
21
-2.8160372440944883
0
LINE
8
BLACK
6
CONTINUOUS
10
3.3354134645669289
20
-2.8160372440944883
11
3.3353154724409446
21
-2.8160778740157482
0
LINE
8
BLACK
6
CONTINUOUS
10
3.3353154724409446
20
-2.8160778740157482
11
3.3347394094488187
21
-2.8161346062992125
0
LINE
8
BLACK
6
CONTINUOUS
10
3.3347394094488187
20
-2.8161346062992125
11
3.3309898818897636
21
-2.8161346062992125
0
LINE
8
BLACK
6
CONTINUOUS
10
3.3309898818897636
20
-2.8161346062992125
11
3.3304138188976378
21
-2.8160778740157482
0
LINE
8
BLACK
6
CONTINUOUS
10
3.3304138188976378
20
-2.8160778740157482
11
3.3303158267716535
21
-2.8160372834645671
0
LINE
8
BLACK
6
CONTINUOUS
10
3.3303158267716535
20
-2.8160372834645671
11
3.3302099606299214
21
-2.8160297637795275
0
LINE
8
BLACK
6
CONTINUOUS
10
3.3302099606299214
20
-2.8160297637795275
11
3.3296693700787401
21
-2.815822874015748
0
LINE
8
BLACK
6
CONTINUOUS
10
3.3296693700787401
20
-2.815822874015748
11
3.325919842519685
21
-2.8139481102362205
0
LINE
8
BLACK
6
CONTINUOUS
10
3.325919842519685
20
-2.8139481102362205
11
3.3256718110236219
21
-2.8137920078740155
0
LINE
8
BLACK
6
CONTINUOUS
10
3.3256718110236219
20
-2.8137920078740155
11
3.3255998818897639
21
-2.8137622047244095
0
LINE
8
BLACK
6
CONTINUOUS
10
3.3255998818897639
20
-2.8137622047244095
11
3.3255188976377954
21
-2.8136957480314959
0
LINE
8
BLACK
6
CONTINUOUS
10
3.3255188976377954
20
-2.8136957480314959
11
3.3254299606299211
21
-2.8136397637795274
0
LINE
8
BLACK
6
CONTINUOUS
10
3.3254299606299211
20
-2.8136397637795274
11
3.3253787401574804
21
-2.8135807086614171
0
LINE
8
BLACK
6
CONTINUOUS
10
3.3253787401574804
20
-2.8135807086614171
11
3.3251524015748033
21
-2.8133949606299211
0
LINE
8
BLACK
6
CONTINUOUS
10
3.3251524015748033
20
-2.8133949606299211
11
3.3232776377952753
21
-2.8115201574803148
0
LINE
8
BLACK
6
CONTINUOUS
10
3.3232776377952753
20
-2.8115201574803148
11
3.3230918897637793
21
-2.8112938188976377
0
LINE
8
BLACK
6
CONTINUOUS
10
3.3230918897637793
20
-2.8112938188976377
11
3.3230329133858265
21
-2.8112426771653545
0
LINE
8
BLACK
6
CONTINUOUS
10
3.3230329133858265
20
-2.8112426771653545
11
3.322976929133858
21
-2.8111537401574802
0
LINE
8
BLACK
6
CONTINUOUS
10
3.322976929133858
20
-2.8111537401574802
11
3.3229104330708661
21
-2.811072716535433
0
LINE
8
BLACK
6
CONTINUOUS
10
3.3229104330708661
20
-2.811072716535433
11
3.3228805905511809
21
-2.8110006692913387
0
LINE
8
BLACK
6
CONTINUOUS
10
3.3228805905511809
20
-2.8110006692913387
11
3.3227245669291339
21
-2.8107527952755906
0
LINE
8
BLACK
6
CONTINUOUS
10
3.3227245669291339
20
-2.8107527952755906
11
3.3208498031496063
21
-2.8070032677165355
0
LINE
8
BLACK
6
CONTINUOUS
10
3.3208498031496063
20
-2.8070032677165355
11
3.3208336614173226
21
-2.8069611417322835
0
LINE
8
BLACK
6
CONTINUOUS
10
3.3208336614173226
20
-2.8069611417322835
11
3.3208209842519683
21
-2.8069440157480314
0
LINE
8
BLACK
6
CONTINUOUS
10
3.3208209842519683
20
-2.8069440157480314
11
3.320734527559055
21
-2.8067020472440944
0
LINE
8
BLACK
6
CONTINUOUS
10
3.320734527559055
20
-2.8067020472440944
11
3.3206429133858268
21
-2.8064626377952755
0
LINE
8
BLACK
6
CONTINUOUS
10
3.3206429133858268
20
-2.8064626377952755
11
3.3206413779527559
21
-2.8064413779527557
0
LINE
8
BLACK
6
CONTINUOUS
10
3.3206413779527559
20
-2.8064413779527557
11
3.320626220472441
21
-2.8063988976377954
0
LINE
8
BLACK
6
CONTINUOUS
10
3.320626220472441
20
-2.8063988976377954
11
3.3187514566929135
21
-2.7988998425196852
0
LINE
8
BLACK
6
CONTINUOUS
10
3.3187514566929135
20
-2.7988998425196852
11
3.3187366535433069
21
-2.7987999606299212
0
LINE
8
BLACK
6
CONTINUOUS
10
3.3187366535433069
20
-2.7987999606299212
11
3.3187200393700786
21
-2.7987597637795276
0
LINE
8
BLACK
6
CONTINUOUS
10
3.3187200393700786
20
-2.7987597637795276
11
3.3186986614173226
21
-2.7985427165354331
0
LINE
8
BLACK
6
CONTINUOUS
10
3.3186986614173226
20
-2.7985427165354331
11
3.3186668110236219
21
-2.7983272440944882
0
LINE
8
BLACK
6
CONTINUOUS
10
3.3186668110236219
20
-2.7983272440944882
11
3.3186731889763781
21
-2.7982842125984253
0
LINE
8
BLACK
6
CONTINUOUS
10
3.3186731889763781
20
-2.7982842125984253
11
3.3186633070866143
21
-2.7981837007874013
0
LINE
8
BLACK
6
CONTINUOUS
10
3.3186633070866143
20
-2.7981837007874013
11
3.3186633070866143
21
-2.7888098818897635
0
LINE
8
BLACK
6
CONTINUOUS
10
3.3186633070866143
20
-2.7888098818897635
11
3.3186731889763781
21
-2.7887093307086612
0
LINE
8
BLACK
6
CONTINUOUS
10
3.3186731889763781
20
-2.7887093307086612
11
3.3186668110236219
21
-2.7886663385826771
0
LINE
8
BLACK
6
CONTINUOUS
10
3.3186668110236219
20
-2.7886663385826771
11
3.3186986614173226
21
-2.7884508267716535
0
LINE
8
BLACK
6
CONTINUOUS
10
3.3186986614173226
20
-2.7884508267716535
11
3.3187200393700786
21
-2.7882338188976377
0
LINE
8
BLACK
6
CONTINUOUS
10
3.3187200393700786
20
-2.7882338188976377
11
3.3187366535433069
21
-2.7881935826771653
0
LINE
8
BLACK
6
CONTINUOUS
10
3.3187366535433069
20
-2.7881935826771653
11
3.3187514566929135
21
-2.7880937401574801
0
LINE
8
BLACK
6
CONTINUOUS
10
3.3187514566929135
20
-2.7880937401574801
11
3.320626220472441
21
-2.7805946850393699
0
LINE
8
BLACK
6
CONTINUOUS
10
3.320626220472441
20
-2.7805946850393699
11
3.3206413779527559
21
-2.7805521653543308
0
LINE
8
BLACK
6
CONTINUOUS
10
3.3206413779527559
20
-2.7805521653543308
11
3.3206429133858268
21
-2.7805309448818898
0
LINE
8
BLACK
6
CONTINUOUS
10
3.3206429133858268
20
-2.7805309448818898
11
3.320734527559055
21
-2.7802914960629921
0
LINE
8
BLACK
6
CONTINUOUS
10
3.320734527559055
20
-2.7802914960629921
11
3.3208209842519683
21
-2.7800495669291339
0
LINE
8
BLACK
6
CONTINUOUS
10
3.3208209842519683
20
-2.7800495669291339
11
3.3208336614173226
21
-2.780032401574803
0
LINE
8
BLACK
6
CONTINUOUS
10
3.3208336614173226
20
-2.780032401574803
11
3.3208498031496063
21
-2.7799903149606298
0
LINE
8
BLACK
6
CONTINUOUS
10
3.3208498031496063
20
-2.7799903149606298
11
3.3227245669291339
21
-2.7762407874015747
0
LINE
8
BLACK
6
CONTINUOUS
10
3.3227245669291339
20
-2.7762407874015747
11
3.3228806299212597
21
-2.7759927559055115
0
LINE
8
BLACK
6
CONTINUOUS
10
3.3228806299212597
20
-2.7759927559055115
11
3.3229104724409448
21
-2.7759208267716535
0
LINE
8
BLACK
6
CONTINUOUS
10
3.3229104724409448
20
-2.7759208267716535
11
3.322976929133858
21
-2.7758398425196851
0
LINE
8
BLACK
6
CONTINUOUS
10
3.322976929133858
20
-2.7758398425196851
11
3.3230329133858265
21
-2.7757509055118108
0
LINE
8
BLACK
6
CONTINUOUS
10
3.3230329133858265
20
-2.7757509055118108
11
3.3230918897637793
21
-2.7756997244094488
0
LINE
8
BLACK
6
CONTINUOUS
10
3.3230918897637793
20
-2.7756997244094488
11
3.323277677165354
21
-2.7754733858267717
0
LINE
8
BLACK
6
CONTINUOUS
10
3.323277677165354
20
-2.7754733858267717
11
3.3251524409448816
21
-2.7735986220472442
0
LINE
8
BLACK
6
CONTINUOUS
10
3.3251524409448816
20
-2.7735986220472442
11
3.3253787795275591
21
-2.773412834645669
0
LINE
8
BLACK
6
CONTINUOUS
10
3.3253787795275591
20
-2.773412834645669
11
3.3254299606299211
21
-2.7733538582677166
0
LINE
8
BLACK
6
CONTINUOUS
10
3.3254299606299211
20
-2.7733538582677166
11
3.3255188976377954
21
-2.7732978740157481
0
LINE
8
BLACK
6
CONTINUOUS
10
3.3255188976377954
20
-2.7732978740157481
11
3.3255998818897639
21
-2.7732314173228345
0
LINE
8
BLACK
6
CONTINUOUS
10
3.3255998818897639
20
-2.7732314173228345
11
3.3256718110236219
21
-2.7732015748031493
0
LINE
8
BLACK
6
CONTINUOUS
10
3.3256718110236219
20
-2.7732015748031493
11
3.325919842519685
21
-2.7730455118110235
0
LINE
8
BLACK
6
CONTINUOUS
10
3.325919842519685
20
-2.7730455118110235
11
3.3296693700787401
21
-2.771170748031496
0
LINE
8
BLACK
6
CONTINUOUS
10
3.3296693700787401
20
-2.771170748031496
11
3.3302099606299214
21
-2.7709638582677165
0
LINE
8
BLACK
6
CONTINUOUS
10
3.3302099606299214
20
-2.7709638582677165
11
3.3303158267716535
21
-2.7709562992125982
0
LINE
8
BLACK
6
CONTINUOUS
10
3.3303158267716535
20
-2.7709562992125982
11
3.3304138188976378
21
-2.7709157480314959
0
LINE
8
BLACK
6
CONTINUOUS
10
3.3304138188976378
20
-2.7709157480314959
11
3.3309898818897636
21
-2.7708590157480315
0
LINE
8
BLACK
6
CONTINUOUS
10
3.3309898818897636
20
-2.7708590157480315
11
3.3347394094488187
21
-2.7708590157480315
0
LINE
8
BLACK
6
CONTINUOUS
10
3.3347394094488187
20
-2.7708590157480315
11
3.3353154724409446
21
-2.7709157480314959
0
LINE
8
BLACK
6
CONTINUOUS
10
3.3289894488188976
20
-2.7781132677165354
11
3.3277923228346458
21
-2.7793103937007873
0
LINE
8
BLACK
6
CONTINUOUS
10
3.3277923228346458
20
-2.7793103937007873
11
3.326276811023622
21
-2.7823413779527559
0
LINE
8
BLACK
6
CONTINUOUS
10
3.326276811023622
20
-2.7823413779527559
11
3.3245688188976379
21
-2.7891734251968505
0
LINE
8
BLACK
6
CONTINUOUS
10
3.3245688188976379
20
-2.7891734251968505
11
3.3245688188976379
21
-2.7978201574803148
0
LINE
8
BLACK
6
CONTINUOUS
10
3.3245688188976379
20
-2.7978201574803148
11
3.326276811023622
21
-2.8046522047244093
0
LINE
8
BLACK
6
CONTINUOUS
10
3.326276811023622
20
-2.8046522047244093
11
3.3277923228346458
21
-2.807683188976378
0
LINE
8
BLACK
6
CONTINUOUS
10
3.3277923228346458
20
-2.807683188976378
11
3.3289894488188976
21
-2.8088803543307086
0
LINE
8
BLACK
6
CONTINUOUS
10
3.3289894488188976
20
-2.8088803543307086
11
3.3316869291338582
21
-2.8102290944881889
0
LINE
8
BLACK
6
CONTINUOUS
10
3.3316869291338582
20
-2.8102290944881889
11
3.3340423622047242
21
-2.8102290944881889
0
LINE
8
BLACK
6
CONTINUOUS
10
3.3340423622047242
20
-2.8102290944881889
11
3.3367398031496061
21
-2.8088803543307086
0
LINE
8
BLACK
6
CONTINUOUS
10
3.3367398031496061
20
-2.8088803543307086
11
3.3379369291338583
21
-2.807683188976378
0
LINE
8
BLACK
6
CONTINUOUS
10
3.3379369291338583
20
-2.807683188976378
11
3.339452440944882
21
-2.8046522047244093
0
LINE
8
BLACK
6
CONTINUOUS
10
3.339452440944882
20
-2.8046522047244093
11
3.3411604724409449
21
-2.7978201574803148
0
LINE
8
BLACK
6
CONTINUOUS
10
3.3411604724409449
20
-2.7978201574803148
11
3.3411604724409449
21
-2.7891734251968505
0
LINE
8
BLACK
6
CONTINUOUS
10
3.3411604724409449
20
-2.7891734251968505
11
3.339452440944882
21
-2.7823413779527559
0
LINE
8
BLACK
6
CONTINUOUS
10
3.339452440944882
20
-2.7823413779527559
11
3.3379369685039371
21
-2.7793103937007873
0
LINE
8
BLACK
6
CONTINUOUS
10
3.3379369685039371
20
-2.7793103937007873
11
3.3367398425196848
21
-2.7781132677165354
0
LINE
8
BLACK
6
CONTINUOUS
10
3.3367398425196848
20
-2.7781132677165354
11
3.3340423622047242
21
-2.7767645275590551
0
LINE
8
BLACK
6
CONTINUOUS
10
3.3340423622047242
20
-2.7767645275590551
11
3.3316869291338582
21
-2.7767645275590551
0
LINE
8
BLACK
6
CONTINUOUS
10
3.3316869291338582
20
-2.7767645275590551
11
3.3289894488188976
21
-2.7781132677165354
0
LINE
8
BLACK
6
CONTINUOUS
10
3.1931773622047244
20
-2.8066787795275592
11
3.1938976771653542
21
-2.8069771259842518
0
LINE
8
BLACK
6
CONTINUOUS
10
3.1938976771653542
20
-2.8069771259842518
11
3.193897716535433
21
-2.8069771653543305
0
LINE
8
BLACK
6
CONTINUOUS
10
3.193897716535433
20
-2.8069771653543305
11
3.1943451968503935
21
-2.8073444094488189
0
LINE
8
BLACK
6
CONTINUOUS
10
3.1943451968503935
20
-2.8073444094488189
11
3.1962199212598423
21
-2.8092191732283465
0
LINE
8
BLACK
6
CONTINUOUS
10
3.1962199212598423
20
-2.8092191732283465
11
3.1965871653543307
21
-2.809666653543307
0
LINE
8
BLACK
6
CONTINUOUS
10
3.1965871653543307
20
-2.809666653543307
11
3.1970262204724409
21
-2.8107267322834644
0
LINE
8
BLACK
6
CONTINUOUS
10
3.1970262204724409
20
-2.8107267322834644
11
3.1970280314960631
21
-2.8107310629921258
0
LINE
8
BLACK
6
CONTINUOUS
10
3.1970280314960631
20
-2.8107310629921258
11
3.1970280314960631
21
-2.8118831496062993
0
LINE
8
BLACK
6
CONTINUOUS
10
3.1970280314960631
20
-2.8118831496062993
11
3.196587125984252
21
-2.8129475590551181
0
LINE
8
BLACK
6
CONTINUOUS
10
3.196587125984252
20
-2.8129475590551181
11
3.1962199212598423
21
-2.8133949999999999
0
LINE
8
BLACK
6
CONTINUOUS
10
3.1962199212598423
20
-2.8133949999999999
11
3.1943451574803148
21
-2.8152697637795274
0
LINE
8
BLACK
6
CONTINUOUS
10
3.1943451574803148
20
-2.8152697637795274
11
3.193897716535433
21
-2.8156369685039371
0
LINE
8
BLACK
6
CONTINUOUS
10
3.193897716535433
20
-2.8156369685039371
11
3.1928333070866142
21
-2.8160778740157482
0
LINE
8
BLACK
6
CONTINUOUS
10
3.1928333070866142
20
-2.8160778740157482
11
3.1928332677165354
21
-2.8160778740157482
0
LINE
8
BLACK
6
CONTINUOUS
10
3.1928332677165354
20
-2.8160778740157482
11
3.1916812204724407
21
-2.8160778740157482
0
LINE
8
BLACK
6
CONTINUOUS
10
3.1916812204724407
20
-2.8160778740157482
11
3.191681181102362
21
-2.8160778740157482
0
LINE
8
BLACK
6
CONTINUOUS
10
3.191681181102362
20
-2.8160778740157482
11
3.1906167716535432
21
-2.8156369685039371
0
LINE
8
BLACK
6
CONTINUOUS
10
3.1906167716535432
20
-2.8156369685039371
11
3.1901693307086614
21
-2.8152697637795274
0
LINE
8
BLACK
6
CONTINUOUS
10
3.1901693307086614
20
-2.8152697637795274
11
3.1882945669291338
21
-2.8133949999999999
0
LINE
8
BLACK
6
CONTINUOUS
10
3.1882945669291338
20
-2.8133949999999999
11
3.1879273622047242
21
-2.8129475590551181
0
LINE
8
BLACK
6
CONTINUOUS
10
3.1879273622047242
20
-2.8129475590551181
11
3.1876847637795276
21
-2.8123618503937009
0
LINE
8
BLACK
6
CONTINUOUS
10
3.1876847637795276
20
-2.8123618503937009
11
3.1874864566929135
21
-2.8118831496062993
0
LINE
8
BLACK
6
CONTINUOUS
10
3.1874864566929135
20
-2.8118831496062993
11
3.1874864566929135
21
-2.8107310629921258
0
LINE
8
BLACK
6
CONTINUOUS
10
3.1874864566929135
20
-2.8107310629921258
11
3.1879273228346454
21
-2.809666653543307
0
LINE
8
BLACK
6
CONTINUOUS
10
3.1879273228346454
20
-2.809666653543307
11
3.1882945275590551
21
-2.8092192125984252
0
LINE
8
BLACK
6
CONTINUOUS
10
3.1882945275590551
20
-2.8092192125984252
11
3.1901692913385826
21
-2.8073444094488189
0
LINE
8
BLACK
6
CONTINUOUS
10
3.1901692913385826
20
-2.8073444094488189
11
3.1906167716535432
21
-2.8069771653543305
0
LINE
8
BLACK
6
CONTINUOUS
10
3.1906167716535432
20
-2.8069771653543305
11
3.1906168110236219
21
-2.8069771259842518
0
LINE
8
BLACK
6
CONTINUOUS
10
3.1906168110236219
20
-2.8069771259842518
11
3.1913371259842518
21
-2.8066787795275592
0
LINE
8
BLACK
6
CONTINUOUS
10
3.1913371259842518
20
-2.8066787795275592
11
3.191681181102362
21
-2.8065362598425194
0
LINE
8
BLACK
6
CONTINUOUS
10
3.191681181102362
20
-2.8065362598425194
11
3.1928332677165354
21
-2.8065362598425194
0
LINE
8
BLACK
6
CONTINUOUS
10
3.1928332677165354
20
-2.8065362598425194
11
3.1928333070866142
21
-2.8065362598425194
0
LINE
8
BLACK
6
CONTINUOUS
10
3.1928333070866142
20
-2.8065362598425194
11
3.1931773622047244
21
-2.8066787795275592
0
LINE
8
BLACK
6
CONTINUOUS
10
3.4028070472440946
20
-2.7840390944881888
11
3.4029050393700788
21
-2.7840796850393699
0
LINE
8
BLACK
6
CONTINUOUS
10
3.4029050393700788
20
-2.7840796850393699
11
3.4030108661417322
21
-2.7840872047244094
0
LINE
8
BLACK
6
CONTINUOUS
10
3.4030108661417322
20
-2.7840872047244094
11
3.4035514960629922
21
-2.7842940944881889
0
LINE
8
BLACK
6
CONTINUOUS
10
3.4035514960629922
20
-2.7842940944881889
11
3.4073010236220473
21
-2.7861688582677164
0
LINE
8
BLACK
6
CONTINUOUS
10
3.4073010236220473
20
-2.7861688582677164
11
3.4073973622047244
21
-2.7862294881889764
0
LINE
8
BLACK
6
CONTINUOUS
10
3.4073973622047244
20
-2.7862294881889764
11
3.4074427952755904
21
-2.7862446456692913
0
LINE
8
BLACK
6
CONTINUOUS
10
3.4074427952755904
20
-2.7862446456692913
11
3.4074993307086614
21
-2.7862936614173228
0
LINE
8
BLACK
6
CONTINUOUS
10
3.4074993307086614
20
-2.7862936614173228
11
3.4077909055118107
21
-2.7864772047244095
0
LINE
8
BLACK
6
CONTINUOUS
10
3.4077909055118107
20
-2.7864772047244095
11
3.4078552755905509
21
-2.7865514173228347
0
LINE
8
BLACK
6
CONTINUOUS
10
3.4078552755905509
20
-2.7865514173228347
11
3.4079196456692911
21
-2.7864772047244095
0
LINE
8
BLACK
6
CONTINUOUS
10
3.4079196456692911
20
-2.7864772047244095
11
3.4082111811023621
21
-2.7862936614173228
0
LINE
8
BLACK
6
CONTINUOUS
10
3.4082111811023621
20
-2.7862936614173228
11
3.4082677559055119
21
-2.7862446456692913
0
LINE
8
BLACK
6
CONTINUOUS
10
3.4082677559055119
20
-2.7862446456692913
11
3.4083131496062991
21
-2.7862294881889764
0
LINE
8
BLACK
6
CONTINUOUS
10
3.4083131496062991
20
-2.7862294881889764
11
3.4084095275590549
21
-2.7861688582677164
0
LINE
8
BLACK
6
CONTINUOUS
10
3.4084095275590549
20
-2.7861688582677164
11
3.41215905511811
21
-2.7842940944881889
0
LINE
8
BLACK
6
CONTINUOUS
10
3.41215905511811
20
-2.7842940944881889
11
3.4126996456692913
21
-2.7840872047244094
0
LINE
8
BLACK
6
CONTINUOUS
10
3.4126996456692913
20
-2.7840872047244094
11
3.4128055118110234
21
-2.7840796456692911
0
LINE
8
BLACK
6
CONTINUOUS
10
3.4128055118110234
20
-2.7840796456692911
11
3.4129035039370077
21
-2.7840390944881888
0
LINE
8
BLACK
6
CONTINUOUS
10
3.4129035039370077
20
-2.7840390944881888
11
3.4134795669291336
21
-2.7839823622047244
0
LINE
8
BLACK
6
CONTINUOUS
10
3.4134795669291336
20
-2.7839823622047244
11
3.4191038582677167
21
-2.7839823622047244
0
LINE
8
BLACK
6
CONTINUOUS
10
3.4191038582677167
20
-2.7839823622047244
11
3.4196799212598425
21
-2.7840390944881888
0
LINE
8
BLACK
6
CONTINUOUS
10
3.4196799212598425
20
-2.7840390944881888
11
3.4197779133858268
21
-2.7840796850393699
0
LINE
8
BLACK
6
CONTINUOUS
10
3.4197779133858268
20
-2.7840796850393699
11
3.4198837401574802
21
-2.7840872047244094
0
LINE
8
BLACK
6
CONTINUOUS
10
3.4198837401574802
20
-2.7840872047244094
11
3.4204243700787402
21
-2.7842940944881889
0
LINE
8
BLACK
6
CONTINUOUS
10
3.4204243700787402
20
-2.7842940944881889
11
3.4241739370078741
21
-2.7861688582677164
0
LINE
8
BLACK
6
CONTINUOUS
10
3.4241739370078741
20
-2.7861688582677164
11
3.4242702362204724
21
-2.7862294881889764
0
LINE
8
BLACK
6
CONTINUOUS
10
3.4242702362204724
20
-2.7862294881889764
11
3.4243157086614171
21
-2.7862446456692913
0
LINE
8
BLACK
6
CONTINUOUS
10
3.4243157086614171
20
-2.7862446456692913
11
3.4243722834645669
21
-2.7862937007874016
0
LINE
8
BLACK
6
CONTINUOUS
10
3.4243722834645669
20
-2.7862937007874016
11
3.4246637795275592
21
-2.7864772047244095
0
LINE
8
BLACK
6
CONTINUOUS
10
3.4246637795275592
20
-2.7864772047244095
11
3.4249062598425195
21
-2.786756811023622
0
LINE
8
BLACK
6
CONTINUOUS
10
3.4249062598425195
20
-2.786756811023622
11
3.4251861023622046
21
-2.7869994881889761
0
LINE
8
BLACK
6
CONTINUOUS
10
3.4251861023622046
20
-2.7869994881889761
11
3.4253696062992125
21
-2.7872910236220472
0
LINE
8
BLACK
6
CONTINUOUS
10
3.4253696062992125
20
-2.7872910236220472
11
3.4254186614173228
21
-2.787347598425197
0
LINE
8
BLACK
6
CONTINUOUS
10
3.4254186614173228
20
-2.787347598425197
11
3.4254337795275589
21
-2.7873929921259841
0
LINE
8
BLACK
6
CONTINUOUS
10
3.4254337795275589
20
-2.7873929921259841
11
3.4254944488188976
21
-2.78748937007874
0
LINE
8
BLACK
6
CONTINUOUS
10
3.4254944488188976
20
-2.78748937007874
11
3.4273692125984252
21
-2.7912388976377951
0
LINE
8
BLACK
6
CONTINUOUS
10
3.4273692125984252
20
-2.7912388976377951
11
3.4275761023622047
21
-2.7917794881889764
0
LINE
8
BLACK
6
CONTINUOUS
10
3.4275761023622047
20
-2.7917794881889764
11
3.4275836220472442
21
-2.7918853543307085
0
LINE
8
BLACK
6
CONTINUOUS
10
3.4275836220472442
20
-2.7918853543307085
11
3.4276242125984253
21
-2.7919833464566928
0
LINE
8
BLACK
6
CONTINUOUS
10
3.4276242125984253
20
-2.7919833464566928
11
3.4276809448818897
21
-2.7925594094488186
0
LINE
8
BLACK
6
CONTINUOUS
10
3.4276809448818897
20
-2.7925594094488186
11
3.4276809448818897
21
-2.8131818503937009
0
LINE
8
BLACK
6
CONTINUOUS
10
3.4276809448818897
20
-2.8131818503937009
11
3.4276242125984253
21
-2.8137579133858268
0
LINE
8
BLACK
6
CONTINUOUS
10
3.4276242125984253
20
-2.8137579133858268
11
3.4271833070866142
21
-2.8148223228346456
0
LINE
8
BLACK
6
CONTINUOUS
10
3.4271833070866142
20
-2.8148223228346456
11
3.4263686614173228
21
-2.8156369685039371
0
LINE
8
BLACK
6
CONTINUOUS
10
3.4263686614173228
20
-2.8156369685039371
11
3.425304251968504
21
-2.8160778740157482
0
LINE
8
BLACK
6
CONTINUOUS
10
3.425304251968504
20
-2.8160778740157482
11
3.4241521259842518
21
-2.8160778740157482
0
LINE
8
BLACK
6
CONTINUOUS
10
3.4241521259842518
20
-2.8160778740157482
11
3.423087716535433
21
-2.8156369685039371
0
LINE
8
BLACK
6
CONTINUOUS
10
3.423087716535433
20
-2.8156369685039371
11
3.4222730708661415
21
-2.8148223228346456
0
LINE
8
BLACK
6
CONTINUOUS
10
3.4222730708661415
20
-2.8148223228346456
11
3.4218321653543304
21
-2.8137579133858268
0
LINE
8
BLACK
6
CONTINUOUS
10
3.4218321653543304
20
-2.8137579133858268
11
3.4217754330708661
21
-2.8131818503937009
0
LINE
8
BLACK
6
CONTINUOUS
10
3.4217754330708661
20
-2.8131818503937009
11
3.4217754330708661
21
-2.7932564566929132
0
LINE
8
BLACK
6
CONTINUOUS
10
3.4217754330708661
20
-2.7932564566929132
11
3.4206525590551182
21
-2.7910107086614171
0
LINE
8
BLACK
6
CONTINUOUS
10
3.4206525590551182
20
-2.7910107086614171
11
3.4184068110236221
21
-2.789887874015748
0
LINE
8
BLACK
6
CONTINUOUS
10
3.4184068110236221
20
-2.789887874015748
11
3.4141766141732282
21
-2.789887874015748
0
LINE
8
BLACK
6
CONTINUOUS
10
3.4141766141732282
20
-2.789887874015748
11
3.411930866141732
21
-2.7910107086614171
0
LINE
8
BLACK
6
CONTINUOUS
10
3.411930866141732
20
-2.7910107086614171
11
3.4108080314960629
21
-2.7932564566929132
0
LINE
8
BLACK
6
CONTINUOUS
10
3.4108080314960629
20
-2.7932564566929132
11
3.4108080314960629
21
-2.8131818503937009
0
LINE
8
BLACK
6
CONTINUOUS
10
3.4108080314960629
20
-2.8131818503937009
11
3.4107512992125986
21
-2.8137579133858268
0
LINE
8
BLACK
6
CONTINUOUS
10
3.4107512992125986
20
-2.8137579133858268
11
3.4103103937007875
21
-2.8148223228346456
0
LINE
8
BLACK
6
CONTINUOUS
10
3.4103103937007875
20
-2.8148223228346456
11
3.409495748031496
21
-2.8156369685039371
0
LINE
8
BLACK
6
CONTINUOUS
10
3.409495748031496
20
-2.8156369685039371
11
3.4084313385826772
21
-2.8160778740157482
0
LINE
8
BLACK
6
CONTINUOUS
10
3.4084313385826772
20
-2.8160778740157482
11
3.407279212598425
21
-2.8160778740157482
0
LINE
8
BLACK
6
CONTINUOUS
10
3.407279212598425
20
-2.8160778740157482
11
3.4062148031496062
21
-2.8156369685039371
0
LINE
8
BLACK
6
CONTINUOUS
10
3.4062148031496062
20
-2.8156369685039371
11
3.4054001574803148
21
-2.8148223228346456
0
LINE
8
BLACK
6
CONTINUOUS
10
3.4054001574803148
20
-2.8148223228346456
11
3.4049592519685037
21
-2.8137579133858268
0
LINE
8
BLACK
6
CONTINUOUS
10
3.4049592519685037
20
-2.8137579133858268
11
3.4049025196850393
21
-2.8131818503937009
0
LINE
8
BLACK
6
CONTINUOUS
10
3.4049025196850393
20
-2.8131818503937009
11
3.4049025196850393
21
-2.7932564566929132
0
LINE
8
BLACK
6
CONTINUOUS
10
3.4049025196850393
20
-2.7932564566929132
11
3.4037796456692915
21
-2.7910107086614171
0
LINE
8
BLACK
6
CONTINUOUS
10
3.4037796456692915
20
-2.7910107086614171
11
3.4015339370078741
21
-2.789887874015748
0
LINE
8
BLACK
6
CONTINUOUS
10
3.4015339370078741
20
-2.789887874015748
11
3.3973037401574802
21
-2.789887874015748
0
LINE
8
BLACK
6
CONTINUOUS
10
3.3973037401574802
20
-2.789887874015748
11
3.3946062598425195
21
-2.7912366141732283
0
LINE
8
BLACK
6
CONTINUOUS
10
3.3946062598425195
20
-2.7912366141732283
11
3.3939351574803149
21
-2.7919077165354329
0
LINE
8
BLACK
6
CONTINUOUS
10
3.3939351574803149
20
-2.7919077165354329
11
3.3939351574803149
21
-2.8131818503937009
0
LINE
8
BLACK
6
CONTINUOUS
10
3.3939351574803149
20
-2.8131818503937009
11
3.3938784251968501
21
-2.8137579133858268
0
LINE
8
BLACK
6
CONTINUOUS
10
3.3938784251968501
20
-2.8137579133858268
11
3.3934375196850395
21
-2.8148223228346456
0
LINE
8
BLACK
6
CONTINUOUS
10
3.3934375196850395
20
-2.8148223228346456
11
3.392622874015748
21
-2.8156369685039371
0
LINE
8
BLACK
6
CONTINUOUS
10
3.392622874015748
20
-2.8156369685039371
11
3.3915584645669292
21
-2.8160778740157482
0
LINE
8
BLACK
6
CONTINUOUS
10
3.3915584645669292
20
-2.8160778740157482
11
3.390406338582677
21
-2.8160778740157482
0
LINE
8
BLACK
6
CONTINUOUS
10
3.390406338582677
20
-2.8160778740157482
11
3.3893419291338582
21
-2.8156369685039371
0
LINE
8
BLACK
6
CONTINUOUS
10
3.3893419291338582
20
-2.8156369685039371
11
3.3885272834645668
21
-2.8148223228346456
0
LINE
8
BLACK
6
CONTINUOUS
10
3.3885272834645668
20
-2.8148223228346456
11
3.3880863779527557
21
-2.8137579133858268
0
LINE
8
BLACK
6
CONTINUOUS
10
3.3880863779527557
20
-2.8137579133858268
11
3.3880296456692913
21
-2.8131818503937009
0
LINE
8
BLACK
6
CONTINUOUS
10
3.3880296456692913
20
-2.8131818503937009
11
3.3880296456692913
21
-2.786935118110236
0
LINE
8
BLACK
6
CONTINUOUS
10
3.3880296456692913
20
-2.786935118110236
11
3.3880863779527557
21
-2.7863590551181101
0
LINE
8
BLACK
6
CONTINUOUS
10
3.3880863779527557
20
-2.7863590551181101
11
3.3885272834645668
21
-2.7852946456692913
0
LINE
8
BLACK
6
CONTINUOUS
10
3.3885272834645668
20
-2.7852946456692913
11
3.3893419291338582
21
-2.7844799999999998
0
LINE
8
BLACK
6
CONTINUOUS
10
3.3893419291338582
20
-2.7844799999999998
11
3.390406338582677
21
-2.7840390944881888
0
LINE
8
BLACK
6
CONTINUOUS
10
3.390406338582677
20
-2.7840390944881888
11
3.3915584645669292
21
-2.7840390944881888
0
LINE
8
BLACK
6
CONTINUOUS
10
3.3915584645669292
20
-2.7840390944881888
11
3.392622874015748
21
-2.7844799999999998
0
LINE
8
BLACK
6
CONTINUOUS
10
3.392622874015748
20
-2.7844799999999998
11
3.3933866929133858
21
-2.7852438188976376
0
LINE
8
BLACK
6
CONTINUOUS
10
3.3933866929133858
20
-2.7852438188976376
11
3.395286181102362
21
-2.7842940944881889
0
LINE
8
BLACK
6
CONTINUOUS
10
3.395286181102362
20
-2.7842940944881889
11
3.3958267716535433
21
-2.7840872047244094
0
LINE
8
BLACK
6
CONTINUOUS
10
3.3958267716535433
20
-2.7840872047244094
11
3.3959326377952754
21
-2.7840796456692911
0
LINE
8
BLACK
6
CONTINUOUS
10
3.3959326377952754
20
-2.7840796456692911
11
3.3960306299212597
21
-2.7840390944881888
0
LINE
8
BLACK
6
CONTINUOUS
10
3.3960306299212597
20
-2.7840390944881888
11
3.3966066929133856
21
-2.7839823622047244
0
LINE
8
BLACK
6
CONTINUOUS
10
3.3966066929133856
20
-2.7839823622047244
11
3.4022309842519682
21
-2.7839823622047244
0
LINE
8
BLACK
6
CONTINUOUS
10
3.4022309842519682
20
-2.7839823622047244
11
3.4028070472440946
21
-2.7840390944881888
0
LINE
8
BLACK
6
CONTINUOUS
10
3.4553004724409448
20
-2.7840390944881888
11
3.4553984645669291
21
-2.7840796850393699
0
LINE
8
BLACK
6
CONTINUOUS
10
3.4553984645669291
20
-2.7840796850393699
11
3.4555042913385825
21
-2.7840872047244094
0
LINE
8
BLACK
6
CONTINUOUS
10
3.4555042913385825
20
-2.7840872047244094
11
3.4560449212598425
21
-2.7842940944881889
0
LINE
8
BLACK
6
CONTINUOUS
10
3.4560449212598425
20
-2.7842940944881889
11
3.4597944488188976
21
-2.7861688582677164
0
LINE
8
BLACK
6
CONTINUOUS
10
3.4597944488188976
20
-2.7861688582677164
11
3.4598907874015747
21
-2.7862294881889764
0
LINE
8
BLACK
6
CONTINUOUS
10
3.4598907874015747
20
-2.7862294881889764
11
3.4599362204724406
21
-2.7862446456692913
0
LINE
8
BLACK
6
CONTINUOUS
10
3.4599362204724406
20
-2.7862446456692913
11
3.4599927559055117
21
-2.7862936614173228
0
LINE
8
BLACK
6
CONTINUOUS
10
3.4599927559055117
20
-2.7862936614173228
11
3.4602843307086615
21
-2.7864772047244095
0
LINE
8
BLACK
6
CONTINUOUS
10
3.4602843307086615
20
-2.7864772047244095
11
3.4603487007874016
21
-2.7865514173228347
0
LINE
8
BLACK
6
CONTINUOUS
10
3.4603487007874016
20
-2.7865514173228347
11
3.4604130708661418
21
-2.7864772047244095
0
LINE
8
BLACK
6
CONTINUOUS
10
3.4604130708661418
20
-2.7864772047244095
11
3.4607046062992124
21
-2.7862936614173228
0
LINE
8
BLACK
6
CONTINUOUS
10
3.4607046062992124
20
-2.7862936614173228
11
3.4607611811023622
21
-2.7862446456692913
0
LINE
8
BLACK
6
CONTINUOUS
10
3.4607611811023622
20
-2.7862446456692913
11
3.4608065748031493
21
-2.7862294881889764
0
LINE
8
BLACK
6
CONTINUOUS
10
3.4608065748031493
20
-2.7862294881889764
11
3.4609029527559056
21
-2.7861688582677164
0
LINE
8
BLACK
6
CONTINUOUS
10
3.4609029527559056
20
-2.7861688582677164
11
3.4646524803149608
21
-2.7842940944881889
0
LINE
8
BLACK
6
CONTINUOUS
10
3.4646524803149608
20
-2.7842940944881889
11
3.4651930708661416
21
-2.7840872047244094
0
LINE
8
BLACK
6
CONTINUOUS
10
3.4651930708661416
20
-2.7840872047244094
11
3.4652989370078737
21
-2.7840796456692911
0
LINE
8
BLACK
6
CONTINUOUS
10
3.4652989370078737
20
-2.7840796456692911
11
3.465396929133858
21
-2.7840390944881888
0
LINE
8
BLACK
6
CONTINUOUS
10
3.465396929133858
20
-2.7840390944881888
11
3.4659729921259843
21
-2.7839823622047244
0
LINE
8
BLACK
6
CONTINUOUS
10
3.4659729921259843
20
-2.7839823622047244
11
3.471597283464567
21
-2.7839823622047244
0
LINE
8
BLACK
6
CONTINUOUS
10
3.471597283464567
20
-2.7839823622047244
11
3.4721733464566928
21
-2.7840390944881888
0
LINE
8
BLACK
6
CONTINUOUS
10
3.4721733464566928
20
-2.7840390944881888
11
3.4722713385826771
21
-2.7840796850393699
0
LINE
8
BLACK
6
CONTINUOUS
10
3.4722713385826771
20
-2.7840796850393699
11
3.4723771653543305
21
-2.7840872047244094
0
LINE
8
BLACK
6
CONTINUOUS
10
3.4723771653543305
20
-2.7840872047244094
11
3.4729177952755905
21
-2.7842940944881889
0
LINE
8
BLACK
6
CONTINUOUS
10
3.4729177952755905
20
-2.7842940944881889
11
3.4766673622047244
21
-2.7861688582677164
0
LINE
8
BLACK
6
CONTINUOUS
10
3.4766673622047244
20
-2.7861688582677164
11
3.4767636614173227
21
-2.7862294881889764
0
LINE
8
BLACK
6
CONTINUOUS
10
3.4767636614173227
20
-2.7862294881889764
11
3.4768091338582678
21
-2.7862446456692913
0
LINE
8
BLACK
6
CONTINUOUS
10
3.4768091338582678
20
-2.7862446456692913
11
3.4768657086614172
21
-2.7862937007874016
0
LINE
8
BLACK
6
CONTINUOUS
10
3.4768657086614172
20
-2.7862937007874016
11
3.4771572047244095
21
-2.7864772047244095
0
LINE
8
BLACK
6
CONTINUOUS
10
3.4771572047244095
20
-2.7864772047244095
11
3.4773996850393698
21
-2.786756811023622
0
LINE
8
BLACK
6
CONTINUOUS
10
3.4773996850393698
20
-2.786756811023622
11
3.4776795275590549
21
-2.7869994881889761
0
LINE
8
BLACK
6
CONTINUOUS
10
3.4776795275590549
20
-2.7869994881889761
11
3.4778630314960628
21
-2.7872910236220472
0
LINE
8
BLACK
6
CONTINUOUS
10
3.4778630314960628
20
-2.7872910236220472
11
3.4779120866141731
21
-2.787347598425197
0
LINE
8
BLACK
6
CONTINUOUS
10
3.4779120866141731
20
-2.787347598425197
11
3.4779272047244092
21
-2.7873929921259841
0
LINE
8
BLACK
6
CONTINUOUS
10
3.4779272047244092
20
-2.7873929921259841
11
3.4779878740157479
21
-2.78748937007874
0
LINE
8
BLACK
6
CONTINUOUS
10
3.4779878740157479
20
-2.78748937007874
11
3.4798626377952755
21
-2.7912388976377951
0
LINE
8
BLACK
6
CONTINUOUS
10
3.4798626377952755
20
-2.7912388976377951
11
3.480069527559055
21
-2.7917794881889764
0
LINE
8
BLACK
6
CONTINUOUS
10
3.480069527559055
20
-2.7917794881889764
11
3.4800770472440945
21
-2.7918853543307085
0
LINE
8
BLACK
6
CONTINUOUS
10
3.4800770472440945
20
-2.7918853543307085
11
3.4801176377952756
21
-2.7919833464566928
0
LINE
8
BLACK
6
CONTINUOUS
10
3.4801176377952756
20
-2.7919833464566928
11
3.48017437007874
21
-2.7925594094488186
0
LINE
8
BLACK
6
CONTINUOUS
10
3.48017437007874
20
-2.7925594094488186
11
3.48017437007874
21
-2.8131818503937009
0
LINE
8
BLACK
6
CONTINUOUS
10
3.48017437007874
20
-2.8131818503937009
11
3.4801176377952756
21
-2.8137579133858268
0
LINE
8
BLACK
6
CONTINUOUS
10
3.4801176377952756
20
-2.8137579133858268
11
3.4796767322834645
21
-2.8148223228346456
0
LINE
8
BLACK
6
CONTINUOUS
10
3.4796767322834645
20
-2.8148223228346456
11
3.4788620866141731
21
-2.8156369685039371
0
LINE
8
BLACK
6
CONTINUOUS
10
3.4788620866141731
20
-2.8156369685039371
11
3.4777976771653543
21
-2.8160778740157482
0
LINE
8
BLACK
6
CONTINUOUS
10
3.4777976771653543
20
-2.8160778740157482
11
3.4766455511811021
21
-2.8160778740157482
0
LINE
8
BLACK
6
CONTINUOUS
10
3.4766455511811021
20
-2.8160778740157482
11
3.4755811417322833
21
-2.8156369685039371
0
LINE
8
BLACK
6
CONTINUOUS
10
3.4755811417322833
20
-2.8156369685039371
11
3.4747664960629923
21
-2.8148223228346456
0
LINE
8
BLACK
6
CONTINUOUS
10
3.4747664960629923
20
-2.8148223228346456
11
3.4743255905511812
21
-2.8137579133858268
0
LINE
8
BLACK
6
CONTINUOUS
10
3.4743255905511812
20
-2.8137579133858268
11
3.4742688582677164
21
-2.8131818503937009
0
LINE
8
BLACK
6
CONTINUOUS
10
3.4742688582677164
20
-2.8131818503937009
11
3.4742688582677164
21
-2.7932564566929132
0
LINE
8
BLACK
6
CONTINUOUS
10
3.4742688582677164
20
-2.7932564566929132
11
3.4731459842519685
21
-2.7910107086614171
0
LINE
8
BLACK
6
CONTINUOUS
10
3.4731459842519685
20
-2.7910107086614171
11
3.4709002362204724
21
-2.789887874015748
0
LINE
8
BLACK
6
CONTINUOUS
10
3.4709002362204724
20
-2.789887874015748
11
3.4666700393700784
21
-2.789887874015748
0
LINE
8
BLACK
6
CONTINUOUS
10
3.4666700393700784
20
-2.789887874015748
11
3.4644242913385828
21
-2.7910107086614171
0
LINE
8
BLACK
6
CONTINUOUS
10
3.4644242913385828
20
-2.7910107086614171
11
3.4633014566929132
21
-2.7932564566929132
0
LINE
8
BLACK
6
CONTINUOUS
10
3.4633014566929132
20
-2.7932564566929132
11
3.4633014566929132
21
-2.8131818503937009
0
LINE
8
BLACK
6
CONTINUOUS
10
3.4633014566929132
20
-2.8131818503937009
11
3.4632447244094489
21
-2.8137579133858268
0
LINE
8
BLACK
6
CONTINUOUS
10
3.4632447244094489
20
-2.8137579133858268
11
3.4628038188976378
21
-2.8148223228346456
0
LINE
8
BLACK
6
CONTINUOUS
10
3.4628038188976378
20
-2.8148223228346456
11
3.4619891732283463
21
-2.8156369685039371
0
LINE
8
BLACK
6
CONTINUOUS
10
3.4619891732283463
20
-2.8156369685039371
11
3.4609247637795275
21
-2.8160778740157482
0
LINE
8
BLACK
6
CONTINUOUS
10
3.4609247637795275
20
-2.8160778740157482
11
3.4597726377952753
21
-2.8160778740157482
0
LINE
8
BLACK
6
CONTINUOUS
10
3.4597726377952753
20
-2.8160778740157482
11
3.4587082283464565
21
-2.8156369685039371
0
LINE
8
BLACK
6
CONTINUOUS
10
3.4587082283464565
20
-2.8156369685039371
11
3.4578935826771651
21
-2.8148223228346456
0
LINE
8
BLACK
6
CONTINUOUS
10
3.4578935826771651
20
-2.8148223228346456
11
3.4574526771653544
21
-2.8137579133858268
0
LINE
8
BLACK
6
CONTINUOUS
10
3.4574526771653544
20
-2.8137579133858268
11
3.4573959448818896
21
-2.8131818503937009
0
LINE
8
BLACK
6
CONTINUOUS
10
3.4573959448818896
20
-2.8131818503937009
11
3.4573959448818896
21
-2.7932564566929132
0
LINE
8
BLACK
6
CONTINUOUS
10
3.4573959448818896
20
-2.7932564566929132
11
3.4562730708661418
21
-2.7910107086614171
0
LINE
8
BLACK
6
CONTINUOUS
10
3.4562730708661418
20
-2.7910107086614171
11
3.4540273622047244
21
-2.789887874015748
0
LINE
8
BLACK
6
CONTINUOUS
10
3.4540273622047244
20
-2.789887874015748
11
3.4497971653543305
21
-2.789887874015748
0
LINE
8
BLACK
6
CONTINUOUS
10
3.4497971653543305
20
-2.789887874015748
11
3.4470996850393698
21
-2.7912366141732283
0
LINE
8
BLACK
6
CONTINUOUS
10
3.4470996850393698
20
-2.7912366141732283
11
3.4464285826771652
21
-2.7919077165354329
0
LINE
8
BLACK
6
CONTINUOUS
10
3.4464285826771652
20
-2.7919077165354329
11
3.4464285826771652
21
-2.8131818503937009
0
LINE
8
BLACK
6
CONTINUOUS
10
3.4464285826771652
20
-2.8131818503937009
11
3.4463718503937009
21
-2.8137579133858268
0
LINE
8
BLACK
6
CONTINUOUS
10
3.4463718503937009
20
-2.8137579133858268
11
3.4459309448818898
21
-2.8148223228346456
0
LINE
8
BLACK
6
CONTINUOUS
10
3.4459309448818898
20
-2.8148223228346456
11
3.4451162992125983
21
-2.8156369685039371
0
LINE
8
BLACK
6
CONTINUOUS
10
3.4451162992125983
20
-2.8156369685039371
11
3.4440518897637795
21
-2.8160778740157482
0
LINE
8
BLACK
6
CONTINUOUS
10
3.4440518897637795
20
-2.8160778740157482
11
3.4428997637795273
21
-2.8160778740157482
0
LINE
8
BLACK
6
CONTINUOUS
10
3.4428997637795273
20
-2.8160778740157482
11
3.4418353543307085
21
-2.8156369685039371
0
LINE
8
BLACK
6
CONTINUOUS
10
3.4418353543307085
20
-2.8156369685039371
11
3.4410207086614171
21
-2.8148223228346456
0
LINE
8
BLACK
6
CONTINUOUS
10
3.4410207086614171
20
-2.8148223228346456
11
3.4405798031496064
21
-2.8137579133858268
0
LINE
8
BLACK
6
CONTINUOUS
10
3.4405798031496064
20
-2.8137579133858268
11
3.4405230708661416
21
-2.8131818503937009
0
LINE
8
BLACK
6
CONTINUOUS
10
3.4405230708661416
20
-2.8131818503937009
11
3.4405230708661416
21
-2.786935118110236
0
LINE
8
BLACK
6
CONTINUOUS
10
3.4405230708661416
20
-2.786935118110236
11
3.4405798031496064
21
-2.7863590551181101
0
LINE
8
BLACK
6
CONTINUOUS
10
3.4405798031496064
20
-2.7863590551181101
11
3.4410207086614171
21
-2.7852946456692913
0
LINE
8
BLACK
6
CONTINUOUS
10
3.4410207086614171
20
-2.7852946456692913
11
3.4418353543307085
21
-2.7844799999999998
0
LINE
8
BLACK
6
CONTINUOUS
10
3.4418353543307085
20
-2.7844799999999998
11
3.4428997637795273
21
-2.7840390944881888
0
LINE
8
BLACK
6
CONTINUOUS
10
3.4428997637795273
20
-2.7840390944881888
11
3.4440518897637795
21
-2.7840390944881888
0
LINE
8
BLACK
6
CONTINUOUS
10
3.4440518897637795
20
-2.7840390944881888
11
3.4451162992125983
21
-2.7844799999999998
0
LINE
8
BLACK
6
CONTINUOUS
10
3.4451162992125983
20
-2.7844799999999998
11
3.4458801181102361
21
-2.7852438188976376
0
LINE
8
BLACK
6
CONTINUOUS
10
3.4458801181102361
20
-2.7852438188976376
11
3.4477796062992123
21
-2.7842940944881889
0
LINE
8
BLACK
6
CONTINUOUS
10
3.4477796062992123
20
-2.7842940944881889
11
3.4483201968503936
21
-2.7840872047244094
0
LINE
8
BLACK
6
CONTINUOUS
10
3.4483201968503936
20
-2.7840872047244094
11
3.4484260629921257
21
-2.7840796456692911
0
LINE
8
BLACK
6
CONTINUOUS
10
3.4484260629921257
20
-2.7840796456692911
11
3.44852405511811
21
-2.7840390944881888
0
LINE
8
BLACK
6
CONTINUOUS
10
3.44852405511811
20
-2.7840390944881888
11
3.4491001181102363
21
-2.7839823622047244
0
LINE
8
BLACK
6
CONTINUOUS
10
3.4491001181102363
20
-2.7839823622047244
11
3.454724409448819
21
-2.7839823622047244
0
LINE
8
BLACK
6
CONTINUOUS
10
3.454724409448819
20
-2.7839823622047244
11
3.4553004724409448
21
-2.7840390944881888
0
CIRCLE
8
BLACK
10
2.4921259842519685
20
-4.0639763779527556
40
0.0068897637795276
0
CIRCLE
8
BLACK
10
2.4921259842519685
20
-3.9639763779527559
40
0.0068897637795276
0
CIRCLE
8
BLACK
10
2.4921259842519685
20
-3.8639763779527558
40
0.0068897637795276
0
CIRCLE
8
BLACK
10
4.3700787401574805
20
-3.2598425196850394
40
0.0068897637795276
0
CIRCLE
8
BLACK
10
4.3700787401574805
20
-3.3598425196850394
40
0.0068897637795276
0
CIRCLE
8
BLACK
10
4.3700787401574805
20
-3.4598425196850391
40
0.0068897637795276
0
CIRCLE
8
BLACK
10
4.3700787401574805
20
-3.5598425196850392
40
0.0068897637795276
0
CIRCLE
8
BLACK
10
4.3700787401574805
20
-3.6598425196850393
40
0.0068897637795276
0
CIRCLE
8
BLACK
10
4.3700787401574805
20
-3.7598425196850394
40
0.0068897637795276
0
CIRCLE
8
BLACK
10
4.3700787401574805
20
-3.8598425196850394
40
0.0068897637795276
0
CIRCLE
8
BLACK
10
4.3700787401574805
20
-3.9598425196850391
40
0.0068897637795276
0
CIRCLE
8
BLACK
10
4.3700787401574805
20
-4.0598425196850396
40
0.0068897637795276
0
CIRCLE
8
BLACK
10
4.3700787401574805
20
-4.1598425196850393
40
0.0068897637795276
0
CIRCLE
8
BLACK
10
4.3700787401574805
20
-4.2598425196850389
40
0.0068897637795276
0
CIRCLE
8
BLACK
10
4.3700787401574805
20
-4.3598425196850394
40
0.0068897637795276
0
CIRCLE
8
BLACK
10
2.3399677952755904
20
-4.1555118110236222
40
0.0068897637795276
0
CIRCLE
8
BLACK
10
2.3399677952755904
20
-4.4507874015748028
40
0.0068897637795276
0
LINE
8
BLACK
6
CONTINUOUS
10
2.3611793307086613
20
-4.0738111811023625
11
2.3647273622047242
21
-4.0752808267716532
0
LINE
8
BLACK
6
CONTINUOUS
10
2.3647273622047242
20
-4.0752808267716532
11
2.3674428740157478
21
-4.0779963385826772
0
LINE
8
BLACK
6
CONTINUOUS
10
2.3674428740157478
20
-4.0779963385826772
11
2.3689125196850394
21
-4.0815443700787402
0
LINE
8
BLACK
6
CONTINUOUS
10
2.3689125196850394
20
-4.0815443700787402
11
2.3689125196850394
21
-4.0853847637795271
0
LINE
8
BLACK
6
CONTINUOUS
10
2.3689125196850394
20
-4.0853847637795271
11
2.3674428740157478
21
-4.0889327952755901
0
LINE
8
BLACK
6
CONTINUOUS
10
2.3674428740157478
20
-4.0889327952755901
11
2.3647273622047242
21
-4.0916483070866141
0
LINE
8
BLACK
6
CONTINUOUS
10
2.3647273622047242
20
-4.0916483070866141
11
2.3611793307086613
21
-4.0931179527559056
0
LINE
8
BLACK
6
CONTINUOUS
10
2.3611793307086613
20
-4.0931179527559056
11
2.3592591338582678
21
-4.093307086614173
0
LINE
8
BLACK
6
CONTINUOUS
10
2.3592591338582678
20
-4.093307086614173
11
2.3139835433070868
21
-4.093307086614173
0
LINE
8
BLACK
6
CONTINUOUS
10
2.3139835433070868
20
-4.093307086614173
11
2.3120633464566929
21
-4.0931179527559056
0
LINE
8
BLACK
6
CONTINUOUS
10
2.3120633464566929
20
-4.0931179527559056
11
2.3085153149606299
21
-4.0916483070866141
0
LINE
8
BLACK
6
CONTINUOUS
10
2.3085153149606299
20
-4.0916483070866141
11
2.3057998031496063
21
-4.0889327952755901
0
LINE
8
BLACK
6
CONTINUOUS
10
2.3057998031496063
20
-4.0889327952755901
11
2.3043301574803148
21
-4.0853847637795271
0
LINE
8
BLACK
6
CONTINUOUS
10
2.3043301574803148
20
-4.0853847637795271
11
2.3043301574803148
21
-4.0815443700787402
0
LINE
8
BLACK
6
CONTINUOUS
10
2.3043301574803148
20
-4.0815443700787402
11
2.3057998031496063
21
-4.0779963385826772
0
LINE
8
BLACK
6
CONTINUOUS
10
2.3057998031496063
20
-4.0779963385826772
11
2.3085153149606299
21
-4.0752808267716532
0
LINE
8
BLACK
6
CONTINUOUS
10
2.3085153149606299
20
-4.0752808267716532
11
2.3120633464566929
21
-4.0738111811023625
0
LINE
8
BLACK
6
CONTINUOUS
10
2.3120633464566929
20
-4.0738111811023625
11
2.3139835433070868
21
-4.0736220472440943
0
LINE
8
BLACK
6
CONTINUOUS
10
2.3139835433070868
20
-4.0736220472440943
11
2.3592591338582678
21
-4.0736220472440943
0
LINE
8
BLACK
6
CONTINUOUS
10
2.3592591338582678
20
-4.0736220472440943
11
2.3611793307086613
21
-4.0738111811023625
0
LINE
8
BLACK
6
CONTINUOUS
10
2.1773210629921258
20
-4.0738111811023625
11
2.1808690944881888
21
-4.0752808267716532
0
LINE
8
BLACK
6
CONTINUOUS
10
2.1808690944881888
20
-4.0752808267716532
11
2.1835846062992124
21
-4.0779963385826772
0
LINE
8
BLACK
6
CONTINUOUS
10
2.1835846062992124
20
-4.0779963385826772
11
2.1850542519685039
21
-4.0815443700787402
0
LINE
8
BLACK
6
CONTINUOUS
10
2.1850542519685039
20
-4.0815443700787402
11
2.1850542519685039
21
-4.0853847637795271
0
LINE
8
BLACK
6
CONTINUOUS
10
2.1850542519685039
20
-4.0853847637795271
11
2.1835846062992124
21
-4.0889327952755901
0
LINE
8
BLACK
6
CONTINUOUS
10
2.1835846062992124
20
-4.0889327952755901
11
2.1808690944881888
21
-4.0916483070866141
0
LINE
8
BLACK
6
CONTINUOUS
10
2.1808690944881888
20
-4.0916483070866141
11
2.1773210629921258
21
-4.0931179527559056
0
LINE
8
BLACK
6
CONTINUOUS
10
2.1773210629921258
20
-4.0931179527559056
11
2.1754008661417323
21
-4.093307086614173
0
LINE
8
BLACK
6
CONTINUOUS
10
2.1754008661417323
20
-4.093307086614173
11
2.1301252755905513
21
-4.093307086614173
0
LINE
8
BLACK
6
CONTINUOUS
10
2.1301252755905513
20
-4.093307086614173
11
2.1282050787401574
21
-4.0931179527559056
0
LINE
8
BLACK
6
CONTINUOUS
10
2.1282050787401574
20
-4.0931179527559056
11
2.1246570472440944
21
-4.0916483070866141
0
LINE
8
BLACK
6
CONTINUOUS
10
2.1246570472440944
20
-4.0916483070866141
11
2.1219415354330708
21
-4.0889327952755901
0
LINE
8
BLACK
6
CONTINUOUS
10
2.1219415354330708
20
-4.0889327952755901
11
2.1204718897637793
21
-4.0853847637795271
0
LINE
8
BLACK
6
CONTINUOUS
10
2.1204718897637793
20
-4.0853847637795271
11
2.1204718897637793
21
-4.0815443700787402
0
LINE
8
BLACK
6
CONTINUOUS
10
2.1204718897637793
20
-4.0815443700787402
11
2.1219415354330708
21
-4.0779963385826772
0
LINE
8
BLACK
6
CONTINUOUS
10
2.1219415354330708
20
-4.0779963385826772
11
2.1246570472440944
21
-4.0752808267716532
0
LINE
8
BLACK
6
CONTINUOUS
10
2.1246570472440944
20
-4.0752808267716532
11
2.1282050787401574
21
-4.0738111811023625
0
LINE
8
BLACK
6
CONTINUOUS
10
2.1282050787401574
20
-4.0738111811023625
11
2.1301252755905513
21
-4.0736220472440943
0
LINE
8
BLACK
6
CONTINUOUS
10
2.1301252755905513
20
-4.0736220472440943
11
2.1754008661417323
21
-4.0736220472440943
0
LINE
8
BLACK
6
CONTINUOUS
10
2.1754008661417323
20
-4.0736220472440943
11
2.1773210629921258
21
-4.0738111811023625
0
LINE
8
BLACK
6
CONTINUOUS
10
2.3611793307086613
20
-4.5131812598425194
11
2.3647273622047242
21
-4.5146509055118109
0
LINE
8
BLACK
6
CONTINUOUS
10
2.3647273622047242
20
-4.5146509055118109
11
2.3674428740157478
21
-4.5173664173228349
0
LINE
8
BLACK
6
CONTINUOUS
10
2.3674428740157478
20
-4.5173664173228349
11
2.3689125196850394
21
-4.5209144488188979
0
LINE
8
BLACK
6
CONTINUOUS
10
2.3689125196850394
20
-4.5209144488188979
11
2.3689125196850394
21
-4.5247548425196848
0
LINE
8
BLACK
6
CONTINUOUS
10
2.3689125196850394
20
-4.5247548425196848
11
2.3674428740157478
21
-4.5283028740157478
0
LINE
8
BLACK
6
CONTINUOUS
10
2.3674428740157478
20
-4.5283028740157478
11
2.3647273622047242
21
-4.5310183858267719
0
LINE
8
BLACK
6
CONTINUOUS
10
2.3647273622047242
20
-4.5310183858267719
11
2.3611793307086613
21
-4.5324880314960625
0
LINE
8
BLACK
6
CONTINUOUS
10
2.3611793307086613
20
-4.5324880314960625
11
2.3592591338582678
21
-4.5326771653543307
0
LINE
8
BLACK
6
CONTINUOUS
10
2.3592591338582678
20
-4.5326771653543307
11
2.3139835433070868
21
-4.5326771653543307
0
LINE
8
BLACK
6
CONTINUOUS
10
2.3139835433070868
20
-4.5326771653543307
11
2.3120633464566929
21
-4.5324880314960625
0
LINE
8
BLACK
6
CONTINUOUS
10
2.3120633464566929
20
-4.5324880314960625
11
2.3085153149606299
21
-4.5310183858267719
0
LINE
8
BLACK
6
CONTINUOUS
10
2.3085153149606299
20
-4.5310183858267719
11
2.3057998031496063
21
-4.5283028740157478
0
LINE
8
BLACK
6
CONTINUOUS
10
2.3057998031496063
20
-4.5283028740157478
11
2.3043301574803148
21
-4.5247548425196848
0
LINE
8
BLACK
6
CONTINUOUS
10
2.3043301574803148
20
-4.5247548425196848
11
2.3043301574803148
21
-4.5209144488188979
0
LINE
8
BLACK
6
CONTINUOUS
10
2.3043301574803148
20
-4.5209144488188979
11
2.3057998031496063
21
-4.5173664173228349
0
LINE
8
BLACK
6
CONTINUOUS
10
2.3057998031496063
20
-4.5173664173228349
11
2.3085153149606299
21
-4.5146509055118109
0
LINE
8
BLACK
6
CONTINUOUS
10
2.3085153149606299
20
-4.5146509055118109
11
2.3120633464566929
21
-4.5131812598425194
0
LINE
8
BLACK
6
CONTINUOUS
10
2.3120633464566929
20
-4.5131812598425194
11
2.3139835433070868
21
-4.512992125984252
0
LINE
8
BLACK
6
CONTINUOUS
10
2.3139835433070868
20
-4.512992125984252
11
2.3592591338582678
21
-4.512992125984252
0
LINE
8
BLACK
6
CONTINUOUS
10
2.3592591338582678
20
-4.512992125984252
11
2.3611793307086613
21
-4.5131812598425194
0
LINE
8
BLACK
6
CONTINUOUS
10
2.1769273622047245
20
-4.5131812598425194
11
2.1804753937007875
21
-4.5146509055118109
0
LINE
8
BLACK
6
CONTINUOUS
10
2.1804753937007875
20
-4.5146509055118109
11
2.1831909055118111
21
-4.5173664173228349
0
LINE
8
BLACK
6
CONTINUOUS
10
2.1831909055118111
20
-4.5173664173228349
11
2.1846605511811021
21
-4.5209144488188979
0
LINE
8
BLACK
6
CONTINUOUS
10
2.1846605511811021
20
-4.5209144488188979
11
2.1846605511811021
21
-4.5247548425196848
0
LINE
8
BLACK
6
CONTINUOUS
10
2.1846605511811021
20
-4.5247548425196848
11
2.1831909055118111
21
-4.5283028740157478
0
LINE
8
BLACK
6
CONTINUOUS
10
2.1831909055118111
20
-4.5283028740157478
11
2.1804753937007875
21
-4.5310183858267719
0
LINE
8
BLACK
6
CONTINUOUS
10
2.1804753937007875
20
-4.5310183858267719
11
2.1769273622047245
21
-4.5324880314960625
0
LINE
8
BLACK
6
CONTINUOUS
10
2.1769273622047245
20
-4.5324880314960625
11
2.1750071653543306
21
-4.5326771653543307
0
LINE
8
BLACK
6
CONTINUOUS
10
2.1750071653543306
20
-4.5326771653543307
11
2.1297315748031496
21
-4.5326771653543307
0
LINE
8
BLACK
6
CONTINUOUS
10
2.1297315748031496
20
-4.5326771653543307
11
2.1278113779527557
21
-4.5324880314960625
0
LINE
8
BLACK
6
CONTINUOUS
10
2.1278113779527557
20
-4.5324880314960625
11
2.1242633464566927
21
-4.5310183858267719
0
LINE
8
BLACK
6
CONTINUOUS
10
2.1242633464566927
20
-4.5310183858267719
11
2.1215478346456691
21
-4.5283028740157478
0
LINE
8
BLACK
6
CONTINUOUS
10
2.1215478346456691
20
-4.5283028740157478
11
2.120078188976378
21
-4.5247548425196848
0
LINE
8
BLACK
6
CONTINUOUS
10
2.120078188976378
20
-4.5247548425196848
11
2.120078188976378
21
-4.5209144488188979
0
LINE
8
BLACK
6
CONTINUOUS
10
2.120078188976378
20
-4.5209144488188979
11
2.1215478346456691
21
-4.5173664173228349
0
LINE
8
BLACK
6
CONTINUOUS
10
2.1215478346456691
20
-4.5173664173228349
11
2.1242633464566927
21
-4.5146509055118109
0
LINE
8
BLACK
6
CONTINUOUS
10
2.1242633464566927
20
-4.5146509055118109
11
2.1278113779527557
21
-4.5131812598425194
0
LINE
8
BLACK
6
CONTINUOUS
10
2.1278113779527557
20
-4.5131812598425194
11
2.1297315748031496
21
-4.512992125984252
0
LINE
8
BLACK
6
CONTINUOUS
10
2.1297315748031496
20
-4.512992125984252
11
2.1750071653543306
21
-4.512992125984252
0
LINE
8
BLACK
6
CONTINUOUS
10
2.1750071653543306
20
-4.512992125984252
11
2.1769273622047245
21
-4.5131812598425194
0
CIRCLE
8
BLACK
10
2.34015
20
-3.405574803149606
40
0.0068897637795276
0
CIRCLE
8
BLACK
10
2.34015
20
-3.7008503937007875
40
0.0068897637795276
0
LINE
8
BLACK
6
CONTINUOUS
10
2.3613615354330708
20
-3.3238741732283463
11
2.3649095669291338
21
-3.3253438188976379
0
LINE
8
BLACK
6
CONTINUOUS
10
2.3649095669291338
20
-3.3253438188976379
11
2.3676250787401574
21
-3.3280593307086614
0
LINE
8
BLACK
6
CONTINUOUS
10
2.3676250787401574
20
-3.3280593307086614
11
2.3690947244094489
21
-3.3316073622047244
0
LINE
8
BLACK
6
CONTINUOUS
10
2.3690947244094489
20
-3.3316073622047244
11
2.3690947244094489
21
-3.3354477559055118
0
LINE
8
BLACK
6
CONTINUOUS
10
2.3690947244094489
20
-3.3354477559055118
11
2.3676250787401574
21
-3.3389957874015748
0
LINE
8
BLACK
6
CONTINUOUS
10
2.3676250787401574
20
-3.3389957874015748
11
2.3649095669291338
21
-3.3417112992125984
0
LINE
8
BLACK
6
CONTINUOUS
10
2.3649095669291338
20
-3.3417112992125984
11
2.3613615354330708
21
-3.3431809448818899
0
LINE
8
BLACK
6
CONTINUOUS
10
2.3613615354330708
20
-3.3431809448818899
11
2.3594413385826769
21
-3.3433700787401572
0
LINE
8
BLACK
6
CONTINUOUS
10
2.3594413385826769
20
-3.3433700787401572
11
2.3141657480314959
21
-3.3433700787401572
0
LINE
8
BLACK
6
CONTINUOUS
10
2.3141657480314959
20
-3.3433700787401572
11
2.3122455511811024
21
-3.3431809448818899
0
LINE
8
BLACK
6
CONTINUOUS
10
2.3122455511811024
20
-3.3431809448818899
11
2.3086975196850394
21
-3.3417112992125984
0
LINE
8
BLACK
6
CONTINUOUS
10
2.3086975196850394
20
-3.3417112992125984
11
2.3059820078740159
21
-3.3389957874015748
0
LINE
8
BLACK
6
CONTINUOUS
10
2.3059820078740159
20
-3.3389957874015748
11
2.3045123622047243
21
-3.3354477559055118
0
LINE
8
BLACK
6
CONTINUOUS
10
2.3045123622047243
20
-3.3354477559055118
11
2.3045123622047243
21
-3.3316073622047244
0
LINE
8
BLACK
6
CONTINUOUS
10
2.3045123622047243
20
-3.3316073622047244
11
2.3059820078740159
21
-3.3280593307086614
0
LINE
8
BLACK
6
CONTINUOUS
10
2.3059820078740159
20
-3.3280593307086614
11
2.3086975196850394
21
-3.3253438188976379
0
LINE
8
BLACK
6
CONTINUOUS
10
2.3086975196850394
20
-3.3253438188976379
11
2.3122455511811024
21
-3.3238741732283463
0
LINE
8
BLACK
6
CONTINUOUS
10
2.3122455511811024
20
-3.3238741732283463
11
2.3141657480314959
21
-3.3236850393700785
0
LINE
8
BLACK
6
CONTINUOUS
10
2.3141657480314959
20
-3.3236850393700785
11
2.3594413385826769
21
-3.3236850393700785
0
LINE
8
BLACK
6
CONTINUOUS
10
2.3594413385826769
20
-3.3236850393700785
11
2.3613615354330708
21
-3.3238741732283463
0
LINE
8
BLACK
6
CONTINUOUS
10
2.1775032677165354
20
-3.3238741732283463
11
2.1810512992125983
21
-3.3253438188976379
0
LINE
8
BLACK
6
CONTINUOUS
10
2.1810512992125983
20
-3.3253438188976379
11
2.1837668110236219
21
-3.3280593307086614
0
LINE
8
BLACK
6
CONTINUOUS
10
2.1837668110236219
20
-3.3280593307086614
11
2.1852364566929134
21
-3.3316073622047244
0
LINE
8
BLACK
6
CONTINUOUS
10
2.1852364566929134
20
-3.3316073622047244
11
2.1852364566929134
21
-3.3354477559055118
0
LINE
8
BLACK
6
CONTINUOUS
10
2.1852364566929134
20
-3.3354477559055118
11
2.1837668110236219
21
-3.3389957874015748
0
LINE
8
BLACK
6
CONTINUOUS
10
2.1837668110236219
20
-3.3389957874015748
11
2.1810512992125983
21
-3.3417112992125984
0
LINE
8
BLACK
6
CONTINUOUS
10
2.1810512992125983
20
-3.3417112992125984
11
2.1775032677165354
21
-3.3431809448818899
0
LINE
8
BLACK
6
CONTINUOUS
10
2.1775032677165354
20
-3.3431809448818899
11
2.1755830708661419
21
-3.3433700787401572
0
LINE
8
BLACK
6
CONTINUOUS
10
2.1755830708661419
20
-3.3433700787401572
11
2.1303074803149604
21
-3.3433700787401572
0
LINE
8
BLACK
6
CONTINUOUS
10
2.1303074803149604
20
-3.3433700787401572
11
2.128387283464567
21
-3.3431809448818899
0
LINE
8
BLACK
6
CONTINUOUS
10
2.128387283464567
20
-3.3431809448818899
11
2.124839251968504
21
-3.3417112992125984
0
LINE
8
BLACK
6
CONTINUOUS
10
2.124839251968504
20
-3.3417112992125984
11
2.1221237401574804
21
-3.3389957874015748
0
LINE
8
BLACK
6
CONTINUOUS
10
2.1221237401574804
20
-3.3389957874015748
11
2.1206540944881889
21
-3.3354477559055118
0
LINE
8
BLACK
6
CONTINUOUS
10
2.1206540944881889
20
-3.3354477559055118
11
2.1206540944881889
21
-3.3316073622047244
0
LINE
8
BLACK
6
CONTINUOUS
10
2.1206540944881889
20
-3.3316073622047244
11
2.1221237401574804
21
-3.3280593307086614
0
LINE
8
BLACK
6
CONTINUOUS
10
2.1221237401574804
20
-3.3280593307086614
11
2.124839251968504
21
-3.3253438188976379
0
LINE
8
BLACK
6
CONTINUOUS
10
2.124839251968504
20
-3.3253438188976379
11
2.128387283464567
21
-3.3238741732283463
0
LINE
8
BLACK
6
CONTINUOUS
10
2.128387283464567
20
-3.3238741732283463
11
2.1303074803149604
21
-3.3236850393700785
0
LINE
8
BLACK
6
CONTINUOUS
10
2.1303074803149604
20
-3.3236850393700785
11
2.1755830708661419
21
-3.3236850393700785
0
LINE
8
BLACK
6
CONTINUOUS
10
2.1755830708661419
20
-3.3236850393700785
11
2.1775032677165354
21
-3.3238741732283463
0
LINE
8
BLACK
6
CONTINUOUS
10
2.3613615354330708
20
-3.7632442519685037
11
2.3649095669291338
21
-3.7647138976377952
0
LINE
8
BLACK
6
CONTINUOUS
10
2.3649095669291338
20
-3.7647138976377952
11
2.3676250787401574
21
-3.7674294094488188
0
LINE
8
BLACK
6
CONTINUOUS
10
2.3676250787401574
20
-3.7674294094488188
11
2.3690947244094489
21
-3.7709774409448817
0
LINE
8
BLACK
6
CONTINUOUS
10
2.3690947244094489
20
-3.7709774409448817
11
2.3690947244094489
21
-3.7748178346456691
0
LINE
8
BLACK
6
CONTINUOUS
10
2.3690947244094489
20
-3.7748178346456691
11
2.3676250787401574
21
-3.7783658661417321
0
LINE
8
BLACK
6
CONTINUOUS
10
2.3676250787401574
20
-3.7783658661417321
11
2.3649095669291338
21
-3.7810813779527557
0
LINE
8
BLACK
6
CONTINUOUS
10
2.3649095669291338
20
-3.7810813779527557
11
2.3613615354330708
21
-3.7825510236220472
0
LINE
8
BLACK
6
CONTINUOUS
10
2.3613615354330708
20
-3.7825510236220472
11
2.3594413385826769
21
-3.782740157480315
0
LINE
8
BLACK
6
CONTINUOUS
10
2.3594413385826769
20
-3.782740157480315
11
2.3141657480314959
21
-3.782740157480315
0
LINE
8
BLACK
6
CONTINUOUS
10
2.3141657480314959
20
-3.782740157480315
11
2.3122455511811024
21
-3.7825510236220472
0
LINE
8
BLACK
6
CONTINUOUS
10
2.3122455511811024
20
-3.7825510236220472
11
2.3086975196850394
21
-3.7810813779527557
0
LINE
8
BLACK
6
CONTINUOUS
10
2.3086975196850394
20
-3.7810813779527557
11
2.3059820078740159
21
-3.7783658661417321
0
LINE
8
BLACK
6
CONTINUOUS
10
2.3059820078740159
20
-3.7783658661417321
11
2.3045123622047243
21
-3.7748178346456691
0
LINE
8
BLACK
6
CONTINUOUS
10
2.3045123622047243
20
-3.7748178346456691
11
2.3045123622047243
21
-3.7709774409448817
0
LINE
8
BLACK
6
CONTINUOUS
10
2.3045123622047243
20
-3.7709774409448817
11
2.3059820078740159
21
-3.7674294094488188
0
LINE
8
BLACK
6
CONTINUOUS
10
2.3059820078740159
20
-3.7674294094488188
11
2.3086975196850394
21
-3.7647138976377952
0
LINE
8
BLACK
6
CONTINUOUS
10
2.3086975196850394
20
-3.7647138976377952
11
2.3122455511811024
21
-3.7632442519685037
0
LINE
8
BLACK
6
CONTINUOUS
10
2.3122455511811024
20
-3.7632442519685037
11
2.3141657480314959
21
-3.7630551181102363
0
LINE
8
BLACK
6
CONTINUOUS
10
2.3141657480314959
20
-3.7630551181102363
11
2.3594413385826769
21
-3.7630551181102363
0
LINE
8
BLACK
6
CONTINUOUS
10
2.3594413385826769
20
-3.7630551181102363
11
2.3613615354330708
21
-3.7632442519685037
0
LINE
8
BLACK
6
CONTINUOUS
10
2.1771095669291336
20
-3.7632442519685037
11
2.180657598425197
21
-3.7647138976377952
0
LINE
8
BLACK
6
CONTINUOUS
10
2.180657598425197
20
-3.7647138976377952
11
2.1833731102362206
21
-3.7674294094488188
0
LINE
8
BLACK
6
CONTINUOUS
10
2.1833731102362206
20
-3.7674294094488188
11
2.1848427559055117
21
-3.7709774409448817
0
LINE
8
BLACK
6
CONTINUOUS
10
2.1848427559055117
20
-3.7709774409448817
11
2.1848427559055117
21
-3.7748178346456691
0
LINE
8
BLACK
6
CONTINUOUS
10
2.1848427559055117
20
-3.7748178346456691
11
2.1833731102362206
21
-3.7783658661417321
0
LINE
8
BLACK
6
CONTINUOUS
10
2.1833731102362206
20
-3.7783658661417321
11
2.180657598425197
21
-3.7810813779527557
0
LINE
8
BLACK
6
CONTINUOUS
10
2.180657598425197
20
-3.7810813779527557
11
2.1771095669291336
21
-3.7825510236220472
0
LINE
8
BLACK
6
CONTINUOUS
10
2.1771095669291336
20
-3.7825510236220472
11
2.1751893700787401
21
-3.782740157480315
0
LINE
8
BLACK
6
CONTINUOUS
10
2.1751893700787401
20
-3.782740157480315
11
2.1299137795275591
21
-3.782740157480315
0
LINE
8
BLACK
6
CONTINUOUS
10
2.1299137795275591
20
-3.782740157480315
11
2.1279935826771652
21
-3.7825510236220472
0
LINE
8
BLACK
6
CONTINUOUS
10
2.1279935826771652
20
-3.7825510236220472
11
2.1244455511811022
21
-3.7810813779527557
0
LINE
8
BLACK
6
CONTINUOUS
10
2.1244455511811022
20
-3.7810813779527557
11
2.1217300393700786
21
-3.7783658661417321
0
LINE
8
BLACK
6
CONTINUOUS
10
2.1217300393700786
20
-3.7783658661417321
11
2.1202603937007876
21
-3.7748178346456691
0
LINE
8
BLACK
6
CONTINUOUS
10
2.1202603937007876
20
-3.7748178346456691
11
2.1202603937007876
21
-3.7709774409448817
0
LINE
8
BLACK
6
CONTINUOUS
10
2.1202603937007876
20
-3.7709774409448817
11
2.1217300393700786
21
-3.7674294094488188
0
LINE
8
BLACK
6
CONTINUOUS
10
2.1217300393700786
20
-3.7674294094488188
11
2.1244455511811022
21
-3.7647138976377952
0
LINE
8
BLACK
6
CONTINUOUS
10
2.1244455511811022
20
-3.7647138976377952
11
2.1279935826771652
21
-3.7632442519685037
0
LINE
8
BLACK
6
CONTINUOUS
10
2.1279935826771652
20
-3.7632442519685037
11
2.1299137795275591
21
-3.7630551181102363
0
LINE
8
BLACK
6
CONTINUOUS
10
2.1299137795275591
20
-3.7630551181102363
11
2.1751893700787401
21
-3.7630551181102363
0
LINE
8
BLACK
6
CONTINUOUS
10
2.1751893700787401
20
-3.7630551181102363
11
2.1771095669291336
21
-3.7632442519685037
0
CIRCLE
8
BLACK
10
4.3661417322834648
20
-4.6653543307086611
40
0.0068897637795276
0
CIRCLE
8
BLACK
10
4.2661417322834643
20
-4.6653543307086611
40
0.0068897637795276
0
CIRCLE
8
BLACK
10
4.1661417322834646
20
-4.6653543307086611
40
0.0068897637795276
0
CIRCLE
8
BLACK
10
4.0661417322834641
20
-4.6653543307086611
40
0.0068897637795276
0
CIRCLE
8
BLACK
10
3.9661417322834644
20
-4.6653543307086611
40
0.0068897637795276
0
CIRCLE
8
BLACK
10
3.8661417322834644
20
-4.6653543307086611
40
0.0068897637795276
0
CIRCLE
8
BLACK
10
3.7661417322834643
20
-4.6653543307086611
40
0.0068897637795276
0
CIRCLE
8
BLACK
10
3.6661417322834646
20
-4.6653543307086611
40
0.0068897637795276
0
CIRCLE
8
BLACK
10
3.5661417322834645
20
-4.6653543307086611
40
0.0068897637795276
0
CIRCLE
8
BLACK
10
3.4661417322834644
20
-4.6653543307086611
40
0.0068897637795276
0
CIRCLE
8
BLACK
10
3.3661417322834644
20
-4.6653543307086611
40
0.0068897637795276
0
CIRCLE
8
BLACK
10
3.6102362204724407
20
-4.5511811023622046
40
0.0068897637795276
0
CIRCLE
8
BLACK
10
3.276574803149606
20
-4.5196850393700787
40
0.0068897637795276
0
CIRCLE
8
BLACK
10
3.1765748031496064
20
-4.5196850393700787
40
0.0068897637795276
0
CIRCLE
8
BLACK
10
3.0765748031496063
20
-4.5196850393700787
40
0.0068897637795276
0
CIRCLE
8
BLACK
10
3.1968503937007875
20
-4.6653543307086611
40
0.0068897637795276
0
CIRCLE
8
BLACK
10
3.0968503937007874
20
-4.6653543307086611
40
0.0068897637795276
0
CIRCLE
8
BLACK
10
2.9968503937007873
20
-4.6653543307086611
40
0.0068897637795276
0
CIRCLE
8
BLACK
10
2.8968503937007872
20
-4.6653543307086611
40
0.0068897637795276
0
CIRCLE
8
BLACK
10
2.7968503937007871
20
-4.6653543307086611
40
0.0068897637795276
0
CIRCLE
8
BLACK
10
2.6968503937007875
20
-4.6653543307086611
40
0.0068897637795276
0
CIRCLE
8
BLACK
10
2.5968503937007874
20
-4.6653543307086611
40
0.0068897637795276
0
CIRCLE
8
BLACK
10
2.4968503937007873
20
-4.6653543307086611
40
0.0068897637795276
0
CIRCLE
8
BLACK
10
2.3968503937007872
20
-4.6653543307086611
40
0.0068897637795276
0
CIRCLE
8
BLACK
10
2.2968503937007871
20
-4.6653543307086611
40
0.0068897637795276
0
CIRCLE
8
BLACK
10
2.1968503937007875
20
-4.6653543307086611
40
0.0068897637795276
0
CIRCLE
8
BLACK
10
4.0394160236220475
20
-4.497047244094488
40
0.0068897637795276
0
CIRCLE
8
BLACK
10
4.0394160236220475
20
-4.4470472440944881
40
0.0068897637795276
0
CIRCLE
8
BLACK
10
4.0394160236220475
20
-4.3970472440944883
40
0.0068897637795276
0
CIRCLE
8
BLACK
10
4.0394160236220475
20
-4.3470472440944885
40
0.0068897637795276
0
CIRCLE
8
BLACK
10
4.0394160236220475
20
-4.2970472440944878
40
0.0068897637795276
0
CIRCLE
8
BLACK
10
4.0394160236220475
20
-4.247047244094488
40
0.0068897637795276
0
CIRCLE
8
BLACK
10
4.0394160236220475
20
-4.1970472440944881
40
0.0068897637795276
0
CIRCLE
8
BLACK
10
3.1968503937007875
20
-3.0708661417322833
40
0.0068897637795276
0
CIRCLE
8
BLACK
10
3.0968503937007874
20
-3.0708661417322833
40
0.0068897637795276
0
CIRCLE
8
BLACK
10
2.9968503937007873
20
-3.0708661417322833
40
0.0068897637795276
0
CIRCLE
8
BLACK
10
2.8968503937007872
20
-3.0708661417322833
40
0.0068897637795276
0
CIRCLE
8
BLACK
10
2.7968503937007871
20
-3.0708661417322833
40
0.0068897637795276
0
CIRCLE
8
BLACK
10
2.6968503937007875
20
-3.0708661417322833
40
0.0068897637795276
0
CIRCLE
8
BLACK
10
2.5968503937007874
20
-3.0708661417322833
40
0.0068897637795276
0
CIRCLE
8
BLACK
10
2.4968503937007873
20
-3.0708661417322833
40
0.0068897637795276
0
CIRCLE
8
BLACK
10
2.3968503937007872
20
-3.0708661417322833
40
0.0068897637795276
0
CIRCLE
8
BLACK
10
2.2968503937007871
20
-3.0708661417322833
40
0.0068897637795276
0
CIRCLE
8
BLACK
10
2.1968503937007875
20
-3.0708661417322833
40
0.0068897637795276
0
CIRCLE
8
BLACK
10
4.3582677165354333
20
-3.0708661417322833
40
0.0068897637795276
0
CIRCLE
8
BLACK
10
4.2582677165354328
20
-3.0708661417322833
40
0.0068897637795276
0
CIRCLE
8
BLACK
10
4.1582677165354331
20
-3.0708661417322833
40
0.0068897637795276
0
CIRCLE
8
BLACK
10
4.0582677165354326
20
-3.0708661417322833
40
0.0068897637795276
0
CIRCLE
8
BLACK
10
3.958267716535433
20
-3.0708661417322833
40
0.0068897637795276
0
CIRCLE
8
BLACK
10
3.8582677165354329
20
-3.0708661417322833
40
0.0068897637795276
0
CIRCLE
8
BLACK
10
3.7582677165354328
20
-3.0708661417322833
40
0.0068897637795276
0
CIRCLE
8
BLACK
10
3.6582677165354331
20
-3.0708661417322833
40
0.0068897637795276
0
CIRCLE
8
BLACK
10
3.5582677165354331
20
-3.0708661417322833
40
0.0068897637795276
0
CIRCLE
8
BLACK
10
3.458267716535433
20
-3.0708661417322833
40
0.0068897637795276
0
CIRCLE
8
BLACK
10
3.3582677165354329
20
-3.0708661417322833
40
0.0068897637795276
  0
ENDSEC
  0
EOF
