  0
SECTION
  2
HEADER
  9
$ANGBASE
  50
0.0
  9
$ANGDIR
  70
1
  9
$MEASUREMENT
  70
0
  0
ENDSEC
  0
SECTION
  2
TABLES
  0
TABLE
  2
LTYPE
  70
4
  0
LTYPE
  5
40F
  2
CONTINUOUS
  70
0
  3
Solid line
  72
65
  73
0
  40
0.0
  0
LTYPE
  5
410
  2
DASHDOT
 70
0
  3
Dash Dot ____ _ ____ _
 72
65
 73
4
 40
2.0
 49
1.25
 49
-0.25
 49
0.25
 49
-0.25
  0
LTYPE
  5
411
  2
DASHED
 70
0
  3
Dashed __ __ __ __ __
 72
65
 73
2
 40
0.75
 49
0.5
 49
-0.25
  0
LTYPE
  5
43B
  2
DOTTED
 70
0
  3
Dotted .  .  .  .
 72
65
 73
2
 40
0.2
 49
0.0
 49
-0.2
  0
ENDTAB
  0
TABLE
  2
STYLE
  70
4
  0
STYLE
  2
KICAD
  70
0
  40
0
  41
1
  42
1
  50
0
  71
0
  3
isocp.shx
  0
STYLE
  2
KICADB
  70
0
  40
0
  41
1
  42
1
  50
0
  71
0
  3
isocp.shx
  0
STYLE
  2
KICADI
  70
0
  40
0
  41
1
  42
1
  50
15
  71
0
  3
isocp.shx
  0
STYLE
  2
KICADBI
  70
0
  40
0
  41
1
  42
1
  50
15
  71
0
  3
isocp.shx
  0
ENDTAB
  0
TABLE
  2
LAYER
  70
1
  0
LAYER
  2
BLACK
  70
0
  62
7
  6
CONTINUOUS
  0
ENDTAB
  0
ENDSEC
  0
SECTION
  2
ENTITIES
0
LINE
8
BLACK
6
CONTINUOUS
10
3.268093188976378
20
-4.5935788582677164
11
3.2686258661417322
21
-4.594111535433071
0
LINE
8
BLACK
6
CONTINUOUS
10
3.2686258661417322
20
-4.594111535433071
11
3.2687007874015745
21
-4.5944881889763778
0
LINE
8
BLACK
6
CONTINUOUS
10
3.2687007874015745
20
-4.5944881889763778
11
3.2687007874015745
21
-4.7362204724409445
0
LINE
8
BLACK
6
CONTINUOUS
10
3.2687007874015745
20
-4.7362204724409445
11
3.2686258661417322
21
-4.7365971259842521
0
LINE
8
BLACK
6
CONTINUOUS
10
3.2686258661417322
20
-4.7365971259842521
11
3.268093188976378
21
-4.7371298031496059
0
LINE
8
BLACK
6
CONTINUOUS
10
3.268093188976378
20
-4.7371298031496059
11
3.2677165354330708
21
-4.7372047244094491
0
LINE
8
BLACK
6
CONTINUOUS
10
3.2677165354330708
20
-4.7372047244094491
11
2.1259842519685037
21
-4.7372047244094491
0
LINE
8
BLACK
6
CONTINUOUS
10
2.1259842519685037
20
-4.7372047244094491
11
2.125607598425197
21
-4.7371298031496059
0
LINE
8
BLACK
6
CONTINUOUS
10
2.125607598425197
20
-4.7371298031496059
11
2.1250749212598423
21
-4.7365971259842521
0
LINE
8
BLACK
6
CONTINUOUS
10
2.1250749212598423
20
-4.7365971259842521
11
2.125
21
-4.7362204724409445
0
LINE
8
BLACK
6
CONTINUOUS
10
2.125
20
-4.7362204724409445
11
2.125
21
-4.5944881889763778
0
LINE
8
BLACK
6
CONTINUOUS
10
2.125
20
-4.5944881889763778
11
2.1250749212598423
21
-4.594111535433071
0
LINE
8
BLACK
6
CONTINUOUS
10
2.1250749212598423
20
-4.594111535433071
11
2.125607598425197
21
-4.5935788582677164
0
LINE
8
BLACK
6
CONTINUOUS
10
2.125607598425197
20
-4.5935788582677164
11
2.1259842519685037
21
-4.5935039370078741
0
LINE
8
BLACK
6
CONTINUOUS
10
2.1259842519685037
20
-4.5935039370078741
11
3.2677165354330708
21
-4.5935039370078741
0
LINE
8
BLACK
6
CONTINUOUS
10
3.2677165354330708
20
-4.5935039370078741
11
3.268093188976378
21
-4.5935788582677164
0
LINE
8
BLACK
6
CONTINUOUS
10
2.1269685039370079
20
-4.5954724409448815
11
2.1269685039370079
21
-4.7352362204724407
0
LINE
8
BLACK
6
CONTINUOUS
10
2.1269685039370079
20
-4.7352362204724407
11
3.2667322834645667
21
-4.7352362204724407
0
LINE
8
BLACK
6
CONTINUOUS
10
3.2667322834645667
20
-4.7352362204724407
11
3.2667322834645667
21
-4.5954724409448815
0
LINE
8
BLACK
6
CONTINUOUS
10
3.2667322834645667
20
-4.5954724409448815
11
2.1269685039370079
21
-4.5954724409448815
0
LINE
8
BLACK
6
CONTINUOUS
10
4.4373845275590549
20
-4.5935788582677164
11
4.4379172047244095
21
-4.594111535433071
0
LINE
8
BLACK
6
CONTINUOUS
10
4.4379172047244095
20
-4.594111535433071
11
4.4379921259842519
21
-4.5944881889763778
0
LINE
8
BLACK
6
CONTINUOUS
10
4.4379921259842519
20
-4.5944881889763778
11
4.4379921259842519
21
-4.7362204724409445
0
LINE
8
BLACK
6
CONTINUOUS
10
4.4379921259842519
20
-4.7362204724409445
11
4.4379172047244095
21
-4.7365971259842521
0
LINE
8
BLACK
6
CONTINUOUS
10
4.4379172047244095
20
-4.7365971259842521
11
4.4373845275590549
21
-4.7371298031496059
0
LINE
8
BLACK
6
CONTINUOUS
10
4.4373845275590549
20
-4.7371298031496059
11
4.4370078740157481
21
-4.7372047244094491
0
LINE
8
BLACK
6
CONTINUOUS
10
4.4370078740157481
20
-4.7372047244094491
11
3.295275590551181
21
-4.7372047244094491
0
LINE
8
BLACK
6
CONTINUOUS
10
3.295275590551181
20
-4.7372047244094491
11
3.2948989370078738
21
-4.7371298031496059
0
LINE
8
BLACK
6
CONTINUOUS
10
3.2948989370078738
20
-4.7371298031496059
11
3.2943662598425196
21
-4.7365971259842521
0
LINE
8
BLACK
6
CONTINUOUS
10
3.2943662598425196
20
-4.7365971259842521
11
3.2942913385826773
21
-4.7362204724409445
0
LINE
8
BLACK
6
CONTINUOUS
10
3.2942913385826773
20
-4.7362204724409445
11
3.2942913385826773
21
-4.5944881889763778
0
LINE
8
BLACK
6
CONTINUOUS
10
3.2942913385826773
20
-4.5944881889763778
11
3.2943662598425196
21
-4.594111535433071
0
LINE
8
BLACK
6
CONTINUOUS
10
3.2943662598425196
20
-4.594111535433071
11
3.2948989370078738
21
-4.5935788582677164
0
LINE
8
BLACK
6
CONTINUOUS
10
3.2948989370078738
20
-4.5935788582677164
11
3.295275590551181
21
-4.5935039370078741
0
LINE
8
BLACK
6
CONTINUOUS
10
3.295275590551181
20
-4.5935039370078741
11
4.4370078740157481
21
-4.5935039370078741
0
LINE
8
BLACK
6
CONTINUOUS
10
4.4370078740157481
20
-4.5935039370078741
11
4.4373845275590549
21
-4.5935788582677164
0
LINE
8
BLACK
6
CONTINUOUS
10
3.2962598425196852
20
-4.5954724409448815
11
3.2962598425196852
21
-4.7352362204724407
0
LINE
8
BLACK
6
CONTINUOUS
10
3.2962598425196852
20
-4.7352362204724407
11
4.4360236220472444
21
-4.7352362204724407
0
LINE
8
BLACK
6
CONTINUOUS
10
4.4360236220472444
20
-4.7352362204724407
11
4.4360236220472444
21
-4.5954724409448815
0
LINE
8
BLACK
6
CONTINUOUS
10
4.4360236220472444
20
-4.5954724409448815
11
3.2962598425196852
21
-4.5954724409448815
0
LINE
8
BLACK
6
CONTINUOUS
10
3.347817598425197
20
-4.447909566929134
11
3.3483502755905512
21
-4.4484422440944877
0
LINE
8
BLACK
6
CONTINUOUS
10
3.3483502755905512
20
-4.4484422440944877
11
3.3484251968503935
21
-4.4488188976377954
0
LINE
8
BLACK
6
CONTINUOUS
10
3.3484251968503935
20
-4.4488188976377954
11
3.3484251968503935
21
-4.590551181102362
0
LINE
8
BLACK
6
CONTINUOUS
10
3.3484251968503935
20
-4.590551181102362
11
3.3483502755905512
21
-4.5909278346456688
0
LINE
8
BLACK
6
CONTINUOUS
10
3.3483502755905512
20
-4.5909278346456688
11
3.347817598425197
21
-4.5914605118110234
0
LINE
8
BLACK
6
CONTINUOUS
10
3.347817598425197
20
-4.5914605118110234
11
3.3474409448818898
21
-4.5915354330708658
0
LINE
8
BLACK
6
CONTINUOUS
10
3.3474409448818898
20
-4.5915354330708658
11
3.0068897637795273
21
-4.5915354330708658
0
LINE
8
BLACK
6
CONTINUOUS
10
3.0068897637795273
20
-4.5915354330708658
11
3.0065131102362206
21
-4.5914605118110234
0
LINE
8
BLACK
6
CONTINUOUS
10
3.0065131102362206
20
-4.5914605118110234
11
3.0059804330708659
21
-4.5909278346456688
0
LINE
8
BLACK
6
CONTINUOUS
10
3.0059804330708659
20
-4.5909278346456688
11
3.0059055118110236
21
-4.590551181102362
0
LINE
8
BLACK
6
CONTINUOUS
10
3.0059055118110236
20
-4.590551181102362
11
3.0059055118110236
21
-4.4488188976377954
0
LINE
8
BLACK
6
CONTINUOUS
10
3.0059055118110236
20
-4.4488188976377954
11
3.0059804330708659
21
-4.4484422440944877
0
LINE
8
BLACK
6
CONTINUOUS
10
3.0059804330708659
20
-4.4484422440944877
11
3.0065131102362206
21
-4.447909566929134
0
LINE
8
BLACK
6
CONTINUOUS
10
3.0065131102362206
20
-4.447909566929134
11
3.0068897637795273
21
-4.4478346456692917
0
LINE
8
BLACK
6
CONTINUOUS
10
3.0068897637795273
20
-4.4478346456692917
11
3.3474409448818898
21
-4.4478346456692917
0
LINE
8
BLACK
6
CONTINUOUS
10
3.3474409448818898
20
-4.4478346456692917
11
3.347817598425197
21
-4.447909566929134
0
LINE
8
BLACK
6
CONTINUOUS
10
3.0078740157480315
20
-4.4498031496062991
11
3.0078740157480315
21
-4.5895669291338583
0
LINE
8
BLACK
6
CONTINUOUS
10
3.0078740157480315
20
-4.5895669291338583
11
3.3464566929133857
21
-4.5895669291338583
0
LINE
8
BLACK
6
CONTINUOUS
10
3.3464566929133857
20
-4.5895669291338583
11
3.3464566929133857
21
-4.4498031496062991
0
LINE
8
BLACK
6
CONTINUOUS
10
3.3464566929133857
20
-4.4498031496062991
11
3.0078740157480315
21
-4.4498031496062991
0
LINE
8
BLACK
6
CONTINUOUS
10
3.655888464566929
20
-4.5109016929133858
11
3.6564211417322832
21
-4.5114343700787405
0
LINE
8
BLACK
6
CONTINUOUS
10
3.6564211417322832
20
-4.5114343700787405
11
3.6564960629921259
21
-4.5118110236220472
0
LINE
8
BLACK
6
CONTINUOUS
10
3.6564960629921259
20
-4.5118110236220472
11
3.6564960629921259
21
-4.590551181102362
0
LINE
8
BLACK
6
CONTINUOUS
10
3.6564960629921259
20
-4.590551181102362
11
3.6564211417322832
21
-4.5909278346456688
0
LINE
8
BLACK
6
CONTINUOUS
10
3.6564211417322832
20
-4.5909278346456688
11
3.655888464566929
21
-4.5914605118110234
0
LINE
8
BLACK
6
CONTINUOUS
10
3.655888464566929
20
-4.5914605118110234
11
3.6555118110236218
21
-4.5915354330708658
0
LINE
8
BLACK
6
CONTINUOUS
10
3.6555118110236218
20
-4.5915354330708658
11
3.5649606299212597
21
-4.5915354330708658
0
LINE
8
BLACK
6
CONTINUOUS
10
3.5649606299212597
20
-4.5915354330708658
11
3.5645839763779525
21
-4.5914605118110234
0
LINE
8
BLACK
6
CONTINUOUS
10
3.5645839763779525
20
-4.5914605118110234
11
3.5640512992125983
21
-4.5909278346456688
0
LINE
8
BLACK
6
CONTINUOUS
10
3.5640512992125983
20
-4.5909278346456688
11
3.563976377952756
21
-4.590551181102362
0
LINE
8
BLACK
6
CONTINUOUS
10
3.563976377952756
20
-4.590551181102362
11
3.563976377952756
21
-4.5118110236220472
0
LINE
8
BLACK
6
CONTINUOUS
10
3.563976377952756
20
-4.5118110236220472
11
3.5640512992125983
21
-4.5114343700787405
0
LINE
8
BLACK
6
CONTINUOUS
10
3.5640512992125983
20
-4.5114343700787405
11
3.5645839763779525
21
-4.5109016929133858
0
LINE
8
BLACK
6
CONTINUOUS
10
3.5645839763779525
20
-4.5109016929133858
11
3.5649606299212597
21
-4.5108267716535435
0
LINE
8
BLACK
6
CONTINUOUS
10
3.5649606299212597
20
-4.5108267716535435
11
3.6555118110236218
21
-4.5108267716535435
0
LINE
8
BLACK
6
CONTINUOUS
10
3.6555118110236218
20
-4.5108267716535435
11
3.655888464566929
21
-4.5109016929133858
0
LINE
8
BLACK
6
CONTINUOUS
10
3.5659448818897639
20
-4.5127952755905509
11
3.5659448818897639
21
-4.5895669291338583
0
LINE
8
BLACK
6
CONTINUOUS
10
3.5659448818897639
20
-4.5895669291338583
11
3.6545275590551181
21
-4.5895669291338583
0
LINE
8
BLACK
6
CONTINUOUS
10
3.6545275590551181
20
-4.5895669291338583
11
3.6545275590551181
21
-4.5127952755905509
0
LINE
8
BLACK
6
CONTINUOUS
10
3.6545275590551181
20
-4.5127952755905509
11
3.5659448818897639
21
-4.5127952755905509
0
LINE
8
BLACK
6
CONTINUOUS
10
3.4385656299212597
20
-4.472319015748031
11
3.4390983070866139
21
-4.4728516929133857
0
LINE
8
BLACK
6
CONTINUOUS
10
3.4390983070866139
20
-4.4728516929133857
11
3.4391732283464567
21
-4.4732283464566924
0
LINE
8
BLACK
6
CONTINUOUS
10
3.4391732283464567
20
-4.4732283464566924
11
3.4391732283464567
21
-4.5897637795275585
0
LINE
8
BLACK
6
CONTINUOUS
10
3.4391732283464567
20
-4.5897637795275585
11
3.4390983070866139
21
-4.5901404330708662
0
LINE
8
BLACK
6
CONTINUOUS
10
3.4390983070866139
20
-4.5901404330708662
11
3.4385656299212597
21
-4.5906731102362199
0
LINE
8
BLACK
6
CONTINUOUS
10
3.4385656299212597
20
-4.5906731102362199
11
3.4381889763779525
21
-4.5907480314960631
0
LINE
8
BLACK
6
CONTINUOUS
10
3.4381889763779525
20
-4.5907480314960631
11
3.380708661417323
21
-4.5907480314960631
0
LINE
8
BLACK
6
CONTINUOUS
10
3.380708661417323
20
-4.5907480314960631
11
3.3803320078740158
21
-4.5906731102362199
0
LINE
8
BLACK
6
CONTINUOUS
10
3.3803320078740158
20
-4.5906731102362199
11
3.3797993307086611
21
-4.5901404330708662
0
LINE
8
BLACK
6
CONTINUOUS
10
3.3797993307086611
20
-4.5901404330708662
11
3.3797244094488188
21
-4.5897637795275585
0
LINE
8
BLACK
6
CONTINUOUS
10
3.3797244094488188
20
-4.5897637795275585
11
3.3797244094488188
21
-4.4732283464566924
0
LINE
8
BLACK
6
CONTINUOUS
10
3.3797244094488188
20
-4.4732283464566924
11
3.3797993307086611
21
-4.4728516929133857
0
LINE
8
BLACK
6
CONTINUOUS
10
3.3797993307086611
20
-4.4728516929133857
11
3.3803320078740158
21
-4.472319015748031
0
LINE
8
BLACK
6
CONTINUOUS
10
3.3803320078740158
20
-4.472319015748031
11
3.380708661417323
21
-4.4722440944881887
0
LINE
8
BLACK
6
CONTINUOUS
10
3.380708661417323
20
-4.4722440944881887
11
3.4381889763779525
21
-4.4722440944881887
0
LINE
8
BLACK
6
CONTINUOUS
10
3.4381889763779525
20
-4.4722440944881887
11
3.4385656299212597
21
-4.472319015748031
0
LINE
8
BLACK
6
CONTINUOUS
10
3.3816929133858267
20
-4.474212598425197
11
3.3816929133858267
21
-4.5887795275590548
0
LINE
8
BLACK
6
CONTINUOUS
10
3.3816929133858267
20
-4.5887795275590548
11
3.4372047244094488
21
-4.5887795275590548
0
LINE
8
BLACK
6
CONTINUOUS
10
3.4372047244094488
20
-4.5887795275590548
11
3.4372047244094488
21
-4.474212598425197
0
LINE
8
BLACK
6
CONTINUOUS
10
3.4372047244094488
20
-4.474212598425197
11
3.3816929133858267
21
-4.474212598425197
0
LINE
8
BLACK
6
CONTINUOUS
10
3.5274622834645668
20
-4.5086274015748034
11
3.5347709448818896
21
-4.5116547637795277
0
LINE
8
BLACK
6
CONTINUOUS
10
3.5347709448818896
20
-4.5116547637795277
11
3.5413485433070866
21
-4.5160497637795274
0
LINE
8
BLACK
6
CONTINUOUS
10
3.5413485433070866
20
-4.5160497637795274
11
3.5469423622047245
21
-4.5216435826771653
0
LINE
8
BLACK
6
CONTINUOUS
10
3.5469423622047245
20
-4.5216435826771653
11
3.5513373622047242
21
-4.5282211811023618
0
LINE
8
BLACK
6
CONTINUOUS
10
3.5513373622047242
20
-4.5282211811023618
11
3.554364724409449
21
-4.5355298425196846
0
LINE
8
BLACK
6
CONTINUOUS
10
3.554364724409449
20
-4.5355298425196846
11
3.5559080314960627
21
-4.5432886614173231
0
LINE
8
BLACK
6
CONTINUOUS
10
3.5559080314960627
20
-4.5432886614173231
11
3.5559080314960627
21
-4.5511995275590547
0
LINE
8
BLACK
6
CONTINUOUS
10
3.5559080314960627
20
-4.5511995275590547
11
3.554364724409449
21
-4.5589583464566932
0
LINE
8
BLACK
6
CONTINUOUS
10
3.554364724409449
20
-4.5589583464566932
11
3.5513373622047242
21
-4.566267007874016
0
LINE
8
BLACK
6
CONTINUOUS
10
3.5513373622047242
20
-4.566267007874016
11
3.5469423622047245
21
-4.5728446062992125
0
LINE
8
BLACK
6
CONTINUOUS
10
3.5469423622047245
20
-4.5728446062992125
11
3.5413485433070866
21
-4.5784384251968504
0
LINE
8
BLACK
6
CONTINUOUS
10
3.5413485433070866
20
-4.5784384251968504
11
3.5347709448818896
21
-4.5828334251968501
0
LINE
8
BLACK
6
CONTINUOUS
10
3.5347709448818896
20
-4.5828334251968501
11
3.5274622834645668
21
-4.5858607874015744
0
LINE
8
BLACK
6
CONTINUOUS
10
3.5274622834645668
20
-4.5858607874015744
11
3.5197034645669292
21
-4.5874040944881891
0
LINE
8
BLACK
6
CONTINUOUS
10
3.5197034645669292
20
-4.5874040944881891
11
3.5117925984251968
21
-4.5874040944881891
0
LINE
8
BLACK
6
CONTINUOUS
10
3.5117925984251968
20
-4.5874040944881891
11
3.5040337795275591
21
-4.5858607874015744
0
LINE
8
BLACK
6
CONTINUOUS
10
3.5040337795275591
20
-4.5858607874015744
11
3.4967251181102363
21
-4.5828334251968501
0
LINE
8
BLACK
6
CONTINUOUS
10
3.4967251181102363
20
-4.5828334251968501
11
3.4901475196850393
21
-4.5784384251968504
0
LINE
8
BLACK
6
CONTINUOUS
10
3.4901475196850393
20
-4.5784384251968504
11
3.4845537007874015
21
-4.5728446062992125
0
LINE
8
BLACK
6
CONTINUOUS
10
3.4845537007874015
20
-4.5728446062992125
11
3.4801587007874013
21
-4.566267007874016
0
LINE
8
BLACK
6
CONTINUOUS
10
3.4801587007874013
20
-4.566267007874016
11
3.477131338582677
21
-4.5589583464566932
0
LINE
8
BLACK
6
CONTINUOUS
10
3.477131338582677
20
-4.5589583464566932
11
3.4755880314960628
21
-4.5511995275590547
0
LINE
8
BLACK
6
CONTINUOUS
10
3.4755880314960628
20
-4.5511995275590547
11
3.4755880314960628
21
-4.5434634251968502
0
LINE
8
BLACK
6
CONTINUOUS
10
3.4755880314960628
20
-4.5434634251968502
11
3.4755880314960628
21
-4.5432886614173231
0
LINE
8
BLACK
6
CONTINUOUS
10
3.4755880314960628
20
-4.5432886614173231
11
3.477131338582677
21
-4.5355298425196846
0
LINE
8
BLACK
6
CONTINUOUS
10
3.477131338582677
20
-4.5355298425196846
11
3.4801587007874013
21
-4.5282211811023618
0
LINE
8
BLACK
6
CONTINUOUS
10
3.4801587007874013
20
-4.5282211811023618
11
3.4845537007874015
21
-4.5216435826771653
0
LINE
8
BLACK
6
CONTINUOUS
10
3.4845537007874015
20
-4.5216435826771653
11
3.4901475196850393
21
-4.5160497637795274
0
LINE
8
BLACK
6
CONTINUOUS
10
3.4901475196850393
20
-4.5160497637795274
11
3.4967251181102363
21
-4.5116547637795277
0
LINE
8
BLACK
6
CONTINUOUS
10
3.4967251181102363
20
-4.5116547637795277
11
3.5040337795275591
21
-4.5086274015748034
0
LINE
8
BLACK
6
CONTINUOUS
10
3.5040337795275591
20
-4.5086274015748034
11
3.5117925984251968
21
-4.5070840944881887
0
LINE
8
BLACK
6
CONTINUOUS
10
3.5117925984251968
20
-4.5070840944881887
11
3.5197034645669292
21
-4.5070840944881887
0
LINE
8
BLACK
6
CONTINUOUS
10
3.5197034645669292
20
-4.5070840944881887
11
3.5274622834645668
21
-4.5086274015748034
0
LINE
8
BLACK
6
CONTINUOUS
10
3.4773622047244093
20
-4.5510247637795276
11
3.4788373228346456
21
-4.5584408267716539
0
LINE
8
BLACK
6
CONTINUOUS
10
3.4788373228346456
20
-4.5584408267716539
11
3.4817309448818898
21
-4.5654266141732283
0
LINE
8
BLACK
6
CONTINUOUS
10
3.4817309448818898
20
-4.5654266141732283
11
3.4859318110236219
21
-4.5717136614173226
0
LINE
8
BLACK
6
CONTINUOUS
10
3.4859318110236219
20
-4.5717136614173226
11
3.4912784645669293
21
-4.5770603149606295
0
LINE
8
BLACK
6
CONTINUOUS
10
3.4912784645669293
20
-4.5770603149606295
11
3.4975655118110236
21
-4.581261181102362
0
LINE
8
BLACK
6
CONTINUOUS
10
3.4975655118110236
20
-4.581261181102362
11
3.5045512992125984
21
-4.5841548031496062
0
LINE
8
BLACK
6
CONTINUOUS
10
3.5045512992125984
20
-4.5841548031496062
11
3.5119673622047243
21
-4.5856299212598426
0
LINE
8
BLACK
6
CONTINUOUS
10
3.5119673622047243
20
-4.5856299212598426
11
3.5195287007874017
21
-4.5856299212598426
0
LINE
8
BLACK
6
CONTINUOUS
10
3.5195287007874017
20
-4.5856299212598426
11
3.5269447637795275
21
-4.5841548031496062
0
LINE
8
BLACK
6
CONTINUOUS
10
3.5269447637795275
20
-4.5841548031496062
11
3.5339305511811023
21
-4.581261181102362
0
LINE
8
BLACK
6
CONTINUOUS
10
3.5339305511811023
20
-4.581261181102362
11
3.5402175984251967
21
-4.5770603149606295
0
LINE
8
BLACK
6
CONTINUOUS
10
3.5402175984251967
20
-4.5770603149606295
11
3.545564251968504
21
-4.5717136614173226
0
LINE
8
BLACK
6
CONTINUOUS
10
3.545564251968504
20
-4.5717136614173226
11
3.5497651181102361
21
-4.5654266141732283
0
LINE
8
BLACK
6
CONTINUOUS
10
3.5497651181102361
20
-4.5654266141732283
11
3.5526587401574803
21
-4.5584408267716539
0
LINE
8
BLACK
6
CONTINUOUS
10
3.5526587401574803
20
-4.5584408267716539
11
3.5541338582677167
21
-4.5510247637795276
0
LINE
8
BLACK
6
CONTINUOUS
10
3.5541338582677167
20
-4.5510247637795276
11
3.5541338582677167
21
-4.5434634251968502
0
LINE
8
BLACK
6
CONTINUOUS
10
3.5541338582677167
20
-4.5434634251968502
11
3.5526587401574803
21
-4.5360473622047239
0
LINE
8
BLACK
6
CONTINUOUS
10
3.5526587401574803
20
-4.5360473622047239
11
3.5497651181102361
21
-4.5290615748031495
0
LINE
8
BLACK
6
CONTINUOUS
10
3.5497651181102361
20
-4.5290615748031495
11
3.545564251968504
21
-4.5227745275590552
0
LINE
8
BLACK
6
CONTINUOUS
10
3.545564251968504
20
-4.5227745275590552
11
3.5402175984251967
21
-4.5174278740157483
0
LINE
8
BLACK
6
CONTINUOUS
10
3.5402175984251967
20
-4.5174278740157483
11
3.5339305511811023
21
-4.5132270078740158
0
LINE
8
BLACK
6
CONTINUOUS
10
3.5339305511811023
20
-4.5132270078740158
11
3.5269447637795275
21
-4.5103333858267716
0
LINE
8
BLACK
6
CONTINUOUS
10
3.5269447637795275
20
-4.5103333858267716
11
3.5195287007874017
21
-4.5088582677165352
0
LINE
8
BLACK
6
CONTINUOUS
10
3.5195287007874017
20
-4.5088582677165352
11
3.5119673622047243
21
-4.5088582677165352
0
LINE
8
BLACK
6
CONTINUOUS
10
3.5119673622047243
20
-4.5088582677165352
11
3.5045512992125984
21
-4.5103333858267716
0
LINE
8
BLACK
6
CONTINUOUS
10
3.5045512992125984
20
-4.5103333858267716
11
3.4975655118110236
21
-4.5132270078740158
0
LINE
8
BLACK
6
CONTINUOUS
10
3.4975655118110236
20
-4.5132270078740158
11
3.4912784645669293
21
-4.5174278740157483
0
LINE
8
BLACK
6
CONTINUOUS
10
3.4912784645669293
20
-4.5174278740157483
11
3.4859318110236219
21
-4.5227745275590552
0
LINE
8
BLACK
6
CONTINUOUS
10
3.4859318110236219
20
-4.5227745275590552
11
3.4817309448818898
21
-4.5290615748031495
0
LINE
8
BLACK
6
CONTINUOUS
10
3.4817309448818898
20
-4.5290615748031495
11
3.4788373228346456
21
-4.5360473622047239
0
LINE
8
BLACK
6
CONTINUOUS
10
3.4788373228346456
20
-4.5360473622047239
11
3.4773622047244093
21
-4.5434634251968502
0
LINE
8
BLACK
6
CONTINUOUS
10
3.4773622047244093
20
-4.5434634251968502
11
3.4773622047244093
21
-4.5510247637795276
0
LINE
8
BLACK
6
CONTINUOUS
10
4.4336364566929136
20
-4.4399316535433071
11
4.4347178740157478
21
-4.4403796062992127
0
LINE
8
BLACK
6
CONTINUOUS
10
4.4347178740157478
20
-4.4403796062992127
11
4.4355455905511807
21
-4.4412073228346456
0
LINE
8
BLACK
6
CONTINUOUS
10
4.4355455905511807
20
-4.4412073228346456
11
4.4359935433070863
21
-4.4422887401574807
0
LINE
8
BLACK
6
CONTINUOUS
10
4.4359935433070863
20
-4.4422887401574807
11
4.4360511811023624
21
-4.4428740157480311
0
LINE
8
BLACK
6
CONTINUOUS
10
4.4360511811023624
20
-4.4428740157480311
11
4.4360511811023624
21
-4.4531811023622048
0
LINE
8
BLACK
6
CONTINUOUS
10
4.4360511811023624
20
-4.4531811023622048
11
4.4530511811023619
21
-4.4531811023622048
0
LINE
8
BLACK
6
CONTINUOUS
10
4.4530511811023619
20
-4.4531811023622048
11
4.4536364566929132
21
-4.45323874015748
0
LINE
8
BLACK
6
CONTINUOUS
10
4.4536364566929132
20
-4.45323874015748
11
4.4547178740157483
21
-4.4536866929133856
0
LINE
8
BLACK
6
CONTINUOUS
10
4.4547178740157483
20
-4.4536866929133856
11
4.4555455905511812
21
-4.4545144094488185
0
LINE
8
BLACK
6
CONTINUOUS
10
4.4555455905511812
20
-4.4545144094488185
11
4.4559935433070867
21
-4.4555958267716536
0
LINE
8
BLACK
6
CONTINUOUS
10
4.4559935433070867
20
-4.4555958267716536
11
4.456051181102362
21
-4.4561811023622049
0
LINE
8
BLACK
6
CONTINUOUS
10
4.456051181102362
20
-4.4561811023622049
11
4.456051181102362
21
-4.5595669291338581
0
LINE
8
BLACK
6
CONTINUOUS
10
4.456051181102362
20
-4.5595669291338581
11
4.4559935433070867
21
-4.5601522047244094
0
LINE
8
BLACK
6
CONTINUOUS
10
4.4559935433070867
20
-4.5601522047244094
11
4.4555455905511812
21
-4.5612336220472436
0
LINE
8
BLACK
6
CONTINUOUS
10
4.4555455905511812
20
-4.5612336220472436
11
4.4547178740157483
21
-4.5620613385826774
0
LINE
8
BLACK
6
CONTINUOUS
10
4.4547178740157483
20
-4.5620613385826774
11
4.4536364566929132
21
-4.562509291338583
0
LINE
8
BLACK
6
CONTINUOUS
10
4.4536364566929132
20
-4.562509291338583
11
4.4530511811023619
21
-4.5625669291338582
0
LINE
8
BLACK
6
CONTINUOUS
10
4.4530511811023619
20
-4.5625669291338582
11
4.4360511811023624
21
-4.5625669291338582
0
LINE
8
BLACK
6
CONTINUOUS
10
4.4360511811023624
20
-4.5625669291338582
11
4.4360511811023624
21
-4.572874015748031
0
LINE
8
BLACK
6
CONTINUOUS
10
4.4360511811023624
20
-4.572874015748031
11
4.4359935433070863
21
-4.5734592913385823
0
LINE
8
BLACK
6
CONTINUOUS
10
4.4359935433070863
20
-4.5734592913385823
11
4.4355455905511807
21
-4.5745407086614174
0
LINE
8
BLACK
6
CONTINUOUS
10
4.4355455905511807
20
-4.5745407086614174
11
4.4347178740157478
21
-4.5753684251968503
0
LINE
8
BLACK
6
CONTINUOUS
10
4.4347178740157478
20
-4.5753684251968503
11
4.4336364566929136
21
-4.5758163779527559
0
LINE
8
BLACK
6
CONTINUOUS
10
4.4336364566929136
20
-4.5758163779527559
11
4.4330511811023623
21
-4.5758740157480311
0
LINE
8
BLACK
6
CONTINUOUS
10
4.4330511811023623
20
-4.5758740157480311
11
4.2480511811023618
21
-4.5758740157480311
0
LINE
8
BLACK
6
CONTINUOUS
10
4.2480511811023618
20
-4.5758740157480311
11
4.2474659055118114
21
-4.5758163779527559
0
LINE
8
BLACK
6
CONTINUOUS
10
4.2474659055118114
20
-4.5758163779527559
11
4.2463844881889763
21
-4.5753684251968503
0
LINE
8
BLACK
6
CONTINUOUS
10
4.2463844881889763
20
-4.5753684251968503
11
4.2455567716535434
21
-4.5745407086614174
0
LINE
8
BLACK
6
CONTINUOUS
10
4.2455567716535434
20
-4.5745407086614174
11
4.2451088188976378
21
-4.5734592913385823
0
LINE
8
BLACK
6
CONTINUOUS
10
4.2451088188976378
20
-4.5734592913385823
11
4.2450511811023617
21
-4.572874015748031
0
LINE
8
BLACK
6
CONTINUOUS
10
4.2450511811023617
20
-4.572874015748031
11
4.2450511811023617
21
-4.5625669291338582
0
LINE
8
BLACK
6
CONTINUOUS
10
4.2450511811023617
20
-4.5625669291338582
11
4.2280511811023622
21
-4.5625669291338582
0
LINE
8
BLACK
6
CONTINUOUS
10
4.2280511811023622
20
-4.5625669291338582
11
4.2274659055118109
21
-4.562509291338583
0
LINE
8
BLACK
6
CONTINUOUS
10
4.2274659055118109
20
-4.562509291338583
11
4.2263844881889767
21
-4.5620613385826774
0
LINE
8
BLACK
6
CONTINUOUS
10
4.2263844881889767
20
-4.5620613385826774
11
4.2255567716535429
21
-4.5612336220472436
0
LINE
8
BLACK
6
CONTINUOUS
10
4.2255567716535429
20
-4.5612336220472436
11
4.2251088188976373
21
-4.5601522047244094
0
LINE
8
BLACK
6
CONTINUOUS
10
4.2251088188976373
20
-4.5601522047244094
11
4.2250511811023621
21
-4.5595669291338581
0
LINE
8
BLACK
6
CONTINUOUS
10
4.2250511811023621
20
-4.5595669291338581
11
4.2250511811023621
21
-4.4561811023622049
0
LINE
8
BLACK
6
CONTINUOUS
10
4.2250511811023621
20
-4.4561811023622049
11
4.2251088188976373
21
-4.4555958267716536
0
LINE
8
BLACK
6
CONTINUOUS
10
4.2251088188976373
20
-4.4555958267716536
11
4.2255567716535429
21
-4.4545144094488185
0
LINE
8
BLACK
6
CONTINUOUS
10
4.2255567716535429
20
-4.4545144094488185
11
4.2263844881889767
21
-4.4536866929133856
0
LINE
8
BLACK
6
CONTINUOUS
10
4.2263844881889767
20
-4.4536866929133856
11
4.2274659055118109
21
-4.45323874015748
0
LINE
8
BLACK
6
CONTINUOUS
10
4.2274659055118109
20
-4.45323874015748
11
4.2280511811023622
21
-4.4531811023622048
0
LINE
8
BLACK
6
CONTINUOUS
10
4.2280511811023622
20
-4.4531811023622048
11
4.2450511811023617
21
-4.4531811023622048
0
LINE
8
BLACK
6
CONTINUOUS
10
4.2450511811023617
20
-4.4531811023622048
11
4.2450511811023617
21
-4.4428740157480311
0
LINE
8
BLACK
6
CONTINUOUS
10
4.2450511811023617
20
-4.4428740157480311
11
4.2451088188976378
21
-4.4422887401574807
0
LINE
8
BLACK
6
CONTINUOUS
10
4.2451088188976378
20
-4.4422887401574807
11
4.2455567716535434
21
-4.4412073228346456
0
LINE
8
BLACK
6
CONTINUOUS
10
4.2455567716535434
20
-4.4412073228346456
11
4.2463844881889763
21
-4.4403796062992127
0
LINE
8
BLACK
6
CONTINUOUS
10
4.2463844881889763
20
-4.4403796062992127
11
4.2474659055118114
21
-4.4399316535433071
0
LINE
8
BLACK
6
CONTINUOUS
10
4.2474659055118114
20
-4.4399316535433071
11
4.2480511811023618
21
-4.439874015748031
0
LINE
8
BLACK
6
CONTINUOUS
10
4.2480511811023618
20
-4.439874015748031
11
4.4330511811023623
21
-4.439874015748031
0
LINE
8
BLACK
6
CONTINUOUS
10
4.4330511811023623
20
-4.439874015748031
11
4.4336364566929136
21
-4.4399316535433071
0
LINE
8
BLACK
6
CONTINUOUS
10
4.2510511811023619
20
-4.4458740157480312
11
4.2510511811023619
21
-4.4561811023622049
0
LINE
8
BLACK
6
CONTINUOUS
10
4.2510511811023619
20
-4.4561811023622049
11
4.2509935433070867
21
-4.4567663779527562
0
LINE
8
BLACK
6
CONTINUOUS
10
4.2509935433070867
20
-4.4567663779527562
11
4.2505455905511811
21
-4.4578477952755904
0
LINE
8
BLACK
6
CONTINUOUS
10
4.2505455905511811
20
-4.4578477952755904
11
4.2497178740157482
21
-4.4586755118110233
0
LINE
8
BLACK
6
CONTINUOUS
10
4.2497178740157482
20
-4.4586755118110233
11
4.2486364566929131
21
-4.4591234645669289
0
LINE
8
BLACK
6
CONTINUOUS
10
4.2486364566929131
20
-4.4591234645669289
11
4.2480511811023618
21
-4.459181102362205
0
LINE
8
BLACK
6
CONTINUOUS
10
4.2480511811023618
20
-4.459181102362205
11
4.2310511811023623
21
-4.459181102362205
0
LINE
8
BLACK
6
CONTINUOUS
10
4.2310511811023623
20
-4.459181102362205
11
4.2310511811023623
21
-4.556566929133858
0
LINE
8
BLACK
6
CONTINUOUS
10
4.2310511811023623
20
-4.556566929133858
11
4.2480511811023618
21
-4.556566929133858
0
LINE
8
BLACK
6
CONTINUOUS
10
4.2480511811023618
20
-4.556566929133858
11
4.2486364566929131
21
-4.5566245669291341
0
LINE
8
BLACK
6
CONTINUOUS
10
4.2486364566929131
20
-4.5566245669291341
11
4.2497178740157482
21
-4.5570725196850397
0
LINE
8
BLACK
6
CONTINUOUS
10
4.2497178740157482
20
-4.5570725196850397
11
4.2505455905511811
21
-4.5579002362204726
0
LINE
8
BLACK
6
CONTINUOUS
10
4.2505455905511811
20
-4.5579002362204726
11
4.2509935433070867
21
-4.5589816535433068
0
LINE
8
BLACK
6
CONTINUOUS
10
4.2509935433070867
20
-4.5589816535433068
11
4.2510511811023619
21
-4.5595669291338581
0
LINE
8
BLACK
6
CONTINUOUS
10
4.2510511811023619
20
-4.5595669291338581
11
4.2510511811023619
21
-4.5698740157480318
0
LINE
8
BLACK
6
CONTINUOUS
10
4.2510511811023619
20
-4.5698740157480318
11
4.4300511811023622
21
-4.5698740157480318
0
LINE
8
BLACK
6
CONTINUOUS
10
4.4300511811023622
20
-4.5698740157480318
11
4.4300511811023622
21
-4.5595669291338581
0
LINE
8
BLACK
6
CONTINUOUS
10
4.4300511811023622
20
-4.5595669291338581
11
4.4301088188976374
21
-4.5589816535433068
0
LINE
8
BLACK
6
CONTINUOUS
10
4.4301088188976374
20
-4.5589816535433068
11
4.430556771653543
21
-4.5579002362204726
0
LINE
8
BLACK
6
CONTINUOUS
10
4.430556771653543
20
-4.5579002362204726
11
4.4313844881889759
21
-4.5570725196850397
0
LINE
8
BLACK
6
CONTINUOUS
10
4.4313844881889759
20
-4.5570725196850397
11
4.432465905511811
21
-4.5566245669291341
0
LINE
8
BLACK
6
CONTINUOUS
10
4.432465905511811
20
-4.5566245669291341
11
4.4330511811023623
21
-4.556566929133858
0
LINE
8
BLACK
6
CONTINUOUS
10
4.4330511811023623
20
-4.556566929133858
11
4.4500511811023618
21
-4.556566929133858
0
LINE
8
BLACK
6
CONTINUOUS
10
4.4500511811023618
20
-4.556566929133858
11
4.4500511811023618
21
-4.459181102362205
0
LINE
8
BLACK
6
CONTINUOUS
10
4.4500511811023618
20
-4.459181102362205
11
4.4330511811023623
21
-4.459181102362205
0
LINE
8
BLACK
6
CONTINUOUS
10
4.4330511811023623
20
-4.459181102362205
11
4.432465905511811
21
-4.4591234645669289
0
LINE
8
BLACK
6
CONTINUOUS
10
4.432465905511811
20
-4.4591234645669289
11
4.4313844881889759
21
-4.4586755118110233
0
LINE
8
BLACK
6
CONTINUOUS
10
4.4313844881889759
20
-4.4586755118110233
11
4.430556771653543
21
-4.4578477952755904
0
LINE
8
BLACK
6
CONTINUOUS
10
4.430556771653543
20
-4.4578477952755904
11
4.4301088188976374
21
-4.4567663779527562
0
LINE
8
BLACK
6
CONTINUOUS
10
4.4301088188976374
20
-4.4567663779527562
11
4.4300511811023622
21
-4.4561811023622049
0
LINE
8
BLACK
6
CONTINUOUS
10
4.4300511811023622
20
-4.4561811023622049
11
4.4300511811023622
21
-4.4458740157480312
0
LINE
8
BLACK
6
CONTINUOUS
10
4.4300511811023622
20
-4.4458740157480312
11
4.2510511811023619
21
-4.4458740157480312
0
LINE
8
BLACK
6
CONTINUOUS
10
4.1008162992125987
20
-4.1496812204724405
11
4.1013489763779525
21
-4.1502138976377951
0
LINE
8
BLACK
6
CONTINUOUS
10
4.1013489763779525
20
-4.1502138976377951
11
4.1014238976377948
21
-4.1505905511811019
0
LINE
8
BLACK
6
CONTINUOUS
10
4.1014238976377948
20
-4.1505905511811019
11
4.1014238976377948
21
-4.5423228346456694
0
LINE
8
BLACK
6
CONTINUOUS
10
4.1014238976377948
20
-4.5423228346456694
11
4.1013489763779525
21
-4.5426994881889762
0
LINE
8
BLACK
6
CONTINUOUS
10
4.1013489763779525
20
-4.5426994881889762
11
4.1008162992125987
21
-4.5432321653543308
0
LINE
8
BLACK
6
CONTINUOUS
10
4.1008162992125987
20
-4.5432321653543308
11
4.1004396456692911
21
-4.5433070866141732
0
LINE
8
BLACK
6
CONTINUOUS
10
4.1004396456692911
20
-4.5433070866141732
11
3.9783924015748031
21
-4.5433070866141732
0
LINE
8
BLACK
6
CONTINUOUS
10
3.9783924015748031
20
-4.5433070866141732
11
3.9780157480314959
21
-4.5432321653543308
0
LINE
8
BLACK
6
CONTINUOUS
10
3.9780157480314959
20
-4.5432321653543308
11
3.9774830708661417
21
-4.5426994881889762
0
LINE
8
BLACK
6
CONTINUOUS
10
3.9774830708661417
20
-4.5426994881889762
11
3.977408149606299
21
-4.5423228346456694
0
LINE
8
BLACK
6
CONTINUOUS
10
3.977408149606299
20
-4.5423228346456694
11
3.977408149606299
21
-4.1505905511811019
0
LINE
8
BLACK
6
CONTINUOUS
10
3.977408149606299
20
-4.1505905511811019
11
3.9774830708661417
21
-4.1502138976377951
0
LINE
8
BLACK
6
CONTINUOUS
10
3.9774830708661417
20
-4.1502138976377951
11
3.9780157480314959
21
-4.1496812204724405
0
LINE
8
BLACK
6
CONTINUOUS
10
3.9780157480314959
20
-4.1496812204724405
11
3.9783924015748031
21
-4.1496062992125982
0
LINE
8
BLACK
6
CONTINUOUS
10
3.9783924015748031
20
-4.1496062992125982
11
4.1004396456692911
21
-4.1496062992125982
0
LINE
8
BLACK
6
CONTINUOUS
10
4.1004396456692911
20
-4.1496062992125982
11
4.1008162992125987
21
-4.1496812204724405
0
LINE
8
BLACK
6
CONTINUOUS
10
3.9793766535433068
20
-4.1515748031496065
11
3.9793766535433068
21
-4.5413385826771648
0
LINE
8
BLACK
6
CONTINUOUS
10
3.9793766535433068
20
-4.5413385826771648
11
4.0994553937007874
21
-4.5413385826771648
0
LINE
8
BLACK
6
CONTINUOUS
10
4.0994553937007874
20
-4.5413385826771648
11
4.0994553937007874
21
-4.1515748031496065
0
LINE
8
BLACK
6
CONTINUOUS
10
4.0994553937007874
20
-4.1515748031496065
11
3.9793766535433068
21
-4.1515748031496065
0
LINE
8
BLACK
6
CONTINUOUS
10
3.7117939763779528
20
-4.4585394881889764
11
3.712326653543307
21
-4.459072165354331
0
LINE
8
BLACK
6
CONTINUOUS
10
3.712326653543307
20
-4.459072165354331
11
3.7124015748031494
21
-4.4594488188976378
0
LINE
8
BLACK
6
CONTINUOUS
10
3.7124015748031494
20
-4.4594488188976378
11
3.7124015748031494
21
-4.4616774015748026
0
LINE
8
BLACK
6
CONTINUOUS
10
3.7124015748031494
20
-4.4616774015748026
11
3.7136629527559055
21
-4.4604160236220469
0
LINE
8
BLACK
6
CONTINUOUS
10
3.7136629527559055
20
-4.4604160236220469
11
3.7145669291338583
21
-4.4602362204724413
0
LINE
8
BLACK
6
CONTINUOUS
10
3.7145669291338583
20
-4.4602362204724413
11
3.7539370078740157
21
-4.4602362204724413
0
LINE
8
BLACK
6
CONTINUOUS
10
3.7539370078740157
20
-4.4602362204724413
11
3.7548409842519685
21
-4.4604160236220469
0
LINE
8
BLACK
6
CONTINUOUS
10
3.7548409842519685
20
-4.4604160236220469
11
3.7561194094488188
21
-4.4616944488188972
0
LINE
8
BLACK
6
CONTINUOUS
10
3.7561194094488188
20
-4.4616944488188972
11
3.7562992125984249
21
-4.46259842519685
0
LINE
8
BLACK
6
CONTINUOUS
10
3.7562992125984249
20
-4.46259842519685
11
3.7562992125984249
21
-4.5374015748031491
0
LINE
8
BLACK
6
CONTINUOUS
10
3.7562992125984249
20
-4.5374015748031491
11
3.7561194094488188
21
-4.5383055511811019
0
LINE
8
BLACK
6
CONTINUOUS
10
3.7561194094488188
20
-4.5383055511811019
11
3.7548409842519685
21
-4.5395839763779531
0
LINE
8
BLACK
6
CONTINUOUS
10
3.7548409842519685
20
-4.5395839763779531
11
3.7539370078740157
21
-4.5397637795275587
0
LINE
8
BLACK
6
CONTINUOUS
10
3.7539370078740157
20
-4.5397637795275587
11
3.7145669291338583
21
-4.5397637795275587
0
LINE
8
BLACK
6
CONTINUOUS
10
3.7145669291338583
20
-4.5397637795275587
11
3.7136629527559055
21
-4.5395839763779531
0
LINE
8
BLACK
6
CONTINUOUS
10
3.7136629527559055
20
-4.5395839763779531
11
3.7123845275590552
21
-4.5383055511811019
0
LINE
8
BLACK
6
CONTINUOUS
10
3.7123845275590552
20
-4.5383055511811019
11
3.7122047244094487
21
-4.5374015748031491
0
LINE
8
BLACK
6
CONTINUOUS
10
3.7122047244094487
20
-4.5374015748031491
11
3.7122047244094487
21
-4.5331757480314963
0
LINE
8
BLACK
6
CONTINUOUS
10
3.7122047244094487
20
-4.5331757480314963
11
3.7117939763779528
21
-4.5335864960629921
0
LINE
8
BLACK
6
CONTINUOUS
10
3.7117939763779528
20
-4.5335864960629921
11
3.7114173228346456
21
-4.5336614173228345
0
LINE
8
BLACK
6
CONTINUOUS
10
3.7114173228346456
20
-4.5336614173228345
11
3.6744094488188974
21
-4.5336614173228345
0
LINE
8
BLACK
6
CONTINUOUS
10
3.6744094488188974
20
-4.5336614173228345
11
3.6740327952755907
21
-4.5335864960629921
0
LINE
8
BLACK
6
CONTINUOUS
10
3.6740327952755907
20
-4.5335864960629921
11
3.673500118110236
21
-4.5330538188976375
0
LINE
8
BLACK
6
CONTINUOUS
10
3.673500118110236
20
-4.5330538188976375
11
3.6734251968503937
21
-4.5326771653543307
0
LINE
8
BLACK
6
CONTINUOUS
10
3.6734251968503937
20
-4.5326771653543307
11
3.6734251968503937
21
-4.4594488188976378
0
LINE
8
BLACK
6
CONTINUOUS
10
3.6734251968503937
20
-4.4594488188976378
11
3.673500118110236
21
-4.459072165354331
0
LINE
8
BLACK
6
CONTINUOUS
10
3.673500118110236
20
-4.459072165354331
11
3.6740327952755907
21
-4.4585394881889764
0
LINE
8
BLACK
6
CONTINUOUS
10
3.6740327952755907
20
-4.4585394881889764
11
3.6744094488188974
21
-4.4584645669291341
0
LINE
8
BLACK
6
CONTINUOUS
10
3.6744094488188974
20
-4.4584645669291341
11
3.7114173228346456
21
-4.4584645669291341
0
LINE
8
BLACK
6
CONTINUOUS
10
3.7114173228346456
20
-4.4584645669291341
11
3.7117939763779528
21
-4.4585394881889764
0
LINE
8
BLACK
6
CONTINUOUS
10
3.7169291338582675
20
-4.4649606299212596
11
3.7169291338582675
21
-4.5350393700787404
0
LINE
8
BLACK
6
CONTINUOUS
10
3.7169291338582675
20
-4.5350393700787404
11
3.7515748031496061
21
-4.5350393700787404
0
LINE
8
BLACK
6
CONTINUOUS
10
3.7515748031496061
20
-4.5350393700787404
11
3.7515748031496061
21
-4.4649606299212596
0
LINE
8
BLACK
6
CONTINUOUS
10
3.7515748031496061
20
-4.4649606299212596
11
3.7169291338582675
21
-4.4649606299212596
0
LINE
8
BLACK
6
CONTINUOUS
10
3.6753937007874016
20
-4.4604330708661415
11
3.6753937007874016
21
-4.531692913385827
0
LINE
8
BLACK
6
CONTINUOUS
10
3.6753937007874016
20
-4.531692913385827
11
3.7104330708661415
21
-4.531692913385827
0
LINE
8
BLACK
6
CONTINUOUS
10
3.7104330708661415
20
-4.531692913385827
11
3.7104330708661415
21
-4.4604330708661415
0
LINE
8
BLACK
6
CONTINUOUS
10
3.7104330708661415
20
-4.4604330708661415
11
3.6753937007874016
21
-4.4604330708661415
0
LINE
8
BLACK
6
CONTINUOUS
10
4.4413215354330706
20
-3.1880670472440946
11
4.4418542125984253
21
-3.1885997244094488
0
LINE
8
BLACK
6
CONTINUOUS
10
4.4418542125984253
20
-3.1885997244094488
11
4.4419291338582676
21
-3.188976377952756
0
LINE
8
BLACK
6
CONTINUOUS
10
4.4419291338582676
20
-3.188976377952756
11
4.4419291338582676
21
-4.4311023622047241
0
LINE
8
BLACK
6
CONTINUOUS
10
4.4419291338582676
20
-4.4311023622047241
11
4.4418542125984253
21
-4.4314790157480317
0
LINE
8
BLACK
6
CONTINUOUS
10
4.4418542125984253
20
-4.4314790157480317
11
4.4413215354330706
21
-4.4320116929133855
0
LINE
8
BLACK
6
CONTINUOUS
10
4.4413215354330706
20
-4.4320116929133855
11
4.4409448818897639
21
-4.4320866141732287
0
LINE
8
BLACK
6
CONTINUOUS
10
4.4409448818897639
20
-4.4320866141732287
11
4.2992125984251963
21
-4.4320866141732287
0
LINE
8
BLACK
6
CONTINUOUS
10
4.2992125984251963
20
-4.4320866141732287
11
4.2988359448818896
21
-4.4320116929133855
0
LINE
8
BLACK
6
CONTINUOUS
10
4.2988359448818896
20
-4.4320116929133855
11
4.2983032677165349
21
-4.4314790157480317
0
LINE
8
BLACK
6
CONTINUOUS
10
4.2983032677165349
20
-4.4314790157480317
11
4.2982283464566926
21
-4.4311023622047241
0
LINE
8
BLACK
6
CONTINUOUS
10
4.2982283464566926
20
-4.4311023622047241
11
4.2982283464566926
21
-3.188976377952756
0
LINE
8
BLACK
6
CONTINUOUS
10
4.2982283464566926
20
-3.188976377952756
11
4.2983032677165349
21
-3.1885997244094488
0
LINE
8
BLACK
6
CONTINUOUS
10
4.2983032677165349
20
-3.1885997244094488
11
4.2988359448818896
21
-3.1880670472440946
0
LINE
8
BLACK
6
CONTINUOUS
10
4.2988359448818896
20
-3.1880670472440946
11
4.2992125984251963
21
-3.1879921259842519
0
LINE
8
BLACK
6
CONTINUOUS
10
4.2992125984251963
20
-3.1879921259842519
11
4.4409448818897639
21
-3.1879921259842519
0
LINE
8
BLACK
6
CONTINUOUS
10
4.4409448818897639
20
-3.1879921259842519
11
4.4413215354330706
21
-3.1880670472440946
0
LINE
8
BLACK
6
CONTINUOUS
10
4.3001968503937009
20
-3.1899606299212597
11
4.3001968503937009
21
-4.4301181102362204
0
LINE
8
BLACK
6
CONTINUOUS
10
4.3001968503937009
20
-4.4301181102362204
11
4.4399606299212602
21
-4.4301181102362204
0
LINE
8
BLACK
6
CONTINUOUS
10
4.4399606299212602
20
-4.4301181102362204
11
4.4399606299212602
21
-3.1899606299212597
0
LINE
8
BLACK
6
CONTINUOUS
10
4.4399606299212602
20
-3.1899606299212597
11
4.3001968503937009
21
-3.1899606299212597
0
LINE
8
BLACK
6
CONTINUOUS
10
3.8428963385826771
20
-4.251059173228346
11
3.8434290157480313
21
-4.2515918503937007
0
LINE
8
BLACK
6
CONTINUOUS
10
3.8434290157480313
20
-4.2515918503937007
11
3.8435039370078741
21
-4.2519685039370074
0
LINE
8
BLACK
6
CONTINUOUS
10
3.8435039370078741
20
-4.2519685039370074
11
3.8435039370078741
21
-4.4173228346456694
0
LINE
8
BLACK
6
CONTINUOUS
10
3.8435039370078741
20
-4.4173228346456694
11
3.8434290157480313
21
-4.4176994881889762
0
LINE
8
BLACK
6
CONTINUOUS
10
3.8434290157480313
20
-4.4176994881889762
11
3.8428963385826771
21
-4.4182321653543308
0
LINE
8
BLACK
6
CONTINUOUS
10
3.8428963385826771
20
-4.4182321653543308
11
3.8425196850393699
21
-4.4183070866141732
0
LINE
8
BLACK
6
CONTINUOUS
10
3.8425196850393699
20
-4.4183070866141732
11
3.6771653543307088
21
-4.4183070866141732
0
LINE
8
BLACK
6
CONTINUOUS
10
3.6771653543307088
20
-4.4183070866141732
11
3.6767887007874016
21
-4.4182321653543308
0
LINE
8
BLACK
6
CONTINUOUS
10
3.6767887007874016
20
-4.4182321653543308
11
3.676256023622047
21
-4.4176994881889762
0
LINE
8
BLACK
6
CONTINUOUS
10
3.676256023622047
20
-4.4176994881889762
11
3.6761811023622046
21
-4.4173228346456694
0
LINE
8
BLACK
6
CONTINUOUS
10
3.6761811023622046
20
-4.4173228346456694
11
3.6761811023622046
21
-4.2519685039370074
0
LINE
8
BLACK
6
CONTINUOUS
10
3.6761811023622046
20
-4.2519685039370074
11
3.676256023622047
21
-4.2515918503937007
0
LINE
8
BLACK
6
CONTINUOUS
10
3.676256023622047
20
-4.2515918503937007
11
3.6767887007874016
21
-4.251059173228346
0
LINE
8
BLACK
6
CONTINUOUS
10
3.6767887007874016
20
-4.251059173228346
11
3.6771653543307088
21
-4.2509842519685037
0
LINE
8
BLACK
6
CONTINUOUS
10
3.6771653543307088
20
-4.2509842519685037
11
3.8425196850393699
21
-4.2509842519685037
0
LINE
8
BLACK
6
CONTINUOUS
10
3.8425196850393699
20
-4.2509842519685037
11
3.8428963385826771
21
-4.251059173228346
0
LINE
8
BLACK
6
CONTINUOUS
10
3.6781496062992125
20
-4.252952755905512
11
3.6781496062992125
21
-4.4163385826771648
0
LINE
8
BLACK
6
CONTINUOUS
10
3.6781496062992125
20
-4.4163385826771648
11
3.8415354330708662
21
-4.4163385826771648
0
LINE
8
BLACK
6
CONTINUOUS
10
3.8415354330708662
20
-4.4163385826771648
11
3.8415354330708662
21
-4.252952755905512
0
LINE
8
BLACK
6
CONTINUOUS
10
3.8415354330708662
20
-4.252952755905512
11
3.6781496062992125
21
-4.252952755905512
0
LINE
8
BLACK
6
CONTINUOUS
10
3.4035262598425198
20
-4.1643465748031492
11
3.404058937007874
21
-4.1648792519685038
0
LINE
8
BLACK
6
CONTINUOUS
10
3.404058937007874
20
-4.1648792519685038
11
3.4041338582677163
21
-4.1652559055118106
0
LINE
8
BLACK
6
CONTINUOUS
10
3.4041338582677163
20
-4.1652559055118106
11
3.4041338582677163
21
-4.4172244094488189
0
LINE
8
BLACK
6
CONTINUOUS
10
3.4041338582677163
20
-4.4172244094488189
11
3.404058937007874
21
-4.4176010629921256
0
LINE
8
BLACK
6
CONTINUOUS
10
3.404058937007874
20
-4.4176010629921256
11
3.4035262598425198
21
-4.4181337401574803
0
LINE
8
BLACK
6
CONTINUOUS
10
3.4035262598425198
20
-4.4181337401574803
11
3.4031496062992126
21
-4.4182086614173226
0
LINE
8
BLACK
6
CONTINUOUS
10
3.4031496062992126
20
-4.4182086614173226
11
3.237795275590551
21
-4.4182086614173226
0
LINE
8
BLACK
6
CONTINUOUS
10
3.237795275590551
20
-4.4182086614173226
11
3.2374186220472438
21
-4.4181337401574803
0
LINE
8
BLACK
6
CONTINUOUS
10
3.2374186220472438
20
-4.4181337401574803
11
3.2368859448818896
21
-4.4176010629921256
0
LINE
8
BLACK
6
CONTINUOUS
10
3.2368859448818896
20
-4.4176010629921256
11
3.2368110236220473
21
-4.4172244094488189
0
LINE
8
BLACK
6
CONTINUOUS
10
3.2368110236220473
20
-4.4172244094488189
11
3.2368110236220473
21
-4.1652559055118106
0
LINE
8
BLACK
6
CONTINUOUS
10
3.2368110236220473
20
-4.1652559055118106
11
3.2368859448818896
21
-4.1648792519685038
0
LINE
8
BLACK
6
CONTINUOUS
10
3.2368859448818896
20
-4.1648792519685038
11
3.2374186220472438
21
-4.1643465748031492
0
LINE
8
BLACK
6
CONTINUOUS
10
3.2374186220472438
20
-4.1643465748031492
11
3.237795275590551
21
-4.1642716535433069
0
LINE
8
BLACK
6
CONTINUOUS
10
3.237795275590551
20
-4.1642716535433069
11
3.4031496062992126
21
-4.1642716535433069
0
LINE
8
BLACK
6
CONTINUOUS
10
3.4031496062992126
20
-4.1642716535433069
11
3.4035262598425198
21
-4.1643465748031492
0
LINE
8
BLACK
6
CONTINUOUS
10
3.2387795275590552
20
-4.1662401574803152
11
3.2387795275590552
21
-4.4162401574803152
0
LINE
8
BLACK
6
CONTINUOUS
10
3.2387795275590552
20
-4.4162401574803152
11
3.4021653543307084
21
-4.4162401574803152
0
LINE
8
BLACK
6
CONTINUOUS
10
3.4021653543307084
20
-4.4162401574803152
11
3.4021653543307084
21
-4.1662401574803152
0
LINE
8
BLACK
6
CONTINUOUS
10
3.4021653543307084
20
-4.1662401574803152
11
3.2387795275590552
21
-4.1662401574803152
0
LINE
8
BLACK
6
CONTINUOUS
10
2.6728247637795275
20
-4.3522402755905514
11
2.6733574409448817
21
-4.3527729527559051
0
LINE
8
BLACK
6
CONTINUOUS
10
2.6733574409448817
20
-4.3527729527559051
11
2.6734323622047245
21
-4.3531496062992128
0
LINE
8
BLACK
6
CONTINUOUS
10
2.6734323622047245
20
-4.3531496062992128
11
2.6734323622047245
21
-4.4106299212598428
0
LINE
8
BLACK
6
CONTINUOUS
10
2.6734323622047245
20
-4.4106299212598428
11
2.6733574409448817
21
-4.4110065748031495
0
LINE
8
BLACK
6
CONTINUOUS
10
2.6733574409448817
20
-4.4110065748031495
11
2.6728247637795275
21
-4.4115392519685042
0
LINE
8
BLACK
6
CONTINUOUS
10
2.6728247637795275
20
-4.4115392519685042
11
2.6724481102362203
21
-4.4116141732283465
0
LINE
8
BLACK
6
CONTINUOUS
10
2.6724481102362203
20
-4.4116141732283465
11
2.5559126771653542
21
-4.4116141732283465
0
LINE
8
BLACK
6
CONTINUOUS
10
2.5559126771653542
20
-4.4116141732283465
11
2.555536023622047
21
-4.4115392519685042
0
LINE
8
BLACK
6
CONTINUOUS
10
2.555536023622047
20
-4.4115392519685042
11
2.5550033464566928
21
-4.4110065748031495
0
LINE
8
BLACK
6
CONTINUOUS
10
2.5550033464566928
20
-4.4110065748031495
11
2.5549284251968505
21
-4.4106299212598428
0
LINE
8
BLACK
6
CONTINUOUS
10
2.5549284251968505
20
-4.4106299212598428
11
2.5549284251968505
21
-4.3531496062992128
0
LINE
8
BLACK
6
CONTINUOUS
10
2.5549284251968505
20
-4.3531496062992128
11
2.5550033464566928
21
-4.3527729527559051
0
LINE
8
BLACK
6
CONTINUOUS
10
2.5550033464566928
20
-4.3527729527559051
11
2.555536023622047
21
-4.3522402755905514
0
LINE
8
BLACK
6
CONTINUOUS
10
2.555536023622047
20
-4.3522402755905514
11
2.5559126771653542
21
-4.3521653543307082
0
LINE
8
BLACK
6
CONTINUOUS
10
2.5559126771653542
20
-4.3521653543307082
11
2.6724481102362203
21
-4.3521653543307082
0
LINE
8
BLACK
6
CONTINUOUS
10
2.6724481102362203
20
-4.3521653543307082
11
2.6728247637795275
21
-4.3522402755905514
0
LINE
8
BLACK
6
CONTINUOUS
10
2.5568969291338584
20
-4.3541338582677165
11
2.5568969291338584
21
-4.4096456692913382
0
LINE
8
BLACK
6
CONTINUOUS
10
2.5568969291338584
20
-4.4096456692913382
11
2.6714638582677166
21
-4.4096456692913382
0
LINE
8
BLACK
6
CONTINUOUS
10
2.6714638582677166
20
-4.4096456692913382
11
2.6714638582677166
21
-4.3541338582677165
0
LINE
8
BLACK
6
CONTINUOUS
10
2.6714638582677166
20
-4.3541338582677165
11
2.5568969291338584
21
-4.3541338582677165
0
LINE
8
BLACK
6
CONTINUOUS
10
3.5781138582677166
20
-4.3190958267716537
11
3.5786465354330708
21
-4.3196285039370075
0
LINE
8
BLACK
6
CONTINUOUS
10
3.5786465354330708
20
-4.3196285039370075
11
3.5787214566929131
21
-4.3200051574803151
0
LINE
8
BLACK
6
CONTINUOUS
10
3.5787214566929131
20
-4.3200051574803151
11
3.5787214566929131
21
-4.3948083070866142
0
LINE
8
BLACK
6
CONTINUOUS
10
3.5787214566929131
20
-4.3948083070866142
11
3.5786465354330708
21
-4.3951849606299209
0
LINE
8
BLACK
6
CONTINUOUS
10
3.5786465354330708
20
-4.3951849606299209
11
3.5781138582677166
21
-4.3957176377952756
0
LINE
8
BLACK
6
CONTINUOUS
10
3.5781138582677166
20
-4.3957176377952756
11
3.5777372047244094
21
-4.3957925590551179
0
LINE
8
BLACK
6
CONTINUOUS
10
3.5777372047244094
20
-4.3957925590551179
11
3.4454537401574803
21
-4.3957925590551179
0
LINE
8
BLACK
6
CONTINUOUS
10
3.4454537401574803
20
-4.3957925590551179
11
3.4450770866141731
21
-4.3957176377952756
0
LINE
8
BLACK
6
CONTINUOUS
10
3.4450770866141731
20
-4.3957176377952756
11
3.4445444094488189
21
-4.3951849606299209
0
LINE
8
BLACK
6
CONTINUOUS
10
3.4445444094488189
20
-4.3951849606299209
11
3.4444694881889761
21
-4.3948083070866142
0
LINE
8
BLACK
6
CONTINUOUS
10
3.4444694881889761
20
-4.3948083070866142
11
3.4444694881889761
21
-4.3200051574803151
0
LINE
8
BLACK
6
CONTINUOUS
10
3.4444694881889761
20
-4.3200051574803151
11
3.4445444094488189
21
-4.3196285039370075
0
LINE
8
BLACK
6
CONTINUOUS
10
3.4445444094488189
20
-4.3196285039370075
11
3.4450770866141731
21
-4.3190958267716537
0
LINE
8
BLACK
6
CONTINUOUS
10
3.4450770866141731
20
-4.3190958267716537
11
3.4454537401574803
21
-4.3190209055118105
0
LINE
8
BLACK
6
CONTINUOUS
10
3.4454537401574803
20
-4.3190209055118105
11
3.5777372047244094
21
-4.3190209055118105
0
LINE
8
BLACK
6
CONTINUOUS
10
3.5777372047244094
20
-4.3190209055118105
11
3.5781138582677166
21
-4.3190958267716537
0
LINE
8
BLACK
6
CONTINUOUS
10
3.446437992125984
20
-4.3209894094488188
11
3.446437992125984
21
-4.3938240551181105
0
LINE
8
BLACK
6
CONTINUOUS
10
3.446437992125984
20
-4.3938240551181105
11
3.5767529527559052
21
-4.3938240551181105
0
LINE
8
BLACK
6
CONTINUOUS
10
3.5767529527559052
20
-4.3938240551181105
11
3.5767529527559052
21
-4.3209894094488188
0
LINE
8
BLACK
6
CONTINUOUS
10
3.5767529527559052
20
-4.3209894094488188
11
3.446437992125984
21
-4.3209894094488188
0
LINE
8
BLACK
6
CONTINUOUS
10
2.8649507480314962
20
-4.2530276771653543
11
2.8654834251968504
21
-4.253560354330709
0
LINE
8
BLACK
6
CONTINUOUS
10
2.8654834251968504
20
-4.253560354330709
11
2.8655583464566927
21
-4.2539370078740157
0
LINE
8
BLACK
6
CONTINUOUS
10
2.8655583464566927
20
-4.2539370078740157
11
2.8655583464566927
21
-4.3917322834645667
0
LINE
8
BLACK
6
CONTINUOUS
10
2.8655583464566927
20
-4.3917322834645667
11
2.8654834251968504
21
-4.3921089370078743
0
LINE
8
BLACK
6
CONTINUOUS
10
2.8654834251968504
20
-4.3921089370078743
11
2.8649507480314962
21
-4.3926416141732281
0
LINE
8
BLACK
6
CONTINUOUS
10
2.8649507480314962
20
-4.3926416141732281
11
2.864574094488189
21
-4.3927165354330704
0
LINE
8
BLACK
6
CONTINUOUS
10
2.864574094488189
20
-4.3927165354330704
11
2.7031567716535432
21
-4.3927165354330704
0
LINE
8
BLACK
6
CONTINUOUS
10
2.7031567716535432
20
-4.3927165354330704
11
2.702780118110236
21
-4.3926416141732281
0
LINE
8
BLACK
6
CONTINUOUS
10
2.702780118110236
20
-4.3926416141732281
11
2.7022474409448818
21
-4.3921089370078743
0
LINE
8
BLACK
6
CONTINUOUS
10
2.7022474409448818
20
-4.3921089370078743
11
2.7021725196850395
21
-4.3917322834645667
0
LINE
8
BLACK
6
CONTINUOUS
10
2.7021725196850395
20
-4.3917322834645667
11
2.7021725196850395
21
-4.2539370078740157
0
LINE
8
BLACK
6
CONTINUOUS
10
2.7021725196850395
20
-4.2539370078740157
11
2.7022474409448818
21
-4.253560354330709
0
LINE
8
BLACK
6
CONTINUOUS
10
2.7022474409448818
20
-4.253560354330709
11
2.702780118110236
21
-4.2530276771653543
0
LINE
8
BLACK
6
CONTINUOUS
10
2.702780118110236
20
-4.2530276771653543
11
2.7031567716535432
21
-4.252952755905512
0
LINE
8
BLACK
6
CONTINUOUS
10
2.7031567716535432
20
-4.252952755905512
11
2.864574094488189
21
-4.252952755905512
0
LINE
8
BLACK
6
CONTINUOUS
10
2.864574094488189
20
-4.252952755905512
11
2.8649507480314962
21
-4.2530276771653543
0
LINE
8
BLACK
6
CONTINUOUS
10
2.7041410236220473
20
-4.2549212598425195
11
2.7041410236220473
21
-4.390748031496063
0
LINE
8
BLACK
6
CONTINUOUS
10
2.7041410236220473
20
-4.390748031496063
11
2.8635898425196848
21
-4.390748031496063
0
LINE
8
BLACK
6
CONTINUOUS
10
2.8635898425196848
20
-4.390748031496063
11
2.8635898425196848
21
-4.2549212598425195
0
LINE
8
BLACK
6
CONTINUOUS
10
2.8635898425196848
20
-4.2549212598425195
11
2.7041410236220473
21
-4.2549212598425195
0
LINE
8
BLACK
6
CONTINUOUS
10
3.56256937007874
20
-4.2562775590551176
11
3.5631020472440946
21
-4.2568102362204723
0
LINE
8
BLACK
6
CONTINUOUS
10
3.5631020472440946
20
-4.2568102362204723
11
3.5631769685039369
21
-4.257186889763779
0
LINE
8
BLACK
6
CONTINUOUS
10
3.5631769685039369
20
-4.257186889763779
11
3.5631769685039369
21
-4.314667204724409
0
LINE
8
BLACK
6
CONTINUOUS
10
3.5631769685039369
20
-4.314667204724409
11
3.5631020472440946
21
-4.3150438582677166
0
LINE
8
BLACK
6
CONTINUOUS
10
3.5631020472440946
20
-4.3150438582677166
11
3.56256937007874
21
-4.3155765354330704
0
LINE
8
BLACK
6
CONTINUOUS
10
3.56256937007874
20
-4.3155765354330704
11
3.5621927165354328
21
-4.3156514566929136
0
LINE
8
BLACK
6
CONTINUOUS
10
3.5621927165354328
20
-4.3156514566929136
11
3.4456572834645667
21
-4.3156514566929136
0
LINE
8
BLACK
6
CONTINUOUS
10
3.4456572834645667
20
-4.3156514566929136
11
3.4452806299212599
21
-4.3155765354330704
0
LINE
8
BLACK
6
CONTINUOUS
10
3.4452806299212599
20
-4.3155765354330704
11
3.4447479527559053
21
-4.3150438582677166
0
LINE
8
BLACK
6
CONTINUOUS
10
3.4447479527559053
20
-4.3150438582677166
11
3.444673031496063
21
-4.314667204724409
0
LINE
8
BLACK
6
CONTINUOUS
10
3.444673031496063
20
-4.314667204724409
11
3.444673031496063
21
-4.257186889763779
0
LINE
8
BLACK
6
CONTINUOUS
10
3.444673031496063
20
-4.257186889763779
11
3.4447479527559053
21
-4.2568102362204723
0
LINE
8
BLACK
6
CONTINUOUS
10
3.4447479527559053
20
-4.2568102362204723
11
3.4452806299212599
21
-4.2562775590551176
0
LINE
8
BLACK
6
CONTINUOUS
10
3.4452806299212599
20
-4.2562775590551176
11
3.4456572834645667
21
-4.2562026377952753
0
LINE
8
BLACK
6
CONTINUOUS
10
3.4456572834645667
20
-4.2562026377952753
11
3.5621927165354328
21
-4.2562026377952753
0
LINE
8
BLACK
6
CONTINUOUS
10
3.5621927165354328
20
-4.2562026377952753
11
3.56256937007874
21
-4.2562775590551176
0
LINE
8
BLACK
6
CONTINUOUS
10
3.4466415354330708
20
-4.2581711417322836
11
3.4466415354330708
21
-4.3136829527559053
0
LINE
8
BLACK
6
CONTINUOUS
10
3.4466415354330708
20
-4.3136829527559053
11
3.5612084645669291
21
-4.3136829527559053
0
LINE
8
BLACK
6
CONTINUOUS
10
3.5612084645669291
20
-4.3136829527559053
11
3.5612084645669291
21
-4.2581711417322836
0
LINE
8
BLACK
6
CONTINUOUS
10
3.5612084645669291
20
-4.2581711417322836
11
3.4466415354330708
21
-4.2581711417322836
0
LINE
8
BLACK
6
CONTINUOUS
10
3.2180931889763777
20
-4.1927914566929134
11
3.2186258661417324
21
-4.1933241338582672
0
LINE
8
BLACK
6
CONTINUOUS
10
3.2186258661417324
20
-4.1933241338582672
11
3.2187007874015747
21
-4.1937007874015748
0
LINE
8
BLACK
6
CONTINUOUS
10
3.2187007874015747
20
-4.1937007874015748
11
3.2187007874015747
21
-4.3102362204724409
0
LINE
8
BLACK
6
CONTINUOUS
10
3.2187007874015747
20
-4.3102362204724409
11
3.2186258661417324
21
-4.3106128740157477
0
LINE
8
BLACK
6
CONTINUOUS
10
3.2186258661417324
20
-4.3106128740157477
11
3.2180931889763777
21
-4.3111455511811023
0
LINE
8
BLACK
6
CONTINUOUS
10
3.2180931889763777
20
-4.3111455511811023
11
3.217716535433071
21
-4.3112204724409446
0
LINE
8
BLACK
6
CONTINUOUS
10
3.217716535433071
20
-4.3112204724409446
11
3.160236220472441
21
-4.3112204724409446
0
LINE
8
BLACK
6
CONTINUOUS
10
3.160236220472441
20
-4.3112204724409446
11
3.1598595669291338
21
-4.3111455511811023
0
LINE
8
BLACK
6
CONTINUOUS
10
3.1598595669291338
20
-4.3111455511811023
11
3.1593268897637796
21
-4.3106128740157477
0
LINE
8
BLACK
6
CONTINUOUS
10
3.1593268897637796
20
-4.3106128740157477
11
3.1592519685039369
21
-4.3102362204724409
0
LINE
8
BLACK
6
CONTINUOUS
10
3.1592519685039369
20
-4.3102362204724409
11
3.1592519685039369
21
-4.1937007874015748
0
LINE
8
BLACK
6
CONTINUOUS
10
3.1592519685039369
20
-4.1937007874015748
11
3.1593268897637796
21
-4.1933241338582672
0
LINE
8
BLACK
6
CONTINUOUS
10
3.1593268897637796
20
-4.1933241338582672
11
3.1598595669291338
21
-4.1927914566929134
0
LINE
8
BLACK
6
CONTINUOUS
10
3.1598595669291338
20
-4.1927914566929134
11
3.160236220472441
21
-4.1927165354330711
0
LINE
8
BLACK
6
CONTINUOUS
10
3.160236220472441
20
-4.1927165354330711
11
3.217716535433071
21
-4.1927165354330711
0
LINE
8
BLACK
6
CONTINUOUS
10
3.217716535433071
20
-4.1927165354330711
11
3.2180931889763777
21
-4.1927914566929134
0
LINE
8
BLACK
6
CONTINUOUS
10
3.1612204724409447
20
-4.1946850393700785
11
3.1612204724409447
21
-4.3092519685039372
0
LINE
8
BLACK
6
CONTINUOUS
10
3.1612204724409447
20
-4.3092519685039372
11
3.2167322834645669
21
-4.3092519685039372
0
LINE
8
BLACK
6
CONTINUOUS
10
3.2167322834645669
20
-4.3092519685039372
11
3.2167322834645669
21
-4.1946850393700785
0
LINE
8
BLACK
6
CONTINUOUS
10
3.2167322834645669
20
-4.1946850393700785
11
3.1612204724409447
21
-4.1946850393700785
0
LINE
8
BLACK
6
CONTINUOUS
10
3.1393530314960629
20
-4.1898387007874014
11
3.1398857086614171
21
-4.190371377952756
0
LINE
8
BLACK
6
CONTINUOUS
10
3.1398857086614171
20
-4.190371377952756
11
3.1399606299212599
21
-4.1907480314960628
0
LINE
8
BLACK
6
CONTINUOUS
10
3.1399606299212599
20
-4.1907480314960628
11
3.1399606299212599
21
-4.3072834645669289
0
LINE
8
BLACK
6
CONTINUOUS
10
3.1399606299212599
20
-4.3072834645669289
11
3.1398857086614171
21
-4.3076601181102365
0
LINE
8
BLACK
6
CONTINUOUS
10
3.1398857086614171
20
-4.3076601181102365
11
3.1393530314960629
21
-4.3081927952755903
0
LINE
8
BLACK
6
CONTINUOUS
10
3.1393530314960629
20
-4.3081927952755903
11
3.1389763779527557
21
-4.3082677165354326
0
LINE
8
BLACK
6
CONTINUOUS
10
3.1389763779527557
20
-4.3082677165354326
11
3.0814960629921258
21
-4.3082677165354326
0
LINE
8
BLACK
6
CONTINUOUS
10
3.0814960629921258
20
-4.3082677165354326
11
3.081119409448819
21
-4.3081927952755903
0
LINE
8
BLACK
6
CONTINUOUS
10
3.081119409448819
20
-4.3081927952755903
11
3.0805867322834644
21
-4.3076601181102365
0
LINE
8
BLACK
6
CONTINUOUS
10
3.0805867322834644
20
-4.3076601181102365
11
3.080511811023622
21
-4.3072834645669289
0
LINE
8
BLACK
6
CONTINUOUS
10
3.080511811023622
20
-4.3072834645669289
11
3.080511811023622
21
-4.1907480314960628
0
LINE
8
BLACK
6
CONTINUOUS
10
3.080511811023622
20
-4.1907480314960628
11
3.0805867322834644
21
-4.190371377952756
0
LINE
8
BLACK
6
CONTINUOUS
10
3.0805867322834644
20
-4.190371377952756
11
3.081119409448819
21
-4.1898387007874014
0
LINE
8
BLACK
6
CONTINUOUS
10
3.081119409448819
20
-4.1898387007874014
11
3.0814960629921258
21
-4.1897637795275591
0
LINE
8
BLACK
6
CONTINUOUS
10
3.0814960629921258
20
-4.1897637795275591
11
3.1389763779527557
21
-4.1897637795275591
0
LINE
8
BLACK
6
CONTINUOUS
10
3.1389763779527557
20
-4.1897637795275591
11
3.1393530314960629
21
-4.1898387007874014
0
LINE
8
BLACK
6
CONTINUOUS
10
3.0824803149606299
20
-4.1917322834645665
11
3.0824803149606299
21
-4.3062992125984252
0
LINE
8
BLACK
6
CONTINUOUS
10
3.0824803149606299
20
-4.3062992125984252
11
3.137992125984252
21
-4.3062992125984252
0
LINE
8
BLACK
6
CONTINUOUS
10
3.137992125984252
20
-4.3062992125984252
11
3.137992125984252
21
-4.1917322834645665
0
LINE
8
BLACK
6
CONTINUOUS
10
3.137992125984252
20
-4.1917322834645665
11
3.0824803149606299
21
-4.1917322834645665
0
LINE
8
BLACK
6
CONTINUOUS
10
2.6728247637795275
20
-4.226649724409449
11
2.6733574409448817
21
-4.2271824015748027
0
LINE
8
BLACK
6
CONTINUOUS
10
2.6733574409448817
20
-4.2271824015748027
11
2.6734323622047245
21
-4.2275590551181104
0
LINE
8
BLACK
6
CONTINUOUS
10
2.6734323622047245
20
-4.2275590551181104
11
2.6734323622047245
21
-4.2850393700787404
0
LINE
8
BLACK
6
CONTINUOUS
10
2.6734323622047245
20
-4.2850393700787404
11
2.6733574409448817
21
-4.2854160236220471
0
LINE
8
BLACK
6
CONTINUOUS
10
2.6733574409448817
20
-4.2854160236220471
11
2.6728247637795275
21
-4.2859487007874018
0
LINE
8
BLACK
6
CONTINUOUS
10
2.6728247637795275
20
-4.2859487007874018
11
2.6724481102362203
21
-4.2860236220472441
0
LINE
8
BLACK
6
CONTINUOUS
10
2.6724481102362203
20
-4.2860236220472441
11
2.5559126771653542
21
-4.2860236220472441
0
LINE
8
BLACK
6
CONTINUOUS
10
2.5559126771653542
20
-4.2860236220472441
11
2.555536023622047
21
-4.2859487007874018
0
LINE
8
BLACK
6
CONTINUOUS
10
2.555536023622047
20
-4.2859487007874018
11
2.5550033464566928
21
-4.2854160236220471
0
LINE
8
BLACK
6
CONTINUOUS
10
2.5550033464566928
20
-4.2854160236220471
11
2.5549284251968505
21
-4.2850393700787404
0
LINE
8
BLACK
6
CONTINUOUS
10
2.5549284251968505
20
-4.2850393700787404
11
2.5549284251968505
21
-4.2275590551181104
0
LINE
8
BLACK
6
CONTINUOUS
10
2.5549284251968505
20
-4.2275590551181104
11
2.5550033464566928
21
-4.2271824015748027
0
LINE
8
BLACK
6
CONTINUOUS
10
2.5550033464566928
20
-4.2271824015748027
11
2.555536023622047
21
-4.226649724409449
0
LINE
8
BLACK
6
CONTINUOUS
10
2.555536023622047
20
-4.226649724409449
11
2.5559126771653542
21
-4.2265748031496058
0
LINE
8
BLACK
6
CONTINUOUS
10
2.5559126771653542
20
-4.2265748031496058
11
2.6724481102362203
21
-4.2265748031496058
0
LINE
8
BLACK
6
CONTINUOUS
10
2.6724481102362203
20
-4.2265748031496058
11
2.6728247637795275
21
-4.226649724409449
0
LINE
8
BLACK
6
CONTINUOUS
10
2.5568969291338584
20
-4.2285433070866141
11
2.5568969291338584
21
-4.2840551181102358
0
LINE
8
BLACK
6
CONTINUOUS
10
2.5568969291338584
20
-4.2840551181102358
11
2.6714638582677166
21
-4.2840551181102358
0
LINE
8
BLACK
6
CONTINUOUS
10
2.6714638582677166
20
-4.2840551181102358
11
2.6714638582677166
21
-4.2285433070866141
0
LINE
8
BLACK
6
CONTINUOUS
10
2.6714638582677166
20
-4.2285433070866141
11
2.5568969291338584
21
-4.2285433070866141
0
LINE
8
BLACK
6
CONTINUOUS
10
3.0436837401574803
20
-4.1231064173228349
11
3.0442164173228345
21
-4.1236390944881887
0
LINE
8
BLACK
6
CONTINUOUS
10
3.0442164173228345
20
-4.1236390944881887
11
3.0442913385826773
21
-4.1240157480314963
0
LINE
8
BLACK
6
CONTINUOUS
10
3.0442913385826773
20
-4.1240157480314963
11
3.0442913385826773
21
-4.2618110236220472
0
LINE
8
BLACK
6
CONTINUOUS
10
3.0442913385826773
20
-4.2618110236220472
11
3.0442164173228345
21
-4.262187677165354
0
LINE
8
BLACK
6
CONTINUOUS
10
3.0442164173228345
20
-4.262187677165354
11
3.0436837401574803
21
-4.2627203543307086
0
LINE
8
BLACK
6
CONTINUOUS
10
3.0436837401574803
20
-4.2627203543307086
11
3.0433070866141732
21
-4.2627952755905509
0
LINE
8
BLACK
6
CONTINUOUS
10
3.0433070866141732
20
-4.2627952755905509
11
2.9094488188976375
21
-4.2627952755905509
0
LINE
8
BLACK
6
CONTINUOUS
10
2.9094488188976375
20
-4.2627952755905509
11
2.9090721653543308
21
-4.2627203543307086
0
LINE
8
BLACK
6
CONTINUOUS
10
2.9090721653543308
20
-4.2627203543307086
11
2.9085394881889761
21
-4.262187677165354
0
LINE
8
BLACK
6
CONTINUOUS
10
2.9085394881889761
20
-4.262187677165354
11
2.9084645669291338
21
-4.2618110236220472
0
LINE
8
BLACK
6
CONTINUOUS
10
2.9084645669291338
20
-4.2618110236220472
11
2.9084645669291338
21
-4.1240157480314963
0
LINE
8
BLACK
6
CONTINUOUS
10
2.9084645669291338
20
-4.1240157480314963
11
2.9085394881889761
21
-4.1236390944881887
0
LINE
8
BLACK
6
CONTINUOUS
10
2.9085394881889761
20
-4.1236390944881887
11
2.9090721653543308
21
-4.1231064173228349
0
LINE
8
BLACK
6
CONTINUOUS
10
2.9090721653543308
20
-4.1231064173228349
11
2.9094488188976375
21
-4.1230314960629917
0
LINE
8
BLACK
6
CONTINUOUS
10
2.9094488188976375
20
-4.1230314960629917
11
3.0433070866141732
21
-4.1230314960629917
0
LINE
8
BLACK
6
CONTINUOUS
10
3.0433070866141732
20
-4.1230314960629917
11
3.0436837401574803
21
-4.1231064173228349
0
LINE
8
BLACK
6
CONTINUOUS
10
2.9104330708661417
20
-4.125
11
2.9104330708661417
21
-4.2608267716535435
0
LINE
8
BLACK
6
CONTINUOUS
10
2.9104330708661417
20
-4.2608267716535435
11
3.0423228346456694
21
-4.2608267716535435
0
LINE
8
BLACK
6
CONTINUOUS
10
3.0423228346456694
20
-4.2608267716535435
11
3.0423228346456694
21
-4.125
0
LINE
8
BLACK
6
CONTINUOUS
10
3.0423228346456694
20
-4.125
11
2.9104330708661417
21
-4.125
0
LINE
8
BLACK
6
CONTINUOUS
10
3.9767546062992123
20
-3.6408229527559053
11
3.9772872834645669
21
-3.6413556299212599
0
LINE
8
BLACK
6
CONTINUOUS
10
3.9772872834645669
20
-3.6413556299212599
11
3.9773622047244093
21
-3.6417322834645667
0
LINE
8
BLACK
6
CONTINUOUS
10
3.9773622047244093
20
-3.6417322834645667
11
3.9773622047244093
21
-4.1929133858267713
0
LINE
8
BLACK
6
CONTINUOUS
10
3.9773622047244093
20
-4.1929133858267713
11
3.9772872834645669
21
-4.1932900393700789
0
LINE
8
BLACK
6
CONTINUOUS
10
3.9772872834645669
20
-4.1932900393700789
11
3.9767546062992123
21
-4.1938227165354327
0
LINE
8
BLACK
6
CONTINUOUS
10
3.9767546062992123
20
-4.1938227165354327
11
3.9763779527559056
21
-4.1938976377952759
0
LINE
8
BLACK
6
CONTINUOUS
10
3.9763779527559056
20
-4.1938976377952759
11
3.5628192913385828
21
-4.1938976377952759
0
LINE
8
BLACK
6
CONTINUOUS
10
3.5628192913385828
20
-4.1938976377952759
11
3.5631140551181102
21
-4.1941924015748029
0
LINE
8
BLACK
6
CONTINUOUS
10
3.5631140551181102
20
-4.1941924015748029
11
3.5631889763779525
21
-4.1945690551181105
0
LINE
8
BLACK
6
CONTINUOUS
10
3.5631889763779525
20
-4.1945690551181105
11
3.5631889763779525
21
-4.2520493700787396
0
LINE
8
BLACK
6
CONTINUOUS
10
3.5631889763779525
20
-4.2520493700787396
11
3.5631140551181102
21
-4.2524260236220472
0
LINE
8
BLACK
6
CONTINUOUS
10
3.5631140551181102
20
-4.2524260236220472
11
3.562581377952756
21
-4.2529587007874019
0
LINE
8
BLACK
6
CONTINUOUS
10
3.562581377952756
20
-4.2529587007874019
11
3.5622047244094488
21
-4.2530336220472442
0
LINE
8
BLACK
6
CONTINUOUS
10
3.5622047244094488
20
-4.2530336220472442
11
3.4456692913385827
21
-4.2530336220472442
0
LINE
8
BLACK
6
CONTINUOUS
10
3.4456692913385827
20
-4.2530336220472442
11
3.4452926377952755
21
-4.2529587007874019
0
LINE
8
BLACK
6
CONTINUOUS
10
3.4452926377952755
20
-4.2529587007874019
11
3.4447599606299213
21
-4.2524260236220472
0
LINE
8
BLACK
6
CONTINUOUS
10
3.4447599606299213
20
-4.2524260236220472
11
3.4446850393700785
21
-4.2520493700787396
0
LINE
8
BLACK
6
CONTINUOUS
10
3.4446850393700785
20
-4.2520493700787396
11
3.4446850393700785
21
-4.1945690551181105
0
LINE
8
BLACK
6
CONTINUOUS
10
3.4446850393700785
20
-4.1945690551181105
11
3.4447599606299213
21
-4.1941924015748029
0
LINE
8
BLACK
6
CONTINUOUS
10
3.4447599606299213
20
-4.1941924015748029
11
3.4450547244094487
21
-4.1938976377952759
0
LINE
8
BLACK
6
CONTINUOUS
10
3.4450547244094487
20
-4.1938976377952759
11
3.4251968503937009
21
-4.1938976377952759
0
LINE
8
BLACK
6
CONTINUOUS
10
3.4251968503937009
20
-4.1938976377952759
11
3.4248201968503937
21
-4.1938227165354327
0
LINE
8
BLACK
6
CONTINUOUS
10
3.4248201968503937
20
-4.1938227165354327
11
3.4242875196850391
21
-4.1932900393700789
0
LINE
8
BLACK
6
CONTINUOUS
10
3.4242875196850391
20
-4.1932900393700789
11
3.4242125984251968
21
-4.1929133858267713
0
LINE
8
BLACK
6
CONTINUOUS
10
3.4242125984251968
20
-4.1929133858267713
11
3.4242125984251968
21
-3.6417322834645667
0
LINE
8
BLACK
6
CONTINUOUS
10
3.4242125984251968
20
-3.6417322834645667
11
3.4242875196850391
21
-3.6413556299212599
0
LINE
8
BLACK
6
CONTINUOUS
10
3.4242875196850391
20
-3.6413556299212599
11
3.4248201968503937
21
-3.6408229527559053
0
LINE
8
BLACK
6
CONTINUOUS
10
3.4248201968503937
20
-3.6408229527559053
11
3.4251968503937009
21
-3.640748031496063
0
LINE
8
BLACK
6
CONTINUOUS
10
3.4251968503937009
20
-3.640748031496063
11
3.9763779527559056
21
-3.640748031496063
0
LINE
8
BLACK
6
CONTINUOUS
10
3.9763779527559056
20
-3.640748031496063
11
3.9767546062992123
21
-3.6408229527559053
0
LINE
8
BLACK
6
CONTINUOUS
10
3.4466535433070864
20
-4.1955533070866142
11
3.4466535433070864
21
-4.2510651181102359
0
LINE
8
BLACK
6
CONTINUOUS
10
3.4466535433070864
20
-4.2510651181102359
11
3.5612204724409446
21
-4.2510651181102359
0
LINE
8
BLACK
6
CONTINUOUS
10
3.5612204724409446
20
-4.2510651181102359
11
3.5612204724409446
21
-4.1955533070866142
0
LINE
8
BLACK
6
CONTINUOUS
10
3.5612204724409446
20
-4.1955533070866142
11
3.4466535433070864
21
-4.1955533070866142
0
LINE
8
BLACK
6
CONTINUOUS
10
3.4261811023622046
20
-3.6427165354330708
11
3.4261811023622046
21
-4.1919291338582676
0
LINE
8
BLACK
6
CONTINUOUS
10
3.4261811023622046
20
-4.1919291338582676
11
3.9753937007874014
21
-4.1919291338582676
0
LINE
8
BLACK
6
CONTINUOUS
10
3.9753937007874014
20
-4.1919291338582676
11
3.9753937007874014
21
-3.6427165354330708
0
LINE
8
BLACK
6
CONTINUOUS
10
3.9753937007874014
20
-3.6427165354330708
11
3.4261811023622046
21
-3.6427165354330708
0
LINE
8
BLACK
6
CONTINUOUS
10
4.2574632677165356
20
-4.173500118110236
11
4.2579959448818894
21
-4.1740327952755907
0
LINE
8
BLACK
6
CONTINUOUS
10
4.2579959448818894
20
-4.1740327952755907
11
4.2580708661417326
21
-4.1744094488188974
0
LINE
8
BLACK
6
CONTINUOUS
10
4.2580708661417326
20
-4.1744094488188974
11
4.2580708661417326
21
-4.2114173228346452
0
LINE
8
BLACK
6
CONTINUOUS
10
4.2580708661417326
20
-4.2114173228346452
11
4.2579959448818894
21
-4.2117939763779528
0
LINE
8
BLACK
6
CONTINUOUS
10
4.2579959448818894
20
-4.2117939763779528
11
4.2574632677165356
21
-4.2123266535433066
0
LINE
8
BLACK
6
CONTINUOUS
10
4.2574632677165356
20
-4.2123266535433066
11
4.257086614173228
21
-4.2124015748031498
0
LINE
8
BLACK
6
CONTINUOUS
10
4.257086614173228
20
-4.2124015748031498
11
4.183858267716535
21
-4.2124015748031498
0
LINE
8
BLACK
6
CONTINUOUS
10
4.183858267716535
20
-4.2124015748031498
11
4.1834816141732283
21
-4.2123266535433066
0
LINE
8
BLACK
6
CONTINUOUS
10
4.1834816141732283
20
-4.2123266535433066
11
4.1829489370078736
21
-4.2117939763779528
0
LINE
8
BLACK
6
CONTINUOUS
10
4.1829489370078736
20
-4.2117939763779528
11
4.1828740157480313
21
-4.2114173228346452
0
LINE
8
BLACK
6
CONTINUOUS
10
4.1828740157480313
20
-4.2114173228346452
11
4.1828740157480313
21
-4.1744094488188974
0
LINE
8
BLACK
6
CONTINUOUS
10
4.1828740157480313
20
-4.1744094488188974
11
4.1829489370078736
21
-4.1740327952755907
0
LINE
8
BLACK
6
CONTINUOUS
10
4.1829489370078736
20
-4.1740327952755907
11
4.1834816141732283
21
-4.173500118110236
0
LINE
8
BLACK
6
CONTINUOUS
10
4.1834816141732283
20
-4.173500118110236
11
4.183858267716535
21
-4.1734251968503937
0
LINE
8
BLACK
6
CONTINUOUS
10
4.183858267716535
20
-4.1734251968503937
11
4.257086614173228
21
-4.1734251968503937
0
LINE
8
BLACK
6
CONTINUOUS
10
4.257086614173228
20
-4.1734251968503937
11
4.2574632677165356
21
-4.173500118110236
0
LINE
8
BLACK
6
CONTINUOUS
10
4.1848425196850396
20
-4.1753937007874011
11
4.1848425196850396
21
-4.2104330708661415
0
LINE
8
BLACK
6
CONTINUOUS
10
4.1848425196850396
20
-4.2104330708661415
11
4.2561023622047243
21
-4.2104330708661415
0
LINE
8
BLACK
6
CONTINUOUS
10
4.2561023622047243
20
-4.2104330708661415
11
4.2561023622047243
21
-4.1753937007874011
0
LINE
8
BLACK
6
CONTINUOUS
10
4.2561023622047243
20
-4.1753937007874011
11
4.1848425196850396
21
-4.1753937007874011
0
LINE
8
BLACK
6
CONTINUOUS
10
4.256809488188976
20
-4.1119908267716534
11
4.2580879133858263
21
-4.1132692519685037
0
LINE
8
BLACK
6
CONTINUOUS
10
4.2580879133858263
20
-4.1132692519685037
11
4.2582677165354328
21
-4.1141732283464565
0
LINE
8
BLACK
6
CONTINUOUS
10
4.2582677165354328
20
-4.1141732283464565
11
4.2582677165354328
21
-4.1535433070866139
0
LINE
8
BLACK
6
CONTINUOUS
10
4.2582677165354328
20
-4.1535433070866139
11
4.2580879133858263
21
-4.1544472834645667
0
LINE
8
BLACK
6
CONTINUOUS
10
4.2580879133858263
20
-4.1544472834645667
11
4.256809488188976
21
-4.155725708661417
0
LINE
8
BLACK
6
CONTINUOUS
10
4.256809488188976
20
-4.155725708661417
11
4.2559055118110232
21
-4.1559055118110235
0
LINE
8
BLACK
6
CONTINUOUS
10
4.2559055118110232
20
-4.1559055118110235
11
4.1811023622047241
21
-4.1559055118110235
0
LINE
8
BLACK
6
CONTINUOUS
10
4.1811023622047241
20
-4.1559055118110235
11
4.1801983858267713
21
-4.155725708661417
0
LINE
8
BLACK
6
CONTINUOUS
10
4.1801983858267713
20
-4.155725708661417
11
4.178919960629921
21
-4.1544472834645667
0
LINE
8
BLACK
6
CONTINUOUS
10
4.178919960629921
20
-4.1544472834645667
11
4.1787401574803145
21
-4.1535433070866139
0
LINE
8
BLACK
6
CONTINUOUS
10
4.1787401574803145
20
-4.1535433070866139
11
4.1787401574803145
21
-4.1141732283464565
0
LINE
8
BLACK
6
CONTINUOUS
10
4.1787401574803145
20
-4.1141732283464565
11
4.178919960629921
21
-4.1132692519685037
0
LINE
8
BLACK
6
CONTINUOUS
10
4.178919960629921
20
-4.1132692519685037
11
4.1801983858267713
21
-4.1119908267716534
0
LINE
8
BLACK
6
CONTINUOUS
10
4.1801983858267713
20
-4.1119908267716534
11
4.1811023622047241
21
-4.1118110236220469
0
LINE
8
BLACK
6
CONTINUOUS
10
4.1811023622047241
20
-4.1118110236220469
11
4.2559055118110232
21
-4.1118110236220469
0
LINE
8
BLACK
6
CONTINUOUS
10
4.2559055118110232
20
-4.1118110236220469
11
4.256809488188976
21
-4.1119908267716534
0
LINE
8
BLACK
6
CONTINUOUS
10
4.1834645669291337
20
-4.1165354330708661
11
4.1834645669291337
21
-4.1511811023622043
0
LINE
8
BLACK
6
CONTINUOUS
10
4.1834645669291337
20
-4.1511811023622043
11
4.2535433070866144
21
-4.1511811023622043
0
LINE
8
BLACK
6
CONTINUOUS
10
4.2535433070866144
20
-4.1511811023622043
11
4.2535433070866144
21
-4.1165354330708661
0
LINE
8
BLACK
6
CONTINUOUS
10
4.2535433070866144
20
-4.1165354330708661
11
4.1834645669291337
21
-4.1165354330708661
0
LINE
8
BLACK
6
CONTINUOUS
10
2.8705538188976378
20
-3.8611969685039371
11
2.871086496062992
21
-3.8617296456692913
0
LINE
8
BLACK
6
CONTINUOUS
10
2.871086496062992
20
-3.8617296456692913
11
2.8711614173228344
21
-3.8621062992125985
0
LINE
8
BLACK
6
CONTINUOUS
10
2.8711614173228344
20
-3.8621062992125985
11
2.8711614173228344
21
-4.1534448818897634
0
LINE
8
BLACK
6
CONTINUOUS
10
2.8711614173228344
20
-4.1534448818897634
11
2.871086496062992
21
-4.153821535433071
0
LINE
8
BLACK
6
CONTINUOUS
10
2.871086496062992
20
-4.153821535433071
11
2.8705538188976378
21
-4.1543542125984247
0
LINE
8
BLACK
6
CONTINUOUS
10
2.8705538188976378
20
-4.1543542125984247
11
2.8701771653543307
21
-4.154429133858268
0
LINE
8
BLACK
6
CONTINUOUS
10
2.8701771653543307
20
-4.154429133858268
11
2.6575787401574802
21
-4.154429133858268
0
LINE
8
BLACK
6
CONTINUOUS
10
2.6575787401574802
20
-4.154429133858268
11
2.657202086614173
21
-4.1543542125984247
0
LINE
8
BLACK
6
CONTINUOUS
10
2.657202086614173
20
-4.1543542125984247
11
2.6566694094488188
21
-4.153821535433071
0
LINE
8
BLACK
6
CONTINUOUS
10
2.6566694094488188
20
-4.153821535433071
11
2.6565944881889765
21
-4.1534448818897634
0
LINE
8
BLACK
6
CONTINUOUS
10
2.6565944881889765
20
-4.1534448818897634
11
2.6565944881889765
21
-3.8621062992125985
0
LINE
8
BLACK
6
CONTINUOUS
10
2.6565944881889765
20
-3.8621062992125985
11
2.6566694094488188
21
-3.8617296456692913
0
LINE
8
BLACK
6
CONTINUOUS
10
2.6566694094488188
20
-3.8617296456692913
11
2.657202086614173
21
-3.8611969685039371
0
LINE
8
BLACK
6
CONTINUOUS
10
2.657202086614173
20
-3.8611969685039371
11
2.6575787401574802
21
-3.8611220472440944
0
LINE
8
BLACK
6
CONTINUOUS
10
2.6575787401574802
20
-3.8611220472440944
11
2.8701771653543307
21
-3.8611220472440944
0
LINE
8
BLACK
6
CONTINUOUS
10
2.8701771653543307
20
-3.8611220472440944
11
2.8705538188976378
21
-3.8611969685039371
0
LINE
8
BLACK
6
CONTINUOUS
10
2.6585629921259843
20
-3.8630905511811022
11
2.6585629921259843
21
-4.1524606299212596
0
LINE
8
BLACK
6
CONTINUOUS
10
2.6585629921259843
20
-4.1524606299212596
11
2.8691929133858265
21
-4.1524606299212596
0
LINE
8
BLACK
6
CONTINUOUS
10
2.8691929133858265
20
-4.1524606299212596
11
2.8691929133858265
21
-3.8630905511811022
0
LINE
8
BLACK
6
CONTINUOUS
10
2.8691929133858265
20
-3.8630905511811022
11
2.6585629921259843
21
-3.8630905511811022
0
LINE
8
BLACK
6
CONTINUOUS
10
2.563368779527559
20
-3.7933820078740155
11
2.5639014566929132
21
-3.7939146850393701
0
LINE
8
BLACK
6
CONTINUOUS
10
2.5639014566929132
20
-3.7939146850393701
11
2.563976377952756
21
-3.7942913385826769
0
LINE
8
BLACK
6
CONTINUOUS
10
2.563976377952756
20
-3.7942913385826769
11
2.563976377952756
21
-4.1348425196850389
0
LINE
8
BLACK
6
CONTINUOUS
10
2.563976377952756
20
-4.1348425196850389
11
2.5639014566929132
21
-4.1352191732283465
0
LINE
8
BLACK
6
CONTINUOUS
10
2.5639014566929132
20
-4.1352191732283465
11
2.563368779527559
21
-4.1357518503937003
0
LINE
8
BLACK
6
CONTINUOUS
10
2.563368779527559
20
-4.1357518503937003
11
2.5629921259842519
21
-4.1358267716535435
0
LINE
8
BLACK
6
CONTINUOUS
10
2.5629921259842519
20
-4.1358267716535435
11
2.4212598425196852
21
-4.1358267716535435
0
LINE
8
BLACK
6
CONTINUOUS
10
2.4212598425196852
20
-4.1358267716535435
11
2.420883188976378
21
-4.1357518503937003
0
LINE
8
BLACK
6
CONTINUOUS
10
2.420883188976378
20
-4.1357518503937003
11
2.4203505118110238
21
-4.1352191732283465
0
LINE
8
BLACK
6
CONTINUOUS
10
2.4203505118110238
20
-4.1352191732283465
11
2.420275590551181
21
-4.1348425196850389
0
LINE
8
BLACK
6
CONTINUOUS
10
2.420275590551181
20
-4.1348425196850389
11
2.420275590551181
21
-3.7942913385826769
0
LINE
8
BLACK
6
CONTINUOUS
10
2.420275590551181
20
-3.7942913385826769
11
2.4203505118110238
21
-3.7939146850393701
0
LINE
8
BLACK
6
CONTINUOUS
10
2.4203505118110238
20
-3.7939146850393701
11
2.420883188976378
21
-3.7933820078740155
0
LINE
8
BLACK
6
CONTINUOUS
10
2.420883188976378
20
-3.7933820078740155
11
2.4212598425196852
21
-3.7933070866141732
0
LINE
8
BLACK
6
CONTINUOUS
10
2.4212598425196852
20
-3.7933070866141732
11
2.5629921259842519
21
-3.7933070866141732
0
LINE
8
BLACK
6
CONTINUOUS
10
2.5629921259842519
20
-3.7933070866141732
11
2.563368779527559
21
-3.7933820078740155
0
LINE
8
BLACK
6
CONTINUOUS
10
2.4222440944881889
20
-3.795275590551181
11
2.4222440944881889
21
-4.1338582677165352
0
LINE
8
BLACK
6
CONTINUOUS
10
2.4222440944881889
20
-4.1338582677165352
11
2.5620078740157481
21
-4.1338582677165352
0
LINE
8
BLACK
6
CONTINUOUS
10
2.5620078740157481
20
-4.1338582677165352
11
2.5620078740157481
21
-3.795275590551181
0
LINE
8
BLACK
6
CONTINUOUS
10
2.5620078740157481
20
-3.795275590551181
11
2.4222440944881889
21
-3.795275590551181
0
LINE
8
BLACK
6
CONTINUOUS
10
2.9506906299212599
20
-4.0283124409448821
11
2.9579992913385826
21
-4.0313398031496064
0
LINE
8
BLACK
6
CONTINUOUS
10
2.9579992913385826
20
-4.0313398031496064
11
2.9645768897637796
21
-4.0357348031496061
0
LINE
8
BLACK
6
CONTINUOUS
10
2.9645768897637796
20
-4.0357348031496061
11
2.9701707086614171
21
-4.041328622047244
0
LINE
8
BLACK
6
CONTINUOUS
10
2.9701707086614171
20
-4.041328622047244
11
2.9745657086614172
21
-4.0479062204724405
0
LINE
8
BLACK
6
CONTINUOUS
10
2.9745657086614172
20
-4.0479062204724405
11
2.9775930708661416
21
-4.0552148818897633
0
LINE
8
BLACK
6
CONTINUOUS
10
2.9775930708661416
20
-4.0552148818897633
11
2.9791363779527558
21
-4.0629737007874018
0
LINE
8
BLACK
6
CONTINUOUS
10
2.9791363779527558
20
-4.0629737007874018
11
2.9791363779527558
21
-4.0708845669291334
0
LINE
8
BLACK
6
CONTINUOUS
10
2.9791363779527558
20
-4.0708845669291334
11
2.9775930708661416
21
-4.0786433858267719
0
LINE
8
BLACK
6
CONTINUOUS
10
2.9775930708661416
20
-4.0786433858267719
11
2.9745657086614172
21
-4.0859520472440947
0
LINE
8
BLACK
6
CONTINUOUS
10
2.9745657086614172
20
-4.0859520472440947
11
2.9701707086614171
21
-4.0925296456692912
0
LINE
8
BLACK
6
CONTINUOUS
10
2.9701707086614171
20
-4.0925296456692912
11
2.9645768897637796
21
-4.0981234645669291
0
LINE
8
BLACK
6
CONTINUOUS
10
2.9645768897637796
20
-4.0981234645669291
11
2.9579992913385826
21
-4.1025184645669288
0
LINE
8
BLACK
6
CONTINUOUS
10
2.9579992913385826
20
-4.1025184645669288
11
2.9506906299212599
21
-4.1055458267716531
0
LINE
8
BLACK
6
CONTINUOUS
10
2.9506906299212599
20
-4.1055458267716531
11
2.9429318110236218
21
-4.1070891338582678
0
LINE
8
BLACK
6
CONTINUOUS
10
2.9429318110236218
20
-4.1070891338582678
11
2.9350209448818898
21
-4.1070891338582678
0
LINE
8
BLACK
6
CONTINUOUS
10
2.9350209448818898
20
-4.1070891338582678
11
2.9272621259842517
21
-4.1055458267716531
0
LINE
8
BLACK
6
CONTINUOUS
10
2.9272621259842517
20
-4.1055458267716531
11
2.9199534645669289
21
-4.1025184645669288
0
LINE
8
BLACK
6
CONTINUOUS
10
2.9199534645669289
20
-4.1025184645669288
11
2.9133758661417324
21
-4.0981234645669291
0
LINE
8
BLACK
6
CONTINUOUS
10
2.9133758661417324
20
-4.0981234645669291
11
2.9077820472440945
21
-4.0925296456692912
0
LINE
8
BLACK
6
CONTINUOUS
10
2.9077820472440945
20
-4.0925296456692912
11
2.9033870472440944
21
-4.0859520472440947
0
LINE
8
BLACK
6
CONTINUOUS
10
2.9033870472440944
20
-4.0859520472440947
11
2.90035968503937
21
-4.0786433858267719
0
LINE
8
BLACK
6
CONTINUOUS
10
2.90035968503937
20
-4.0786433858267719
11
2.8988163779527558
21
-4.0708845669291334
0
LINE
8
BLACK
6
CONTINUOUS
10
2.8988163779527558
20
-4.0708845669291334
11
2.8988163779527558
21
-4.0631484645669289
0
LINE
8
BLACK
6
CONTINUOUS
10
2.8988163779527558
20
-4.0631484645669289
11
2.8988163779527558
21
-4.0629737007874018
0
LINE
8
BLACK
6
CONTINUOUS
10
2.8988163779527558
20
-4.0629737007874018
11
2.90035968503937
21
-4.0552148818897633
0
LINE
8
BLACK
6
CONTINUOUS
10
2.90035968503937
20
-4.0552148818897633
11
2.9033870472440944
21
-4.0479062204724405
0
LINE
8
BLACK
6
CONTINUOUS
10
2.9033870472440944
20
-4.0479062204724405
11
2.9077820472440945
21
-4.041328622047244
0
LINE
8
BLACK
6
CONTINUOUS
10
2.9077820472440945
20
-4.041328622047244
11
2.9133758661417324
21
-4.0357348031496061
0
LINE
8
BLACK
6
CONTINUOUS
10
2.9133758661417324
20
-4.0357348031496061
11
2.9199534645669289
21
-4.0313398031496064
0
LINE
8
BLACK
6
CONTINUOUS
10
2.9199534645669289
20
-4.0313398031496064
11
2.9272621259842517
21
-4.0283124409448821
0
LINE
8
BLACK
6
CONTINUOUS
10
2.9272621259842517
20
-4.0283124409448821
11
2.9350209448818898
21
-4.0267691338582674
0
LINE
8
BLACK
6
CONTINUOUS
10
2.9350209448818898
20
-4.0267691338582674
11
2.9429318110236218
21
-4.0267691338582674
0
LINE
8
BLACK
6
CONTINUOUS
10
2.9429318110236218
20
-4.0267691338582674
11
2.9506906299212599
21
-4.0283124409448821
0
LINE
8
BLACK
6
CONTINUOUS
10
2.9005905511811023
20
-4.0707098031496063
11
2.9020656692913387
21
-4.0781258661417326
0
LINE
8
BLACK
6
CONTINUOUS
10
2.9020656692913387
20
-4.0781258661417326
11
2.9049592913385824
21
-4.085111653543307
0
LINE
8
BLACK
6
CONTINUOUS
10
2.9049592913385824
20
-4.085111653543307
11
2.909160157480315
21
-4.0913987007874013
0
LINE
8
BLACK
6
CONTINUOUS
10
2.909160157480315
20
-4.0913987007874013
11
2.9145068110236219
21
-4.0967453543307082
0
LINE
8
BLACK
6
CONTINUOUS
10
2.9145068110236219
20
-4.0967453543307082
11
2.9207938582677166
21
-4.1009462204724407
0
LINE
8
BLACK
6
CONTINUOUS
10
2.9207938582677166
20
-4.1009462204724407
11
2.9277796456692911
21
-4.1038398425196849
0
LINE
8
BLACK
6
CONTINUOUS
10
2.9277796456692911
20
-4.1038398425196849
11
2.9351957086614173
21
-4.1053149606299213
0
LINE
8
BLACK
6
CONTINUOUS
10
2.9351957086614173
20
-4.1053149606299213
11
2.9427570472440943
21
-4.1053149606299213
0
LINE
8
BLACK
6
CONTINUOUS
10
2.9427570472440943
20
-4.1053149606299213
11
2.9501731102362205
21
-4.1038398425196849
0
LINE
8
BLACK
6
CONTINUOUS
10
2.9501731102362205
20
-4.1038398425196849
11
2.9571588976377954
21
-4.1009462204724407
0
LINE
8
BLACK
6
CONTINUOUS
10
2.9571588976377954
20
-4.1009462204724407
11
2.9634459448818897
21
-4.0967453543307082
0
LINE
8
BLACK
6
CONTINUOUS
10
2.9634459448818897
20
-4.0967453543307082
11
2.9687925984251966
21
-4.0913987007874013
0
LINE
8
BLACK
6
CONTINUOUS
10
2.9687925984251966
20
-4.0913987007874013
11
2.9729934645669291
21
-4.085111653543307
0
LINE
8
BLACK
6
CONTINUOUS
10
2.9729934645669291
20
-4.085111653543307
11
2.9758870866141733
21
-4.0781258661417326
0
LINE
8
BLACK
6
CONTINUOUS
10
2.9758870866141733
20
-4.0781258661417326
11
2.9773622047244093
21
-4.0707098031496063
0
LINE
8
BLACK
6
CONTINUOUS
10
2.9773622047244093
20
-4.0707098031496063
11
2.9773622047244093
21
-4.0631484645669289
0
LINE
8
BLACK
6
CONTINUOUS
10
2.9773622047244093
20
-4.0631484645669289
11
2.9758870866141733
21
-4.0557324015748026
0
LINE
8
BLACK
6
CONTINUOUS
10
2.9758870866141733
20
-4.0557324015748026
11
2.9729934645669291
21
-4.0487466141732282
0
LINE
8
BLACK
6
CONTINUOUS
10
2.9729934645669291
20
-4.0487466141732282
11
2.9687925984251966
21
-4.0424595669291339
0
LINE
8
BLACK
6
CONTINUOUS
10
2.9687925984251966
20
-4.0424595669291339
11
2.9634459448818897
21
-4.037112913385827
0
LINE
8
BLACK
6
CONTINUOUS
10
2.9634459448818897
20
-4.037112913385827
11
2.9571588976377954
21
-4.0329120472440945
0
LINE
8
BLACK
6
CONTINUOUS
10
2.9571588976377954
20
-4.0329120472440945
11
2.9501731102362205
21
-4.0300184251968503
0
LINE
8
BLACK
6
CONTINUOUS
10
2.9501731102362205
20
-4.0300184251968503
11
2.9427570472440943
21
-4.0285433070866139
0
LINE
8
BLACK
6
CONTINUOUS
10
2.9427570472440943
20
-4.0285433070866139
11
2.9351957086614173
21
-4.0285433070866139
0
LINE
8
BLACK
6
CONTINUOUS
10
2.9351957086614173
20
-4.0285433070866139
11
2.9277796456692911
21
-4.0300184251968503
0
LINE
8
BLACK
6
CONTINUOUS
10
2.9277796456692911
20
-4.0300184251968503
11
2.9207938582677166
21
-4.0329120472440945
0
LINE
8
BLACK
6
CONTINUOUS
10
2.9207938582677166
20
-4.0329120472440945
11
2.9145068110236219
21
-4.037112913385827
0
LINE
8
BLACK
6
CONTINUOUS
10
2.9145068110236219
20
-4.037112913385827
11
2.909160157480315
21
-4.0424595669291339
0
LINE
8
BLACK
6
CONTINUOUS
10
2.909160157480315
20
-4.0424595669291339
11
2.9049592913385824
21
-4.0487466141732282
0
LINE
8
BLACK
6
CONTINUOUS
10
2.9049592913385824
20
-4.0487466141732282
11
2.9020656692913387
21
-4.0557324015748026
0
LINE
8
BLACK
6
CONTINUOUS
10
2.9020656692913387
20
-4.0557324015748026
11
2.9005905511811023
21
-4.0631484645669289
0
LINE
8
BLACK
6
CONTINUOUS
10
2.9005905511811023
20
-4.0631484645669289
11
2.9005905511811023
21
-4.0707098031496063
0
LINE
8
BLACK
6
CONTINUOUS
10
3.3165183858267717
20
-3.9762560236220472
11
3.3169291338582676
21
-3.9766667716535431
0
LINE
8
BLACK
6
CONTINUOUS
10
3.3169291338582676
20
-3.9766667716535431
11
3.3173398818897639
21
-3.9762560236220472
0
LINE
8
BLACK
6
CONTINUOUS
10
3.3173398818897639
20
-3.9762560236220472
11
3.3177165354330707
21
-3.9761811023622045
0
LINE
8
BLACK
6
CONTINUOUS
10
3.3177165354330707
20
-3.9761811023622045
11
3.3751968503937007
21
-3.9761811023622045
0
LINE
8
BLACK
6
CONTINUOUS
10
3.3751968503937007
20
-3.9761811023622045
11
3.3755735039370078
21
-3.9762560236220472
0
LINE
8
BLACK
6
CONTINUOUS
10
3.3755735039370078
20
-3.9762560236220472
11
3.376106181102362
21
-3.9767887007874014
0
LINE
8
BLACK
6
CONTINUOUS
10
3.376106181102362
20
-3.9767887007874014
11
3.3761811023622048
21
-3.9771653543307086
0
LINE
8
BLACK
6
CONTINUOUS
10
3.3761811023622048
20
-3.9771653543307086
11
3.3761811023622048
21
-4.0937007874015743
0
LINE
8
BLACK
6
CONTINUOUS
10
3.3761811023622048
20
-4.0937007874015743
11
3.376106181102362
21
-4.0940774409448819
0
LINE
8
BLACK
6
CONTINUOUS
10
3.376106181102362
20
-4.0940774409448819
11
3.3755735039370078
21
-4.0946101181102366
0
LINE
8
BLACK
6
CONTINUOUS
10
3.3755735039370078
20
-4.0946101181102366
11
3.3751968503937007
21
-4.0946850393700789
0
LINE
8
BLACK
6
CONTINUOUS
10
3.3751968503937007
20
-4.0946850393700789
11
3.3177165354330707
21
-4.0946850393700789
0
LINE
8
BLACK
6
CONTINUOUS
10
3.3177165354330707
20
-4.0946850393700789
11
3.3173398818897639
21
-4.0946101181102366
0
LINE
8
BLACK
6
CONTINUOUS
10
3.3173398818897639
20
-4.0946101181102366
11
3.3169291338582676
21
-4.0941993700787398
0
LINE
8
BLACK
6
CONTINUOUS
10
3.3169291338582676
20
-4.0941993700787398
11
3.3165183858267717
21
-4.0946101181102366
0
LINE
8
BLACK
6
CONTINUOUS
10
3.3165183858267717
20
-4.0946101181102366
11
3.3161417322834645
21
-4.0946850393700789
0
LINE
8
BLACK
6
CONTINUOUS
10
3.3161417322834645
20
-4.0946850393700789
11
3.2586614173228345
21
-4.0946850393700789
0
LINE
8
BLACK
6
CONTINUOUS
10
3.2586614173228345
20
-4.0946850393700789
11
3.2582847637795274
21
-4.0946101181102366
0
LINE
8
BLACK
6
CONTINUOUS
10
3.2582847637795274
20
-4.0946101181102366
11
3.2577520866141731
21
-4.0940774409448819
0
LINE
8
BLACK
6
CONTINUOUS
10
3.2577520866141731
20
-4.0940774409448819
11
3.2576771653543308
21
-4.0937007874015743
0
LINE
8
BLACK
6
CONTINUOUS
10
3.2576771653543308
20
-4.0937007874015743
11
3.2576771653543308
21
-3.9771653543307086
0
LINE
8
BLACK
6
CONTINUOUS
10
3.2576771653543308
20
-3.9771653543307086
11
3.2577520866141731
21
-3.9767887007874014
0
LINE
8
BLACK
6
CONTINUOUS
10
3.2577520866141731
20
-3.9767887007874014
11
3.2582847637795274
21
-3.9762560236220472
0
LINE
8
BLACK
6
CONTINUOUS
10
3.2582847637795274
20
-3.9762560236220472
11
3.2586614173228345
21
-3.9761811023622045
0
LINE
8
BLACK
6
CONTINUOUS
10
3.2586614173228345
20
-3.9761811023622045
11
3.3161417322834645
21
-3.9761811023622045
0
LINE
8
BLACK
6
CONTINUOUS
10
3.3161417322834645
20
-3.9761811023622045
11
3.3165183858267717
21
-3.9762560236220472
0
LINE
8
BLACK
6
CONTINUOUS
10
3.3187007874015748
20
-3.9781496062992123
11
3.3187007874015748
21
-4.0927165354330706
0
LINE
8
BLACK
6
CONTINUOUS
10
3.3187007874015748
20
-4.0927165354330706
11
3.3742125984251969
21
-4.0927165354330706
0
LINE
8
BLACK
6
CONTINUOUS
10
3.3742125984251969
20
-4.0927165354330706
11
3.3742125984251969
21
-3.9781496062992123
0
LINE
8
BLACK
6
CONTINUOUS
10
3.3742125984251969
20
-3.9781496062992123
11
3.3187007874015748
21
-3.9781496062992123
0
LINE
8
BLACK
6
CONTINUOUS
10
3.2596456692913387
20
-3.9781496062992123
11
3.2596456692913387
21
-4.0927165354330706
0
LINE
8
BLACK
6
CONTINUOUS
10
3.2596456692913387
20
-4.0927165354330706
11
3.3151574803149604
21
-4.0927165354330706
0
LINE
8
BLACK
6
CONTINUOUS
10
3.3151574803149604
20
-4.0927165354330706
11
3.3151574803149604
21
-3.9781496062992123
0
LINE
8
BLACK
6
CONTINUOUS
10
3.3151574803149604
20
-3.9781496062992123
11
3.2596456692913387
21
-3.9781496062992123
0
LINE
8
BLACK
6
CONTINUOUS
10
3.2203756692913386
20
-3.9850053543307085
11
3.2276843307086613
21
-3.9880327165354328
0
LINE
8
BLACK
6
CONTINUOUS
10
3.2276843307086613
20
-3.9880327165354328
11
3.2342619291338583
21
-3.9924277165354329
0
LINE
8
BLACK
6
CONTINUOUS
10
3.2342619291338583
20
-3.9924277165354329
11
3.2398557480314958
21
-3.9980215354330708
0
LINE
8
BLACK
6
CONTINUOUS
10
3.2398557480314958
20
-3.9980215354330708
11
3.2442507480314959
21
-4.0045991338582674
0
LINE
8
BLACK
6
CONTINUOUS
10
3.2442507480314959
20
-4.0045991338582674
11
3.2472781102362203
21
-4.0119077952755902
0
LINE
8
BLACK
6
CONTINUOUS
10
3.2472781102362203
20
-4.0119077952755902
11
3.2488214173228345
21
-4.0196666141732287
0
LINE
8
BLACK
6
CONTINUOUS
10
3.2488214173228345
20
-4.0196666141732287
11
3.2488214173228345
21
-4.0275774803149602
0
LINE
8
BLACK
6
CONTINUOUS
10
3.2488214173228345
20
-4.0275774803149602
11
3.2472781102362203
21
-4.0353362992125987
0
LINE
8
BLACK
6
CONTINUOUS
10
3.2472781102362203
20
-4.0353362992125987
11
3.2442507480314959
21
-4.0426449606299215
0
LINE
8
BLACK
6
CONTINUOUS
10
3.2442507480314959
20
-4.0426449606299215
11
3.2398557480314958
21
-4.0492225590551181
0
LINE
8
BLACK
6
CONTINUOUS
10
3.2398557480314958
20
-4.0492225590551181
11
3.2342619291338583
21
-4.054816377952756
0
LINE
8
BLACK
6
CONTINUOUS
10
3.2342619291338583
20
-4.054816377952756
11
3.2276843307086613
21
-4.0592113779527557
0
LINE
8
BLACK
6
CONTINUOUS
10
3.2276843307086613
20
-4.0592113779527557
11
3.2203756692913386
21
-4.06223874015748
0
LINE
8
BLACK
6
CONTINUOUS
10
3.2203756692913386
20
-4.06223874015748
11
3.2126168503937009
21
-4.0637820472440946
0
LINE
8
BLACK
6
CONTINUOUS
10
3.2126168503937009
20
-4.0637820472440946
11
3.2047059842519685
21
-4.0637820472440946
0
LINE
8
BLACK
6
CONTINUOUS
10
3.2047059842519685
20
-4.0637820472440946
11
3.1969471653543304
21
-4.06223874015748
0
LINE
8
BLACK
6
CONTINUOUS
10
3.1969471653543304
20
-4.06223874015748
11
3.1896385039370077
21
-4.0592113779527557
0
LINE
8
BLACK
6
CONTINUOUS
10
3.1896385039370077
20
-4.0592113779527557
11
3.1830609055118111
21
-4.054816377952756
0
LINE
8
BLACK
6
CONTINUOUS
10
3.1830609055118111
20
-4.054816377952756
11
3.1774670866141732
21
-4.0492225590551181
0
LINE
8
BLACK
6
CONTINUOUS
10
3.1774670866141732
20
-4.0492225590551181
11
3.1730720866141731
21
-4.0426449606299215
0
LINE
8
BLACK
6
CONTINUOUS
10
3.1730720866141731
20
-4.0426449606299215
11
3.1700447244094487
21
-4.0353362992125987
0
LINE
8
BLACK
6
CONTINUOUS
10
3.1700447244094487
20
-4.0353362992125987
11
3.1685014173228345
21
-4.0275774803149602
0
LINE
8
BLACK
6
CONTINUOUS
10
3.1685014173228345
20
-4.0275774803149602
11
3.1685014173228345
21
-4.0198413779527558
0
LINE
8
BLACK
6
CONTINUOUS
10
3.1685014173228345
20
-4.0198413779527558
11
3.1685014173228345
21
-4.0196666141732287
0
LINE
8
BLACK
6
CONTINUOUS
10
3.1685014173228345
20
-4.0196666141732287
11
3.1700447244094487
21
-4.0119077952755902
0
LINE
8
BLACK
6
CONTINUOUS
10
3.1700447244094487
20
-4.0119077952755902
11
3.1730720866141731
21
-4.0045991338582674
0
LINE
8
BLACK
6
CONTINUOUS
10
3.1730720866141731
20
-4.0045991338582674
11
3.1774670866141732
21
-3.9980215354330708
0
LINE
8
BLACK
6
CONTINUOUS
10
3.1774670866141732
20
-3.9980215354330708
11
3.1830609055118111
21
-3.9924277165354329
0
LINE
8
BLACK
6
CONTINUOUS
10
3.1830609055118111
20
-3.9924277165354329
11
3.1896385039370077
21
-3.9880327165354328
0
LINE
8
BLACK
6
CONTINUOUS
10
3.1896385039370077
20
-3.9880327165354328
11
3.1969471653543304
21
-3.9850053543307085
0
LINE
8
BLACK
6
CONTINUOUS
10
3.1969471653543304
20
-3.9850053543307085
11
3.2047059842519685
21
-3.9834620472440943
0
LINE
8
BLACK
6
CONTINUOUS
10
3.2047059842519685
20
-3.9834620472440943
11
3.2126168503937009
21
-3.9834620472440943
0
LINE
8
BLACK
6
CONTINUOUS
10
3.2126168503937009
20
-3.9834620472440943
11
3.2203756692913386
21
-3.9850053543307085
0
LINE
8
BLACK
6
CONTINUOUS
10
3.170275590551181
20
-4.0274027165354331
11
3.1717507086614174
21
-4.0348187795275594
0
LINE
8
BLACK
6
CONTINUOUS
10
3.1717507086614174
20
-4.0348187795275594
11
3.1746443307086611
21
-4.0418045669291338
0
LINE
8
BLACK
6
CONTINUOUS
10
3.1746443307086611
20
-4.0418045669291338
11
3.1788451968503937
21
-4.0480916141732282
0
LINE
8
BLACK
6
CONTINUOUS
10
3.1788451968503937
20
-4.0480916141732282
11
3.1841918503937006
21
-4.053438267716535
0
LINE
8
BLACK
6
CONTINUOUS
10
3.1841918503937006
20
-4.053438267716535
11
3.1904788976377954
21
-4.0576391338582676
0
LINE
8
BLACK
6
CONTINUOUS
10
3.1904788976377954
20
-4.0576391338582676
11
3.1974646850393702
21
-4.0605327559055118
0
LINE
8
BLACK
6
CONTINUOUS
10
3.1974646850393702
20
-4.0605327559055118
11
3.204880748031496
21
-4.0620078740157481
0
LINE
8
BLACK
6
CONTINUOUS
10
3.204880748031496
20
-4.0620078740157481
11
3.212442086614173
21
-4.0620078740157481
0
LINE
8
BLACK
6
CONTINUOUS
10
3.212442086614173
20
-4.0620078740157481
11
3.2198581496062992
21
-4.0605327559055118
0
LINE
8
BLACK
6
CONTINUOUS
10
3.2198581496062992
20
-4.0605327559055118
11
3.2268439370078741
21
-4.0576391338582676
0
LINE
8
BLACK
6
CONTINUOUS
10
3.2268439370078741
20
-4.0576391338582676
11
3.2331309842519684
21
-4.053438267716535
0
LINE
8
BLACK
6
CONTINUOUS
10
3.2331309842519684
20
-4.053438267716535
11
3.2384776377952753
21
-4.0480916141732282
0
LINE
8
BLACK
6
CONTINUOUS
10
3.2384776377952753
20
-4.0480916141732282
11
3.2426785039370079
21
-4.0418045669291338
0
LINE
8
BLACK
6
CONTINUOUS
10
3.2426785039370079
20
-4.0418045669291338
11
3.245572125984252
21
-4.0348187795275594
0
LINE
8
BLACK
6
CONTINUOUS
10
3.245572125984252
20
-4.0348187795275594
11
3.247047244094488
21
-4.0274027165354331
0
LINE
8
BLACK
6
CONTINUOUS
10
3.247047244094488
20
-4.0274027165354331
11
3.247047244094488
21
-4.0198413779527558
0
LINE
8
BLACK
6
CONTINUOUS
10
3.247047244094488
20
-4.0198413779527558
11
3.245572125984252
21
-4.0124253149606295
0
LINE
8
BLACK
6
CONTINUOUS
10
3.245572125984252
20
-4.0124253149606295
11
3.2426785039370079
21
-4.0054395275590551
0
LINE
8
BLACK
6
CONTINUOUS
10
3.2426785039370079
20
-4.0054395275590551
11
3.2384776377952753
21
-3.9991524803149607
0
LINE
8
BLACK
6
CONTINUOUS
10
3.2384776377952753
20
-3.9991524803149607
11
3.2331309842519684
21
-3.9938058267716534
0
LINE
8
BLACK
6
CONTINUOUS
10
3.2331309842519684
20
-3.9938058267716534
11
3.2268439370078741
21
-3.9896049606299213
0
LINE
8
BLACK
6
CONTINUOUS
10
3.2268439370078741
20
-3.9896049606299213
11
3.2198581496062992
21
-3.9867113385826771
0
LINE
8
BLACK
6
CONTINUOUS
10
3.2198581496062992
20
-3.9867113385826771
11
3.212442086614173
21
-3.9852362204724407
0
LINE
8
BLACK
6
CONTINUOUS
10
3.212442086614173
20
-3.9852362204724407
11
3.204880748031496
21
-3.9852362204724407
0
LINE
8
BLACK
6
CONTINUOUS
10
3.204880748031496
20
-3.9852362204724407
11
3.1974646850393702
21
-3.9867113385826771
0
LINE
8
BLACK
6
CONTINUOUS
10
3.1974646850393702
20
-3.9867113385826771
11
3.1904788976377954
21
-3.9896049606299213
0
LINE
8
BLACK
6
CONTINUOUS
10
3.1904788976377954
20
-3.9896049606299213
11
3.1841918503937006
21
-3.9938058267716534
0
LINE
8
BLACK
6
CONTINUOUS
10
3.1841918503937006
20
-3.9938058267716534
11
3.1788451968503937
21
-3.9991524803149607
0
LINE
8
BLACK
6
CONTINUOUS
10
3.1788451968503937
20
-3.9991524803149607
11
3.1746443307086611
21
-4.0054395275590551
0
LINE
8
BLACK
6
CONTINUOUS
10
3.1746443307086611
20
-4.0054395275590551
11
3.1717507086614174
21
-4.0124253149606295
0
LINE
8
BLACK
6
CONTINUOUS
10
3.1717507086614174
20
-4.0124253149606295
11
3.170275590551181
21
-4.0198413779527558
0
LINE
8
BLACK
6
CONTINUOUS
10
3.170275590551181
20
-4.0198413779527558
11
3.170275590551181
21
-4.0274027165354331
0
LINE
8
BLACK
6
CONTINUOUS
10
4.1322664173228345
20
-3.9250749212598426
11
4.1327990944881892
21
-3.9256075984251968
0
LINE
8
BLACK
6
CONTINUOUS
10
4.1327990944881892
20
-3.9256075984251968
11
4.1328740157480315
21
-3.925984251968504
0
LINE
8
BLACK
6
CONTINUOUS
10
4.1328740157480315
20
-3.925984251968504
11
4.1328740157480315
21
-4.0582677165354326
0
LINE
8
BLACK
6
CONTINUOUS
10
4.1328740157480315
20
-4.0582677165354326
11
4.1327990944881892
21
-4.0586443700787402
0
LINE
8
BLACK
6
CONTINUOUS
10
4.1327990944881892
20
-4.0586443700787402
11
4.1322664173228345
21
-4.059177047244094
0
LINE
8
BLACK
6
CONTINUOUS
10
4.1322664173228345
20
-4.059177047244094
11
4.1318897637795278
21
-4.0592519685039372
0
LINE
8
BLACK
6
CONTINUOUS
10
4.1318897637795278
20
-4.0592519685039372
11
4.0570866141732287
21
-4.0592519685039372
0
LINE
8
BLACK
6
CONTINUOUS
10
4.0570866141732287
20
-4.0592519685039372
11
4.0567099606299211
21
-4.059177047244094
0
LINE
8
BLACK
6
CONTINUOUS
10
4.0567099606299211
20
-4.059177047244094
11
4.0561772834645664
21
-4.0586443700787402
0
LINE
8
BLACK
6
CONTINUOUS
10
4.0561772834645664
20
-4.0586443700787402
11
4.0561023622047241
21
-4.0582677165354326
0
LINE
8
BLACK
6
CONTINUOUS
10
4.0561023622047241
20
-4.0582677165354326
11
4.0561023622047241
21
-3.925984251968504
0
LINE
8
BLACK
6
CONTINUOUS
10
4.0561023622047241
20
-3.925984251968504
11
4.0561772834645664
21
-3.9256075984251968
0
LINE
8
BLACK
6
CONTINUOUS
10
4.0561772834645664
20
-3.9256075984251968
11
4.0567099606299211
21
-3.9250749212598426
0
LINE
8
BLACK
6
CONTINUOUS
10
4.0567099606299211
20
-3.9250749212598426
11
4.0570866141732287
21
-3.9249999999999998
0
LINE
8
BLACK
6
CONTINUOUS
10
4.0570866141732287
20
-3.9249999999999998
11
4.1318897637795278
21
-3.9249999999999998
0
LINE
8
BLACK
6
CONTINUOUS
10
4.1318897637795278
20
-3.9249999999999998
11
4.1322664173228345
21
-3.9250749212598426
0
LINE
8
BLACK
6
CONTINUOUS
10
4.0580708661417324
20
-3.9269685039370077
11
4.0580708661417324
21
-4.0572834645669289
0
LINE
8
BLACK
6
CONTINUOUS
10
4.0580708661417324
20
-4.0572834645669289
11
4.1309055118110232
21
-4.0572834645669289
0
LINE
8
BLACK
6
CONTINUOUS
10
4.1309055118110232
20
-4.0572834645669289
11
4.1309055118110232
21
-3.9269685039370077
0
LINE
8
BLACK
6
CONTINUOUS
10
4.1309055118110232
20
-3.9269685039370077
11
4.0580708661417324
21
-3.9269685039370077
0
LINE
8
BLACK
6
CONTINUOUS
10
4.0527388582677162
20
-3.9250749212598426
11
4.0532715354330708
21
-3.9256075984251968
0
LINE
8
BLACK
6
CONTINUOUS
10
4.0532715354330708
20
-3.9256075984251968
11
4.0533464566929132
21
-3.925984251968504
0
LINE
8
BLACK
6
CONTINUOUS
10
4.0533464566929132
20
-3.925984251968504
11
4.0533464566929132
21
-4.0425196850393696
0
LINE
8
BLACK
6
CONTINUOUS
10
4.0533464566929132
20
-4.0425196850393696
11
4.0532715354330708
21
-4.0428963385826773
0
LINE
8
BLACK
6
CONTINUOUS
10
4.0532715354330708
20
-4.0428963385826773
11
4.0527388582677162
21
-4.043429015748031
0
LINE
8
BLACK
6
CONTINUOUS
10
4.0527388582677162
20
-4.043429015748031
11
4.0523622047244094
21
-4.0435039370078742
0
LINE
8
BLACK
6
CONTINUOUS
10
4.0523622047244094
20
-4.0435039370078742
11
3.9948818897637794
21
-4.0435039370078742
0
LINE
8
BLACK
6
CONTINUOUS
10
3.9948818897637794
20
-4.0435039370078742
11
3.9945052362204723
21
-4.043429015748031
0
LINE
8
BLACK
6
CONTINUOUS
10
3.9945052362204723
20
-4.043429015748031
11
3.9939725590551181
21
-4.0428963385826773
0
LINE
8
BLACK
6
CONTINUOUS
10
3.9939725590551181
20
-4.0428963385826773
11
3.9938976377952753
21
-4.0425196850393696
0
LINE
8
BLACK
6
CONTINUOUS
10
3.9938976377952753
20
-4.0425196850393696
11
3.9938976377952753
21
-3.925984251968504
0
LINE
8
BLACK
6
CONTINUOUS
10
3.9938976377952753
20
-3.925984251968504
11
3.9939725590551181
21
-3.9256075984251968
0
LINE
8
BLACK
6
CONTINUOUS
10
3.9939725590551181
20
-3.9256075984251968
11
3.9945052362204723
21
-3.9250749212598426
0
LINE
8
BLACK
6
CONTINUOUS
10
3.9945052362204723
20
-3.9250749212598426
11
3.9948818897637794
21
-3.9249999999999998
0
LINE
8
BLACK
6
CONTINUOUS
10
3.9948818897637794
20
-3.9249999999999998
11
4.0523622047244094
21
-3.9249999999999998
0
LINE
8
BLACK
6
CONTINUOUS
10
4.0523622047244094
20
-3.9249999999999998
11
4.0527388582677162
21
-3.9250749212598426
0
LINE
8
BLACK
6
CONTINUOUS
10
3.9958661417322832
20
-3.9269685039370077
11
3.9958661417322832
21
-4.0415354330708659
0
LINE
8
BLACK
6
CONTINUOUS
10
3.9958661417322832
20
-4.0415354330708659
11
4.0513779527559057
21
-4.0415354330708659
0
LINE
8
BLACK
6
CONTINUOUS
10
4.0513779527559057
20
-4.0415354330708659
11
4.0513779527559057
21
-3.9269685039370077
0
LINE
8
BLACK
6
CONTINUOUS
10
4.0513779527559057
20
-3.9269685039370077
11
3.9958661417322832
21
-3.9269685039370077
0
LINE
8
BLACK
6
CONTINUOUS
10
3.1541811417322836
20
-3.9827282283464567
11
3.1547138188976378
21
-3.9832609055118109
0
LINE
8
BLACK
6
CONTINUOUS
10
3.1547138188976378
20
-3.9832609055118109
11
3.1547887401574801
21
-3.9836375590551181
0
LINE
8
BLACK
6
CONTINUOUS
10
3.1547887401574801
20
-3.9836375590551181
11
3.1547887401574801
21
-4.0411178740157476
0
LINE
8
BLACK
6
CONTINUOUS
10
3.1547887401574801
20
-4.0411178740157476
11
3.1547138188976378
21
-4.0414945275590552
0
LINE
8
BLACK
6
CONTINUOUS
10
3.1547138188976378
20
-4.0414945275590552
11
3.1541811417322836
21
-4.042027204724409
0
LINE
8
BLACK
6
CONTINUOUS
10
3.1541811417322836
20
-4.042027204724409
11
3.1538044881889764
21
-4.0421021259842522
0
LINE
8
BLACK
6
CONTINUOUS
10
3.1538044881889764
20
-4.0421021259842522
11
3.0372690551181103
21
-4.0421021259842522
0
LINE
8
BLACK
6
CONTINUOUS
10
3.0372690551181103
20
-4.0421021259842522
11
3.0368924015748031
21
-4.042027204724409
0
LINE
8
BLACK
6
CONTINUOUS
10
3.0368924015748031
20
-4.042027204724409
11
3.0363597244094489
21
-4.0414945275590552
0
LINE
8
BLACK
6
CONTINUOUS
10
3.0363597244094489
20
-4.0414945275590552
11
3.0362848031496061
21
-4.0411178740157476
0
LINE
8
BLACK
6
CONTINUOUS
10
3.0362848031496061
20
-4.0411178740157476
11
3.0362848031496061
21
-3.9836375590551181
0
LINE
8
BLACK
6
CONTINUOUS
10
3.0362848031496061
20
-3.9836375590551181
11
3.0363597244094489
21
-3.9832609055118109
0
LINE
8
BLACK
6
CONTINUOUS
10
3.0363597244094489
20
-3.9832609055118109
11
3.0368924015748031
21
-3.9827282283464567
0
LINE
8
BLACK
6
CONTINUOUS
10
3.0368924015748031
20
-3.9827282283464567
11
3.0372690551181103
21
-3.9826533070866139
0
LINE
8
BLACK
6
CONTINUOUS
10
3.0372690551181103
20
-3.9826533070866139
11
3.1538044881889764
21
-3.9826533070866139
0
LINE
8
BLACK
6
CONTINUOUS
10
3.1538044881889764
20
-3.9826533070866139
11
3.1541811417322836
21
-3.9827282283464567
0
LINE
8
BLACK
6
CONTINUOUS
10
3.038253307086614
20
-3.9846218110236218
11
3.038253307086614
21
-4.0401336220472439
0
LINE
8
BLACK
6
CONTINUOUS
10
3.038253307086614
20
-4.0401336220472439
11
3.1528202362204722
21
-4.0401336220472439
0
LINE
8
BLACK
6
CONTINUOUS
10
3.1528202362204722
20
-4.0401336220472439
11
3.1528202362204722
21
-3.9846218110236218
0
LINE
8
BLACK
6
CONTINUOUS
10
3.1528202362204722
20
-3.9846218110236218
11
3.038253307086614
21
-3.9846218110236218
0
LINE
8
BLACK
6
CONTINUOUS
10
2.3110137401574802
20
-3.980193031496063
11
2.3115464173228344
21
-3.9807257086614172
0
LINE
8
BLACK
6
CONTINUOUS
10
2.3115464173228344
20
-3.9807257086614172
11
2.3116213385826772
21
-3.9811023622047244
0
LINE
8
BLACK
6
CONTINUOUS
10
2.3116213385826772
20
-3.9811023622047244
11
2.3116213385826772
21
-4.0385826771653539
0
LINE
8
BLACK
6
CONTINUOUS
10
2.3116213385826772
20
-4.0385826771653539
11
2.3115464173228344
21
-4.0389593307086615
0
LINE
8
BLACK
6
CONTINUOUS
10
2.3115464173228344
20
-4.0389593307086615
11
2.3110137401574802
21
-4.0394920078740153
0
LINE
8
BLACK
6
CONTINUOUS
10
2.3110137401574802
20
-4.0394920078740153
11
2.310637086614173
21
-4.0395669291338585
0
LINE
8
BLACK
6
CONTINUOUS
10
2.310637086614173
20
-4.0395669291338585
11
2.1941016535433069
21
-4.0395669291338585
0
LINE
8
BLACK
6
CONTINUOUS
10
2.1941016535433069
20
-4.0395669291338585
11
2.1937250000000001
21
-4.0394920078740153
0
LINE
8
BLACK
6
CONTINUOUS
10
2.1937250000000001
20
-4.0394920078740153
11
2.1931923228346455
21
-4.0389593307086615
0
LINE
8
BLACK
6
CONTINUOUS
10
2.1931923228346455
20
-4.0389593307086615
11
2.1931174015748032
21
-4.0385826771653539
0
LINE
8
BLACK
6
CONTINUOUS
10
2.1931174015748032
20
-4.0385826771653539
11
2.1931174015748032
21
-3.9811023622047244
0
LINE
8
BLACK
6
CONTINUOUS
10
2.1931174015748032
20
-3.9811023622047244
11
2.1931923228346455
21
-3.9807257086614172
0
LINE
8
BLACK
6
CONTINUOUS
10
2.1931923228346455
20
-3.9807257086614172
11
2.1937250000000001
21
-3.980193031496063
0
LINE
8
BLACK
6
CONTINUOUS
10
2.1937250000000001
20
-3.980193031496063
11
2.1941016535433069
21
-3.9801181102362202
0
LINE
8
BLACK
6
CONTINUOUS
10
2.1941016535433069
20
-3.9801181102362202
11
2.310637086614173
21
-3.9801181102362202
0
LINE
8
BLACK
6
CONTINUOUS
10
2.310637086614173
20
-3.9801181102362202
11
2.3110137401574802
21
-3.980193031496063
0
LINE
8
BLACK
6
CONTINUOUS
10
2.195085905511811
20
-3.9820866141732281
11
2.195085905511811
21
-4.0375984251968502
0
LINE
8
BLACK
6
CONTINUOUS
10
2.195085905511811
20
-4.0375984251968502
11
2.3096528346456693
21
-4.0375984251968502
0
LINE
8
BLACK
6
CONTINUOUS
10
2.3096528346456693
20
-4.0375984251968502
11
2.3096528346456693
21
-3.9820866141732281
0
LINE
8
BLACK
6
CONTINUOUS
10
2.3096528346456693
20
-3.9820866141732281
11
2.195085905511811
21
-3.9820866141732281
0
LINE
8
BLACK
6
CONTINUOUS
10
3.4019514566929132
20
-3.865232401574803
11
3.4024841338582674
21
-3.8657650787401572
0
LINE
8
BLACK
6
CONTINUOUS
10
3.4024841338582674
20
-3.8657650787401572
11
3.4025590551181102
21
-3.8661417322834644
0
LINE
8
BLACK
6
CONTINUOUS
10
3.4025590551181102
20
-3.8661417322834644
11
3.4025590551181102
21
-3.9685039370078741
0
LINE
8
BLACK
6
CONTINUOUS
10
3.4025590551181102
20
-3.9685039370078741
11
3.4024841338582674
21
-3.9688805905511808
0
LINE
8
BLACK
6
CONTINUOUS
10
3.4024841338582674
20
-3.9688805905511808
11
3.4019514566929132
21
-3.9694132677165355
0
LINE
8
BLACK
6
CONTINUOUS
10
3.4019514566929132
20
-3.9694132677165355
11
3.401574803149606
21
-3.9694881889763778
0
LINE
8
BLACK
6
CONTINUOUS
10
3.401574803149606
20
-3.9694881889763778
11
3.3307086614173227
21
-3.9694881889763778
0
LINE
8
BLACK
6
CONTINUOUS
10
3.3307086614173227
20
-3.9694881889763778
11
3.3303320078740155
21
-3.9694132677165355
0
LINE
8
BLACK
6
CONTINUOUS
10
3.3303320078740155
20
-3.9694132677165355
11
3.3297993307086613
21
-3.9688805905511808
0
LINE
8
BLACK
6
CONTINUOUS
10
3.3297993307086613
20
-3.9688805905511808
11
3.329724409448819
21
-3.9685039370078741
0
LINE
8
BLACK
6
CONTINUOUS
10
3.329724409448819
20
-3.9685039370078741
11
3.329724409448819
21
-3.8661417322834644
0
LINE
8
BLACK
6
CONTINUOUS
10
3.329724409448819
20
-3.8661417322834644
11
3.3297993307086613
21
-3.8657650787401572
0
LINE
8
BLACK
6
CONTINUOUS
10
3.3297993307086613
20
-3.8657650787401572
11
3.3303320078740155
21
-3.865232401574803
0
LINE
8
BLACK
6
CONTINUOUS
10
3.3303320078740155
20
-3.865232401574803
11
3.3307086614173227
21
-3.8651574803149606
0
LINE
8
BLACK
6
CONTINUOUS
10
3.3307086614173227
20
-3.8651574803149606
11
3.401574803149606
21
-3.8651574803149606
0
LINE
8
BLACK
6
CONTINUOUS
10
3.401574803149606
20
-3.8651574803149606
11
3.4019514566929132
21
-3.865232401574803
0
LINE
8
BLACK
6
CONTINUOUS
10
3.3316929133858268
20
-3.8671259842519685
11
3.3316929133858268
21
-3.9675196850393699
0
LINE
8
BLACK
6
CONTINUOUS
10
3.3316929133858268
20
-3.9675196850393699
11
3.4005905511811023
21
-3.9675196850393699
0
LINE
8
BLACK
6
CONTINUOUS
10
3.4005905511811023
20
-3.9675196850393699
11
3.4005905511811023
21
-3.8671259842519685
0
LINE
8
BLACK
6
CONTINUOUS
10
3.4005905511811023
20
-3.8671259842519685
11
3.3316929133858268
21
-3.8671259842519685
0
LINE
8
BLACK
6
CONTINUOUS
10
3.2673057874015745
20
-3.9073583858267718
11
3.2678384645669292
21
-3.907891062992126
0
LINE
8
BLACK
6
CONTINUOUS
10
3.2678384645669292
20
-3.907891062992126
11
3.2679133858267715
21
-3.9082677165354331
0
LINE
8
BLACK
6
CONTINUOUS
10
3.2679133858267715
20
-3.9082677165354331
11
3.2679133858267715
21
-3.9657480314960627
0
LINE
8
BLACK
6
CONTINUOUS
10
3.2679133858267715
20
-3.9657480314960627
11
3.2678384645669292
21
-3.9661246850393699
0
LINE
8
BLACK
6
CONTINUOUS
10
3.2678384645669292
20
-3.9661246850393699
11
3.2673057874015745
21
-3.9666573622047245
0
LINE
8
BLACK
6
CONTINUOUS
10
3.2673057874015745
20
-3.9666573622047245
11
3.2669291338582678
21
-3.9667322834645669
0
LINE
8
BLACK
6
CONTINUOUS
10
3.2669291338582678
20
-3.9667322834645669
11
3.1503937007874017
21
-3.9667322834645669
0
LINE
8
BLACK
6
CONTINUOUS
10
3.1503937007874017
20
-3.9667322834645669
11
3.1500170472440945
21
-3.9666573622047245
0
LINE
8
BLACK
6
CONTINUOUS
10
3.1500170472440945
20
-3.9666573622047245
11
3.1494843700787403
21
-3.9661246850393699
0
LINE
8
BLACK
6
CONTINUOUS
10
3.1494843700787403
20
-3.9661246850393699
11
3.1494094488188975
21
-3.9657480314960627
0
LINE
8
BLACK
6
CONTINUOUS
10
3.1494094488188975
20
-3.9657480314960627
11
3.1494094488188975
21
-3.9082677165354331
0
LINE
8
BLACK
6
CONTINUOUS
10
3.1494094488188975
20
-3.9082677165354331
11
3.1494843700787403
21
-3.907891062992126
0
LINE
8
BLACK
6
CONTINUOUS
10
3.1494843700787403
20
-3.907891062992126
11
3.1500170472440945
21
-3.9073583858267718
0
LINE
8
BLACK
6
CONTINUOUS
10
3.1500170472440945
20
-3.9073583858267718
11
3.1503937007874017
21
-3.907283464566929
0
LINE
8
BLACK
6
CONTINUOUS
10
3.1503937007874017
20
-3.907283464566929
11
3.2669291338582678
21
-3.907283464566929
0
LINE
8
BLACK
6
CONTINUOUS
10
3.2669291338582678
20
-3.907283464566929
11
3.2673057874015745
21
-3.9073583858267718
0
LINE
8
BLACK
6
CONTINUOUS
10
3.1513779527559054
20
-3.9092519685039369
11
3.1513779527559054
21
-3.964763779527559
0
LINE
8
BLACK
6
CONTINUOUS
10
3.1513779527559054
20
-3.964763779527559
11
3.2659448818897636
21
-3.964763779527559
0
LINE
8
BLACK
6
CONTINUOUS
10
3.2659448818897636
20
-3.964763779527559
11
3.2659448818897636
21
-3.9092519685039369
0
LINE
8
BLACK
6
CONTINUOUS
10
3.2659448818897636
20
-3.9092519685039369
11
3.1513779527559054
21
-3.9092519685039369
0
LINE
8
BLACK
6
CONTINUOUS
10
4.0527388582677162
20
-3.8030276771653542
11
4.0531496062992129
21
-3.8034384251968505
0
LINE
8
BLACK
6
CONTINUOUS
10
4.0531496062992129
20
-3.8034384251968505
11
4.0535603543307088
21
-3.8030276771653542
0
LINE
8
BLACK
6
CONTINUOUS
10
4.0535603543307088
20
-3.8030276771653542
11
4.0539370078740156
21
-3.8029527559055119
0
LINE
8
BLACK
6
CONTINUOUS
10
4.0539370078740156
20
-3.8029527559055119
11
4.1114173228346456
21
-3.8029527559055119
0
LINE
8
BLACK
6
CONTINUOUS
10
4.1114173228346456
20
-3.8029527559055119
11
4.1117939763779523
21
-3.8030276771653542
0
LINE
8
BLACK
6
CONTINUOUS
10
4.1117939763779523
20
-3.8030276771653542
11
4.112326653543307
21
-3.8035603543307084
0
LINE
8
BLACK
6
CONTINUOUS
10
4.112326653543307
20
-3.8035603543307084
11
4.1124015748031493
21
-3.8039370078740156
0
LINE
8
BLACK
6
CONTINUOUS
10
4.1124015748031493
20
-3.8039370078740156
11
4.1124015748031493
21
-3.9204724409448817
0
LINE
8
BLACK
6
CONTINUOUS
10
4.1124015748031493
20
-3.9204724409448817
11
4.112326653543307
21
-3.9208490944881889
0
LINE
8
BLACK
6
CONTINUOUS
10
4.112326653543307
20
-3.9208490944881889
11
4.1117939763779523
21
-3.9213817716535431
0
LINE
8
BLACK
6
CONTINUOUS
10
4.1117939763779523
20
-3.9213817716535431
11
4.1114173228346456
21
-3.9214566929133858
0
LINE
8
BLACK
6
CONTINUOUS
10
4.1114173228346456
20
-3.9214566929133858
11
4.0539370078740156
21
-3.9214566929133858
0
LINE
8
BLACK
6
CONTINUOUS
10
4.0539370078740156
20
-3.9214566929133858
11
4.0535603543307088
21
-3.9213817716535431
0
LINE
8
BLACK
6
CONTINUOUS
10
4.0535603543307088
20
-3.9213817716535431
11
4.0531496062992129
21
-3.9209710236220472
0
LINE
8
BLACK
6
CONTINUOUS
10
4.0531496062992129
20
-3.9209710236220472
11
4.0527388582677162
21
-3.9213817716535431
0
LINE
8
BLACK
6
CONTINUOUS
10
4.0527388582677162
20
-3.9213817716535431
11
4.0523622047244094
21
-3.9214566929133858
0
LINE
8
BLACK
6
CONTINUOUS
10
4.0523622047244094
20
-3.9214566929133858
11
3.9948818897637794
21
-3.9214566929133858
0
LINE
8
BLACK
6
CONTINUOUS
10
3.9948818897637794
20
-3.9214566929133858
11
3.9945052362204723
21
-3.9213817716535431
0
LINE
8
BLACK
6
CONTINUOUS
10
3.9945052362204723
20
-3.9213817716535431
11
3.9939725590551181
21
-3.9208490944881889
0
LINE
8
BLACK
6
CONTINUOUS
10
3.9939725590551181
20
-3.9208490944881889
11
3.9938976377952753
21
-3.9204724409448817
0
LINE
8
BLACK
6
CONTINUOUS
10
3.9938976377952753
20
-3.9204724409448817
11
3.9938976377952753
21
-3.8039370078740156
0
LINE
8
BLACK
6
CONTINUOUS
10
3.9938976377952753
20
-3.8039370078740156
11
3.9939725590551181
21
-3.8035603543307084
0
LINE
8
BLACK
6
CONTINUOUS
10
3.9939725590551181
20
-3.8035603543307084
11
3.9945052362204723
21
-3.8030276771653542
0
LINE
8
BLACK
6
CONTINUOUS
10
3.9945052362204723
20
-3.8030276771653542
11
3.9948818897637794
21
-3.8029527559055119
0
LINE
8
BLACK
6
CONTINUOUS
10
3.9948818897637794
20
-3.8029527559055119
11
4.0523622047244094
21
-3.8029527559055119
0
LINE
8
BLACK
6
CONTINUOUS
10
4.0523622047244094
20
-3.8029527559055119
11
4.0527388582677162
21
-3.8030276771653542
0
LINE
8
BLACK
6
CONTINUOUS
10
4.0549212598425193
20
-3.8049212598425197
11
4.0549212598425193
21
-3.919488188976378
0
LINE
8
BLACK
6
CONTINUOUS
10
4.0549212598425193
20
-3.919488188976378
11
4.1104330708661418
21
-3.919488188976378
0
LINE
8
BLACK
6
CONTINUOUS
10
4.1104330708661418
20
-3.919488188976378
11
4.1104330708661418
21
-3.8049212598425197
0
LINE
8
BLACK
6
CONTINUOUS
10
4.1104330708661418
20
-3.8049212598425197
11
4.0549212598425193
21
-3.8049212598425197
0
LINE
8
BLACK
6
CONTINUOUS
10
3.9958661417322832
20
-3.8049212598425197
11
3.9958661417322832
21
-3.919488188976378
0
LINE
8
BLACK
6
CONTINUOUS
10
3.9958661417322832
20
-3.919488188976378
11
4.0513779527559057
21
-3.919488188976378
0
LINE
8
BLACK
6
CONTINUOUS
10
4.0513779527559057
20
-3.919488188976378
11
4.0513779527559057
21
-3.8049212598425197
0
LINE
8
BLACK
6
CONTINUOUS
10
4.0513779527559057
20
-3.8049212598425197
11
3.9958661417322832
21
-3.8049212598425197
0
LINE
8
BLACK
6
CONTINUOUS
10
4.2476207480314958
20
-3.8246812204724407
11
4.2481534251968505
21
-3.8252138976377954
0
LINE
8
BLACK
6
CONTINUOUS
10
4.2481534251968505
20
-3.8252138976377954
11
4.2482283464566928
21
-3.8255905511811021
0
LINE
8
BLACK
6
CONTINUOUS
10
4.2482283464566928
20
-3.8255905511811021
11
4.2482283464566928
21
-3.8830708661417321
0
LINE
8
BLACK
6
CONTINUOUS
10
4.2482283464566928
20
-3.8830708661417321
11
4.2481534251968505
21
-3.8834475196850393
0
LINE
8
BLACK
6
CONTINUOUS
10
4.2481534251968505
20
-3.8834475196850393
11
4.2476207480314958
21
-3.8839801968503935
0
LINE
8
BLACK
6
CONTINUOUS
10
4.2476207480314958
20
-3.8839801968503935
11
4.2472440944881891
21
-3.8840551181102363
0
LINE
8
BLACK
6
CONTINUOUS
10
4.2472440944881891
20
-3.8840551181102363
11
4.130708661417323
21
-3.8840551181102363
0
LINE
8
BLACK
6
CONTINUOUS
10
4.130708661417323
20
-3.8840551181102363
11
4.1303320078740153
21
-3.8839801968503935
0
LINE
8
BLACK
6
CONTINUOUS
10
4.1303320078740153
20
-3.8839801968503935
11
4.1297993307086616
21
-3.8834475196850393
0
LINE
8
BLACK
6
CONTINUOUS
10
4.1297993307086616
20
-3.8834475196850393
11
4.1297244094488192
21
-3.8830708661417321
0
LINE
8
BLACK
6
CONTINUOUS
10
4.1297244094488192
20
-3.8830708661417321
11
4.1297244094488192
21
-3.8255905511811021
0
LINE
8
BLACK
6
CONTINUOUS
10
4.1297244094488192
20
-3.8255905511811021
11
4.1297993307086616
21
-3.8252138976377954
0
LINE
8
BLACK
6
CONTINUOUS
10
4.1297993307086616
20
-3.8252138976377954
11
4.1303320078740153
21
-3.8246812204724407
0
LINE
8
BLACK
6
CONTINUOUS
10
4.1303320078740153
20
-3.8246812204724407
11
4.130708661417323
21
-3.8246062992125984
0
LINE
8
BLACK
6
CONTINUOUS
10
4.130708661417323
20
-3.8246062992125984
11
4.2472440944881891
21
-3.8246062992125984
0
LINE
8
BLACK
6
CONTINUOUS
10
4.2472440944881891
20
-3.8246062992125984
11
4.2476207480314958
21
-3.8246812204724407
0
LINE
8
BLACK
6
CONTINUOUS
10
4.1316929133858267
20
-3.8265748031496063
11
4.1316929133858267
21
-3.8820866141732284
0
LINE
8
BLACK
6
CONTINUOUS
10
4.1316929133858267
20
-3.8820866141732284
11
4.2462598425196854
21
-3.8820866141732284
0
LINE
8
BLACK
6
CONTINUOUS
10
4.2462598425196854
20
-3.8820866141732284
11
4.2462598425196854
21
-3.8265748031496063
0
LINE
8
BLACK
6
CONTINUOUS
10
4.2462598425196854
20
-3.8265748031496063
11
4.1316929133858267
21
-3.8265748031496063
0
LINE
8
BLACK
6
CONTINUOUS
10
3.259431771653543
20
-3.8168072047244093
11
3.2599644488188977
21
-3.8173398818897635
0
LINE
8
BLACK
6
CONTINUOUS
10
3.2599644488188977
20
-3.8173398818897635
11
3.26003937007874
21
-3.8177165354330707
0
LINE
8
BLACK
6
CONTINUOUS
10
3.26003937007874
20
-3.8177165354330707
11
3.26003937007874
21
-3.8751968503937007
0
LINE
8
BLACK
6
CONTINUOUS
10
3.26003937007874
20
-3.8751968503937007
11
3.2599644488188977
21
-3.8755735039370078
0
LINE
8
BLACK
6
CONTINUOUS
10
3.2599644488188977
20
-3.8755735039370078
11
3.259431771653543
21
-3.876106181102362
0
LINE
8
BLACK
6
CONTINUOUS
10
3.259431771653543
20
-3.876106181102362
11
3.2590551181102363
21
-3.8761811023622048
0
LINE
8
BLACK
6
CONTINUOUS
10
3.2590551181102363
20
-3.8761811023622048
11
3.1425196850393702
21
-3.8761811023622048
0
LINE
8
BLACK
6
CONTINUOUS
10
3.1425196850393702
20
-3.8761811023622048
11
3.142143031496063
21
-3.876106181102362
0
LINE
8
BLACK
6
CONTINUOUS
10
3.142143031496063
20
-3.876106181102362
11
3.1416103543307088
21
-3.8755735039370078
0
LINE
8
BLACK
6
CONTINUOUS
10
3.1416103543307088
20
-3.8755735039370078
11
3.141535433070866
21
-3.8751968503937007
0
LINE
8
BLACK
6
CONTINUOUS
10
3.141535433070866
20
-3.8751968503937007
11
3.141535433070866
21
-3.8177165354330707
0
LINE
8
BLACK
6
CONTINUOUS
10
3.141535433070866
20
-3.8177165354330707
11
3.1416103543307088
21
-3.8173398818897635
0
LINE
8
BLACK
6
CONTINUOUS
10
3.1416103543307088
20
-3.8173398818897635
11
3.142143031496063
21
-3.8168072047244093
0
LINE
8
BLACK
6
CONTINUOUS
10
3.142143031496063
20
-3.8168072047244093
11
3.1425196850393702
21
-3.8167322834645669
0
LINE
8
BLACK
6
CONTINUOUS
10
3.1425196850393702
20
-3.8167322834645669
11
3.2590551181102363
21
-3.8167322834645669
0
LINE
8
BLACK
6
CONTINUOUS
10
3.2590551181102363
20
-3.8167322834645669
11
3.259431771653543
21
-3.8168072047244093
0
LINE
8
BLACK
6
CONTINUOUS
10
3.1435039370078739
20
-3.8187007874015748
11
3.1435039370078739
21
-3.8742125984251969
0
LINE
8
BLACK
6
CONTINUOUS
10
3.1435039370078739
20
-3.8742125984251969
11
3.2580708661417321
21
-3.8742125984251969
0
LINE
8
BLACK
6
CONTINUOUS
10
3.2580708661417321
20
-3.8742125984251969
11
3.2580708661417321
21
-3.8187007874015748
0
LINE
8
BLACK
6
CONTINUOUS
10
3.2580708661417321
20
-3.8187007874015748
11
3.1435039370078739
21
-3.8187007874015748
0
LINE
8
BLACK
6
CONTINUOUS
10
3.3362034251968504
20
-3.7400355511811023
11
3.3366141732283463
21
-3.7404462992125982
0
LINE
8
BLACK
6
CONTINUOUS
10
3.3366141732283463
20
-3.7404462992125982
11
3.3370249212598426
21
-3.7400355511811023
0
LINE
8
BLACK
6
CONTINUOUS
10
3.3370249212598426
20
-3.7400355511811023
11
3.3374015748031494
21
-3.7399606299212595
0
LINE
8
BLACK
6
CONTINUOUS
10
3.3374015748031494
20
-3.7399606299212595
11
3.3948818897637794
21
-3.7399606299212595
0
LINE
8
BLACK
6
CONTINUOUS
10
3.3948818897637794
20
-3.7399606299212595
11
3.3952585433070865
21
-3.7400355511811023
0
LINE
8
BLACK
6
CONTINUOUS
10
3.3952585433070865
20
-3.7400355511811023
11
3.3957912204724408
21
-3.7405682283464565
0
LINE
8
BLACK
6
CONTINUOUS
10
3.3957912204724408
20
-3.7405682283464565
11
3.3958661417322835
21
-3.7409448818897637
0
LINE
8
BLACK
6
CONTINUOUS
10
3.3958661417322835
20
-3.7409448818897637
11
3.3958661417322835
21
-3.8574803149606298
0
LINE
8
BLACK
6
CONTINUOUS
10
3.3958661417322835
20
-3.8574803149606298
11
3.3957912204724408
21
-3.857856968503937
0
LINE
8
BLACK
6
CONTINUOUS
10
3.3957912204724408
20
-3.857856968503937
11
3.3952585433070865
21
-3.8583896456692912
0
LINE
8
BLACK
6
CONTINUOUS
10
3.3952585433070865
20
-3.8583896456692912
11
3.3948818897637794
21
-3.858464566929134
0
LINE
8
BLACK
6
CONTINUOUS
10
3.3948818897637794
20
-3.858464566929134
11
3.3374015748031494
21
-3.858464566929134
0
LINE
8
BLACK
6
CONTINUOUS
10
3.3374015748031494
20
-3.858464566929134
11
3.3370249212598426
21
-3.8583896456692912
0
LINE
8
BLACK
6
CONTINUOUS
10
3.3370249212598426
20
-3.8583896456692912
11
3.3366141732283463
21
-3.8579788976377953
0
LINE
8
BLACK
6
CONTINUOUS
10
3.3366141732283463
20
-3.8579788976377953
11
3.3362034251968504
21
-3.8583896456692912
0
LINE
8
BLACK
6
CONTINUOUS
10
3.3362034251968504
20
-3.8583896456692912
11
3.3358267716535432
21
-3.858464566929134
0
LINE
8
BLACK
6
CONTINUOUS
10
3.3358267716535432
20
-3.858464566929134
11
3.2783464566929132
21
-3.858464566929134
0
LINE
8
BLACK
6
CONTINUOUS
10
3.2783464566929132
20
-3.858464566929134
11
3.2779698031496061
21
-3.8583896456692912
0
LINE
8
BLACK
6
CONTINUOUS
10
3.2779698031496061
20
-3.8583896456692912
11
3.2774371259842519
21
-3.857856968503937
0
LINE
8
BLACK
6
CONTINUOUS
10
3.2774371259842519
20
-3.857856968503937
11
3.2773622047244095
21
-3.8574803149606298
0
LINE
8
BLACK
6
CONTINUOUS
10
3.2773622047244095
20
-3.8574803149606298
11
3.2773622047244095
21
-3.7409448818897637
0
LINE
8
BLACK
6
CONTINUOUS
10
3.2773622047244095
20
-3.7409448818897637
11
3.2774371259842519
21
-3.7405682283464565
0
LINE
8
BLACK
6
CONTINUOUS
10
3.2774371259842519
20
-3.7405682283464565
11
3.2779698031496061
21
-3.7400355511811023
0
LINE
8
BLACK
6
CONTINUOUS
10
3.2779698031496061
20
-3.7400355511811023
11
3.2783464566929132
21
-3.7399606299212595
0
LINE
8
BLACK
6
CONTINUOUS
10
3.2783464566929132
20
-3.7399606299212595
11
3.3358267716535432
21
-3.7399606299212595
0
LINE
8
BLACK
6
CONTINUOUS
10
3.3358267716535432
20
-3.7399606299212595
11
3.3362034251968504
21
-3.7400355511811023
0
LINE
8
BLACK
6
CONTINUOUS
10
3.3383858267716535
20
-3.7419291338582674
11
3.3383858267716535
21
-3.8564960629921261
0
LINE
8
BLACK
6
CONTINUOUS
10
3.3383858267716535
20
-3.8564960629921261
11
3.3938976377952756
21
-3.8564960629921261
0
LINE
8
BLACK
6
CONTINUOUS
10
3.3938976377952756
20
-3.8564960629921261
11
3.3938976377952756
21
-3.7419291338582674
0
LINE
8
BLACK
6
CONTINUOUS
10
3.3938976377952756
20
-3.7419291338582674
11
3.3383858267716535
21
-3.7419291338582674
0
LINE
8
BLACK
6
CONTINUOUS
10
3.2793307086614174
20
-3.7419291338582674
11
3.2793307086614174
21
-3.8564960629921261
0
LINE
8
BLACK
6
CONTINUOUS
10
3.2793307086614174
20
-3.8564960629921261
11
3.3348425196850391
21
-3.8564960629921261
0
LINE
8
BLACK
6
CONTINUOUS
10
3.3348425196850391
20
-3.8564960629921261
11
3.3348425196850391
21
-3.7419291338582674
0
LINE
8
BLACK
6
CONTINUOUS
10
3.3348425196850391
20
-3.7419291338582674
11
3.2793307086614174
21
-3.7419291338582674
0
LINE
8
BLACK
6
CONTINUOUS
10
3.22824968503937
20
-3.7330368503937006
11
3.2355583464566928
21
-3.7360642125984249
0
LINE
8
BLACK
6
CONTINUOUS
10
3.2355583464566928
20
-3.7360642125984249
11
3.2421359448818898
21
-3.7404592125984251
0
LINE
8
BLACK
6
CONTINUOUS
10
3.2421359448818898
20
-3.7404592125984251
11
3.2477297637795273
21
-3.7460530314960629
0
LINE
8
BLACK
6
CONTINUOUS
10
3.2477297637795273
20
-3.7460530314960629
11
3.2521247637795274
21
-3.75263062992126
0
LINE
8
BLACK
6
CONTINUOUS
10
3.2521247637795274
20
-3.75263062992126
11
3.2551521259842517
21
-3.7599392913385827
0
LINE
8
BLACK
6
CONTINUOUS
10
3.2551521259842517
20
-3.7599392913385827
11
3.256695433070866
21
-3.7676981102362204
0
LINE
8
BLACK
6
CONTINUOUS
10
3.256695433070866
20
-3.7676981102362204
11
3.256695433070866
21
-3.7756089763779528
0
LINE
8
BLACK
6
CONTINUOUS
10
3.256695433070866
20
-3.7756089763779528
11
3.2551521259842517
21
-3.7833677952755904
0
LINE
8
BLACK
6
CONTINUOUS
10
3.2551521259842517
20
-3.7833677952755904
11
3.2521247637795274
21
-3.7906764566929132
0
LINE
8
BLACK
6
CONTINUOUS
10
3.2521247637795274
20
-3.7906764566929132
11
3.2477297637795273
21
-3.7972540551181102
0
LINE
8
BLACK
6
CONTINUOUS
10
3.2477297637795273
20
-3.7972540551181102
11
3.2421359448818898
21
-3.8028478740157481
0
LINE
8
BLACK
6
CONTINUOUS
10
3.2421359448818898
20
-3.8028478740157481
11
3.2355583464566928
21
-3.8072428740157478
0
LINE
8
BLACK
6
CONTINUOUS
10
3.2355583464566928
20
-3.8072428740157478
11
3.22824968503937
21
-3.8102702362204726
0
LINE
8
BLACK
6
CONTINUOUS
10
3.22824968503937
20
-3.8102702362204726
11
3.2204908661417324
21
-3.8118135433070863
0
LINE
8
BLACK
6
CONTINUOUS
10
3.2204908661417324
20
-3.8118135433070863
11
3.21258
21
-3.8118135433070863
0
LINE
8
BLACK
6
CONTINUOUS
10
3.21258
20
-3.8118135433070863
11
3.2048211811023619
21
-3.8102702362204726
0
LINE
8
BLACK
6
CONTINUOUS
10
3.2048211811023619
20
-3.8102702362204726
11
3.1975125196850391
21
-3.8072428740157478
0
LINE
8
BLACK
6
CONTINUOUS
10
3.1975125196850391
20
-3.8072428740157478
11
3.1909349212598426
21
-3.8028478740157481
0
LINE
8
BLACK
6
CONTINUOUS
10
3.1909349212598426
20
-3.8028478740157481
11
3.1853411023622047
21
-3.7972540551181102
0
LINE
8
BLACK
6
CONTINUOUS
10
3.1853411023622047
20
-3.7972540551181102
11
3.1809461023622045
21
-3.7906764566929132
0
LINE
8
BLACK
6
CONTINUOUS
10
3.1809461023622045
20
-3.7906764566929132
11
3.1779187401574802
21
-3.7833677952755904
0
LINE
8
BLACK
6
CONTINUOUS
10
3.1779187401574802
20
-3.7833677952755904
11
3.176375433070866
21
-3.7756089763779528
0
LINE
8
BLACK
6
CONTINUOUS
10
3.176375433070866
20
-3.7756089763779528
11
3.176375433070866
21
-3.7678728740157479
0
LINE
8
BLACK
6
CONTINUOUS
10
3.176375433070866
20
-3.7678728740157479
11
3.176375433070866
21
-3.7676981102362204
0
LINE
8
BLACK
6
CONTINUOUS
10
3.176375433070866
20
-3.7676981102362204
11
3.1779187401574802
21
-3.7599392913385827
0
LINE
8
BLACK
6
CONTINUOUS
10
3.1779187401574802
20
-3.7599392913385827
11
3.1809461023622045
21
-3.75263062992126
0
LINE
8
BLACK
6
CONTINUOUS
10
3.1809461023622045
20
-3.75263062992126
11
3.1853411023622047
21
-3.7460530314960629
0
LINE
8
BLACK
6
CONTINUOUS
10
3.1853411023622047
20
-3.7460530314960629
11
3.1909349212598426
21
-3.7404592125984251
0
LINE
8
BLACK
6
CONTINUOUS
10
3.1909349212598426
20
-3.7404592125984251
11
3.1975125196850391
21
-3.7360642125984249
0
LINE
8
BLACK
6
CONTINUOUS
10
3.1975125196850391
20
-3.7360642125984249
11
3.2048211811023619
21
-3.7330368503937006
0
LINE
8
BLACK
6
CONTINUOUS
10
3.2048211811023619
20
-3.7330368503937006
11
3.21258
21
-3.7314935433070864
0
LINE
8
BLACK
6
CONTINUOUS
10
3.21258
20
-3.7314935433070864
11
3.2204908661417324
21
-3.7314935433070864
0
LINE
8
BLACK
6
CONTINUOUS
10
3.2204908661417324
20
-3.7314935433070864
11
3.22824968503937
21
-3.7330368503937006
0
LINE
8
BLACK
6
CONTINUOUS
10
3.1781496062992125
20
-3.7754342125984253
11
3.1796247244094489
21
-3.7828502755905511
0
LINE
8
BLACK
6
CONTINUOUS
10
3.1796247244094489
20
-3.7828502755905511
11
3.1825183464566926
21
-3.7898360629921259
0
LINE
8
BLACK
6
CONTINUOUS
10
3.1825183464566926
20
-3.7898360629921259
11
3.1867192125984252
21
-3.7961231102362203
0
LINE
8
BLACK
6
CONTINUOUS
10
3.1867192125984252
20
-3.7961231102362203
11
3.192065866141732
21
-3.8014697637795276
0
LINE
8
BLACK
6
CONTINUOUS
10
3.192065866141732
20
-3.8014697637795276
11
3.1983529133858268
21
-3.8056706299212597
0
LINE
8
BLACK
6
CONTINUOUS
10
3.1983529133858268
20
-3.8056706299212597
11
3.2053387007874017
21
-3.8085642519685039
0
LINE
8
BLACK
6
CONTINUOUS
10
3.2053387007874017
20
-3.8085642519685039
11
3.2127547637795275
21
-3.8100393700787403
0
LINE
8
BLACK
6
CONTINUOUS
10
3.2127547637795275
20
-3.8100393700787403
11
3.2203161023622044
21
-3.8100393700787403
0
LINE
8
BLACK
6
CONTINUOUS
10
3.2203161023622044
20
-3.8100393700787403
11
3.2277321653543307
21
-3.8085642519685039
0
LINE
8
BLACK
6
CONTINUOUS
10
3.2277321653543307
20
-3.8085642519685039
11
3.2347179527559056
21
-3.8056706299212597
0
LINE
8
BLACK
6
CONTINUOUS
10
3.2347179527559056
20
-3.8056706299212597
11
3.2410049999999999
21
-3.8014697637795276
0
LINE
8
BLACK
6
CONTINUOUS
10
3.2410049999999999
20
-3.8014697637795276
11
3.2463516535433068
21
-3.7961231102362203
0
LINE
8
BLACK
6
CONTINUOUS
10
3.2463516535433068
20
-3.7961231102362203
11
3.2505525196850393
21
-3.7898360629921259
0
LINE
8
BLACK
6
CONTINUOUS
10
3.2505525196850393
20
-3.7898360629921259
11
3.2534461417322835
21
-3.7828502755905511
0
LINE
8
BLACK
6
CONTINUOUS
10
3.2534461417322835
20
-3.7828502755905511
11
3.2549212598425195
21
-3.7754342125984253
0
LINE
8
BLACK
6
CONTINUOUS
10
3.2549212598425195
20
-3.7754342125984253
11
3.2549212598425195
21
-3.7678728740157479
0
LINE
8
BLACK
6
CONTINUOUS
10
3.2549212598425195
20
-3.7678728740157479
11
3.2534461417322835
21
-3.7604568110236221
0
LINE
8
BLACK
6
CONTINUOUS
10
3.2534461417322835
20
-3.7604568110236221
11
3.2505525196850393
21
-3.7534710236220472
0
LINE
8
BLACK
6
CONTINUOUS
10
3.2505525196850393
20
-3.7534710236220472
11
3.2463516535433068
21
-3.7471839763779529
0
LINE
8
BLACK
6
CONTINUOUS
10
3.2463516535433068
20
-3.7471839763779529
11
3.2410049999999999
21
-3.7418373228346455
0
LINE
8
BLACK
6
CONTINUOUS
10
3.2410049999999999
20
-3.7418373228346455
11
3.2347179527559056
21
-3.7376364566929134
0
LINE
8
BLACK
6
CONTINUOUS
10
3.2347179527559056
20
-3.7376364566929134
11
3.2277321653543307
21
-3.7347428346456693
0
LINE
8
BLACK
6
CONTINUOUS
10
3.2277321653543307
20
-3.7347428346456693
11
3.2203161023622044
21
-3.7332677165354329
0
LINE
8
BLACK
6
CONTINUOUS
10
3.2203161023622044
20
-3.7332677165354329
11
3.2127547637795275
21
-3.7332677165354329
0
LINE
8
BLACK
6
CONTINUOUS
10
3.2127547637795275
20
-3.7332677165354329
11
3.2053387007874017
21
-3.7347428346456693
0
LINE
8
BLACK
6
CONTINUOUS
10
3.2053387007874017
20
-3.7347428346456693
11
3.1983529133858268
21
-3.7376364566929134
0
LINE
8
BLACK
6
CONTINUOUS
10
3.1983529133858268
20
-3.7376364566929134
11
3.192065866141732
21
-3.7418373228346455
0
LINE
8
BLACK
6
CONTINUOUS
10
3.192065866141732
20
-3.7418373228346455
11
3.1867192125984252
21
-3.7471839763779529
0
LINE
8
BLACK
6
CONTINUOUS
10
3.1867192125984252
20
-3.7471839763779529
11
3.1825183464566926
21
-3.7534710236220472
0
LINE
8
BLACK
6
CONTINUOUS
10
3.1825183464566926
20
-3.7534710236220472
11
3.1796247244094489
21
-3.7604568110236221
0
LINE
8
BLACK
6
CONTINUOUS
10
3.1796247244094489
20
-3.7604568110236221
11
3.1781496062992125
21
-3.7678728740157479
0
LINE
8
BLACK
6
CONTINUOUS
10
3.1781496062992125
20
-3.7678728740157479
11
3.1781496062992125
21
-3.7754342125984253
0
LINE
8
BLACK
6
CONTINUOUS
10
2.8041520078740159
20
-3.7142546062992126
11
2.8054304330708661
21
-3.7155330314960628
0
LINE
8
BLACK
6
CONTINUOUS
10
2.8054304330708661
20
-3.7155330314960628
11
2.8056102362204722
21
-3.7164370078740157
0
LINE
8
BLACK
6
CONTINUOUS
10
2.8056102362204722
20
-3.7164370078740157
11
2.8056102362204722
21
-3.7912401574803147
0
LINE
8
BLACK
6
CONTINUOUS
10
2.8056102362204722
20
-3.7912401574803147
11
2.8054304330708661
21
-3.7921441338582675
0
LINE
8
BLACK
6
CONTINUOUS
10
2.8054304330708661
20
-3.7921441338582675
11
2.8041520078740159
21
-3.7934225590551178
0
LINE
8
BLACK
6
CONTINUOUS
10
2.8041520078740159
20
-3.7934225590551178
11
2.8032480314960631
21
-3.7936023622047244
0
LINE
8
BLACK
6
CONTINUOUS
10
2.8032480314960631
20
-3.7936023622047244
11
2.7638779527559056
21
-3.7936023622047244
0
LINE
8
BLACK
6
CONTINUOUS
10
2.7638779527559056
20
-3.7936023622047244
11
2.7629739763779528
21
-3.7934225590551178
0
LINE
8
BLACK
6
CONTINUOUS
10
2.7629739763779528
20
-3.7934225590551178
11
2.7616955511811021
21
-3.7921441338582675
0
LINE
8
BLACK
6
CONTINUOUS
10
2.7616955511811021
20
-3.7921441338582675
11
2.761515748031496
21
-3.7912401574803147
0
LINE
8
BLACK
6
CONTINUOUS
10
2.761515748031496
20
-3.7912401574803147
11
2.761515748031496
21
-3.7164370078740157
0
LINE
8
BLACK
6
CONTINUOUS
10
2.761515748031496
20
-3.7164370078740157
11
2.7616955511811021
21
-3.7155330314960628
0
LINE
8
BLACK
6
CONTINUOUS
10
2.7616955511811021
20
-3.7155330314960628
11
2.7629739763779528
21
-3.7142546062992126
0
LINE
8
BLACK
6
CONTINUOUS
10
2.7629739763779528
20
-3.7142546062992126
11
2.7638779527559056
21
-3.714074803149606
0
LINE
8
BLACK
6
CONTINUOUS
10
2.7638779527559056
20
-3.714074803149606
11
2.8032480314960631
21
-3.714074803149606
0
LINE
8
BLACK
6
CONTINUOUS
10
2.8032480314960631
20
-3.714074803149606
11
2.8041520078740159
21
-3.7142546062992126
0
LINE
8
BLACK
6
CONTINUOUS
10
2.7662401574803148
20
-3.7187992125984253
11
2.7662401574803148
21
-3.7888779527559056
0
LINE
8
BLACK
6
CONTINUOUS
10
2.7662401574803148
20
-3.7888779527559056
11
2.8008858267716534
21
-3.7888779527559056
0
LINE
8
BLACK
6
CONTINUOUS
10
2.8008858267716534
20
-3.7888779527559056
11
2.8008858267716534
21
-3.7187992125984253
0
LINE
8
BLACK
6
CONTINUOUS
10
2.8008858267716534
20
-3.7187992125984253
11
2.7662401574803148
21
-3.7187992125984253
0
LINE
8
BLACK
6
CONTINUOUS
10
2.7142546062992126
20
-3.6730079921259842
11
2.7147872834645668
21
-3.6735406692913384
0
LINE
8
BLACK
6
CONTINUOUS
10
2.7147872834645668
20
-3.6735406692913384
11
2.7148622047244095
21
-3.6739173228346456
0
LINE
8
BLACK
6
CONTINUOUS
10
2.7148622047244095
20
-3.6739173228346456
11
2.7148622047244095
21
-3.7904527559055117
0
LINE
8
BLACK
6
CONTINUOUS
10
2.7148622047244095
20
-3.7904527559055117
11
2.7147872834645668
21
-3.7908294094488189
0
LINE
8
BLACK
6
CONTINUOUS
10
2.7147872834645668
20
-3.7908294094488189
11
2.7142546062992126
21
-3.7913620866141731
0
LINE
8
BLACK
6
CONTINUOUS
10
2.7142546062992126
20
-3.7913620866141731
11
2.7138779527559054
21
-3.7914370078740158
0
LINE
8
BLACK
6
CONTINUOUS
10
2.7138779527559054
20
-3.7914370078740158
11
2.6563976377952754
21
-3.7914370078740158
0
LINE
8
BLACK
6
CONTINUOUS
10
2.6563976377952754
20
-3.7914370078740158
11
2.6560209842519686
21
-3.7913620866141731
0
LINE
8
BLACK
6
CONTINUOUS
10
2.6560209842519686
20
-3.7913620866141731
11
2.655488307086614
21
-3.7908294094488189
0
LINE
8
BLACK
6
CONTINUOUS
10
2.655488307086614
20
-3.7908294094488189
11
2.6554133858267717
21
-3.7904527559055117
0
LINE
8
BLACK
6
CONTINUOUS
10
2.6554133858267717
20
-3.7904527559055117
11
2.6554133858267717
21
-3.6739173228346456
0
LINE
8
BLACK
6
CONTINUOUS
10
2.6554133858267717
20
-3.6739173228346456
11
2.655488307086614
21
-3.6735406692913384
0
LINE
8
BLACK
6
CONTINUOUS
10
2.655488307086614
20
-3.6735406692913384
11
2.6560209842519686
21
-3.6730079921259842
0
LINE
8
BLACK
6
CONTINUOUS
10
2.6560209842519686
20
-3.6730079921259842
11
2.6563976377952754
21
-3.6729330708661418
0
LINE
8
BLACK
6
CONTINUOUS
10
2.6563976377952754
20
-3.6729330708661418
11
2.7138779527559054
21
-3.6729330708661418
0
LINE
8
BLACK
6
CONTINUOUS
10
2.7138779527559054
20
-3.6729330708661418
11
2.7142546062992126
21
-3.6730079921259842
0
LINE
8
BLACK
6
CONTINUOUS
10
2.6573818897637795
20
-3.6749015748031497
11
2.6573818897637795
21
-3.789468503937008
0
LINE
8
BLACK
6
CONTINUOUS
10
2.6573818897637795
20
-3.789468503937008
11
2.7128937007874017
21
-3.789468503937008
0
LINE
8
BLACK
6
CONTINUOUS
10
2.7128937007874017
20
-3.789468503937008
11
2.7128937007874017
21
-3.6749015748031497
0
LINE
8
BLACK
6
CONTINUOUS
10
2.7128937007874017
20
-3.6749015748031497
11
2.6573818897637795
21
-3.6749015748031497
0
LINE
8
BLACK
6
CONTINUOUS
10
2.8717349212598426
20
-3.6730079921259842
11
2.8722675984251969
21
-3.6735406692913384
0
LINE
8
BLACK
6
CONTINUOUS
10
2.8722675984251969
20
-3.6735406692913384
11
2.8723425196850392
21
-3.6739173228346456
0
LINE
8
BLACK
6
CONTINUOUS
10
2.8723425196850392
20
-3.6739173228346456
11
2.8723425196850392
21
-3.7904527559055117
0
LINE
8
BLACK
6
CONTINUOUS
10
2.8723425196850392
20
-3.7904527559055117
11
2.8722675984251969
21
-3.7908294094488189
0
LINE
8
BLACK
6
CONTINUOUS
10
2.8722675984251969
20
-3.7908294094488189
11
2.8717349212598426
21
-3.7913620866141731
0
LINE
8
BLACK
6
CONTINUOUS
10
2.8717349212598426
20
-3.7913620866141731
11
2.8713582677165355
21
-3.7914370078740158
0
LINE
8
BLACK
6
CONTINUOUS
10
2.8713582677165355
20
-3.7914370078740158
11
2.8138779527559055
21
-3.7914370078740158
0
LINE
8
BLACK
6
CONTINUOUS
10
2.8138779527559055
20
-3.7914370078740158
11
2.8135012992125983
21
-3.7913620866141731
0
LINE
8
BLACK
6
CONTINUOUS
10
2.8135012992125983
20
-3.7913620866141731
11
2.8129686220472441
21
-3.7908294094488189
0
LINE
8
BLACK
6
CONTINUOUS
10
2.8129686220472441
20
-3.7908294094488189
11
2.8128937007874013
21
-3.7904527559055117
0
LINE
8
BLACK
6
CONTINUOUS
10
2.8128937007874013
20
-3.7904527559055117
11
2.8128937007874013
21
-3.6739173228346456
0
LINE
8
BLACK
6
CONTINUOUS
10
2.8128937007874013
20
-3.6739173228346456
11
2.8129686220472441
21
-3.6735406692913384
0
LINE
8
BLACK
6
CONTINUOUS
10
2.8129686220472441
20
-3.6735406692913384
11
2.8135012992125983
21
-3.6730079921259842
0
LINE
8
BLACK
6
CONTINUOUS
10
2.8135012992125983
20
-3.6730079921259842
11
2.8138779527559055
21
-3.6729330708661418
0
LINE
8
BLACK
6
CONTINUOUS
10
2.8138779527559055
20
-3.6729330708661418
11
2.8713582677165355
21
-3.6729330708661418
0
LINE
8
BLACK
6
CONTINUOUS
10
2.8713582677165355
20
-3.6729330708661418
11
2.8717349212598426
21
-3.6730079921259842
0
LINE
8
BLACK
6
CONTINUOUS
10
2.8148622047244092
20
-3.6749015748031497
11
2.8148622047244092
21
-3.789468503937008
0
LINE
8
BLACK
6
CONTINUOUS
10
2.8148622047244092
20
-3.789468503937008
11
2.8703740157480313
21
-3.789468503937008
0
LINE
8
BLACK
6
CONTINUOUS
10
2.8703740157480313
20
-3.789468503937008
11
2.8703740157480313
21
-3.6749015748031497
0
LINE
8
BLACK
6
CONTINUOUS
10
2.8703740157480313
20
-3.6749015748031497
11
2.8148622047244092
21
-3.6749015748031497
0
LINE
8
BLACK
6
CONTINUOUS
10
2.5881719291338583
20
-3.6431497244094486
11
2.5887046062992125
21
-3.6436824015748033
0
LINE
8
BLACK
6
CONTINUOUS
10
2.5887046062992125
20
-3.6436824015748033
11
2.5887795275590553
21
-3.64405905511811
0
LINE
8
BLACK
6
CONTINUOUS
10
2.5887795275590553
20
-3.64405905511811
11
2.5887795275590553
21
-3.7605944881889761
0
LINE
8
BLACK
6
CONTINUOUS
10
2.5887795275590553
20
-3.7605944881889761
11
2.5887046062992125
21
-3.7609711417322833
0
LINE
8
BLACK
6
CONTINUOUS
10
2.5887046062992125
20
-3.7609711417322833
11
2.5881719291338583
21
-3.7615038188976375
0
LINE
8
BLACK
6
CONTINUOUS
10
2.5881719291338583
20
-3.7615038188976375
11
2.5877952755905511
21
-3.7615787401574803
0
LINE
8
BLACK
6
CONTINUOUS
10
2.5877952755905511
20
-3.7615787401574803
11
2.5303149606299211
21
-3.7615787401574803
0
LINE
8
BLACK
6
CONTINUOUS
10
2.5303149606299211
20
-3.7615787401574803
11
2.5299383070866139
21
-3.7615038188976375
0
LINE
8
BLACK
6
CONTINUOUS
10
2.5299383070866139
20
-3.7615038188976375
11
2.5294056299212597
21
-3.7609711417322833
0
LINE
8
BLACK
6
CONTINUOUS
10
2.5294056299212597
20
-3.7609711417322833
11
2.5293307086614174
21
-3.7605944881889761
0
LINE
8
BLACK
6
CONTINUOUS
10
2.5293307086614174
20
-3.7605944881889761
11
2.5293307086614174
21
-3.64405905511811
0
LINE
8
BLACK
6
CONTINUOUS
10
2.5293307086614174
20
-3.64405905511811
11
2.5294056299212597
21
-3.6436824015748033
0
LINE
8
BLACK
6
CONTINUOUS
10
2.5294056299212597
20
-3.6436824015748033
11
2.5299383070866139
21
-3.6431497244094486
0
LINE
8
BLACK
6
CONTINUOUS
10
2.5299383070866139
20
-3.6431497244094486
11
2.5303149606299211
21
-3.6430748031496063
0
LINE
8
BLACK
6
CONTINUOUS
10
2.5303149606299211
20
-3.6430748031496063
11
2.5877952755905511
21
-3.6430748031496063
0
LINE
8
BLACK
6
CONTINUOUS
10
2.5877952755905511
20
-3.6430748031496063
11
2.5881719291338583
21
-3.6431497244094486
0
LINE
8
BLACK
6
CONTINUOUS
10
2.5312992125984253
20
-3.6450433070866142
11
2.5312992125984253
21
-3.7596102362204724
0
LINE
8
BLACK
6
CONTINUOUS
10
2.5312992125984253
20
-3.7596102362204724
11
2.5868110236220474
21
-3.7596102362204724
0
LINE
8
BLACK
6
CONTINUOUS
10
2.5868110236220474
20
-3.7596102362204724
11
2.5868110236220474
21
-3.6450433070866142
0
LINE
8
BLACK
6
CONTINUOUS
10
2.5868110236220474
20
-3.6450433070866142
11
2.5312992125984253
21
-3.6450433070866142
0
LINE
8
BLACK
6
CONTINUOUS
10
2.8024435826771654
20
-3.6159213779527559
11
2.8029762598425196
21
-3.6164540551181101
0
LINE
8
BLACK
6
CONTINUOUS
10
2.8029762598425196
20
-3.6164540551181101
11
2.803051181102362
21
-3.6168307086614173
0
LINE
8
BLACK
6
CONTINUOUS
10
2.803051181102362
20
-3.6168307086614173
11
2.803051181102362
21
-3.6900590551181103
0
LINE
8
BLACK
6
CONTINUOUS
10
2.803051181102362
20
-3.6900590551181103
11
2.8029762598425196
21
-3.6904357086614175
0
LINE
8
BLACK
6
CONTINUOUS
10
2.8029762598425196
20
-3.6904357086614175
11
2.8024435826771654
21
-3.6909683858267717
0
LINE
8
BLACK
6
CONTINUOUS
10
2.8024435826771654
20
-3.6909683858267717
11
2.8020669291338582
21
-3.691043307086614
0
LINE
8
BLACK
6
CONTINUOUS
10
2.8020669291338582
20
-3.691043307086614
11
2.76505905511811
21
-3.691043307086614
0
LINE
8
BLACK
6
CONTINUOUS
10
2.76505905511811
20
-3.691043307086614
11
2.7646824015748033
21
-3.6909683858267717
0
LINE
8
BLACK
6
CONTINUOUS
10
2.7646824015748033
20
-3.6909683858267717
11
2.7641497244094486
21
-3.6904357086614175
0
LINE
8
BLACK
6
CONTINUOUS
10
2.7641497244094486
20
-3.6904357086614175
11
2.7640748031496063
21
-3.6900590551181103
0
LINE
8
BLACK
6
CONTINUOUS
10
2.7640748031496063
20
-3.6900590551181103
11
2.7640748031496063
21
-3.6168307086614173
0
LINE
8
BLACK
6
CONTINUOUS
10
2.7640748031496063
20
-3.6168307086614173
11
2.7641497244094486
21
-3.6164540551181101
0
LINE
8
BLACK
6
CONTINUOUS
10
2.7641497244094486
20
-3.6164540551181101
11
2.7646824015748033
21
-3.6159213779527559
0
LINE
8
BLACK
6
CONTINUOUS
10
2.7646824015748033
20
-3.6159213779527559
11
2.76505905511811
21
-3.6158464566929132
0
LINE
8
BLACK
6
CONTINUOUS
10
2.76505905511811
20
-3.6158464566929132
11
2.8020669291338582
21
-3.6158464566929132
0
LINE
8
BLACK
6
CONTINUOUS
10
2.8020669291338582
20
-3.6158464566929132
11
2.8024435826771654
21
-3.6159213779527559
0
LINE
8
BLACK
6
CONTINUOUS
10
2.7660433070866142
20
-3.617814960629921
11
2.7660433070866142
21
-3.6890748031496061
0
LINE
8
BLACK
6
CONTINUOUS
10
2.7660433070866142
20
-3.6890748031496061
11
2.8010826771653541
21
-3.6890748031496061
0
LINE
8
BLACK
6
CONTINUOUS
10
2.8010826771653541
20
-3.6890748031496061
11
2.8010826771653541
21
-3.617814960629921
0
LINE
8
BLACK
6
CONTINUOUS
10
2.8010826771653541
20
-3.617814960629921
11
2.7660433070866142
21
-3.617814960629921
0
LINE
8
BLACK
6
CONTINUOUS
10
3.857856968503937
20
-3.5805867322834644
11
3.8583896456692912
21
-3.581119409448819
0
LINE
8
BLACK
6
CONTINUOUS
10
3.8583896456692912
20
-3.581119409448819
11
3.858464566929134
21
-3.5814960629921258
0
LINE
8
BLACK
6
CONTINUOUS
10
3.858464566929134
20
-3.5814960629921258
11
3.858464566929134
21
-3.6389763779527557
0
LINE
8
BLACK
6
CONTINUOUS
10
3.858464566929134
20
-3.6389763779527557
11
3.8583896456692912
21
-3.6393530314960629
0
LINE
8
BLACK
6
CONTINUOUS
10
3.8583896456692912
20
-3.6393530314960629
11
3.857856968503937
21
-3.6398857086614171
0
LINE
8
BLACK
6
CONTINUOUS
10
3.857856968503937
20
-3.6398857086614171
11
3.8574803149606298
21
-3.6399606299212599
0
LINE
8
BLACK
6
CONTINUOUS
10
3.8574803149606298
20
-3.6399606299212599
11
3.7409448818897637
21
-3.6399606299212599
0
LINE
8
BLACK
6
CONTINUOUS
10
3.7409448818897637
20
-3.6399606299212599
11
3.7405682283464565
21
-3.6398857086614171
0
LINE
8
BLACK
6
CONTINUOUS
10
3.7405682283464565
20
-3.6398857086614171
11
3.7400355511811023
21
-3.6393530314960629
0
LINE
8
BLACK
6
CONTINUOUS
10
3.7400355511811023
20
-3.6393530314960629
11
3.7399606299212595
21
-3.6389763779527557
0
LINE
8
BLACK
6
CONTINUOUS
10
3.7399606299212595
20
-3.6389763779527557
11
3.7399606299212595
21
-3.5814960629921258
0
LINE
8
BLACK
6
CONTINUOUS
10
3.7399606299212595
20
-3.5814960629921258
11
3.7400355511811023
21
-3.581119409448819
0
LINE
8
BLACK
6
CONTINUOUS
10
3.7400355511811023
20
-3.581119409448819
11
3.7405682283464565
21
-3.5805867322834644
0
LINE
8
BLACK
6
CONTINUOUS
10
3.7405682283464565
20
-3.5805867322834644
11
3.7409448818897637
21
-3.580511811023622
0
LINE
8
BLACK
6
CONTINUOUS
10
3.7409448818897637
20
-3.580511811023622
11
3.8574803149606298
21
-3.580511811023622
0
LINE
8
BLACK
6
CONTINUOUS
10
3.8574803149606298
20
-3.580511811023622
11
3.857856968503937
21
-3.5805867322834644
0
LINE
8
BLACK
6
CONTINUOUS
10
3.7419291338582674
20
-3.5824803149606299
11
3.7419291338582674
21
-3.637992125984252
0
LINE
8
BLACK
6
CONTINUOUS
10
3.7419291338582674
20
-3.637992125984252
11
3.8564960629921261
21
-3.637992125984252
0
LINE
8
BLACK
6
CONTINUOUS
10
3.8564960629921261
20
-3.637992125984252
11
3.8564960629921261
21
-3.5824803149606299
0
LINE
8
BLACK
6
CONTINUOUS
10
3.8564960629921261
20
-3.5824803149606299
11
3.7419291338582674
21
-3.5824803149606299
0
LINE
8
BLACK
6
CONTINUOUS
10
3.6610065748031495
20
-3.5601142913385826
11
3.6615392519685037
21
-3.5606469685039368
0
LINE
8
BLACK
6
CONTINUOUS
10
3.6615392519685037
20
-3.5606469685039368
11
3.6616141732283465
21
-3.561023622047244
0
LINE
8
BLACK
6
CONTINUOUS
10
3.6616141732283465
20
-3.561023622047244
11
3.6616141732283465
21
-3.6358267716535431
0
LINE
8
BLACK
6
CONTINUOUS
10
3.6616141732283465
20
-3.6358267716535431
11
3.6615392519685037
21
-3.6362034251968502
0
LINE
8
BLACK
6
CONTINUOUS
10
3.6615392519685037
20
-3.6362034251968502
11
3.6610065748031495
21
-3.6367361023622045
0
LINE
8
BLACK
6
CONTINUOUS
10
3.6610065748031495
20
-3.6367361023622045
11
3.6606299212598423
21
-3.6368110236220472
0
LINE
8
BLACK
6
CONTINUOUS
10
3.6606299212598423
20
-3.6368110236220472
11
3.5283464566929132
21
-3.6368110236220472
0
LINE
8
BLACK
6
CONTINUOUS
10
3.5283464566929132
20
-3.6368110236220472
11
3.5279698031496061
21
-3.6367361023622045
0
LINE
8
BLACK
6
CONTINUOUS
10
3.5279698031496061
20
-3.6367361023622045
11
3.5274371259842519
21
-3.6362034251968502
0
LINE
8
BLACK
6
CONTINUOUS
10
3.5274371259842519
20
-3.6362034251968502
11
3.5273622047244095
21
-3.6358267716535431
0
LINE
8
BLACK
6
CONTINUOUS
10
3.5273622047244095
20
-3.6358267716535431
11
3.5273622047244095
21
-3.561023622047244
0
LINE
8
BLACK
6
CONTINUOUS
10
3.5273622047244095
20
-3.561023622047244
11
3.5274371259842519
21
-3.5606469685039368
0
LINE
8
BLACK
6
CONTINUOUS
10
3.5274371259842519
20
-3.5606469685039368
11
3.5279698031496061
21
-3.5601142913385826
0
LINE
8
BLACK
6
CONTINUOUS
10
3.5279698031496061
20
-3.5601142913385826
11
3.5283464566929132
21
-3.5600393700787403
0
LINE
8
BLACK
6
CONTINUOUS
10
3.5283464566929132
20
-3.5600393700787403
11
3.6606299212598423
21
-3.5600393700787403
0
LINE
8
BLACK
6
CONTINUOUS
10
3.6606299212598423
20
-3.5600393700787403
11
3.6610065748031495
21
-3.5601142913385826
0
LINE
8
BLACK
6
CONTINUOUS
10
3.5293307086614174
20
-3.5620078740157481
11
3.5293307086614174
21
-3.6348425196850394
0
LINE
8
BLACK
6
CONTINUOUS
10
3.5293307086614174
20
-3.6348425196850394
11
3.6596456692913386
21
-3.6348425196850394
0
LINE
8
BLACK
6
CONTINUOUS
10
3.6596456692913386
20
-3.6348425196850394
11
3.6596456692913386
21
-3.5620078740157481
0
LINE
8
BLACK
6
CONTINUOUS
10
3.6596456692913386
20
-3.5620078740157481
11
3.5293307086614174
21
-3.5620078740157481
0
LINE
8
BLACK
6
CONTINUOUS
10
2.7026921653543305
20
-3.481437125984252
11
2.7032248425196848
21
-3.4819698031496062
0
LINE
8
BLACK
6
CONTINUOUS
10
2.7032248425196848
20
-3.4819698031496062
11
2.7032997637795275
21
-3.4823464566929134
0
LINE
8
BLACK
6
CONTINUOUS
10
2.7032997637795275
20
-3.4823464566929134
11
2.7032997637795275
21
-3.6201417322834644
0
LINE
8
BLACK
6
CONTINUOUS
10
2.7032997637795275
20
-3.6201417322834644
11
2.7032248425196848
21
-3.6205183858267715
0
LINE
8
BLACK
6
CONTINUOUS
10
2.7032248425196848
20
-3.6205183858267715
11
2.7026921653543305
21
-3.6210510629921258
0
LINE
8
BLACK
6
CONTINUOUS
10
2.7026921653543305
20
-3.6210510629921258
11
2.7023155118110234
21
-3.6211259842519685
0
LINE
8
BLACK
6
CONTINUOUS
10
2.7023155118110234
20
-3.6211259842519685
11
2.540898188976378
21
-3.6211259842519685
0
LINE
8
BLACK
6
CONTINUOUS
10
2.540898188976378
20
-3.6211259842519685
11
2.5405215354330708
21
-3.6210510629921258
0
LINE
8
BLACK
6
CONTINUOUS
10
2.5405215354330708
20
-3.6210510629921258
11
2.5399888582677166
21
-3.6205183858267715
0
LINE
8
BLACK
6
CONTINUOUS
10
2.5399888582677166
20
-3.6205183858267715
11
2.5399139370078738
21
-3.6201417322834644
0
LINE
8
BLACK
6
CONTINUOUS
10
2.5399139370078738
20
-3.6201417322834644
11
2.5399139370078738
21
-3.4823464566929134
0
LINE
8
BLACK
6
CONTINUOUS
10
2.5399139370078738
20
-3.4823464566929134
11
2.5399888582677166
21
-3.4819698031496062
0
LINE
8
BLACK
6
CONTINUOUS
10
2.5399888582677166
20
-3.4819698031496062
11
2.5405215354330708
21
-3.481437125984252
0
LINE
8
BLACK
6
CONTINUOUS
10
2.5405215354330708
20
-3.481437125984252
11
2.540898188976378
21
-3.4813622047244093
0
LINE
8
BLACK
6
CONTINUOUS
10
2.540898188976378
20
-3.4813622047244093
11
2.7023155118110234
21
-3.4813622047244093
0
LINE
8
BLACK
6
CONTINUOUS
10
2.7023155118110234
20
-3.4813622047244093
11
2.7026921653543305
21
-3.481437125984252
0
LINE
8
BLACK
6
CONTINUOUS
10
2.5418824409448817
20
-3.4833307086614171
11
2.5418824409448817
21
-3.6191574803149607
0
LINE
8
BLACK
6
CONTINUOUS
10
2.5418824409448817
20
-3.6191574803149607
11
2.7013312598425196
21
-3.6191574803149607
0
LINE
8
BLACK
6
CONTINUOUS
10
2.7013312598425196
20
-3.6191574803149607
11
2.7013312598425196
21
-3.4833307086614171
0
LINE
8
BLACK
6
CONTINUOUS
10
2.7013312598425196
20
-3.4833307086614171
11
2.5418824409448817
21
-3.4833307086614171
0
LINE
8
BLACK
6
CONTINUOUS
10
3.0865174015748029
20
-3.5086274015748029
11
3.0938260629921257
21
-3.5116547637795277
0
LINE
8
BLACK
6
CONTINUOUS
10
3.0938260629921257
20
-3.5116547637795277
11
3.1004036614173227
21
-3.5160497637795274
0
LINE
8
BLACK
6
CONTINUOUS
10
3.1004036614173227
20
-3.5160497637795274
11
3.1059974803149606
21
-3.5216435826771653
0
LINE
8
BLACK
6
CONTINUOUS
10
3.1059974803149606
20
-3.5216435826771653
11
3.1103924803149607
21
-3.5282211811023623
0
LINE
8
BLACK
6
CONTINUOUS
10
3.1103924803149607
20
-3.5282211811023623
11
3.1134198425196851
21
-3.5355298425196851
0
LINE
8
BLACK
6
CONTINUOUS
10
3.1134198425196851
20
-3.5355298425196851
11
3.1149631496062993
21
-3.5432886614173227
0
LINE
8
BLACK
6
CONTINUOUS
10
3.1149631496062993
20
-3.5432886614173227
11
3.1149631496062993
21
-3.5511995275590551
0
LINE
8
BLACK
6
CONTINUOUS
10
3.1149631496062993
20
-3.5511995275590551
11
3.1134198425196851
21
-3.5589583464566927
0
LINE
8
BLACK
6
CONTINUOUS
10
3.1134198425196851
20
-3.5589583464566927
11
3.1103924803149607
21
-3.5662670078740155
0
LINE
8
BLACK
6
CONTINUOUS
10
3.1103924803149607
20
-3.5662670078740155
11
3.1059974803149606
21
-3.5728446062992125
0
LINE
8
BLACK
6
CONTINUOUS
10
3.1059974803149606
20
-3.5728446062992125
11
3.1004036614173227
21
-3.5784384251968504
0
LINE
8
BLACK
6
CONTINUOUS
10
3.1004036614173227
20
-3.5784384251968504
11
3.0938260629921257
21
-3.5828334251968501
0
LINE
8
BLACK
6
CONTINUOUS
10
3.0938260629921257
20
-3.5828334251968501
11
3.0865174015748029
21
-3.5858607874015749
0
LINE
8
BLACK
6
CONTINUOUS
10
3.0865174015748029
20
-3.5858607874015749
11
3.0787585826771653
21
-3.5874040944881891
0
LINE
8
BLACK
6
CONTINUOUS
10
3.0787585826771653
20
-3.5874040944881891
11
3.0708477165354329
21
-3.5874040944881891
0
LINE
8
BLACK
6
CONTINUOUS
10
3.0708477165354329
20
-3.5874040944881891
11
3.0630888976377952
21
-3.5858607874015749
0
LINE
8
BLACK
6
CONTINUOUS
10
3.0630888976377952
20
-3.5858607874015749
11
3.0557802362204725
21
-3.5828334251968501
0
LINE
8
BLACK
6
CONTINUOUS
10
3.0557802362204725
20
-3.5828334251968501
11
3.0492026377952755
21
-3.5784384251968504
0
LINE
8
BLACK
6
CONTINUOUS
10
3.0492026377952755
20
-3.5784384251968504
11
3.0436088188976376
21
-3.5728446062992125
0
LINE
8
BLACK
6
CONTINUOUS
10
3.0436088188976376
20
-3.5728446062992125
11
3.0392138188976379
21
-3.5662670078740155
0
LINE
8
BLACK
6
CONTINUOUS
10
3.0392138188976379
20
-3.5662670078740155
11
3.0361864566929135
21
-3.5589583464566927
0
LINE
8
BLACK
6
CONTINUOUS
10
3.0361864566929135
20
-3.5589583464566927
11
3.0346431496062993
21
-3.5511995275590551
0
LINE
8
BLACK
6
CONTINUOUS
10
3.0346431496062993
20
-3.5511995275590551
11
3.0346431496062993
21
-3.5434634251968502
0
LINE
8
BLACK
6
CONTINUOUS
10
3.0346431496062993
20
-3.5434634251968502
11
3.0346431496062993
21
-3.5432886614173227
0
LINE
8
BLACK
6
CONTINUOUS
10
3.0346431496062993
20
-3.5432886614173227
11
3.0361864566929135
21
-3.5355298425196851
0
LINE
8
BLACK
6
CONTINUOUS
10
3.0361864566929135
20
-3.5355298425196851
11
3.0392138188976379
21
-3.5282211811023623
0
LINE
8
BLACK
6
CONTINUOUS
10
3.0392138188976379
20
-3.5282211811023623
11
3.0436088188976376
21
-3.5216435826771653
0
LINE
8
BLACK
6
CONTINUOUS
10
3.0436088188976376
20
-3.5216435826771653
11
3.0492026377952755
21
-3.5160497637795274
0
LINE
8
BLACK
6
CONTINUOUS
10
3.0492026377952755
20
-3.5160497637795274
11
3.0557802362204725
21
-3.5116547637795277
0
LINE
8
BLACK
6
CONTINUOUS
10
3.0557802362204725
20
-3.5116547637795277
11
3.0630888976377952
21
-3.5086274015748029
0
LINE
8
BLACK
6
CONTINUOUS
10
3.0630888976377952
20
-3.5086274015748029
11
3.0708477165354329
21
-3.5070840944881887
0
LINE
8
BLACK
6
CONTINUOUS
10
3.0708477165354329
20
-3.5070840944881887
11
3.0787585826771653
21
-3.5070840944881887
0
LINE
8
BLACK
6
CONTINUOUS
10
3.0787585826771653
20
-3.5070840944881887
11
3.0865174015748029
21
-3.5086274015748029
0
LINE
8
BLACK
6
CONTINUOUS
10
3.0364173228346454
20
-3.5510247637795276
11
3.0378924409448818
21
-3.5584408267716534
0
LINE
8
BLACK
6
CONTINUOUS
10
3.0378924409448818
20
-3.5584408267716534
11
3.0407860629921259
21
-3.5654266141732283
0
LINE
8
BLACK
6
CONTINUOUS
10
3.0407860629921259
20
-3.5654266141732283
11
3.044986929133858
21
-3.5717136614173226
0
LINE
8
BLACK
6
CONTINUOUS
10
3.044986929133858
20
-3.5717136614173226
11
3.0503335826771654
21
-3.5770603149606299
0
LINE
8
BLACK
6
CONTINUOUS
10
3.0503335826771654
20
-3.5770603149606299
11
3.0566206299212597
21
-3.581261181102362
0
LINE
8
BLACK
6
CONTINUOUS
10
3.0566206299212597
20
-3.581261181102362
11
3.0636064173228346
21
-3.5841548031496062
0
LINE
8
BLACK
6
CONTINUOUS
10
3.0636064173228346
20
-3.5841548031496062
11
3.0710224803149604
21
-3.5856299212598426
0
LINE
8
BLACK
6
CONTINUOUS
10
3.0710224803149604
20
-3.5856299212598426
11
3.0785838188976378
21
-3.5856299212598426
0
LINE
8
BLACK
6
CONTINUOUS
10
3.0785838188976378
20
-3.5856299212598426
11
3.0859998818897636
21
-3.5841548031496062
0
LINE
8
BLACK
6
CONTINUOUS
10
3.0859998818897636
20
-3.5841548031496062
11
3.0929856692913384
21
-3.581261181102362
0
LINE
8
BLACK
6
CONTINUOUS
10
3.0929856692913384
20
-3.581261181102362
11
3.0992727165354328
21
-3.5770603149606299
0
LINE
8
BLACK
6
CONTINUOUS
10
3.0992727165354328
20
-3.5770603149606299
11
3.1046193700787401
21
-3.5717136614173226
0
LINE
8
BLACK
6
CONTINUOUS
10
3.1046193700787401
20
-3.5717136614173226
11
3.1088202362204722
21
-3.5654266141732283
0
LINE
8
BLACK
6
CONTINUOUS
10
3.1088202362204722
20
-3.5654266141732283
11
3.1117138582677164
21
-3.5584408267716534
0
LINE
8
BLACK
6
CONTINUOUS
10
3.1117138582677164
20
-3.5584408267716534
11
3.1131889763779528
21
-3.5510247637795276
0
LINE
8
BLACK
6
CONTINUOUS
10
3.1131889763779528
20
-3.5510247637795276
11
3.1131889763779528
21
-3.5434634251968502
0
LINE
8
BLACK
6
CONTINUOUS
10
3.1131889763779528
20
-3.5434634251968502
11
3.1117138582677164
21
-3.5360473622047244
0
LINE
8
BLACK
6
CONTINUOUS
10
3.1117138582677164
20
-3.5360473622047244
11
3.1088202362204722
21
-3.5290615748031495
0
LINE
8
BLACK
6
CONTINUOUS
10
3.1088202362204722
20
-3.5290615748031495
11
3.1046193700787401
21
-3.5227745275590552
0
LINE
8
BLACK
6
CONTINUOUS
10
3.1046193700787401
20
-3.5227745275590552
11
3.0992727165354328
21
-3.5174278740157479
0
LINE
8
BLACK
6
CONTINUOUS
10
3.0992727165354328
20
-3.5174278740157479
11
3.0929856692913384
21
-3.5132270078740158
0
LINE
8
BLACK
6
CONTINUOUS
10
3.0929856692913384
20
-3.5132270078740158
11
3.0859998818897636
21
-3.5103333858267716
0
LINE
8
BLACK
6
CONTINUOUS
10
3.0859998818897636
20
-3.5103333858267716
11
3.0785838188976378
21
-3.5088582677165352
0
LINE
8
BLACK
6
CONTINUOUS
10
3.0785838188976378
20
-3.5088582677165352
11
3.0710224803149604
21
-3.5088582677165352
0
LINE
8
BLACK
6
CONTINUOUS
10
3.0710224803149604
20
-3.5088582677165352
11
3.0636064173228346
21
-3.5103333858267716
0
LINE
8
BLACK
6
CONTINUOUS
10
3.0636064173228346
20
-3.5103333858267716
11
3.0566206299212597
21
-3.5132270078740158
0
LINE
8
BLACK
6
CONTINUOUS
10
3.0566206299212597
20
-3.5132270078740158
11
3.0503335826771654
21
-3.5174278740157479
0
LINE
8
BLACK
6
CONTINUOUS
10
3.0503335826771654
20
-3.5174278740157479
11
3.044986929133858
21
-3.5227745275590552
0
LINE
8
BLACK
6
CONTINUOUS
10
3.044986929133858
20
-3.5227745275590552
11
3.0407860629921259
21
-3.5290615748031495
0
LINE
8
BLACK
6
CONTINUOUS
10
3.0407860629921259
20
-3.5290615748031495
11
3.0378924409448818
21
-3.5360473622047244
0
LINE
8
BLACK
6
CONTINUOUS
10
3.0378924409448818
20
-3.5360473622047244
11
3.0364173228346454
21
-3.5434634251968502
0
LINE
8
BLACK
6
CONTINUOUS
10
3.0364173228346454
20
-3.5434634251968502
11
3.0364173228346454
21
-3.5510247637795276
0
LINE
8
BLACK
6
CONTINUOUS
10
3.8657309842519685
20
-3.4971221653543307
11
3.8662636614173227
21
-3.4976548425196849
0
LINE
8
BLACK
6
CONTINUOUS
10
3.8662636614173227
20
-3.4976548425196849
11
3.8663385826771655
21
-3.4980314960629921
0
LINE
8
BLACK
6
CONTINUOUS
10
3.8663385826771655
20
-3.4980314960629921
11
3.8663385826771655
21
-3.5728346456692912
0
LINE
8
BLACK
6
CONTINUOUS
10
3.8663385826771655
20
-3.5728346456692912
11
3.8662636614173227
21
-3.5732112992125984
0
LINE
8
BLACK
6
CONTINUOUS
10
3.8662636614173227
20
-3.5732112992125984
11
3.8657309842519685
21
-3.5737439763779526
0
LINE
8
BLACK
6
CONTINUOUS
10
3.8657309842519685
20
-3.5737439763779526
11
3.8653543307086613
21
-3.5738188976377954
0
LINE
8
BLACK
6
CONTINUOUS
10
3.8653543307086613
20
-3.5738188976377954
11
3.7330708661417322
21
-3.5738188976377954
0
LINE
8
BLACK
6
CONTINUOUS
10
3.7330708661417322
20
-3.5738188976377954
11
3.732694212598425
21
-3.5737439763779526
0
LINE
8
BLACK
6
CONTINUOUS
10
3.732694212598425
20
-3.5737439763779526
11
3.7321615354330708
21
-3.5732112992125984
0
LINE
8
BLACK
6
CONTINUOUS
10
3.7321615354330708
20
-3.5732112992125984
11
3.7320866141732281
21
-3.5728346456692912
0
LINE
8
BLACK
6
CONTINUOUS
10
3.7320866141732281
20
-3.5728346456692912
11
3.7320866141732281
21
-3.4980314960629921
0
LINE
8
BLACK
6
CONTINUOUS
10
3.7320866141732281
20
-3.4980314960629921
11
3.7321615354330708
21
-3.4976548425196849
0
LINE
8
BLACK
6
CONTINUOUS
10
3.7321615354330708
20
-3.4976548425196849
11
3.732694212598425
21
-3.4971221653543307
0
LINE
8
BLACK
6
CONTINUOUS
10
3.732694212598425
20
-3.4971221653543307
11
3.7330708661417322
21
-3.497047244094488
0
LINE
8
BLACK
6
CONTINUOUS
10
3.7330708661417322
20
-3.497047244094488
11
3.8653543307086613
21
-3.497047244094488
0
LINE
8
BLACK
6
CONTINUOUS
10
3.8653543307086613
20
-3.497047244094488
11
3.8657309842519685
21
-3.4971221653543307
0
LINE
8
BLACK
6
CONTINUOUS
10
3.7340551181102359
20
-3.4990157480314958
11
3.7340551181102359
21
-3.5718503937007875
0
LINE
8
BLACK
6
CONTINUOUS
10
3.7340551181102359
20
-3.5718503937007875
11
3.8643700787401576
21
-3.5718503937007875
0
LINE
8
BLACK
6
CONTINUOUS
10
3.8643700787401576
20
-3.5718503937007875
11
3.8643700787401576
21
-3.4990157480314958
0
LINE
8
BLACK
6
CONTINUOUS
10
3.8643700787401576
20
-3.4990157480314958
11
3.7340551181102359
21
-3.4990157480314958
0
LINE
8
BLACK
6
CONTINUOUS
10
3.7082506692913384
20
-3.4900355511811023
11
3.7087833464566926
21
-3.4905682283464565
0
LINE
8
BLACK
6
CONTINUOUS
10
3.7087833464566926
20
-3.4905682283464565
11
3.7088582677165354
21
-3.4909448818897637
0
LINE
8
BLACK
6
CONTINUOUS
10
3.7088582677165354
20
-3.4909448818897637
11
3.7088582677165354
21
-3.5484251968503937
0
LINE
8
BLACK
6
CONTINUOUS
10
3.7088582677165354
20
-3.5484251968503937
11
3.7087833464566926
21
-3.5488018503937009
0
LINE
8
BLACK
6
CONTINUOUS
10
3.7087833464566926
20
-3.5488018503937009
11
3.7082506692913384
21
-3.5493345275590551
0
LINE
8
BLACK
6
CONTINUOUS
10
3.7082506692913384
20
-3.5493345275590551
11
3.7078740157480312
21
-3.5494094488188974
0
LINE
8
BLACK
6
CONTINUOUS
10
3.7078740157480312
20
-3.5494094488188974
11
3.5913385826771651
21
-3.5494094488188974
0
LINE
8
BLACK
6
CONTINUOUS
10
3.5913385826771651
20
-3.5494094488188974
11
3.5909619291338584
21
-3.5493345275590551
0
LINE
8
BLACK
6
CONTINUOUS
10
3.5909619291338584
20
-3.5493345275590551
11
3.5904292519685037
21
-3.5488018503937009
0
LINE
8
BLACK
6
CONTINUOUS
10
3.5904292519685037
20
-3.5488018503937009
11
3.5903543307086614
21
-3.5484251968503937
0
LINE
8
BLACK
6
CONTINUOUS
10
3.5903543307086614
20
-3.5484251968503937
11
3.5903543307086614
21
-3.4909448818897637
0
LINE
8
BLACK
6
CONTINUOUS
10
3.5903543307086614
20
-3.4909448818897637
11
3.5904292519685037
21
-3.4905682283464565
0
LINE
8
BLACK
6
CONTINUOUS
10
3.5904292519685037
20
-3.4905682283464565
11
3.5909619291338584
21
-3.4900355511811023
0
LINE
8
BLACK
6
CONTINUOUS
10
3.5909619291338584
20
-3.4900355511811023
11
3.5913385826771651
21
-3.4899606299212595
0
LINE
8
BLACK
6
CONTINUOUS
10
3.5913385826771651
20
-3.4899606299212595
11
3.7078740157480312
21
-3.4899606299212595
0
LINE
8
BLACK
6
CONTINUOUS
10
3.7078740157480312
20
-3.4899606299212595
11
3.7082506692913384
21
-3.4900355511811023
0
LINE
8
BLACK
6
CONTINUOUS
10
3.5923228346456693
20
-3.4919291338582674
11
3.5923228346456693
21
-3.5474409448818895
0
LINE
8
BLACK
6
CONTINUOUS
10
3.5923228346456693
20
-3.5474409448818895
11
3.7068897637795275
21
-3.5474409448818895
0
LINE
8
BLACK
6
CONTINUOUS
10
3.7068897637795275
20
-3.5474409448818895
11
3.7068897637795275
21
-3.4919291338582674
0
LINE
8
BLACK
6
CONTINUOUS
10
3.7068897637795275
20
-3.4919291338582674
11
3.5923228346456693
21
-3.4919291338582674
0
LINE
8
BLACK
6
CONTINUOUS
10
3.2476207480314958
20
-3.4349174409448819
11
3.2481534251968505
21
-3.4354501181102362
0
LINE
8
BLACK
6
CONTINUOUS
10
3.2481534251968505
20
-3.4354501181102362
11
3.2482283464566928
21
-3.4358267716535433
0
LINE
8
BLACK
6
CONTINUOUS
10
3.2482283464566928
20
-3.4358267716535433
11
3.2482283464566928
21
-3.4933070866141733
0
LINE
8
BLACK
6
CONTINUOUS
10
3.2482283464566928
20
-3.4933070866141733
11
3.2481534251968505
21
-3.4936837401574801
0
LINE
8
BLACK
6
CONTINUOUS
10
3.2481534251968505
20
-3.4936837401574801
11
3.2476207480314958
21
-3.4942164173228347
0
LINE
8
BLACK
6
CONTINUOUS
10
3.2476207480314958
20
-3.4942164173228347
11
3.2472440944881891
21
-3.494291338582677
0
LINE
8
BLACK
6
CONTINUOUS
10
3.2472440944881891
20
-3.494291338582677
11
3.130708661417323
21
-3.494291338582677
0
LINE
8
BLACK
6
CONTINUOUS
10
3.130708661417323
20
-3.494291338582677
11
3.1303320078740158
21
-3.4942164173228347
0
LINE
8
BLACK
6
CONTINUOUS
10
3.1303320078740158
20
-3.4942164173228347
11
3.1297993307086616
21
-3.4936837401574801
0
LINE
8
BLACK
6
CONTINUOUS
10
3.1297993307086616
20
-3.4936837401574801
11
3.1297244094488188
21
-3.4933070866141733
0
LINE
8
BLACK
6
CONTINUOUS
10
3.1297244094488188
20
-3.4933070866141733
11
3.1297244094488188
21
-3.4358267716535433
0
LINE
8
BLACK
6
CONTINUOUS
10
3.1297244094488188
20
-3.4358267716535433
11
3.1297993307086616
21
-3.4354501181102362
0
LINE
8
BLACK
6
CONTINUOUS
10
3.1297993307086616
20
-3.4354501181102362
11
3.1303320078740158
21
-3.4349174409448819
0
LINE
8
BLACK
6
CONTINUOUS
10
3.1303320078740158
20
-3.4349174409448819
11
3.130708661417323
21
-3.4348425196850392
0
LINE
8
BLACK
6
CONTINUOUS
10
3.130708661417323
20
-3.4348425196850392
11
3.2472440944881891
21
-3.4348425196850392
0
LINE
8
BLACK
6
CONTINUOUS
10
3.2472440944881891
20
-3.4348425196850392
11
3.2476207480314958
21
-3.4349174409448819
0
LINE
8
BLACK
6
CONTINUOUS
10
3.1316929133858267
20
-3.436811023622047
11
3.1316929133858267
21
-3.4923228346456692
0
LINE
8
BLACK
6
CONTINUOUS
10
3.1316929133858267
20
-3.4923228346456692
11
3.2462598425196849
21
-3.4923228346456692
0
LINE
8
BLACK
6
CONTINUOUS
10
3.2462598425196849
20
-3.4923228346456692
11
3.2462598425196849
21
-3.436811023622047
0
LINE
8
BLACK
6
CONTINUOUS
10
3.2462598425196849
20
-3.436811023622047
11
3.1316929133858267
21
-3.436811023622047
0
LINE
8
BLACK
6
CONTINUOUS
10
3.857856968503937
20
-3.4349174409448819
11
3.8583896456692912
21
-3.4354501181102362
0
LINE
8
BLACK
6
CONTINUOUS
10
3.8583896456692912
20
-3.4354501181102362
11
3.858464566929134
21
-3.4358267716535433
0
LINE
8
BLACK
6
CONTINUOUS
10
3.858464566929134
20
-3.4358267716535433
11
3.858464566929134
21
-3.4933070866141733
0
LINE
8
BLACK
6
CONTINUOUS
10
3.858464566929134
20
-3.4933070866141733
11
3.8583896456692912
21
-3.4936837401574801
0
LINE
8
BLACK
6
CONTINUOUS
10
3.8583896456692912
20
-3.4936837401574801
11
3.857856968503937
21
-3.4942164173228347
0
LINE
8
BLACK
6
CONTINUOUS
10
3.857856968503937
20
-3.4942164173228347
11
3.8574803149606298
21
-3.494291338582677
0
LINE
8
BLACK
6
CONTINUOUS
10
3.8574803149606298
20
-3.494291338582677
11
3.7409448818897637
21
-3.494291338582677
0
LINE
8
BLACK
6
CONTINUOUS
10
3.7409448818897637
20
-3.494291338582677
11
3.7405682283464565
21
-3.4942164173228347
0
LINE
8
BLACK
6
CONTINUOUS
10
3.7405682283464565
20
-3.4942164173228347
11
3.7400355511811023
21
-3.4936837401574801
0
LINE
8
BLACK
6
CONTINUOUS
10
3.7400355511811023
20
-3.4936837401574801
11
3.7399606299212595
21
-3.4933070866141733
0
LINE
8
BLACK
6
CONTINUOUS
10
3.7399606299212595
20
-3.4933070866141733
11
3.7399606299212595
21
-3.4358267716535433
0
LINE
8
BLACK
6
CONTINUOUS
10
3.7399606299212595
20
-3.4358267716535433
11
3.7400355511811023
21
-3.4354501181102362
0
LINE
8
BLACK
6
CONTINUOUS
10
3.7400355511811023
20
-3.4354501181102362
11
3.7405682283464565
21
-3.4349174409448819
0
LINE
8
BLACK
6
CONTINUOUS
10
3.7405682283464565
20
-3.4349174409448819
11
3.7409448818897637
21
-3.4348425196850392
0
LINE
8
BLACK
6
CONTINUOUS
10
3.7409448818897637
20
-3.4348425196850392
11
3.8574803149606298
21
-3.4348425196850392
0
LINE
8
BLACK
6
CONTINUOUS
10
3.8574803149606298
20
-3.4348425196850392
11
3.857856968503937
21
-3.4349174409448819
0
LINE
8
BLACK
6
CONTINUOUS
10
3.7419291338582674
20
-3.436811023622047
11
3.7419291338582674
21
-3.4923228346456692
0
LINE
8
BLACK
6
CONTINUOUS
10
3.7419291338582674
20
-3.4923228346456692
11
3.8564960629921261
21
-3.4923228346456692
0
LINE
8
BLACK
6
CONTINUOUS
10
3.8564960629921261
20
-3.4923228346456692
11
3.8564960629921261
21
-3.436811023622047
0
LINE
8
BLACK
6
CONTINUOUS
10
3.8564960629921261
20
-3.436811023622047
11
3.7419291338582674
21
-3.436811023622047
0
LINE
8
BLACK
6
CONTINUOUS
10
3.3480144488188976
20
-3.366019803149606
11
3.3485471259842519
21
-3.3665524803149607
0
LINE
8
BLACK
6
CONTINUOUS
10
3.3485471259842519
20
-3.3665524803149607
11
3.3486220472440946
21
-3.3669291338582674
0
LINE
8
BLACK
6
CONTINUOUS
10
3.3486220472440946
20
-3.3669291338582674
11
3.3486220472440946
21
-3.483464566929134
0
LINE
8
BLACK
6
CONTINUOUS
10
3.3486220472440946
20
-3.483464566929134
11
3.3485471259842519
21
-3.4838412204724407
0
LINE
8
BLACK
6
CONTINUOUS
10
3.3485471259842519
20
-3.4838412204724407
11
3.3480144488188976
21
-3.4843738976377954
0
LINE
8
BLACK
6
CONTINUOUS
10
3.3480144488188976
20
-3.4843738976377954
11
3.3476377952755905
21
-3.4844488188976377
0
LINE
8
BLACK
6
CONTINUOUS
10
3.3476377952755905
20
-3.4844488188976377
11
3.2901574803149605
21
-3.4844488188976377
0
LINE
8
BLACK
6
CONTINUOUS
10
3.2901574803149605
20
-3.4844488188976377
11
3.2897808267716533
21
-3.4843738976377954
0
LINE
8
BLACK
6
CONTINUOUS
10
3.2897808267716533
20
-3.4843738976377954
11
3.2892481496062991
21
-3.4838412204724407
0
LINE
8
BLACK
6
CONTINUOUS
10
3.2892481496062991
20
-3.4838412204724407
11
3.2891732283464568
21
-3.483464566929134
0
LINE
8
BLACK
6
CONTINUOUS
10
3.2891732283464568
20
-3.483464566929134
11
3.2891732283464568
21
-3.3669291338582674
0
LINE
8
BLACK
6
CONTINUOUS
10
3.2891732283464568
20
-3.3669291338582674
11
3.2892481496062991
21
-3.3665524803149607
0
LINE
8
BLACK
6
CONTINUOUS
10
3.2892481496062991
20
-3.3665524803149607
11
3.2897808267716533
21
-3.366019803149606
0
LINE
8
BLACK
6
CONTINUOUS
10
3.2897808267716533
20
-3.366019803149606
11
3.2901574803149605
21
-3.3659448818897637
0
LINE
8
BLACK
6
CONTINUOUS
10
3.2901574803149605
20
-3.3659448818897637
11
3.3476377952755905
21
-3.3659448818897637
0
LINE
8
BLACK
6
CONTINUOUS
10
3.3476377952755905
20
-3.3659448818897637
11
3.3480144488188976
21
-3.366019803149606
0
LINE
8
BLACK
6
CONTINUOUS
10
3.2911417322834646
20
-3.3679133858267716
11
3.2911417322834646
21
-3.4824803149606298
0
LINE
8
BLACK
6
CONTINUOUS
10
3.2911417322834646
20
-3.4824803149606298
11
3.3466535433070868
21
-3.4824803149606298
0
LINE
8
BLACK
6
CONTINUOUS
10
3.3466535433070868
20
-3.4824803149606298
11
3.3466535433070868
21
-3.3679133858267716
0
LINE
8
BLACK
6
CONTINUOUS
10
3.3466535433070868
20
-3.3679133858267716
11
3.2911417322834646
21
-3.3679133858267716
0
LINE
8
BLACK
6
CONTINUOUS
10
3.4149435826771652
20
-3.366019803149606
11
3.4154762598425195
21
-3.3665524803149607
0
LINE
8
BLACK
6
CONTINUOUS
10
3.4154762598425195
20
-3.3665524803149607
11
3.4155511811023622
21
-3.3669291338582674
0
LINE
8
BLACK
6
CONTINUOUS
10
3.4155511811023622
20
-3.3669291338582674
11
3.4155511811023622
21
-3.483464566929134
0
LINE
8
BLACK
6
CONTINUOUS
10
3.4155511811023622
20
-3.483464566929134
11
3.4154762598425195
21
-3.4838412204724407
0
LINE
8
BLACK
6
CONTINUOUS
10
3.4154762598425195
20
-3.4838412204724407
11
3.4149435826771652
21
-3.4843738976377954
0
LINE
8
BLACK
6
CONTINUOUS
10
3.4149435826771652
20
-3.4843738976377954
11
3.4145669291338581
21
-3.4844488188976377
0
LINE
8
BLACK
6
CONTINUOUS
10
3.4145669291338581
20
-3.4844488188976377
11
3.3570866141732281
21
-3.4844488188976377
0
LINE
8
BLACK
6
CONTINUOUS
10
3.3570866141732281
20
-3.4844488188976377
11
3.3567099606299213
21
-3.4843738976377954
0
LINE
8
BLACK
6
CONTINUOUS
10
3.3567099606299213
20
-3.4843738976377954
11
3.3561772834645667
21
-3.4838412204724407
0
LINE
8
BLACK
6
CONTINUOUS
10
3.3561772834645667
20
-3.4838412204724407
11
3.3561023622047244
21
-3.483464566929134
0
LINE
8
BLACK
6
CONTINUOUS
10
3.3561023622047244
20
-3.483464566929134
11
3.3561023622047244
21
-3.3669291338582674
0
LINE
8
BLACK
6
CONTINUOUS
10
3.3561023622047244
20
-3.3669291338582674
11
3.3561772834645667
21
-3.3665524803149607
0
LINE
8
BLACK
6
CONTINUOUS
10
3.3561772834645667
20
-3.3665524803149607
11
3.3567099606299213
21
-3.366019803149606
0
LINE
8
BLACK
6
CONTINUOUS
10
3.3567099606299213
20
-3.366019803149606
11
3.3570866141732281
21
-3.3659448818897637
0
LINE
8
BLACK
6
CONTINUOUS
10
3.3570866141732281
20
-3.3659448818897637
11
3.4145669291338581
21
-3.3659448818897637
0
LINE
8
BLACK
6
CONTINUOUS
10
3.4145669291338581
20
-3.3659448818897637
11
3.4149435826771652
21
-3.366019803149606
0
LINE
8
BLACK
6
CONTINUOUS
10
3.3580708661417322
20
-3.3679133858267716
11
3.3580708661417322
21
-3.4824803149606298
0
LINE
8
BLACK
6
CONTINUOUS
10
3.3580708661417322
20
-3.4824803149606298
11
3.4135826771653544
21
-3.4824803149606298
0
LINE
8
BLACK
6
CONTINUOUS
10
3.4135826771653544
20
-3.4824803149606298
11
3.4135826771653544
21
-3.3679133858267716
0
LINE
8
BLACK
6
CONTINUOUS
10
3.4135826771653544
20
-3.3679133858267716
11
3.3580708661417322
21
-3.3679133858267716
0
LINE
8
BLACK
6
CONTINUOUS
10
3.4858097244094486
20
-3.366019803149606
11
3.4863424015748032
21
-3.3665524803149607
0
LINE
8
BLACK
6
CONTINUOUS
10
3.4863424015748032
20
-3.3665524803149607
11
3.4864173228346456
21
-3.3669291338582674
0
LINE
8
BLACK
6
CONTINUOUS
10
3.4864173228346456
20
-3.3669291338582674
11
3.4864173228346456
21
-3.483464566929134
0
LINE
8
BLACK
6
CONTINUOUS
10
3.4864173228346456
20
-3.483464566929134
11
3.4863424015748032
21
-3.4838412204724407
0
LINE
8
BLACK
6
CONTINUOUS
10
3.4863424015748032
20
-3.4838412204724407
11
3.4858097244094486
21
-3.4843738976377954
0
LINE
8
BLACK
6
CONTINUOUS
10
3.4858097244094486
20
-3.4843738976377954
11
3.4854330708661418
21
-3.4844488188976377
0
LINE
8
BLACK
6
CONTINUOUS
10
3.4854330708661418
20
-3.4844488188976377
11
3.4279527559055119
21
-3.4844488188976377
0
LINE
8
BLACK
6
CONTINUOUS
10
3.4279527559055119
20
-3.4844488188976377
11
3.4275761023622047
21
-3.4843738976377954
0
LINE
8
BLACK
6
CONTINUOUS
10
3.4275761023622047
20
-3.4843738976377954
11
3.4270434251968505
21
-3.4838412204724407
0
LINE
8
BLACK
6
CONTINUOUS
10
3.4270434251968505
20
-3.4838412204724407
11
3.4269685039370077
21
-3.483464566929134
0
LINE
8
BLACK
6
CONTINUOUS
10
3.4269685039370077
20
-3.483464566929134
11
3.4269685039370077
21
-3.3669291338582674
0
LINE
8
BLACK
6
CONTINUOUS
10
3.4269685039370077
20
-3.3669291338582674
11
3.4270434251968505
21
-3.3665524803149607
0
LINE
8
BLACK
6
CONTINUOUS
10
3.4270434251968505
20
-3.3665524803149607
11
3.4275761023622047
21
-3.366019803149606
0
LINE
8
BLACK
6
CONTINUOUS
10
3.4275761023622047
20
-3.366019803149606
11
3.4279527559055119
21
-3.3659448818897637
0
LINE
8
BLACK
6
CONTINUOUS
10
3.4279527559055119
20
-3.3659448818897637
11
3.4854330708661418
21
-3.3659448818897637
0
LINE
8
BLACK
6
CONTINUOUS
10
3.4854330708661418
20
-3.3659448818897637
11
3.4858097244094486
21
-3.366019803149606
0
LINE
8
BLACK
6
CONTINUOUS
10
3.4289370078740156
20
-3.3679133858267716
11
3.4289370078740156
21
-3.4824803149606298
0
LINE
8
BLACK
6
CONTINUOUS
10
3.4289370078740156
20
-3.4824803149606298
11
3.4844488188976377
21
-3.4824803149606298
0
LINE
8
BLACK
6
CONTINUOUS
10
3.4844488188976377
20
-3.4824803149606298
11
3.4844488188976377
21
-3.3679133858267716
0
LINE
8
BLACK
6
CONTINUOUS
10
3.4844488188976377
20
-3.3679133858267716
11
3.4289370078740156
21
-3.3679133858267716
0
LINE
8
BLACK
6
CONTINUOUS
10
3.5645498818897638
20
-3.366019803149606
11
3.5650825590551181
21
-3.3665524803149607
0
LINE
8
BLACK
6
CONTINUOUS
10
3.5650825590551181
20
-3.3665524803149607
11
3.5651574803149604
21
-3.3669291338582674
0
LINE
8
BLACK
6
CONTINUOUS
10
3.5651574803149604
20
-3.3669291338582674
11
3.5651574803149604
21
-3.483464566929134
0
LINE
8
BLACK
6
CONTINUOUS
10
3.5651574803149604
20
-3.483464566929134
11
3.5650825590551181
21
-3.4838412204724407
0
LINE
8
BLACK
6
CONTINUOUS
10
3.5650825590551181
20
-3.4838412204724407
11
3.5645498818897638
21
-3.4843738976377954
0
LINE
8
BLACK
6
CONTINUOUS
10
3.5645498818897638
20
-3.4843738976377954
11
3.5641732283464567
21
-3.4844488188976377
0
LINE
8
BLACK
6
CONTINUOUS
10
3.5641732283464567
20
-3.4844488188976377
11
3.5066929133858267
21
-3.4844488188976377
0
LINE
8
BLACK
6
CONTINUOUS
10
3.5066929133858267
20
-3.4844488188976377
11
3.5063162598425195
21
-3.4843738976377954
0
LINE
8
BLACK
6
CONTINUOUS
10
3.5063162598425195
20
-3.4843738976377954
11
3.5057835826771653
21
-3.4838412204724407
0
LINE
8
BLACK
6
CONTINUOUS
10
3.5057835826771653
20
-3.4838412204724407
11
3.505708661417323
21
-3.483464566929134
0
LINE
8
BLACK
6
CONTINUOUS
10
3.505708661417323
20
-3.483464566929134
11
3.505708661417323
21
-3.3669291338582674
0
LINE
8
BLACK
6
CONTINUOUS
10
3.505708661417323
20
-3.3669291338582674
11
3.5057835826771653
21
-3.3665524803149607
0
LINE
8
BLACK
6
CONTINUOUS
10
3.5057835826771653
20
-3.3665524803149607
11
3.5063162598425195
21
-3.366019803149606
0
LINE
8
BLACK
6
CONTINUOUS
10
3.5063162598425195
20
-3.366019803149606
11
3.5066929133858267
21
-3.3659448818897637
0
LINE
8
BLACK
6
CONTINUOUS
10
3.5066929133858267
20
-3.3659448818897637
11
3.5641732283464567
21
-3.3659448818897637
0
LINE
8
BLACK
6
CONTINUOUS
10
3.5641732283464567
20
-3.3659448818897637
11
3.5645498818897638
21
-3.366019803149606
0
LINE
8
BLACK
6
CONTINUOUS
10
3.5076771653543308
20
-3.3679133858267716
11
3.5076771653543308
21
-3.4824803149606298
0
LINE
8
BLACK
6
CONTINUOUS
10
3.5076771653543308
20
-3.4824803149606298
11
3.5631889763779525
21
-3.4824803149606298
0
LINE
8
BLACK
6
CONTINUOUS
10
3.5631889763779525
20
-3.4824803149606298
11
3.5631889763779525
21
-3.3679133858267716
0
LINE
8
BLACK
6
CONTINUOUS
10
3.5631889763779525
20
-3.3679133858267716
11
3.5076771653543308
21
-3.3679133858267716
0
LINE
8
BLACK
6
CONTINUOUS
10
2.8542339370078738
20
-3.3826431496062992
11
2.861542598425197
21
-3.3856705118110235
0
LINE
8
BLACK
6
CONTINUOUS
10
2.861542598425197
20
-3.3856705118110235
11
2.8681201968503935
21
-3.3900655118110237
0
LINE
8
BLACK
6
CONTINUOUS
10
2.8681201968503935
20
-3.3900655118110237
11
2.8737140157480314
21
-3.3956593307086615
0
LINE
8
BLACK
6
CONTINUOUS
10
2.8737140157480314
20
-3.3956593307086615
11
2.8781090157480316
21
-3.4022369291338581
0
LINE
8
BLACK
6
CONTINUOUS
10
2.8781090157480316
20
-3.4022369291338581
11
2.8811363779527559
21
-3.4095455905511809
0
LINE
8
BLACK
6
CONTINUOUS
10
2.8811363779527559
20
-3.4095455905511809
11
2.8826796850393701
21
-3.417304409448819
0
LINE
8
BLACK
6
CONTINUOUS
10
2.8826796850393701
20
-3.417304409448819
11
2.8826796850393701
21
-3.4252152755905509
0
LINE
8
BLACK
6
CONTINUOUS
10
2.8826796850393701
20
-3.4252152755905509
11
2.8811363779527559
21
-3.432974094488189
0
LINE
8
BLACK
6
CONTINUOUS
10
2.8811363779527559
20
-3.432974094488189
11
2.8781090157480316
21
-3.4402827559055118
0
LINE
8
BLACK
6
CONTINUOUS
10
2.8781090157480316
20
-3.4402827559055118
11
2.8737140157480314
21
-3.4468603543307084
0
LINE
8
BLACK
6
CONTINUOUS
10
2.8737140157480314
20
-3.4468603543307084
11
2.8681201968503935
21
-3.4524541732283462
0
LINE
8
BLACK
6
CONTINUOUS
10
2.8681201968503935
20
-3.4524541732283462
11
2.861542598425197
21
-3.4568491732283464
0
LINE
8
BLACK
6
CONTINUOUS
10
2.861542598425197
20
-3.4568491732283464
11
2.8542339370078738
21
-3.4598765354330707
0
LINE
8
BLACK
6
CONTINUOUS
10
2.8542339370078738
20
-3.4598765354330707
11
2.8464751181102361
21
-3.4614198425196849
0
LINE
8
BLACK
6
CONTINUOUS
10
2.8464751181102361
20
-3.4614198425196849
11
2.8385642519685037
21
-3.4614198425196849
0
LINE
8
BLACK
6
CONTINUOUS
10
2.8385642519685037
20
-3.4614198425196849
11
2.8308054330708661
21
-3.4598765354330707
0
LINE
8
BLACK
6
CONTINUOUS
10
2.8308054330708661
20
-3.4598765354330707
11
2.8234967716535433
21
-3.4568491732283464
0
LINE
8
BLACK
6
CONTINUOUS
10
2.8234967716535433
20
-3.4568491732283464
11
2.8169191732283463
21
-3.4524541732283462
0
LINE
8
BLACK
6
CONTINUOUS
10
2.8169191732283463
20
-3.4524541732283462
11
2.8113253543307084
21
-3.4468603543307084
0
LINE
8
BLACK
6
CONTINUOUS
10
2.8113253543307084
20
-3.4468603543307084
11
2.8069303543307087
21
-3.4402827559055118
0
LINE
8
BLACK
6
CONTINUOUS
10
2.8069303543307087
20
-3.4402827559055118
11
2.8039029921259844
21
-3.432974094488189
0
LINE
8
BLACK
6
CONTINUOUS
10
2.8039029921259844
20
-3.432974094488189
11
2.8023596850393702
21
-3.4252152755905509
0
LINE
8
BLACK
6
CONTINUOUS
10
2.8023596850393702
20
-3.4252152755905509
11
2.8023596850393702
21
-3.4174791732283465
0
LINE
8
BLACK
6
CONTINUOUS
10
2.8023596850393702
20
-3.4174791732283465
11
2.8023596850393702
21
-3.417304409448819
0
LINE
8
BLACK
6
CONTINUOUS
10
2.8023596850393702
20
-3.417304409448819
11
2.8039029921259844
21
-3.4095455905511809
0
LINE
8
BLACK
6
CONTINUOUS
10
2.8039029921259844
20
-3.4095455905511809
11
2.8069303543307087
21
-3.4022369291338581
0
LINE
8
BLACK
6
CONTINUOUS
10
2.8069303543307087
20
-3.4022369291338581
11
2.8113253543307084
21
-3.3956593307086615
0
LINE
8
BLACK
6
CONTINUOUS
10
2.8113253543307084
20
-3.3956593307086615
11
2.8169191732283463
21
-3.3900655118110237
0
LINE
8
BLACK
6
CONTINUOUS
10
2.8169191732283463
20
-3.3900655118110237
11
2.8234967716535433
21
-3.3856705118110235
0
LINE
8
BLACK
6
CONTINUOUS
10
2.8234967716535433
20
-3.3856705118110235
11
2.8308054330708661
21
-3.3826431496062992
0
LINE
8
BLACK
6
CONTINUOUS
10
2.8308054330708661
20
-3.3826431496062992
11
2.8385642519685037
21
-3.381099842519685
0
LINE
8
BLACK
6
CONTINUOUS
10
2.8385642519685037
20
-3.381099842519685
11
2.8464751181102361
21
-3.381099842519685
0
LINE
8
BLACK
6
CONTINUOUS
10
2.8464751181102361
20
-3.381099842519685
11
2.8542339370078738
21
-3.3826431496062992
0
LINE
8
BLACK
6
CONTINUOUS
10
2.8041338582677167
20
-3.4250405118110234
11
2.8056089763779526
21
-3.4324565748031497
0
LINE
8
BLACK
6
CONTINUOUS
10
2.8056089763779526
20
-3.4324565748031497
11
2.8085025984251968
21
-3.4394423622047245
0
LINE
8
BLACK
6
CONTINUOUS
10
2.8085025984251968
20
-3.4394423622047245
11
2.8127034645669289
21
-3.4457294094488189
0
LINE
8
BLACK
6
CONTINUOUS
10
2.8127034645669289
20
-3.4457294094488189
11
2.8180501181102362
21
-3.4510760629921258
0
LINE
8
BLACK
6
CONTINUOUS
10
2.8180501181102362
20
-3.4510760629921258
11
2.8243371653543305
21
-3.4552769291338583
0
LINE
8
BLACK
6
CONTINUOUS
10
2.8243371653543305
20
-3.4552769291338583
11
2.8313229527559054
21
-3.4581705511811025
0
LINE
8
BLACK
6
CONTINUOUS
10
2.8313229527559054
20
-3.4581705511811025
11
2.8387390157480312
21
-3.4596456692913384
0
LINE
8
BLACK
6
CONTINUOUS
10
2.8387390157480312
20
-3.4596456692913384
11
2.8463003543307086
21
-3.4596456692913384
0
LINE
8
BLACK
6
CONTINUOUS
10
2.8463003543307086
20
-3.4596456692913384
11
2.8537164173228344
21
-3.4581705511811025
0
LINE
8
BLACK
6
CONTINUOUS
10
2.8537164173228344
20
-3.4581705511811025
11
2.8607022047244093
21
-3.4552769291338583
0
LINE
8
BLACK
6
CONTINUOUS
10
2.8607022047244093
20
-3.4552769291338583
11
2.8669892519685041
21
-3.4510760629921258
0
LINE
8
BLACK
6
CONTINUOUS
10
2.8669892519685041
20
-3.4510760629921258
11
2.8723359055118109
21
-3.4457294094488189
0
LINE
8
BLACK
6
CONTINUOUS
10
2.8723359055118109
20
-3.4457294094488189
11
2.876536771653543
21
-3.4394423622047245
0
LINE
8
BLACK
6
CONTINUOUS
10
2.876536771653543
20
-3.4394423622047245
11
2.8794303937007872
21
-3.4324565748031497
0
LINE
8
BLACK
6
CONTINUOUS
10
2.8794303937007872
20
-3.4324565748031497
11
2.8809055118110236
21
-3.4250405118110234
0
LINE
8
BLACK
6
CONTINUOUS
10
2.8809055118110236
20
-3.4250405118110234
11
2.8809055118110236
21
-3.4174791732283465
0
LINE
8
BLACK
6
CONTINUOUS
10
2.8809055118110236
20
-3.4174791732283465
11
2.8794303937007872
21
-3.4100631102362202
0
LINE
8
BLACK
6
CONTINUOUS
10
2.8794303937007872
20
-3.4100631102362202
11
2.876536771653543
21
-3.4030773228346458
0
LINE
8
BLACK
6
CONTINUOUS
10
2.876536771653543
20
-3.4030773228346458
11
2.8723359055118109
21
-3.396790275590551
0
LINE
8
BLACK
6
CONTINUOUS
10
2.8723359055118109
20
-3.396790275590551
11
2.8669892519685041
21
-3.3914436220472441
0
LINE
8
BLACK
6
CONTINUOUS
10
2.8669892519685041
20
-3.3914436220472441
11
2.8607022047244093
21
-3.3872427559055116
0
LINE
8
BLACK
6
CONTINUOUS
10
2.8607022047244093
20
-3.3872427559055116
11
2.8537164173228344
21
-3.3843491338582679
0
LINE
8
BLACK
6
CONTINUOUS
10
2.8537164173228344
20
-3.3843491338582679
11
2.8463003543307086
21
-3.3828740157480315
0
LINE
8
BLACK
6
CONTINUOUS
10
2.8463003543307086
20
-3.3828740157480315
11
2.8387390157480312
21
-3.3828740157480315
0
LINE
8
BLACK
6
CONTINUOUS
10
2.8387390157480312
20
-3.3828740157480315
11
2.8313229527559054
21
-3.3843491338582679
0
LINE
8
BLACK
6
CONTINUOUS
10
2.8313229527559054
20
-3.3843491338582679
11
2.8243371653543305
21
-3.3872427559055116
0
LINE
8
BLACK
6
CONTINUOUS
10
2.8243371653543305
20
-3.3872427559055116
11
2.8180501181102362
21
-3.3914436220472441
0
LINE
8
BLACK
6
CONTINUOUS
10
2.8180501181102362
20
-3.3914436220472441
11
2.8127034645669289
21
-3.396790275590551
0
LINE
8
BLACK
6
CONTINUOUS
10
2.8127034645669289
20
-3.396790275590551
11
2.8085025984251968
21
-3.4030773228346458
0
LINE
8
BLACK
6
CONTINUOUS
10
2.8085025984251968
20
-3.4030773228346458
11
2.8056089763779526
21
-3.4100631102362202
0
LINE
8
BLACK
6
CONTINUOUS
10
2.8056089763779526
20
-3.4100631102362202
11
2.8041338582677167
21
-3.4174791732283465
0
LINE
8
BLACK
6
CONTINUOUS
10
2.8041338582677167
20
-3.4174791732283465
11
2.8041338582677167
21
-3.4250405118110234
0
LINE
8
BLACK
6
CONTINUOUS
10
2.5881719291338583
20
-3.3365552362204722
11
2.5887046062992125
21
-3.3370879133858269
0
LINE
8
BLACK
6
CONTINUOUS
10
2.5887046062992125
20
-3.3370879133858269
11
2.5887795275590553
21
-3.3374645669291336
0
LINE
8
BLACK
6
CONTINUOUS
10
2.5887795275590553
20
-3.3374645669291336
11
2.5887795275590553
21
-3.4539999999999997
0
LINE
8
BLACK
6
CONTINUOUS
10
2.5887795275590553
20
-3.4539999999999997
11
2.5887046062992125
21
-3.4543766535433069
0
LINE
8
BLACK
6
CONTINUOUS
10
2.5887046062992125
20
-3.4543766535433069
11
2.5881719291338583
21
-3.4549093307086611
0
LINE
8
BLACK
6
CONTINUOUS
10
2.5881719291338583
20
-3.4549093307086611
11
2.5877952755905511
21
-3.4549842519685039
0
LINE
8
BLACK
6
CONTINUOUS
10
2.5877952755905511
20
-3.4549842519685039
11
2.5303149606299211
21
-3.4549842519685039
0
LINE
8
BLACK
6
CONTINUOUS
10
2.5303149606299211
20
-3.4549842519685039
11
2.5299383070866139
21
-3.4549093307086611
0
LINE
8
BLACK
6
CONTINUOUS
10
2.5299383070866139
20
-3.4549093307086611
11
2.5294056299212597
21
-3.4543766535433069
0
LINE
8
BLACK
6
CONTINUOUS
10
2.5294056299212597
20
-3.4543766535433069
11
2.5293307086614174
21
-3.4539999999999997
0
LINE
8
BLACK
6
CONTINUOUS
10
2.5293307086614174
20
-3.4539999999999997
11
2.5293307086614174
21
-3.3374645669291336
0
LINE
8
BLACK
6
CONTINUOUS
10
2.5293307086614174
20
-3.3374645669291336
11
2.5294056299212597
21
-3.3370879133858269
0
LINE
8
BLACK
6
CONTINUOUS
10
2.5294056299212597
20
-3.3370879133858269
11
2.5299383070866139
21
-3.3365552362204722
0
LINE
8
BLACK
6
CONTINUOUS
10
2.5299383070866139
20
-3.3365552362204722
11
2.5303149606299211
21
-3.3364803149606299
0
LINE
8
BLACK
6
CONTINUOUS
10
2.5303149606299211
20
-3.3364803149606299
11
2.5877952755905511
21
-3.3364803149606299
0
LINE
8
BLACK
6
CONTINUOUS
10
2.5877952755905511
20
-3.3364803149606299
11
2.5881719291338583
21
-3.3365552362204722
0
LINE
8
BLACK
6
CONTINUOUS
10
2.5312992125984253
20
-3.3384488188976378
11
2.5312992125984253
21
-3.453015748031496
0
LINE
8
BLACK
6
CONTINUOUS
10
2.5312992125984253
20
-3.453015748031496
11
2.5868110236220474
21
-3.453015748031496
0
LINE
8
BLACK
6
CONTINUOUS
10
2.5868110236220474
20
-3.453015748031496
11
2.5868110236220474
21
-3.3384488188976378
0
LINE
8
BLACK
6
CONTINUOUS
10
2.5868110236220474
20
-3.3384488188976378
11
2.5312992125984253
21
-3.3384488188976378
0
LINE
8
BLACK
6
CONTINUOUS
10
3.8657309842519685
20
-3.3475158661417321
11
3.8662636614173227
21
-3.3480485433070863
0
LINE
8
BLACK
6
CONTINUOUS
10
3.8662636614173227
20
-3.3480485433070863
11
3.8663385826771655
21
-3.3484251968503935
0
LINE
8
BLACK
6
CONTINUOUS
10
3.8663385826771655
20
-3.3484251968503935
11
3.8663385826771655
21
-3.423228346456693
0
LINE
8
BLACK
6
CONTINUOUS
10
3.8663385826771655
20
-3.423228346456693
11
3.8662636614173227
21
-3.4236049999999998
0
LINE
8
BLACK
6
CONTINUOUS
10
3.8662636614173227
20
-3.4236049999999998
11
3.8657309842519685
21
-3.4241376771653544
0
LINE
8
BLACK
6
CONTINUOUS
10
3.8657309842519685
20
-3.4241376771653544
11
3.8653543307086613
21
-3.4242125984251968
0
LINE
8
BLACK
6
CONTINUOUS
10
3.8653543307086613
20
-3.4242125984251968
11
3.7330708661417322
21
-3.4242125984251968
0
LINE
8
BLACK
6
CONTINUOUS
10
3.7330708661417322
20
-3.4242125984251968
11
3.732694212598425
21
-3.4241376771653544
0
LINE
8
BLACK
6
CONTINUOUS
10
3.732694212598425
20
-3.4241376771653544
11
3.7321615354330708
21
-3.4236049999999998
0
LINE
8
BLACK
6
CONTINUOUS
10
3.7321615354330708
20
-3.4236049999999998
11
3.7320866141732281
21
-3.423228346456693
0
LINE
8
BLACK
6
CONTINUOUS
10
3.7320866141732281
20
-3.423228346456693
11
3.7320866141732281
21
-3.3484251968503935
0
LINE
8
BLACK
6
CONTINUOUS
10
3.7320866141732281
20
-3.3484251968503935
11
3.7321615354330708
21
-3.3480485433070863
0
LINE
8
BLACK
6
CONTINUOUS
10
3.7321615354330708
20
-3.3480485433070863
11
3.732694212598425
21
-3.3475158661417321
0
LINE
8
BLACK
6
CONTINUOUS
10
3.732694212598425
20
-3.3475158661417321
11
3.7330708661417322
21
-3.3474409448818898
0
LINE
8
BLACK
6
CONTINUOUS
10
3.7330708661417322
20
-3.3474409448818898
11
3.8653543307086613
21
-3.3474409448818898
0
LINE
8
BLACK
6
CONTINUOUS
10
3.8653543307086613
20
-3.3474409448818898
11
3.8657309842519685
21
-3.3475158661417321
0
LINE
8
BLACK
6
CONTINUOUS
10
3.7340551181102359
20
-3.3494094488188977
11
3.7340551181102359
21
-3.4222440944881889
0
LINE
8
BLACK
6
CONTINUOUS
10
3.7340551181102359
20
-3.4222440944881889
11
3.8643700787401576
21
-3.4222440944881889
0
LINE
8
BLACK
6
CONTINUOUS
10
3.8643700787401576
20
-3.4222440944881889
11
3.8643700787401576
21
-3.3494094488188977
0
LINE
8
BLACK
6
CONTINUOUS
10
3.8643700787401576
20
-3.3494094488188977
11
3.7340551181102359
21
-3.3494094488188977
0
LINE
8
BLACK
6
CONTINUOUS
10
3.2641561811023623
20
-3.2727127165354331
11
3.2646888582677165
21
-3.2732453937007873
0
LINE
8
BLACK
6
CONTINUOUS
10
3.2646888582677165
20
-3.2732453937007873
11
3.2647637795275588
21
-3.2736220472440944
0
LINE
8
BLACK
6
CONTINUOUS
10
3.2647637795275588
20
-3.2736220472440944
11
3.2647637795275588
21
-3.4192913385826773
0
LINE
8
BLACK
6
CONTINUOUS
10
3.2647637795275588
20
-3.4192913385826773
11
3.2646888582677165
21
-3.419667992125984
0
LINE
8
BLACK
6
CONTINUOUS
10
3.2646888582677165
20
-3.419667992125984
11
3.2641561811023623
21
-3.4202006692913387
0
LINE
8
BLACK
6
CONTINUOUS
10
3.2641561811023623
20
-3.4202006692913387
11
3.2637795275590551
21
-3.420275590551181
0
LINE
8
BLACK
6
CONTINUOUS
10
3.2637795275590551
20
-3.420275590551181
11
3.1141732283464565
21
-3.420275590551181
0
LINE
8
BLACK
6
CONTINUOUS
10
3.1141732283464565
20
-3.420275590551181
11
3.1137965748031498
21
-3.4202006692913387
0
LINE
8
BLACK
6
CONTINUOUS
10
3.1137965748031498
20
-3.4202006692913387
11
3.1132638976377951
21
-3.419667992125984
0
LINE
8
BLACK
6
CONTINUOUS
10
3.1132638976377951
20
-3.419667992125984
11
3.1131889763779528
21
-3.4192913385826773
0
LINE
8
BLACK
6
CONTINUOUS
10
3.1131889763779528
20
-3.4192913385826773
11
3.1131889763779528
21
-3.2736220472440944
0
LINE
8
BLACK
6
CONTINUOUS
10
3.1131889763779528
20
-3.2736220472440944
11
3.1132638976377951
21
-3.2732453937007873
0
LINE
8
BLACK
6
CONTINUOUS
10
3.1132638976377951
20
-3.2732453937007873
11
3.1137965748031498
21
-3.2727127165354331
0
LINE
8
BLACK
6
CONTINUOUS
10
3.1137965748031498
20
-3.2727127165354331
11
3.1141732283464565
21
-3.2726377952755903
0
LINE
8
BLACK
6
CONTINUOUS
10
3.1141732283464565
20
-3.2726377952755903
11
3.2637795275590551
21
-3.2726377952755903
0
LINE
8
BLACK
6
CONTINUOUS
10
3.2637795275590551
20
-3.2726377952755903
11
3.2641561811023623
21
-3.2727127165354331
0
LINE
8
BLACK
6
CONTINUOUS
10
3.1151574803149606
20
-3.2746062992125982
11
3.1151574803149606
21
-3.4183070866141732
0
LINE
8
BLACK
6
CONTINUOUS
10
3.1151574803149606
20
-3.4183070866141732
11
3.2627952755905509
21
-3.4183070866141732
0
LINE
8
BLACK
6
CONTINUOUS
10
3.2627952755905509
20
-3.4183070866141732
11
3.2627952755905509
21
-3.2746062992125982
0
LINE
8
BLACK
6
CONTINUOUS
10
3.2627952755905509
20
-3.2746062992125982
11
3.1151574803149606
21
-3.2746062992125982
0
LINE
8
BLACK
6
CONTINUOUS
10
3.0970301968503935
20
-3.282653661417323
11
3.0975628740157481
21
-3.2831863385826772
0
LINE
8
BLACK
6
CONTINUOUS
10
3.0975628740157481
20
-3.2831863385826772
11
3.0976377952755905
21
-3.2835629921259843
0
LINE
8
BLACK
6
CONTINUOUS
10
3.0976377952755905
20
-3.2835629921259843
11
3.0976377952755905
21
-3.4000984251968505
0
LINE
8
BLACK
6
CONTINUOUS
10
3.0976377952755905
20
-3.4000984251968505
11
3.0975628740157481
21
-3.4004750787401572
0
LINE
8
BLACK
6
CONTINUOUS
10
3.0975628740157481
20
-3.4004750787401572
11
3.0970301968503935
21
-3.4010077559055119
0
LINE
8
BLACK
6
CONTINUOUS
10
3.0970301968503935
20
-3.4010077559055119
11
3.0966535433070868
21
-3.4010826771653542
0
LINE
8
BLACK
6
CONTINUOUS
10
3.0966535433070868
20
-3.4010826771653542
11
3.0391732283464568
21
-3.4010826771653542
0
LINE
8
BLACK
6
CONTINUOUS
10
3.0391732283464568
20
-3.4010826771653542
11
3.0387965748031496
21
-3.4010077559055119
0
LINE
8
BLACK
6
CONTINUOUS
10
3.0387965748031496
20
-3.4010077559055119
11
3.0382638976377954
21
-3.4004750787401572
0
LINE
8
BLACK
6
CONTINUOUS
10
3.0382638976377954
20
-3.4004750787401572
11
3.0381889763779526
21
-3.4000984251968505
0
LINE
8
BLACK
6
CONTINUOUS
10
3.0381889763779526
20
-3.4000984251968505
11
3.0381889763779526
21
-3.2835629921259843
0
LINE
8
BLACK
6
CONTINUOUS
10
3.0381889763779526
20
-3.2835629921259843
11
3.0382638976377954
21
-3.2831863385826772
0
LINE
8
BLACK
6
CONTINUOUS
10
3.0382638976377954
20
-3.2831863385826772
11
3.0387965748031496
21
-3.282653661417323
0
LINE
8
BLACK
6
CONTINUOUS
10
3.0387965748031496
20
-3.282653661417323
11
3.0391732283464568
21
-3.2825787401574802
0
LINE
8
BLACK
6
CONTINUOUS
10
3.0391732283464568
20
-3.2825787401574802
11
3.0966535433070868
21
-3.2825787401574802
0
LINE
8
BLACK
6
CONTINUOUS
10
3.0966535433070868
20
-3.2825787401574802
11
3.0970301968503935
21
-3.282653661417323
0
LINE
8
BLACK
6
CONTINUOUS
10
3.0401574803149605
20
-3.2845472440944881
11
3.0401574803149605
21
-3.3991141732283463
0
LINE
8
BLACK
6
CONTINUOUS
10
3.0401574803149605
20
-3.3991141732283463
11
3.0956692913385826
21
-3.3991141732283463
0
LINE
8
BLACK
6
CONTINUOUS
10
3.0956692913385826
20
-3.3991141732283463
11
3.0956692913385826
21
-3.2845472440944881
0
LINE
8
BLACK
6
CONTINUOUS
10
3.0956692913385826
20
-3.2845472440944881
11
3.0401574803149605
21
-3.2845472440944881
0
LINE
8
BLACK
6
CONTINUOUS
10
2.9395498818897638
20
-3.2749764960629921
11
2.9400825590551181
21
-3.2755091732283463
0
LINE
8
BLACK
6
CONTINUOUS
10
2.9400825590551181
20
-3.2755091732283463
11
2.9401574803149604
21
-3.2758858267716535
0
LINE
8
BLACK
6
CONTINUOUS
10
2.9401574803149604
20
-3.2758858267716535
11
2.9401574803149604
21
-3.3924212598425196
0
LINE
8
BLACK
6
CONTINUOUS
10
2.9401574803149604
20
-3.3924212598425196
11
2.9400825590551181
21
-3.3927979133858268
0
LINE
8
BLACK
6
CONTINUOUS
10
2.9400825590551181
20
-3.3927979133858268
11
2.9395498818897638
21
-3.393330590551181
0
LINE
8
BLACK
6
CONTINUOUS
10
2.9395498818897638
20
-3.393330590551181
11
2.9391732283464567
21
-3.3934055118110233
0
LINE
8
BLACK
6
CONTINUOUS
10
2.9391732283464567
20
-3.3934055118110233
11
2.8816929133858267
21
-3.3934055118110233
0
LINE
8
BLACK
6
CONTINUOUS
10
2.8816929133858267
20
-3.3934055118110233
11
2.8813162598425195
21
-3.393330590551181
0
LINE
8
BLACK
6
CONTINUOUS
10
2.8813162598425195
20
-3.393330590551181
11
2.8807835826771653
21
-3.3927979133858268
0
LINE
8
BLACK
6
CONTINUOUS
10
2.8807835826771653
20
-3.3927979133858268
11
2.880708661417323
21
-3.3924212598425196
0
LINE
8
BLACK
6
CONTINUOUS
10
2.880708661417323
20
-3.3924212598425196
11
2.880708661417323
21
-3.2758858267716535
0
LINE
8
BLACK
6
CONTINUOUS
10
2.880708661417323
20
-3.2758858267716535
11
2.8807835826771653
21
-3.2755091732283463
0
LINE
8
BLACK
6
CONTINUOUS
10
2.8807835826771653
20
-3.2755091732283463
11
2.8813162598425195
21
-3.2749764960629921
0
LINE
8
BLACK
6
CONTINUOUS
10
2.8813162598425195
20
-3.2749764960629921
11
2.8816929133858267
21
-3.2749015748031494
0
LINE
8
BLACK
6
CONTINUOUS
10
2.8816929133858267
20
-3.2749015748031494
11
2.9391732283464567
21
-3.2749015748031494
0
LINE
8
BLACK
6
CONTINUOUS
10
2.9391732283464567
20
-3.2749015748031494
11
2.9395498818897638
21
-3.2749764960629921
0
LINE
8
BLACK
6
CONTINUOUS
10
2.8826771653543308
20
-3.2768700787401572
11
2.8826771653543308
21
-3.3914370078740155
0
LINE
8
BLACK
6
CONTINUOUS
10
2.8826771653543308
20
-3.3914370078740155
11
2.9381889763779525
21
-3.3914370078740155
0
LINE
8
BLACK
6
CONTINUOUS
10
2.9381889763779525
20
-3.3914370078740155
11
2.9381889763779525
21
-3.2768700787401572
0
LINE
8
BLACK
6
CONTINUOUS
10
2.9381889763779525
20
-3.2768700787401572
11
2.8826771653543308
21
-3.2768700787401572
0
LINE
8
BLACK
6
CONTINUOUS
10
3.0182900393700787
20
-3.2749764960629921
11
3.0188227165354329
21
-3.2755091732283463
0
LINE
8
BLACK
6
CONTINUOUS
10
3.0188227165354329
20
-3.2755091732283463
11
3.0188976377952756
21
-3.2758858267716535
0
LINE
8
BLACK
6
CONTINUOUS
10
3.0188976377952756
20
-3.2758858267716535
11
3.0188976377952756
21
-3.3924212598425196
0
LINE
8
BLACK
6
CONTINUOUS
10
3.0188976377952756
20
-3.3924212598425196
11
3.0188227165354329
21
-3.3927979133858268
0
LINE
8
BLACK
6
CONTINUOUS
10
3.0188227165354329
20
-3.3927979133858268
11
3.0182900393700787
21
-3.393330590551181
0
LINE
8
BLACK
6
CONTINUOUS
10
3.0182900393700787
20
-3.393330590551181
11
3.0179133858267715
21
-3.3934055118110233
0
LINE
8
BLACK
6
CONTINUOUS
10
3.0179133858267715
20
-3.3934055118110233
11
2.9604330708661415
21
-3.3934055118110233
0
LINE
8
BLACK
6
CONTINUOUS
10
2.9604330708661415
20
-3.3934055118110233
11
2.9600564173228348
21
-3.393330590551181
0
LINE
8
BLACK
6
CONTINUOUS
10
2.9600564173228348
20
-3.393330590551181
11
2.9595237401574801
21
-3.3927979133858268
0
LINE
8
BLACK
6
CONTINUOUS
10
2.9595237401574801
20
-3.3927979133858268
11
2.9594488188976378
21
-3.3924212598425196
0
LINE
8
BLACK
6
CONTINUOUS
10
2.9594488188976378
20
-3.3924212598425196
11
2.9594488188976378
21
-3.2758858267716535
0
LINE
8
BLACK
6
CONTINUOUS
10
2.9594488188976378
20
-3.2758858267716535
11
2.9595237401574801
21
-3.2755091732283463
0
LINE
8
BLACK
6
CONTINUOUS
10
2.9595237401574801
20
-3.2755091732283463
11
2.9600564173228348
21
-3.2749764960629921
0
LINE
8
BLACK
6
CONTINUOUS
10
2.9600564173228348
20
-3.2749764960629921
11
2.9604330708661415
21
-3.2749015748031494
0
LINE
8
BLACK
6
CONTINUOUS
10
2.9604330708661415
20
-3.2749015748031494
11
3.0179133858267715
21
-3.2749015748031494
0
LINE
8
BLACK
6
CONTINUOUS
10
3.0179133858267715
20
-3.2749015748031494
11
3.0182900393700787
21
-3.2749764960629921
0
LINE
8
BLACK
6
CONTINUOUS
10
2.9614173228346456
20
-3.2768700787401572
11
2.9614173228346456
21
-3.3914370078740155
0
LINE
8
BLACK
6
CONTINUOUS
10
2.9614173228346456
20
-3.3914370078740155
11
3.0169291338582678
21
-3.3914370078740155
0
LINE
8
BLACK
6
CONTINUOUS
10
3.0169291338582678
20
-3.3914370078740155
11
3.0169291338582678
21
-3.2768700787401572
0
LINE
8
BLACK
6
CONTINUOUS
10
3.0169291338582678
20
-3.2768700787401572
11
2.9614173228346456
21
-3.2768700787401572
0
LINE
8
BLACK
6
CONTINUOUS
10
2.8389593307086614
20
-3.2302478346456693
11
2.8394920078740156
21
-3.2307805118110235
0
LINE
8
BLACK
6
CONTINUOUS
10
2.8394920078740156
20
-3.2307805118110235
11
2.8395669291338583
21
-3.2311571653543307
0
LINE
8
BLACK
6
CONTINUOUS
10
2.8395669291338583
20
-3.2311571653543307
11
2.8395669291338583
21
-3.3689524409448817
0
LINE
8
BLACK
6
CONTINUOUS
10
2.8395669291338583
20
-3.3689524409448817
11
2.8394920078740156
21
-3.3693290944881888
0
LINE
8
BLACK
6
CONTINUOUS
10
2.8394920078740156
20
-3.3693290944881888
11
2.8389593307086614
21
-3.3698617716535431
0
LINE
8
BLACK
6
CONTINUOUS
10
2.8389593307086614
20
-3.3698617716535431
11
2.8385826771653542
21
-3.3699366929133858
0
LINE
8
BLACK
6
CONTINUOUS
10
2.8385826771653542
20
-3.3699366929133858
11
2.704724409448819
21
-3.3699366929133858
0
LINE
8
BLACK
6
CONTINUOUS
10
2.704724409448819
20
-3.3699366929133858
11
2.7043477559055118
21
-3.3698617716535431
0
LINE
8
BLACK
6
CONTINUOUS
10
2.7043477559055118
20
-3.3698617716535431
11
2.7038150787401576
21
-3.3693290944881888
0
LINE
8
BLACK
6
CONTINUOUS
10
2.7038150787401576
20
-3.3693290944881888
11
2.7037401574803148
21
-3.3689524409448817
0
LINE
8
BLACK
6
CONTINUOUS
10
2.7037401574803148
20
-3.3689524409448817
11
2.7037401574803148
21
-3.2311571653543307
0
LINE
8
BLACK
6
CONTINUOUS
10
2.7037401574803148
20
-3.2311571653543307
11
2.7038150787401576
21
-3.2307805118110235
0
LINE
8
BLACK
6
CONTINUOUS
10
2.7038150787401576
20
-3.2307805118110235
11
2.7043477559055118
21
-3.2302478346456693
0
LINE
8
BLACK
6
CONTINUOUS
10
2.7043477559055118
20
-3.2302478346456693
11
2.704724409448819
21
-3.2301729133858266
0
LINE
8
BLACK
6
CONTINUOUS
10
2.704724409448819
20
-3.2301729133858266
11
2.8385826771653542
21
-3.2301729133858266
0
LINE
8
BLACK
6
CONTINUOUS
10
2.8385826771653542
20
-3.2301729133858266
11
2.8389593307086614
21
-3.2302478346456693
0
LINE
8
BLACK
6
CONTINUOUS
10
2.7057086614173227
20
-3.2321414173228344
11
2.7057086614173227
21
-3.367968188976378
0
LINE
8
BLACK
6
CONTINUOUS
10
2.7057086614173227
20
-3.367968188976378
11
2.8375984251968505
21
-3.367968188976378
0
LINE
8
BLACK
6
CONTINUOUS
10
2.8375984251968505
20
-3.367968188976378
11
2.8375984251968505
21
-3.2321414173228344
0
LINE
8
BLACK
6
CONTINUOUS
10
2.8375984251968505
20
-3.2321414173228344
11
2.7057086614173227
21
-3.2321414173228344
0
LINE
8
BLACK
6
CONTINUOUS
10
3.4369111023622048
20
-3.2684699212598423
11
3.4442197637795275
21
-3.271497283464567
0
LINE
8
BLACK
6
CONTINUOUS
10
3.4442197637795275
20
-3.271497283464567
11
3.4507973622047245
21
-3.2758922834645667
0
LINE
8
BLACK
6
CONTINUOUS
10
3.4507973622047245
20
-3.2758922834645667
11
3.456391181102362
21
-3.2814861023622046
0
LINE
8
BLACK
6
CONTINUOUS
10
3.456391181102362
20
-3.2814861023622046
11
3.4607861811023621
21
-3.2880637007874016
0
LINE
8
BLACK
6
CONTINUOUS
10
3.4607861811023621
20
-3.2880637007874016
11
3.4638135433070865
21
-3.2953723622047244
0
LINE
8
BLACK
6
CONTINUOUS
10
3.4638135433070865
20
-3.2953723622047244
11
3.4653568503937007
21
-3.303131181102362
0
LINE
8
BLACK
6
CONTINUOUS
10
3.4653568503937007
20
-3.303131181102362
11
3.4653568503937007
21
-3.3110420472440945
0
LINE
8
BLACK
6
CONTINUOUS
10
3.4653568503937007
20
-3.3110420472440945
11
3.4638135433070865
21
-3.3188008661417321
0
LINE
8
BLACK
6
CONTINUOUS
10
3.4638135433070865
20
-3.3188008661417321
11
3.4607861811023621
21
-3.3261095275590549
0
LINE
8
BLACK
6
CONTINUOUS
10
3.4607861811023621
20
-3.3261095275590549
11
3.456391181102362
21
-3.3326871259842519
0
LINE
8
BLACK
6
CONTINUOUS
10
3.456391181102362
20
-3.3326871259842519
11
3.4507973622047245
21
-3.3382809448818898
0
LINE
8
BLACK
6
CONTINUOUS
10
3.4507973622047245
20
-3.3382809448818898
11
3.4442197637795275
21
-3.3426759448818899
0
LINE
8
BLACK
6
CONTINUOUS
10
3.4442197637795275
20
-3.3426759448818899
11
3.4369111023622048
21
-3.3457033070866142
0
LINE
8
BLACK
6
CONTINUOUS
10
3.4369111023622048
20
-3.3457033070866142
11
3.4291522834645667
21
-3.3472466141732284
0
LINE
8
BLACK
6
CONTINUOUS
10
3.4291522834645667
20
-3.3472466141732284
11
3.4212414173228347
21
-3.3472466141732284
0
LINE
8
BLACK
6
CONTINUOUS
10
3.4212414173228347
20
-3.3472466141732284
11
3.4134825984251966
21
-3.3457033070866142
0
LINE
8
BLACK
6
CONTINUOUS
10
3.4134825984251966
20
-3.3457033070866142
11
3.4061739370078739
21
-3.3426759448818899
0
LINE
8
BLACK
6
CONTINUOUS
10
3.4061739370078739
20
-3.3426759448818899
11
3.3995963385826773
21
-3.3382809448818898
0
LINE
8
BLACK
6
CONTINUOUS
10
3.3995963385826773
20
-3.3382809448818898
11
3.3940025196850394
21
-3.3326871259842519
0
LINE
8
BLACK
6
CONTINUOUS
10
3.3940025196850394
20
-3.3326871259842519
11
3.3896075196850393
21
-3.3261095275590549
0
LINE
8
BLACK
6
CONTINUOUS
10
3.3896075196850393
20
-3.3261095275590549
11
3.3865801574803149
21
-3.3188008661417321
0
LINE
8
BLACK
6
CONTINUOUS
10
3.3865801574803149
20
-3.3188008661417321
11
3.3850368503937007
21
-3.3110420472440945
0
LINE
8
BLACK
6
CONTINUOUS
10
3.3850368503937007
20
-3.3110420472440945
11
3.3850368503937007
21
-3.3033059448818896
0
LINE
8
BLACK
6
CONTINUOUS
10
3.3850368503937007
20
-3.3033059448818896
11
3.3850368503937007
21
-3.303131181102362
0
LINE
8
BLACK
6
CONTINUOUS
10
3.3850368503937007
20
-3.303131181102362
11
3.3865801574803149
21
-3.2953723622047244
0
LINE
8
BLACK
6
CONTINUOUS
10
3.3865801574803149
20
-3.2953723622047244
11
3.3896075196850393
21
-3.2880637007874016
0
LINE
8
BLACK
6
CONTINUOUS
10
3.3896075196850393
20
-3.2880637007874016
11
3.3940025196850394
21
-3.2814861023622046
0
LINE
8
BLACK
6
CONTINUOUS
10
3.3940025196850394
20
-3.2814861023622046
11
3.3995963385826773
21
-3.2758922834645667
0
LINE
8
BLACK
6
CONTINUOUS
10
3.3995963385826773
20
-3.2758922834645667
11
3.4061739370078739
21
-3.271497283464567
0
LINE
8
BLACK
6
CONTINUOUS
10
3.4061739370078739
20
-3.271497283464567
11
3.4134825984251966
21
-3.2684699212598423
0
LINE
8
BLACK
6
CONTINUOUS
10
3.4134825984251966
20
-3.2684699212598423
11
3.4212414173228347
21
-3.2669266141732285
0
LINE
8
BLACK
6
CONTINUOUS
10
3.4212414173228347
20
-3.2669266141732285
11
3.4291522834645667
21
-3.2669266141732285
0
LINE
8
BLACK
6
CONTINUOUS
10
3.4291522834645667
20
-3.2669266141732285
11
3.4369111023622048
21
-3.2684699212598423
0
LINE
8
BLACK
6
CONTINUOUS
10
3.3868110236220472
20
-3.3108672834645669
11
3.3882861417322836
21
-3.3182833464566928
0
LINE
8
BLACK
6
CONTINUOUS
10
3.3882861417322836
20
-3.3182833464566928
11
3.3911797637795273
21
-3.3252691338582676
0
LINE
8
BLACK
6
CONTINUOUS
10
3.3911797637795273
20
-3.3252691338582676
11
3.3953806299212599
21
-3.331556181102362
0
LINE
8
BLACK
6
CONTINUOUS
10
3.3953806299212599
20
-3.331556181102362
11
3.4007272834645668
21
-3.3369028346456693
0
LINE
8
BLACK
6
CONTINUOUS
10
3.4007272834645668
20
-3.3369028346456693
11
3.4070143307086616
21
-3.3411037007874014
0
LINE
8
BLACK
6
CONTINUOUS
10
3.4070143307086616
20
-3.3411037007874014
11
3.414000118110236
21
-3.3439973228346456
0
LINE
8
BLACK
6
CONTINUOUS
10
3.414000118110236
20
-3.3439973228346456
11
3.4214161811023622
21
-3.3454724409448819
0
LINE
8
BLACK
6
CONTINUOUS
10
3.4214161811023622
20
-3.3454724409448819
11
3.4289775196850392
21
-3.3454724409448819
0
LINE
8
BLACK
6
CONTINUOUS
10
3.4289775196850392
20
-3.3454724409448819
11
3.4363935826771654
21
-3.3439973228346456
0
LINE
8
BLACK
6
CONTINUOUS
10
3.4363935826771654
20
-3.3439973228346456
11
3.4433793700787403
21
-3.3411037007874014
0
LINE
8
BLACK
6
CONTINUOUS
10
3.4433793700787403
20
-3.3411037007874014
11
3.4496664173228346
21
-3.3369028346456693
0
LINE
8
BLACK
6
CONTINUOUS
10
3.4496664173228346
20
-3.3369028346456693
11
3.4550130708661415
21
-3.331556181102362
0
LINE
8
BLACK
6
CONTINUOUS
10
3.4550130708661415
20
-3.331556181102362
11
3.4592139370078741
21
-3.3252691338582676
0
LINE
8
BLACK
6
CONTINUOUS
10
3.4592139370078741
20
-3.3252691338582676
11
3.4621075590551182
21
-3.3182833464566928
0
LINE
8
BLACK
6
CONTINUOUS
10
3.4621075590551182
20
-3.3182833464566928
11
3.4635826771653542
21
-3.3108672834645669
0
LINE
8
BLACK
6
CONTINUOUS
10
3.4635826771653542
20
-3.3108672834645669
11
3.4635826771653542
21
-3.3033059448818896
0
LINE
8
BLACK
6
CONTINUOUS
10
3.4635826771653542
20
-3.3033059448818896
11
3.4621075590551182
21
-3.2958898818897637
0
LINE
8
BLACK
6
CONTINUOUS
10
3.4621075590551182
20
-3.2958898818897637
11
3.4592139370078741
21
-3.2889040944881889
0
LINE
8
BLACK
6
CONTINUOUS
10
3.4592139370078741
20
-3.2889040944881889
11
3.4550130708661415
21
-3.2826170472440945
0
LINE
8
BLACK
6
CONTINUOUS
10
3.4550130708661415
20
-3.2826170472440945
11
3.4496664173228346
21
-3.2772703937007872
0
LINE
8
BLACK
6
CONTINUOUS
10
3.4496664173228346
20
-3.2772703937007872
11
3.4433793700787403
21
-3.2730695275590551
0
LINE
8
BLACK
6
CONTINUOUS
10
3.4433793700787403
20
-3.2730695275590551
11
3.4363935826771654
21
-3.2701759055118109
0
LINE
8
BLACK
6
CONTINUOUS
10
3.4363935826771654
20
-3.2701759055118109
11
3.4289775196850392
21
-3.2687007874015745
0
LINE
8
BLACK
6
CONTINUOUS
10
3.4289775196850392
20
-3.2687007874015745
11
3.4214161811023622
21
-3.2687007874015745
0
LINE
8
BLACK
6
CONTINUOUS
10
3.4214161811023622
20
-3.2687007874015745
11
3.414000118110236
21
-3.2701759055118109
0
LINE
8
BLACK
6
CONTINUOUS
10
3.414000118110236
20
-3.2701759055118109
11
3.4070143307086616
21
-3.2730695275590551
0
LINE
8
BLACK
6
CONTINUOUS
10
3.4070143307086616
20
-3.2730695275590551
11
3.4007272834645668
21
-3.2772703937007872
0
LINE
8
BLACK
6
CONTINUOUS
10
3.4007272834645668
20
-3.2772703937007872
11
3.3953806299212599
21
-3.2826170472440945
0
LINE
8
BLACK
6
CONTINUOUS
10
3.3953806299212599
20
-3.2826170472440945
11
3.3911797637795273
21
-3.2889040944881889
0
LINE
8
BLACK
6
CONTINUOUS
10
3.3911797637795273
20
-3.2889040944881889
11
3.3882861417322836
21
-3.2958898818897637
0
LINE
8
BLACK
6
CONTINUOUS
10
3.3882861417322836
20
-3.2958898818897637
11
3.3868110236220472
21
-3.3033059448818896
0
LINE
8
BLACK
6
CONTINUOUS
10
3.3868110236220472
20
-3.3033059448818896
11
3.3868110236220472
21
-3.3108672834645669
0
LINE
8
BLACK
6
CONTINUOUS
10
2.5102191732283465
20
-3.175917125984252
11
2.5107518503937007
21
-3.1764498031496062
0
LINE
8
BLACK
6
CONTINUOUS
10
2.5107518503937007
20
-3.1764498031496062
11
2.5108267716535431
21
-3.1768264566929134
0
LINE
8
BLACK
6
CONTINUOUS
10
2.5108267716535431
20
-3.1768264566929134
11
2.5108267716535431
21
-3.3091099212598425
0
LINE
8
BLACK
6
CONTINUOUS
10
2.5108267716535431
20
-3.3091099212598425
11
2.5107518503937007
21
-3.3094865748031497
0
LINE
8
BLACK
6
CONTINUOUS
10
2.5107518503937007
20
-3.3094865748031497
11
2.5102191732283465
21
-3.3100192519685039
0
LINE
8
BLACK
6
CONTINUOUS
10
2.5102191732283465
20
-3.3100192519685039
11
2.5098425196850394
21
-3.3100941732283462
0
LINE
8
BLACK
6
CONTINUOUS
10
2.5098425196850394
20
-3.3100941732283462
11
2.4350393700787403
21
-3.3100941732283462
0
LINE
8
BLACK
6
CONTINUOUS
10
2.4350393700787403
20
-3.3100941732283462
11
2.4346627165354331
21
-3.3100192519685039
0
LINE
8
BLACK
6
CONTINUOUS
10
2.4346627165354331
20
-3.3100192519685039
11
2.4341300393700789
21
-3.3094865748031497
0
LINE
8
BLACK
6
CONTINUOUS
10
2.4341300393700789
20
-3.3094865748031497
11
2.4340551181102361
21
-3.3091099212598425
0
LINE
8
BLACK
6
CONTINUOUS
10
2.4340551181102361
20
-3.3091099212598425
11
2.4340551181102361
21
-3.1768264566929134
0
LINE
8
BLACK
6
CONTINUOUS
10
2.4340551181102361
20
-3.1768264566929134
11
2.4341300393700789
21
-3.1764498031496062
0
LINE
8
BLACK
6
CONTINUOUS
10
2.4341300393700789
20
-3.1764498031496062
11
2.4346627165354331
21
-3.175917125984252
0
LINE
8
BLACK
6
CONTINUOUS
10
2.4346627165354331
20
-3.175917125984252
11
2.4350393700787403
21
-3.1758422047244093
0
LINE
8
BLACK
6
CONTINUOUS
10
2.4350393700787403
20
-3.1758422047244093
11
2.5098425196850394
21
-3.1758422047244093
0
LINE
8
BLACK
6
CONTINUOUS
10
2.5098425196850394
20
-3.1758422047244093
11
2.5102191732283465
21
-3.175917125984252
0
LINE
8
BLACK
6
CONTINUOUS
10
2.436023622047244
20
-3.1778107086614171
11
2.436023622047244
21
-3.3081256692913383
0
LINE
8
BLACK
6
CONTINUOUS
10
2.436023622047244
20
-3.3081256692913383
11
2.5088582677165352
21
-3.3081256692913383
0
LINE
8
BLACK
6
CONTINUOUS
10
2.5088582677165352
20
-3.3081256692913383
11
2.5088582677165352
21
-3.1778107086614171
0
LINE
8
BLACK
6
CONTINUOUS
10
2.5088582677165352
20
-3.1778107086614171
11
2.436023622047244
21
-3.1778107086614171
0
LINE
8
BLACK
6
CONTINUOUS
10
2.6086443700787401
20
-3.175917125984252
11
2.6091770472440943
21
-3.1764498031496062
0
LINE
8
BLACK
6
CONTINUOUS
10
2.6091770472440943
20
-3.1764498031496062
11
2.609251968503937
21
-3.1768264566929134
0
LINE
8
BLACK
6
CONTINUOUS
10
2.609251968503937
20
-3.1768264566929134
11
2.609251968503937
21
-3.3091099212598425
0
LINE
8
BLACK
6
CONTINUOUS
10
2.609251968503937
20
-3.3091099212598425
11
2.6091770472440943
21
-3.3094865748031497
0
LINE
8
BLACK
6
CONTINUOUS
10
2.6091770472440943
20
-3.3094865748031497
11
2.6086443700787401
21
-3.3100192519685039
0
LINE
8
BLACK
6
CONTINUOUS
10
2.6086443700787401
20
-3.3100192519685039
11
2.6082677165354329
21
-3.3100941732283462
0
LINE
8
BLACK
6
CONTINUOUS
10
2.6082677165354329
20
-3.3100941732283462
11
2.5334645669291338
21
-3.3100941732283462
0
LINE
8
BLACK
6
CONTINUOUS
10
2.5334645669291338
20
-3.3100941732283462
11
2.5330879133858266
21
-3.3100192519685039
0
LINE
8
BLACK
6
CONTINUOUS
10
2.5330879133858266
20
-3.3100192519685039
11
2.5325552362204724
21
-3.3094865748031497
0
LINE
8
BLACK
6
CONTINUOUS
10
2.5325552362204724
20
-3.3094865748031497
11
2.5324803149606301
21
-3.3091099212598425
0
LINE
8
BLACK
6
CONTINUOUS
10
2.5324803149606301
20
-3.3091099212598425
11
2.5324803149606301
21
-3.1768264566929134
0
LINE
8
BLACK
6
CONTINUOUS
10
2.5324803149606301
20
-3.1768264566929134
11
2.5325552362204724
21
-3.1764498031496062
0
LINE
8
BLACK
6
CONTINUOUS
10
2.5325552362204724
20
-3.1764498031496062
11
2.5330879133858266
21
-3.175917125984252
0
LINE
8
BLACK
6
CONTINUOUS
10
2.5330879133858266
20
-3.175917125984252
11
2.5334645669291338
21
-3.1758422047244093
0
LINE
8
BLACK
6
CONTINUOUS
10
2.5334645669291338
20
-3.1758422047244093
11
2.6082677165354329
21
-3.1758422047244093
0
LINE
8
BLACK
6
CONTINUOUS
10
2.6082677165354329
20
-3.1758422047244093
11
2.6086443700787401
21
-3.175917125984252
0
LINE
8
BLACK
6
CONTINUOUS
10
2.534448818897638
20
-3.1778107086614171
11
2.534448818897638
21
-3.3081256692913383
0
LINE
8
BLACK
6
CONTINUOUS
10
2.534448818897638
20
-3.3081256692913383
11
2.6072834645669292
21
-3.3081256692913383
0
LINE
8
BLACK
6
CONTINUOUS
10
2.6072834645669292
20
-3.3081256692913383
11
2.6072834645669292
21
-3.1778107086614171
0
LINE
8
BLACK
6
CONTINUOUS
10
2.6072834645669292
20
-3.1778107086614171
11
2.534448818897638
21
-3.1778107086614171
0
LINE
8
BLACK
6
CONTINUOUS
10
2.2476207480314958
20
-3.2341300393700787
11
2.2481534251968505
21
-3.2346627165354329
0
LINE
8
BLACK
6
CONTINUOUS
10
2.2481534251968505
20
-3.2346627165354329
11
2.2482283464566928
21
-3.2350393700787401
0
LINE
8
BLACK
6
CONTINUOUS
10
2.2482283464566928
20
-3.2350393700787401
11
2.2482283464566928
21
-3.2925196850393701
0
LINE
8
BLACK
6
CONTINUOUS
10
2.2482283464566928
20
-3.2925196850393701
11
2.2481534251968505
21
-3.2928963385826773
0
LINE
8
BLACK
6
CONTINUOUS
10
2.2481534251968505
20
-3.2928963385826773
11
2.2476207480314958
21
-3.2934290157480315
0
LINE
8
BLACK
6
CONTINUOUS
10
2.2476207480314958
20
-3.2934290157480315
11
2.2472440944881891
21
-3.2935039370078738
0
LINE
8
BLACK
6
CONTINUOUS
10
2.2472440944881891
20
-3.2935039370078738
11
2.130708661417323
21
-3.2935039370078738
0
LINE
8
BLACK
6
CONTINUOUS
10
2.130708661417323
20
-3.2935039370078738
11
2.1303320078740158
21
-3.2934290157480315
0
LINE
8
BLACK
6
CONTINUOUS
10
2.1303320078740158
20
-3.2934290157480315
11
2.1297993307086616
21
-3.2928963385826773
0
LINE
8
BLACK
6
CONTINUOUS
10
2.1297993307086616
20
-3.2928963385826773
11
2.1297244094488188
21
-3.2925196850393701
0
LINE
8
BLACK
6
CONTINUOUS
10
2.1297244094488188
20
-3.2925196850393701
11
2.1297244094488188
21
-3.2350393700787401
0
LINE
8
BLACK
6
CONTINUOUS
10
2.1297244094488188
20
-3.2350393700787401
11
2.1297993307086616
21
-3.2346627165354329
0
LINE
8
BLACK
6
CONTINUOUS
10
2.1297993307086616
20
-3.2346627165354329
11
2.1303320078740158
21
-3.2341300393700787
0
LINE
8
BLACK
6
CONTINUOUS
10
2.1303320078740158
20
-3.2341300393700787
11
2.130708661417323
21
-3.2340551181102359
0
LINE
8
BLACK
6
CONTINUOUS
10
2.130708661417323
20
-3.2340551181102359
11
2.2472440944881891
21
-3.2340551181102359
0
LINE
8
BLACK
6
CONTINUOUS
10
2.2472440944881891
20
-3.2340551181102359
11
2.2476207480314958
21
-3.2341300393700787
0
LINE
8
BLACK
6
CONTINUOUS
10
2.1316929133858267
20
-3.2360236220472438
11
2.1316929133858267
21
-3.2915354330708659
0
LINE
8
BLACK
6
CONTINUOUS
10
2.1316929133858267
20
-3.2915354330708659
11
2.2462598425196849
21
-3.2915354330708659
0
LINE
8
BLACK
6
CONTINUOUS
10
2.2462598425196849
20
-3.2915354330708659
11
2.2462598425196849
21
-3.2360236220472438
0
LINE
8
BLACK
6
CONTINUOUS
10
2.2462598425196849
20
-3.2360236220472438
11
2.1316929133858267
21
-3.2360236220472438
0
LINE
8
BLACK
6
CONTINUOUS
10
2.9720301968503935
20
-3.198696968503937
11
2.9725628740157481
21
-3.1992296456692912
0
LINE
8
BLACK
6
CONTINUOUS
10
2.9725628740157481
20
-3.1992296456692912
11
2.9726377952755905
21
-3.1996062992125984
0
LINE
8
BLACK
6
CONTINUOUS
10
2.9726377952755905
20
-3.1996062992125984
11
2.9726377952755905
21
-3.2570866141732284
0
LINE
8
BLACK
6
CONTINUOUS
10
2.9726377952755905
20
-3.2570866141732284
11
2.9725628740157481
21
-3.2574632677165352
0
LINE
8
BLACK
6
CONTINUOUS
10
2.9725628740157481
20
-3.2574632677165352
11
2.9720301968503935
21
-3.2579959448818898
0
LINE
8
BLACK
6
CONTINUOUS
10
2.9720301968503935
20
-3.2579959448818898
11
2.9716535433070868
21
-3.2580708661417321
0
LINE
8
BLACK
6
CONTINUOUS
10
2.9716535433070868
20
-3.2580708661417321
11
2.8551181102362202
21
-3.2580708661417321
0
LINE
8
BLACK
6
CONTINUOUS
10
2.8551181102362202
20
-3.2580708661417321
11
2.8547414566929135
21
-3.2579959448818898
0
LINE
8
BLACK
6
CONTINUOUS
10
2.8547414566929135
20
-3.2579959448818898
11
2.8542087795275588
21
-3.2574632677165352
0
LINE
8
BLACK
6
CONTINUOUS
10
2.8542087795275588
20
-3.2574632677165352
11
2.8541338582677165
21
-3.2570866141732284
0
LINE
8
BLACK
6
CONTINUOUS
10
2.8541338582677165
20
-3.2570866141732284
11
2.8541338582677165
21
-3.1996062992125984
0
LINE
8
BLACK
6
CONTINUOUS
10
2.8541338582677165
20
-3.1996062992125984
11
2.8542087795275588
21
-3.1992296456692912
0
LINE
8
BLACK
6
CONTINUOUS
10
2.8542087795275588
20
-3.1992296456692912
11
2.8547414566929135
21
-3.198696968503937
0
LINE
8
BLACK
6
CONTINUOUS
10
2.8547414566929135
20
-3.198696968503937
11
2.8551181102362202
21
-3.1986220472440943
0
LINE
8
BLACK
6
CONTINUOUS
10
2.8551181102362202
20
-3.1986220472440943
11
2.9716535433070868
21
-3.1986220472440943
0
LINE
8
BLACK
6
CONTINUOUS
10
2.9716535433070868
20
-3.1986220472440943
11
2.9720301968503935
21
-3.198696968503937
0
LINE
8
BLACK
6
CONTINUOUS
10
2.8561023622047244
20
-3.2005905511811021
11
2.8561023622047244
21
-3.2561023622047243
0
LINE
8
BLACK
6
CONTINUOUS
10
2.8561023622047244
20
-3.2561023622047243
11
2.9706692913385826
21
-3.2561023622047243
0
LINE
8
BLACK
6
CONTINUOUS
10
2.9706692913385826
20
-3.2561023622047243
11
2.9706692913385826
21
-3.2005905511811021
0
LINE
8
BLACK
6
CONTINUOUS
10
2.9706692913385826
20
-3.2005905511811021
11
2.8561023622047244
21
-3.2005905511811021
0
LINE
8
BLACK
6
CONTINUOUS
10
3.268093188976378
20
-2.9990906692913386
11
3.2686258661417322
21
-2.9996233464566928
0
LINE
8
BLACK
6
CONTINUOUS
10
3.2686258661417322
20
-2.9996233464566928
11
3.2687007874015745
21
-3.
0
LINE
8
BLACK
6
CONTINUOUS
10
3.2687007874015745
20
-3.
11
3.2687007874015745
21
-3.1417322834645667
0
LINE
8
BLACK
6
CONTINUOUS
10
3.2687007874015745
20
-3.1417322834645667
11
3.2686258661417322
21
-3.1421089370078739
0
LINE
8
BLACK
6
CONTINUOUS
10
3.2686258661417322
20
-3.1421089370078739
11
3.268093188976378
21
-3.1426416141732281
0
LINE
8
BLACK
6
CONTINUOUS
10
3.268093188976378
20
-3.1426416141732281
11
3.2677165354330708
21
-3.1427165354330708
0
LINE
8
BLACK
6
CONTINUOUS
10
3.2677165354330708
20
-3.1427165354330708
11
2.1259842519685037
21
-3.1427165354330708
0
LINE
8
BLACK
6
CONTINUOUS
10
2.1259842519685037
20
-3.1427165354330708
11
2.125607598425197
21
-3.1426416141732281
0
LINE
8
BLACK
6
CONTINUOUS
10
2.125607598425197
20
-3.1426416141732281
11
2.1250749212598423
21
-3.1421089370078739
0
LINE
8
BLACK
6
CONTINUOUS
10
2.1250749212598423
20
-3.1421089370078739
11
2.125
21
-3.1417322834645667
0
LINE
8
BLACK
6
CONTINUOUS
10
2.125
20
-3.1417322834645667
11
2.125
21
-3.
0
LINE
8
BLACK
6
CONTINUOUS
10
2.125
20
-3.
11
2.1250749212598423
21
-2.9996233464566928
0
LINE
8
BLACK
6
CONTINUOUS
10
2.1250749212598423
20
-2.9996233464566928
11
2.125607598425197
21
-2.9990906692913386
0
LINE
8
BLACK
6
CONTINUOUS
10
2.125607598425197
20
-2.9990906692913386
11
2.1259842519685037
21
-2.9990157480314958
0
LINE
8
BLACK
6
CONTINUOUS
10
2.1259842519685037
20
-2.9990157480314958
11
3.2677165354330708
21
-2.9990157480314958
0
LINE
8
BLACK
6
CONTINUOUS
10
3.2677165354330708
20
-2.9990157480314958
11
3.268093188976378
21
-2.9990906692913386
0
LINE
8
BLACK
6
CONTINUOUS
10
2.1269685039370079
20
-3.0009842519685037
11
2.1269685039370079
21
-3.140748031496063
0
LINE
8
BLACK
6
CONTINUOUS
10
2.1269685039370079
20
-3.140748031496063
11
3.2667322834645667
21
-3.140748031496063
0
LINE
8
BLACK
6
CONTINUOUS
10
3.2667322834645667
20
-3.140748031496063
11
3.2667322834645667
21
-3.0009842519685037
0
LINE
8
BLACK
6
CONTINUOUS
10
3.2667322834645667
20
-3.0009842519685037
11
2.1269685039370079
21
-3.0009842519685037
0
LINE
8
BLACK
6
CONTINUOUS
10
4.4295105118110234
20
-2.9990906692913386
11
4.4300431889763781
21
-2.9996233464566928
0
LINE
8
BLACK
6
CONTINUOUS
10
4.4300431889763781
20
-2.9996233464566928
11
4.4301181102362204
21
-3.
0
LINE
8
BLACK
6
CONTINUOUS
10
4.4301181102362204
20
-3.
11
4.4301181102362204
21
-3.1417322834645667
0
LINE
8
BLACK
6
CONTINUOUS
10
4.4301181102362204
20
-3.1417322834645667
11
4.4300431889763781
21
-3.1421089370078739
0
LINE
8
BLACK
6
CONTINUOUS
10
4.4300431889763781
20
-3.1421089370078739
11
4.4295105118110234
21
-3.1426416141732281
0
LINE
8
BLACK
6
CONTINUOUS
10
4.4295105118110234
20
-3.1426416141732281
11
4.4291338582677167
21
-3.1427165354330708
0
LINE
8
BLACK
6
CONTINUOUS
10
4.4291338582677167
20
-3.1427165354330708
11
3.2874015748031495
21
-3.1427165354330708
0
LINE
8
BLACK
6
CONTINUOUS
10
3.2874015748031495
20
-3.1427165354330708
11
3.2870249212598424
21
-3.1426416141732281
0
LINE
8
BLACK
6
CONTINUOUS
10
3.2870249212598424
20
-3.1426416141732281
11
3.2864922440944881
21
-3.1421089370078739
0
LINE
8
BLACK
6
CONTINUOUS
10
3.2864922440944881
20
-3.1421089370078739
11
3.2864173228346454
21
-3.1417322834645667
0
LINE
8
BLACK
6
CONTINUOUS
10
3.2864173228346454
20
-3.1417322834645667
11
3.2864173228346454
21
-3.
0
LINE
8
BLACK
6
CONTINUOUS
10
3.2864173228346454
20
-3.
11
3.2864922440944881
21
-2.9996233464566928
0
LINE
8
BLACK
6
CONTINUOUS
10
3.2864922440944881
20
-2.9996233464566928
11
3.2870249212598424
21
-2.9990906692913386
0
LINE
8
BLACK
6
CONTINUOUS
10
3.2870249212598424
20
-2.9990906692913386
11
3.2874015748031495
21
-2.9990157480314958
0
LINE
8
BLACK
6
CONTINUOUS
10
3.2874015748031495
20
-2.9990157480314958
11
4.4291338582677167
21
-2.9990157480314958
0
LINE
8
BLACK
6
CONTINUOUS
10
4.4291338582677167
20
-2.9990157480314958
11
4.4295105118110234
21
-2.9990906692913386
0
LINE
8
BLACK
6
CONTINUOUS
10
3.2883858267716533
20
-3.0009842519685037
11
3.2883858267716533
21
-3.140748031496063
0
LINE
8
BLACK
6
CONTINUOUS
10
3.2883858267716533
20
-3.140748031496063
11
4.4281496062992121
21
-3.140748031496063
0
LINE
8
BLACK
6
CONTINUOUS
10
4.4281496062992121
20
-3.140748031496063
11
4.4281496062992121
21
-3.0009842519685037
0
LINE
8
BLACK
6
CONTINUOUS
10
4.4281496062992121
20
-3.0009842519685037
11
3.2883858267716533
21
-3.0009842519685037
0
CIRCLE
8
BLACK
10
2.4921259842519685
20
-4.0639763779527556
40
0.0068897637795276
0
CIRCLE
8
BLACK
10
2.4921259842519685
20
-3.9639763779527559
40
0.0068897637795276
0
CIRCLE
8
BLACK
10
2.4921259842519685
20
-3.8639763779527558
40
0.0068897637795276
0
CIRCLE
8
BLACK
10
4.3700787401574805
20
-3.2598425196850394
40
0.0068897637795276
0
CIRCLE
8
BLACK
10
4.3700787401574805
20
-3.3598425196850394
40
0.0068897637795276
0
CIRCLE
8
BLACK
10
4.3700787401574805
20
-3.4598425196850391
40
0.0068897637795276
0
CIRCLE
8
BLACK
10
4.3700787401574805
20
-3.5598425196850392
40
0.0068897637795276
0
CIRCLE
8
BLACK
10
4.3700787401574805
20
-3.6598425196850393
40
0.0068897637795276
0
CIRCLE
8
BLACK
10
4.3700787401574805
20
-3.7598425196850394
40
0.0068897637795276
0
CIRCLE
8
BLACK
10
4.3700787401574805
20
-3.8598425196850394
40
0.0068897637795276
0
CIRCLE
8
BLACK
10
4.3700787401574805
20
-3.9598425196850391
40
0.0068897637795276
0
CIRCLE
8
BLACK
10
4.3700787401574805
20
-4.0598425196850396
40
0.0068897637795276
0
CIRCLE
8
BLACK
10
4.3700787401574805
20
-4.1598425196850393
40
0.0068897637795276
0
CIRCLE
8
BLACK
10
4.3700787401574805
20
-4.2598425196850389
40
0.0068897637795276
0
CIRCLE
8
BLACK
10
4.3700787401574805
20
-4.3598425196850394
40
0.0068897637795276
0
CIRCLE
8
BLACK
10
2.3399677952755904
20
-4.1555118110236222
40
0.0068897637795276
0
CIRCLE
8
BLACK
10
2.3399677952755904
20
-4.4507874015748028
40
0.0068897637795276
0
LINE
8
BLACK
6
CONTINUOUS
10
2.3611793307086613
20
-4.0738111811023625
11
2.3647273622047242
21
-4.0752808267716532
0
LINE
8
BLACK
6
CONTINUOUS
10
2.3647273622047242
20
-4.0752808267716532
11
2.3674428740157478
21
-4.0779963385826772
0
LINE
8
BLACK
6
CONTINUOUS
10
2.3674428740157478
20
-4.0779963385826772
11
2.3689125196850394
21
-4.0815443700787402
0
LINE
8
BLACK
6
CONTINUOUS
10
2.3689125196850394
20
-4.0815443700787402
11
2.3689125196850394
21
-4.0853847637795271
0
LINE
8
BLACK
6
CONTINUOUS
10
2.3689125196850394
20
-4.0853847637795271
11
2.3674428740157478
21
-4.0889327952755901
0
LINE
8
BLACK
6
CONTINUOUS
10
2.3674428740157478
20
-4.0889327952755901
11
2.3647273622047242
21
-4.0916483070866141
0
LINE
8
BLACK
6
CONTINUOUS
10
2.3647273622047242
20
-4.0916483070866141
11
2.3611793307086613
21
-4.0931179527559056
0
LINE
8
BLACK
6
CONTINUOUS
10
2.3611793307086613
20
-4.0931179527559056
11
2.3592591338582678
21
-4.093307086614173
0
LINE
8
BLACK
6
CONTINUOUS
10
2.3592591338582678
20
-4.093307086614173
11
2.3139835433070868
21
-4.093307086614173
0
LINE
8
BLACK
6
CONTINUOUS
10
2.3139835433070868
20
-4.093307086614173
11
2.3120633464566929
21
-4.0931179527559056
0
LINE
8
BLACK
6
CONTINUOUS
10
2.3120633464566929
20
-4.0931179527559056
11
2.3085153149606299
21
-4.0916483070866141
0
LINE
8
BLACK
6
CONTINUOUS
10
2.3085153149606299
20
-4.0916483070866141
11
2.3057998031496063
21
-4.0889327952755901
0
LINE
8
BLACK
6
CONTINUOUS
10
2.3057998031496063
20
-4.0889327952755901
11
2.3043301574803148
21
-4.0853847637795271
0
LINE
8
BLACK
6
CONTINUOUS
10
2.3043301574803148
20
-4.0853847637795271
11
2.3043301574803148
21
-4.0815443700787402
0
LINE
8
BLACK
6
CONTINUOUS
10
2.3043301574803148
20
-4.0815443700787402
11
2.3057998031496063
21
-4.0779963385826772
0
LINE
8
BLACK
6
CONTINUOUS
10
2.3057998031496063
20
-4.0779963385826772
11
2.3085153149606299
21
-4.0752808267716532
0
LINE
8
BLACK
6
CONTINUOUS
10
2.3085153149606299
20
-4.0752808267716532
11
2.3120633464566929
21
-4.0738111811023625
0
LINE
8
BLACK
6
CONTINUOUS
10
2.3120633464566929
20
-4.0738111811023625
11
2.3139835433070868
21
-4.0736220472440943
0
LINE
8
BLACK
6
CONTINUOUS
10
2.3139835433070868
20
-4.0736220472440943
11
2.3592591338582678
21
-4.0736220472440943
0
LINE
8
BLACK
6
CONTINUOUS
10
2.3592591338582678
20
-4.0736220472440943
11
2.3611793307086613
21
-4.0738111811023625
0
LINE
8
BLACK
6
CONTINUOUS
10
2.1773210629921258
20
-4.0738111811023625
11
2.1808690944881888
21
-4.0752808267716532
0
LINE
8
BLACK
6
CONTINUOUS
10
2.1808690944881888
20
-4.0752808267716532
11
2.1835846062992124
21
-4.0779963385826772
0
LINE
8
BLACK
6
CONTINUOUS
10
2.1835846062992124
20
-4.0779963385826772
11
2.1850542519685039
21
-4.0815443700787402
0
LINE
8
BLACK
6
CONTINUOUS
10
2.1850542519685039
20
-4.0815443700787402
11
2.1850542519685039
21
-4.0853847637795271
0
LINE
8
BLACK
6
CONTINUOUS
10
2.1850542519685039
20
-4.0853847637795271
11
2.1835846062992124
21
-4.0889327952755901
0
LINE
8
BLACK
6
CONTINUOUS
10
2.1835846062992124
20
-4.0889327952755901
11
2.1808690944881888
21
-4.0916483070866141
0
LINE
8
BLACK
6
CONTINUOUS
10
2.1808690944881888
20
-4.0916483070866141
11
2.1773210629921258
21
-4.0931179527559056
0
LINE
8
BLACK
6
CONTINUOUS
10
2.1773210629921258
20
-4.0931179527559056
11
2.1754008661417323
21
-4.093307086614173
0
LINE
8
BLACK
6
CONTINUOUS
10
2.1754008661417323
20
-4.093307086614173
11
2.1301252755905513
21
-4.093307086614173
0
LINE
8
BLACK
6
CONTINUOUS
10
2.1301252755905513
20
-4.093307086614173
11
2.1282050787401574
21
-4.0931179527559056
0
LINE
8
BLACK
6
CONTINUOUS
10
2.1282050787401574
20
-4.0931179527559056
11
2.1246570472440944
21
-4.0916483070866141
0
LINE
8
BLACK
6
CONTINUOUS
10
2.1246570472440944
20
-4.0916483070866141
11
2.1219415354330708
21
-4.0889327952755901
0
LINE
8
BLACK
6
CONTINUOUS
10
2.1219415354330708
20
-4.0889327952755901
11
2.1204718897637793
21
-4.0853847637795271
0
LINE
8
BLACK
6
CONTINUOUS
10
2.1204718897637793
20
-4.0853847637795271
11
2.1204718897637793
21
-4.0815443700787402
0
LINE
8
BLACK
6
CONTINUOUS
10
2.1204718897637793
20
-4.0815443700787402
11
2.1219415354330708
21
-4.0779963385826772
0
LINE
8
BLACK
6
CONTINUOUS
10
2.1219415354330708
20
-4.0779963385826772
11
2.1246570472440944
21
-4.0752808267716532
0
LINE
8
BLACK
6
CONTINUOUS
10
2.1246570472440944
20
-4.0752808267716532
11
2.1282050787401574
21
-4.0738111811023625
0
LINE
8
BLACK
6
CONTINUOUS
10
2.1282050787401574
20
-4.0738111811023625
11
2.1301252755905513
21
-4.0736220472440943
0
LINE
8
BLACK
6
CONTINUOUS
10
2.1301252755905513
20
-4.0736220472440943
11
2.1754008661417323
21
-4.0736220472440943
0
LINE
8
BLACK
6
CONTINUOUS
10
2.1754008661417323
20
-4.0736220472440943
11
2.1773210629921258
21
-4.0738111811023625
0
LINE
8
BLACK
6
CONTINUOUS
10
2.3611793307086613
20
-4.5131812598425194
11
2.3647273622047242
21
-4.5146509055118109
0
LINE
8
BLACK
6
CONTINUOUS
10
2.3647273622047242
20
-4.5146509055118109
11
2.3674428740157478
21
-4.5173664173228349
0
LINE
8
BLACK
6
CONTINUOUS
10
2.3674428740157478
20
-4.5173664173228349
11
2.3689125196850394
21
-4.5209144488188979
0
LINE
8
BLACK
6
CONTINUOUS
10
2.3689125196850394
20
-4.5209144488188979
11
2.3689125196850394
21
-4.5247548425196848
0
LINE
8
BLACK
6
CONTINUOUS
10
2.3689125196850394
20
-4.5247548425196848
11
2.3674428740157478
21
-4.5283028740157478
0
LINE
8
BLACK
6
CONTINUOUS
10
2.3674428740157478
20
-4.5283028740157478
11
2.3647273622047242
21
-4.5310183858267719
0
LINE
8
BLACK
6
CONTINUOUS
10
2.3647273622047242
20
-4.5310183858267719
11
2.3611793307086613
21
-4.5324880314960625
0
LINE
8
BLACK
6
CONTINUOUS
10
2.3611793307086613
20
-4.5324880314960625
11
2.3592591338582678
21
-4.5326771653543307
0
LINE
8
BLACK
6
CONTINUOUS
10
2.3592591338582678
20
-4.5326771653543307
11
2.3139835433070868
21
-4.5326771653543307
0
LINE
8
BLACK
6
CONTINUOUS
10
2.3139835433070868
20
-4.5326771653543307
11
2.3120633464566929
21
-4.5324880314960625
0
LINE
8
BLACK
6
CONTINUOUS
10
2.3120633464566929
20
-4.5324880314960625
11
2.3085153149606299
21
-4.5310183858267719
0
LINE
8
BLACK
6
CONTINUOUS
10
2.3085153149606299
20
-4.5310183858267719
11
2.3057998031496063
21
-4.5283028740157478
0
LINE
8
BLACK
6
CONTINUOUS
10
2.3057998031496063
20
-4.5283028740157478
11
2.3043301574803148
21
-4.5247548425196848
0
LINE
8
BLACK
6
CONTINUOUS
10
2.3043301574803148
20
-4.5247548425196848
11
2.3043301574803148
21
-4.5209144488188979
0
LINE
8
BLACK
6
CONTINUOUS
10
2.3043301574803148
20
-4.5209144488188979
11
2.3057998031496063
21
-4.5173664173228349
0
LINE
8
BLACK
6
CONTINUOUS
10
2.3057998031496063
20
-4.5173664173228349
11
2.3085153149606299
21
-4.5146509055118109
0
LINE
8
BLACK
6
CONTINUOUS
10
2.3085153149606299
20
-4.5146509055118109
11
2.3120633464566929
21
-4.5131812598425194
0
LINE
8
BLACK
6
CONTINUOUS
10
2.3120633464566929
20
-4.5131812598425194
11
2.3139835433070868
21
-4.512992125984252
0
LINE
8
BLACK
6
CONTINUOUS
10
2.3139835433070868
20
-4.512992125984252
11
2.3592591338582678
21
-4.512992125984252
0
LINE
8
BLACK
6
CONTINUOUS
10
2.3592591338582678
20
-4.512992125984252
11
2.3611793307086613
21
-4.5131812598425194
0
LINE
8
BLACK
6
CONTINUOUS
10
2.1769273622047245
20
-4.5131812598425194
11
2.1804753937007875
21
-4.5146509055118109
0
LINE
8
BLACK
6
CONTINUOUS
10
2.1804753937007875
20
-4.5146509055118109
11
2.1831909055118111
21
-4.5173664173228349
0
LINE
8
BLACK
6
CONTINUOUS
10
2.1831909055118111
20
-4.5173664173228349
11
2.1846605511811021
21
-4.5209144488188979
0
LINE
8
BLACK
6
CONTINUOUS
10
2.1846605511811021
20
-4.5209144488188979
11
2.1846605511811021
21
-4.5247548425196848
0
LINE
8
BLACK
6
CONTINUOUS
10
2.1846605511811021
20
-4.5247548425196848
11
2.1831909055118111
21
-4.5283028740157478
0
LINE
8
BLACK
6
CONTINUOUS
10
2.1831909055118111
20
-4.5283028740157478
11
2.1804753937007875
21
-4.5310183858267719
0
LINE
8
BLACK
6
CONTINUOUS
10
2.1804753937007875
20
-4.5310183858267719
11
2.1769273622047245
21
-4.5324880314960625
0
LINE
8
BLACK
6
CONTINUOUS
10
2.1769273622047245
20
-4.5324880314960625
11
2.1750071653543306
21
-4.5326771653543307
0
LINE
8
BLACK
6
CONTINUOUS
10
2.1750071653543306
20
-4.5326771653543307
11
2.1297315748031496
21
-4.5326771653543307
0
LINE
8
BLACK
6
CONTINUOUS
10
2.1297315748031496
20
-4.5326771653543307
11
2.1278113779527557
21
-4.5324880314960625
0
LINE
8
BLACK
6
CONTINUOUS
10
2.1278113779527557
20
-4.5324880314960625
11
2.1242633464566927
21
-4.5310183858267719
0
LINE
8
BLACK
6
CONTINUOUS
10
2.1242633464566927
20
-4.5310183858267719
11
2.1215478346456691
21
-4.5283028740157478
0
LINE
8
BLACK
6
CONTINUOUS
10
2.1215478346456691
20
-4.5283028740157478
11
2.120078188976378
21
-4.5247548425196848
0
LINE
8
BLACK
6
CONTINUOUS
10
2.120078188976378
20
-4.5247548425196848
11
2.120078188976378
21
-4.5209144488188979
0
LINE
8
BLACK
6
CONTINUOUS
10
2.120078188976378
20
-4.5209144488188979
11
2.1215478346456691
21
-4.5173664173228349
0
LINE
8
BLACK
6
CONTINUOUS
10
2.1215478346456691
20
-4.5173664173228349
11
2.1242633464566927
21
-4.5146509055118109
0
LINE
8
BLACK
6
CONTINUOUS
10
2.1242633464566927
20
-4.5146509055118109
11
2.1278113779527557
21
-4.5131812598425194
0
LINE
8
BLACK
6
CONTINUOUS
10
2.1278113779527557
20
-4.5131812598425194
11
2.1297315748031496
21
-4.512992125984252
0
LINE
8
BLACK
6
CONTINUOUS
10
2.1297315748031496
20
-4.512992125984252
11
2.1750071653543306
21
-4.512992125984252
0
LINE
8
BLACK
6
CONTINUOUS
10
2.1750071653543306
20
-4.512992125984252
11
2.1769273622047245
21
-4.5131812598425194
0
CIRCLE
8
BLACK
10
2.34015
20
-3.405574803149606
40
0.0068897637795276
0
CIRCLE
8
BLACK
10
2.34015
20
-3.7008503937007875
40
0.0068897637795276
0
LINE
8
BLACK
6
CONTINUOUS
10
2.3613615354330708
20
-3.3238741732283463
11
2.3649095669291338
21
-3.3253438188976379
0
LINE
8
BLACK
6
CONTINUOUS
10
2.3649095669291338
20
-3.3253438188976379
11
2.3676250787401574
21
-3.3280593307086614
0
LINE
8
BLACK
6
CONTINUOUS
10
2.3676250787401574
20
-3.3280593307086614
11
2.3690947244094489
21
-3.3316073622047244
0
LINE
8
BLACK
6
CONTINUOUS
10
2.3690947244094489
20
-3.3316073622047244
11
2.3690947244094489
21
-3.3354477559055118
0
LINE
8
BLACK
6
CONTINUOUS
10
2.3690947244094489
20
-3.3354477559055118
11
2.3676250787401574
21
-3.3389957874015748
0
LINE
8
BLACK
6
CONTINUOUS
10
2.3676250787401574
20
-3.3389957874015748
11
2.3649095669291338
21
-3.3417112992125984
0
LINE
8
BLACK
6
CONTINUOUS
10
2.3649095669291338
20
-3.3417112992125984
11
2.3613615354330708
21
-3.3431809448818899
0
LINE
8
BLACK
6
CONTINUOUS
10
2.3613615354330708
20
-3.3431809448818899
11
2.3594413385826769
21
-3.3433700787401572
0
LINE
8
BLACK
6
CONTINUOUS
10
2.3594413385826769
20
-3.3433700787401572
11
2.3141657480314959
21
-3.3433700787401572
0
LINE
8
BLACK
6
CONTINUOUS
10
2.3141657480314959
20
-3.3433700787401572
11
2.3122455511811024
21
-3.3431809448818899
0
LINE
8
BLACK
6
CONTINUOUS
10
2.3122455511811024
20
-3.3431809448818899
11
2.3086975196850394
21
-3.3417112992125984
0
LINE
8
BLACK
6
CONTINUOUS
10
2.3086975196850394
20
-3.3417112992125984
11
2.3059820078740159
21
-3.3389957874015748
0
LINE
8
BLACK
6
CONTINUOUS
10
2.3059820078740159
20
-3.3389957874015748
11
2.3045123622047243
21
-3.3354477559055118
0
LINE
8
BLACK
6
CONTINUOUS
10
2.3045123622047243
20
-3.3354477559055118
11
2.3045123622047243
21
-3.3316073622047244
0
LINE
8
BLACK
6
CONTINUOUS
10
2.3045123622047243
20
-3.3316073622047244
11
2.3059820078740159
21
-3.3280593307086614
0
LINE
8
BLACK
6
CONTINUOUS
10
2.3059820078740159
20
-3.3280593307086614
11
2.3086975196850394
21
-3.3253438188976379
0
LINE
8
BLACK
6
CONTINUOUS
10
2.3086975196850394
20
-3.3253438188976379
11
2.3122455511811024
21
-3.3238741732283463
0
LINE
8
BLACK
6
CONTINUOUS
10
2.3122455511811024
20
-3.3238741732283463
11
2.3141657480314959
21
-3.3236850393700785
0
LINE
8
BLACK
6
CONTINUOUS
10
2.3141657480314959
20
-3.3236850393700785
11
2.3594413385826769
21
-3.3236850393700785
0
LINE
8
BLACK
6
CONTINUOUS
10
2.3594413385826769
20
-3.3236850393700785
11
2.3613615354330708
21
-3.3238741732283463
0
LINE
8
BLACK
6
CONTINUOUS
10
2.1775032677165354
20
-3.3238741732283463
11
2.1810512992125983
21
-3.3253438188976379
0
LINE
8
BLACK
6
CONTINUOUS
10
2.1810512992125983
20
-3.3253438188976379
11
2.1837668110236219
21
-3.3280593307086614
0
LINE
8
BLACK
6
CONTINUOUS
10
2.1837668110236219
20
-3.3280593307086614
11
2.1852364566929134
21
-3.3316073622047244
0
LINE
8
BLACK
6
CONTINUOUS
10
2.1852364566929134
20
-3.3316073622047244
11
2.1852364566929134
21
-3.3354477559055118
0
LINE
8
BLACK
6
CONTINUOUS
10
2.1852364566929134
20
-3.3354477559055118
11
2.1837668110236219
21
-3.3389957874015748
0
LINE
8
BLACK
6
CONTINUOUS
10
2.1837668110236219
20
-3.3389957874015748
11
2.1810512992125983
21
-3.3417112992125984
0
LINE
8
BLACK
6
CONTINUOUS
10
2.1810512992125983
20
-3.3417112992125984
11
2.1775032677165354
21
-3.3431809448818899
0
LINE
8
BLACK
6
CONTINUOUS
10
2.1775032677165354
20
-3.3431809448818899
11
2.1755830708661419
21
-3.3433700787401572
0
LINE
8
BLACK
6
CONTINUOUS
10
2.1755830708661419
20
-3.3433700787401572
11
2.1303074803149604
21
-3.3433700787401572
0
LINE
8
BLACK
6
CONTINUOUS
10
2.1303074803149604
20
-3.3433700787401572
11
2.128387283464567
21
-3.3431809448818899
0
LINE
8
BLACK
6
CONTINUOUS
10
2.128387283464567
20
-3.3431809448818899
11
2.124839251968504
21
-3.3417112992125984
0
LINE
8
BLACK
6
CONTINUOUS
10
2.124839251968504
20
-3.3417112992125984
11
2.1221237401574804
21
-3.3389957874015748
0
LINE
8
BLACK
6
CONTINUOUS
10
2.1221237401574804
20
-3.3389957874015748
11
2.1206540944881889
21
-3.3354477559055118
0
LINE
8
BLACK
6
CONTINUOUS
10
2.1206540944881889
20
-3.3354477559055118
11
2.1206540944881889
21
-3.3316073622047244
0
LINE
8
BLACK
6
CONTINUOUS
10
2.1206540944881889
20
-3.3316073622047244
11
2.1221237401574804
21
-3.3280593307086614
0
LINE
8
BLACK
6
CONTINUOUS
10
2.1221237401574804
20
-3.3280593307086614
11
2.124839251968504
21
-3.3253438188976379
0
LINE
8
BLACK
6
CONTINUOUS
10
2.124839251968504
20
-3.3253438188976379
11
2.128387283464567
21
-3.3238741732283463
0
LINE
8
BLACK
6
CONTINUOUS
10
2.128387283464567
20
-3.3238741732283463
11
2.1303074803149604
21
-3.3236850393700785
0
LINE
8
BLACK
6
CONTINUOUS
10
2.1303074803149604
20
-3.3236850393700785
11
2.1755830708661419
21
-3.3236850393700785
0
LINE
8
BLACK
6
CONTINUOUS
10
2.1755830708661419
20
-3.3236850393700785
11
2.1775032677165354
21
-3.3238741732283463
0
LINE
8
BLACK
6
CONTINUOUS
10
2.3613615354330708
20
-3.7632442519685037
11
2.3649095669291338
21
-3.7647138976377952
0
LINE
8
BLACK
6
CONTINUOUS
10
2.3649095669291338
20
-3.7647138976377952
11
2.3676250787401574
21
-3.7674294094488188
0
LINE
8
BLACK
6
CONTINUOUS
10
2.3676250787401574
20
-3.7674294094488188
11
2.3690947244094489
21
-3.7709774409448817
0
LINE
8
BLACK
6
CONTINUOUS
10
2.3690947244094489
20
-3.7709774409448817
11
2.3690947244094489
21
-3.7748178346456691
0
LINE
8
BLACK
6
CONTINUOUS
10
2.3690947244094489
20
-3.7748178346456691
11
2.3676250787401574
21
-3.7783658661417321
0
LINE
8
BLACK
6
CONTINUOUS
10
2.3676250787401574
20
-3.7783658661417321
11
2.3649095669291338
21
-3.7810813779527557
0
LINE
8
BLACK
6
CONTINUOUS
10
2.3649095669291338
20
-3.7810813779527557
11
2.3613615354330708
21
-3.7825510236220472
0
LINE
8
BLACK
6
CONTINUOUS
10
2.3613615354330708
20
-3.7825510236220472
11
2.3594413385826769
21
-3.782740157480315
0
LINE
8
BLACK
6
CONTINUOUS
10
2.3594413385826769
20
-3.782740157480315
11
2.3141657480314959
21
-3.782740157480315
0
LINE
8
BLACK
6
CONTINUOUS
10
2.3141657480314959
20
-3.782740157480315
11
2.3122455511811024
21
-3.7825510236220472
0
LINE
8
BLACK
6
CONTINUOUS
10
2.3122455511811024
20
-3.7825510236220472
11
2.3086975196850394
21
-3.7810813779527557
0
LINE
8
BLACK
6
CONTINUOUS
10
2.3086975196850394
20
-3.7810813779527557
11
2.3059820078740159
21
-3.7783658661417321
0
LINE
8
BLACK
6
CONTINUOUS
10
2.3059820078740159
20
-3.7783658661417321
11
2.3045123622047243
21
-3.7748178346456691
0
LINE
8
BLACK
6
CONTINUOUS
10
2.3045123622047243
20
-3.7748178346456691
11
2.3045123622047243
21
-3.7709774409448817
0
LINE
8
BLACK
6
CONTINUOUS
10
2.3045123622047243
20
-3.7709774409448817
11
2.3059820078740159
21
-3.7674294094488188
0
LINE
8
BLACK
6
CONTINUOUS
10
2.3059820078740159
20
-3.7674294094488188
11
2.3086975196850394
21
-3.7647138976377952
0
LINE
8
BLACK
6
CONTINUOUS
10
2.3086975196850394
20
-3.7647138976377952
11
2.3122455511811024
21
-3.7632442519685037
0
LINE
8
BLACK
6
CONTINUOUS
10
2.3122455511811024
20
-3.7632442519685037
11
2.3141657480314959
21
-3.7630551181102363
0
LINE
8
BLACK
6
CONTINUOUS
10
2.3141657480314959
20
-3.7630551181102363
11
2.3594413385826769
21
-3.7630551181102363
0
LINE
8
BLACK
6
CONTINUOUS
10
2.3594413385826769
20
-3.7630551181102363
11
2.3613615354330708
21
-3.7632442519685037
0
LINE
8
BLACK
6
CONTINUOUS
10
2.1771095669291336
20
-3.7632442519685037
11
2.180657598425197
21
-3.7647138976377952
0
LINE
8
BLACK
6
CONTINUOUS
10
2.180657598425197
20
-3.7647138976377952
11
2.1833731102362206
21
-3.7674294094488188
0
LINE
8
BLACK
6
CONTINUOUS
10
2.1833731102362206
20
-3.7674294094488188
11
2.1848427559055117
21
-3.7709774409448817
0
LINE
8
BLACK
6
CONTINUOUS
10
2.1848427559055117
20
-3.7709774409448817
11
2.1848427559055117
21
-3.7748178346456691
0
LINE
8
BLACK
6
CONTINUOUS
10
2.1848427559055117
20
-3.7748178346456691
11
2.1833731102362206
21
-3.7783658661417321
0
LINE
8
BLACK
6
CONTINUOUS
10
2.1833731102362206
20
-3.7783658661417321
11
2.180657598425197
21
-3.7810813779527557
0
LINE
8
BLACK
6
CONTINUOUS
10
2.180657598425197
20
-3.7810813779527557
11
2.1771095669291336
21
-3.7825510236220472
0
LINE
8
BLACK
6
CONTINUOUS
10
2.1771095669291336
20
-3.7825510236220472
11
2.1751893700787401
21
-3.782740157480315
0
LINE
8
BLACK
6
CONTINUOUS
10
2.1751893700787401
20
-3.782740157480315
11
2.1299137795275591
21
-3.782740157480315
0
LINE
8
BLACK
6
CONTINUOUS
10
2.1299137795275591
20
-3.782740157480315
11
2.1279935826771652
21
-3.7825510236220472
0
LINE
8
BLACK
6
CONTINUOUS
10
2.1279935826771652
20
-3.7825510236220472
11
2.1244455511811022
21
-3.7810813779527557
0
LINE
8
BLACK
6
CONTINUOUS
10
2.1244455511811022
20
-3.7810813779527557
11
2.1217300393700786
21
-3.7783658661417321
0
LINE
8
BLACK
6
CONTINUOUS
10
2.1217300393700786
20
-3.7783658661417321
11
2.1202603937007876
21
-3.7748178346456691
0
LINE
8
BLACK
6
CONTINUOUS
10
2.1202603937007876
20
-3.7748178346456691
11
2.1202603937007876
21
-3.7709774409448817
0
LINE
8
BLACK
6
CONTINUOUS
10
2.1202603937007876
20
-3.7709774409448817
11
2.1217300393700786
21
-3.7674294094488188
0
LINE
8
BLACK
6
CONTINUOUS
10
2.1217300393700786
20
-3.7674294094488188
11
2.1244455511811022
21
-3.7647138976377952
0
LINE
8
BLACK
6
CONTINUOUS
10
2.1244455511811022
20
-3.7647138976377952
11
2.1279935826771652
21
-3.7632442519685037
0
LINE
8
BLACK
6
CONTINUOUS
10
2.1279935826771652
20
-3.7632442519685037
11
2.1299137795275591
21
-3.7630551181102363
0
LINE
8
BLACK
6
CONTINUOUS
10
2.1299137795275591
20
-3.7630551181102363
11
2.1751893700787401
21
-3.7630551181102363
0
LINE
8
BLACK
6
CONTINUOUS
10
2.1751893700787401
20
-3.7630551181102363
11
2.1771095669291336
21
-3.7632442519685037
0
CIRCLE
8
BLACK
10
4.3661417322834648
20
-4.6653543307086611
40
0.0068897637795276
0
CIRCLE
8
BLACK
10
4.2661417322834643
20
-4.6653543307086611
40
0.0068897637795276
0
CIRCLE
8
BLACK
10
4.1661417322834646
20
-4.6653543307086611
40
0.0068897637795276
0
CIRCLE
8
BLACK
10
4.0661417322834641
20
-4.6653543307086611
40
0.0068897637795276
0
CIRCLE
8
BLACK
10
3.9661417322834644
20
-4.6653543307086611
40
0.0068897637795276
0
CIRCLE
8
BLACK
10
3.8661417322834644
20
-4.6653543307086611
40
0.0068897637795276
0
CIRCLE
8
BLACK
10
3.7661417322834643
20
-4.6653543307086611
40
0.0068897637795276
0
CIRCLE
8
BLACK
10
3.6661417322834646
20
-4.6653543307086611
40
0.0068897637795276
0
CIRCLE
8
BLACK
10
3.5661417322834645
20
-4.6653543307086611
40
0.0068897637795276
0
CIRCLE
8
BLACK
10
3.4661417322834644
20
-4.6653543307086611
40
0.0068897637795276
0
CIRCLE
8
BLACK
10
3.3661417322834644
20
-4.6653543307086611
40
0.0068897637795276
0
CIRCLE
8
BLACK
10
3.6102362204724407
20
-4.5511811023622046
40
0.0068897637795276
0
CIRCLE
8
BLACK
10
3.276574803149606
20
-4.5196850393700787
40
0.0068897637795276
0
CIRCLE
8
BLACK
10
3.1765748031496064
20
-4.5196850393700787
40
0.0068897637795276
0
CIRCLE
8
BLACK
10
3.0765748031496063
20
-4.5196850393700787
40
0.0068897637795276
0
CIRCLE
8
BLACK
10
3.1968503937007875
20
-4.6653543307086611
40
0.0068897637795276
0
CIRCLE
8
BLACK
10
3.0968503937007874
20
-4.6653543307086611
40
0.0068897637795276
0
CIRCLE
8
BLACK
10
2.9968503937007873
20
-4.6653543307086611
40
0.0068897637795276
0
CIRCLE
8
BLACK
10
2.8968503937007872
20
-4.6653543307086611
40
0.0068897637795276
0
CIRCLE
8
BLACK
10
2.7968503937007871
20
-4.6653543307086611
40
0.0068897637795276
0
CIRCLE
8
BLACK
10
2.6968503937007875
20
-4.6653543307086611
40
0.0068897637795276
0
CIRCLE
8
BLACK
10
2.5968503937007874
20
-4.6653543307086611
40
0.0068897637795276
0
CIRCLE
8
BLACK
10
2.4968503937007873
20
-4.6653543307086611
40
0.0068897637795276
0
CIRCLE
8
BLACK
10
2.3968503937007872
20
-4.6653543307086611
40
0.0068897637795276
0
CIRCLE
8
BLACK
10
2.2968503937007871
20
-4.6653543307086611
40
0.0068897637795276
0
CIRCLE
8
BLACK
10
2.1968503937007875
20
-4.6653543307086611
40
0.0068897637795276
0
CIRCLE
8
BLACK
10
4.0394160236220475
20
-4.497047244094488
40
0.0068897637795276
0
CIRCLE
8
BLACK
10
4.0394160236220475
20
-4.4470472440944881
40
0.0068897637795276
0
CIRCLE
8
BLACK
10
4.0394160236220475
20
-4.3970472440944883
40
0.0068897637795276
0
CIRCLE
8
BLACK
10
4.0394160236220475
20
-4.3470472440944885
40
0.0068897637795276
0
CIRCLE
8
BLACK
10
4.0394160236220475
20
-4.2970472440944878
40
0.0068897637795276
0
CIRCLE
8
BLACK
10
4.0394160236220475
20
-4.247047244094488
40
0.0068897637795276
0
CIRCLE
8
BLACK
10
4.0394160236220475
20
-4.1970472440944881
40
0.0068897637795276
0
CIRCLE
8
BLACK
10
3.1968503937007875
20
-3.0708661417322833
40
0.0068897637795276
0
CIRCLE
8
BLACK
10
3.0968503937007874
20
-3.0708661417322833
40
0.0068897637795276
0
CIRCLE
8
BLACK
10
2.9968503937007873
20
-3.0708661417322833
40
0.0068897637795276
0
CIRCLE
8
BLACK
10
2.8968503937007872
20
-3.0708661417322833
40
0.0068897637795276
0
CIRCLE
8
BLACK
10
2.7968503937007871
20
-3.0708661417322833
40
0.0068897637795276
0
CIRCLE
8
BLACK
10
2.6968503937007875
20
-3.0708661417322833
40
0.0068897637795276
0
CIRCLE
8
BLACK
10
2.5968503937007874
20
-3.0708661417322833
40
0.0068897637795276
0
CIRCLE
8
BLACK
10
2.4968503937007873
20
-3.0708661417322833
40
0.0068897637795276
0
CIRCLE
8
BLACK
10
2.3968503937007872
20
-3.0708661417322833
40
0.0068897637795276
0
CIRCLE
8
BLACK
10
2.2968503937007871
20
-3.0708661417322833
40
0.0068897637795276
0
CIRCLE
8
BLACK
10
2.1968503937007875
20
-3.0708661417322833
40
0.0068897637795276
0
CIRCLE
8
BLACK
10
4.3582677165354333
20
-3.0708661417322833
40
0.0068897637795276
0
CIRCLE
8
BLACK
10
4.2582677165354328
20
-3.0708661417322833
40
0.0068897637795276
0
CIRCLE
8
BLACK
10
4.1582677165354331
20
-3.0708661417322833
40
0.0068897637795276
0
CIRCLE
8
BLACK
10
4.0582677165354326
20
-3.0708661417322833
40
0.0068897637795276
0
CIRCLE
8
BLACK
10
3.958267716535433
20
-3.0708661417322833
40
0.0068897637795276
0
CIRCLE
8
BLACK
10
3.8582677165354329
20
-3.0708661417322833
40
0.0068897637795276
0
CIRCLE
8
BLACK
10
3.7582677165354328
20
-3.0708661417322833
40
0.0068897637795276
0
CIRCLE
8
BLACK
10
3.6582677165354331
20
-3.0708661417322833
40
0.0068897637795276
0
CIRCLE
8
BLACK
10
3.5582677165354331
20
-3.0708661417322833
40
0.0068897637795276
0
CIRCLE
8
BLACK
10
3.458267716535433
20
-3.0708661417322833
40
0.0068897637795276
0
CIRCLE
8
BLACK
10
3.3582677165354329
20
-3.0708661417322833
40
0.0068897637795276
  0
ENDSEC
  0
EOF
