  0
SECTION
  2
HEADER
  9
$ANGBASE
  50
0.0
  9
$ANGDIR
  70
1
  9
$MEASUREMENT
  70
0
  0
ENDSEC
  0
SECTION
  2
TABLES
  0
TABLE
  2
LTYPE
  70
4
  0
LTYPE
  5
40F
  2
CONTINUOUS
  70
0
  3
Solid line
  72
65
  73
0
  40
0.0
  0
LTYPE
  5
410
  2
DASHDOT
 70
0
  3
Dash Dot ____ _ ____ _
 72
65
 73
4
 40
2.0
 49
1.25
 49
-0.25
 49
0.25
 49
-0.25
  0
LTYPE
  5
411
  2
DASHED
 70
0
  3
Dashed __ __ __ __ __
 72
65
 73
2
 40
0.75
 49
0.5
 49
-0.25
  0
LTYPE
  5
43B
  2
DOTTED
 70
0
  3
Dotted .  .  .  .
 72
65
 73
2
 40
0.2
 49
0.0
 49
-0.2
  0
ENDTAB
  0
TABLE
  2
STYLE
  70
4
  0
STYLE
  2
KICAD
  70
0
  40
0
  41
1
  42
1
  50
0
  71
0
  3
isocp.shx
  0
STYLE
  2
KICADB
  70
0
  40
0
  41
1
  42
1
  50
0
  71
0
  3
isocp.shx
  0
STYLE
  2
KICADI
  70
0
  40
0
  41
1
  42
1
  50
15
  71
0
  3
isocp.shx
  0
STYLE
  2
KICADBI
  70
0
  40
0
  41
1
  42
1
  50
15
  71
0
  3
isocp.shx
  0
ENDTAB
  0
TABLE
  2
LAYER
  70
1
  0
LAYER
  2
BLACK
  70
0
  62
7
  6
CONTINUOUS
  0
ENDTAB
  0
ENDSEC
  0
SECTION
  2
ENTITIES
0
LINE
8
BLACK
6
CONTINUOUS
10
4.2585292519685041
20
-4.5068106299212598
11
4.2585301574803145
21
-4.5068103543307085
0
LINE
8
BLACK
6
CONTINUOUS
10
4.2585301574803145
20
-4.5068103543307085
11
4.2585362204724406
21
-4.5068120078740153
0
LINE
8
BLACK
6
CONTINUOUS
10
4.2585362204724406
20
-4.5068120078740153
11
4.2585424409448818
21
-4.5068132677165353
0
LINE
8
BLACK
6
CONTINUOUS
10
4.2585424409448818
20
-4.5068132677165353
11
4.2585431102362206
21
-4.5068139370078741
0
LINE
8
BLACK
6
CONTINUOUS
10
4.2585431102362206
20
-4.5068139370078741
11
4.2585449606299211
21
-4.5068144488188979
0
LINE
8
BLACK
6
CONTINUOUS
10
4.2585449606299211
20
-4.5068144488188979
11
4.2589641732283461
21
-4.5070240551181104
0
LINE
8
BLACK
6
CONTINUOUS
10
4.2589641732283461
20
-4.5070240551181104
11
4.2589641732283461
21
-4.5068496456692912
0
LINE
8
BLACK
6
CONTINUOUS
10
4.2589641732283461
20
-4.5068496456692912
11
4.2589671653543304
21
-4.5068345669291334
0
LINE
8
BLACK
6
CONTINUOUS
10
4.2589671653543304
20
-4.5068345669291334
11
4.2589884645669294
21
-4.5068132677165353
0
LINE
8
BLACK
6
CONTINUOUS
10
4.2589884645669294
20
-4.5068132677165353
11
4.2590186220472441
21
-4.5068132677165353
0
LINE
8
BLACK
6
CONTINUOUS
10
4.2590186220472441
20
-4.5068132677165353
11
4.2590399212598422
21
-4.5068345669291334
0
LINE
8
BLACK
6
CONTINUOUS
10
4.2590399212598422
20
-4.5068345669291334
11
4.2590429133858265
21
-4.5068496456692912
0
LINE
8
BLACK
6
CONTINUOUS
10
4.2590429133858265
20
-4.5068496456692912
11
4.2590429133858265
21
-4.5108972834645664
0
LINE
8
BLACK
6
CONTINUOUS
10
4.2590429133858265
20
-4.5108972834645664
11
4.259042519685039
21
-4.5108991732283465
0
LINE
8
BLACK
6
CONTINUOUS
10
4.259042519685039
20
-4.5108991732283465
11
4.259042834645669
21
-4.510900078740157
0
LINE
8
BLACK
6
CONTINUOUS
10
4.259042834645669
20
-4.510900078740157
11
4.2590411023622048
21
-4.5109062204724406
0
LINE
8
BLACK
6
CONTINUOUS
10
4.2590411023622048
20
-4.5109062204724406
11
4.2590399212598422
21
-4.5109123622047242
0
LINE
8
BLACK
6
CONTINUOUS
10
4.2590399212598422
20
-4.5109123622047242
11
4.2590392519685034
21
-4.5109129921259843
0
LINE
8
BLACK
6
CONTINUOUS
10
4.2590392519685034
20
-4.5109129921259843
11
4.2590387401574805
21
-4.5109149212598423
0
LINE
8
BLACK
6
CONTINUOUS
10
4.2590387401574805
20
-4.5109149212598423
11
4.2588006692913387
21
-4.5113910629921259
0
LINE
8
BLACK
6
CONTINUOUS
10
4.2588006692913387
20
-4.5113910629921259
11
4.2587968897637793
21
-4.5113959448818894
0
LINE
8
BLACK
6
CONTINUOUS
10
4.2587968897637793
20
-4.5113959448818894
11
4.2587933070866137
21
-4.511401299212598
0
LINE
8
BLACK
6
CONTINUOUS
10
4.2587933070866137
20
-4.511401299212598
11
4.2585551968503932
21
-4.5116394094488186
0
LINE
8
BLACK
6
CONTINUOUS
10
4.2585551968503932
20
-4.5116394094488186
11
4.2585499212598421
21
-4.5116429133858267
0
LINE
8
BLACK
6
CONTINUOUS
10
4.2585499212598421
20
-4.5116429133858267
11
4.2585449606299211
21
-4.5116468110236223
0
LINE
8
BLACK
6
CONTINUOUS
10
4.2585449606299211
20
-4.5116468110236223
11
4.2580687795275587
21
-4.5118848425196854
0
LINE
8
BLACK
6
CONTINUOUS
10
4.2580687795275587
20
-4.5118848425196854
11
4.2580669291338582
21
-4.5118853543307083
0
LINE
8
BLACK
6
CONTINUOUS
10
4.2580669291338582
20
-4.5118853543307083
11
4.2580662598425194
21
-4.511886023622047
0
LINE
8
BLACK
6
CONTINUOUS
10
4.2580662598425194
20
-4.511886023622047
11
4.2580600393700783
21
-4.5118872440944884
0
LINE
8
BLACK
6
CONTINUOUS
10
4.2580600393700783
20
-4.5118872440944884
11
4.258053976377953
21
-4.5118889370078739
0
LINE
8
BLACK
6
CONTINUOUS
10
4.258053976377953
20
-4.5118889370078739
11
4.2580530708661417
21
-4.5118886220472438
0
LINE
8
BLACK
6
CONTINUOUS
10
4.2580530708661417
20
-4.5118886220472438
11
4.2580511811023625
21
-4.5118890157480314
0
LINE
8
BLACK
6
CONTINUOUS
10
4.2580511811023625
20
-4.5118890157480314
11
4.2573368897637796
21
-4.5118890157480314
0
LINE
8
BLACK
6
CONTINUOUS
10
4.2573368897637796
20
-4.5118890157480314
11
4.2573349606299216
21
-4.5118886220472438
0
LINE
8
BLACK
6
CONTINUOUS
10
4.2573349606299216
20
-4.5118886220472438
11
4.257334094488189
21
-4.5118889370078739
0
LINE
8
BLACK
6
CONTINUOUS
10
4.257334094488189
20
-4.5118889370078739
11
4.2573279133858266
21
-4.5118872047244096
0
LINE
8
BLACK
6
CONTINUOUS
10
4.2573279133858266
20
-4.5118872047244096
11
4.2573218110236217
21
-4.511886023622047
0
LINE
8
BLACK
6
CONTINUOUS
10
4.2573218110236217
20
-4.511886023622047
11
4.2573211417322829
21
-4.5118853543307083
0
LINE
8
BLACK
6
CONTINUOUS
10
4.2573211417322829
20
-4.5118853543307083
11
4.2573192519685037
21
-4.5118848425196854
0
LINE
8
BLACK
6
CONTINUOUS
10
4.2573192519685037
20
-4.5118848425196854
11
4.2568431102362201
21
-4.5116467716535436
0
LINE
8
BLACK
6
CONTINUOUS
10
4.2568431102362201
20
-4.5116467716535436
11
4.25683094488189
21
-4.5116373622047243
0
LINE
8
BLACK
6
CONTINUOUS
10
4.25683094488189
20
-4.5116373622047243
11
4.2568214173228345
21
-4.5116087795275588
0
LINE
8
BLACK
6
CONTINUOUS
10
4.2568214173228345
20
-4.5116087795275588
11
4.2568349212598422
21
-4.5115818110236221
0
LINE
8
BLACK
6
CONTINUOUS
10
4.2568349212598422
20
-4.5115818110236221
11
4.2568635039370077
21
-4.5115722834645666
0
LINE
8
BLACK
6
CONTINUOUS
10
4.2568635039370077
20
-4.5115722834645666
11
4.2568783070866143
21
-4.511576377952756
0
LINE
8
BLACK
6
CONTINUOUS
10
4.2568783070866143
20
-4.511576377952756
11
4.2573462204724413
21
-4.5118102755905509
0
LINE
8
BLACK
6
CONTINUOUS
10
4.2573462204724413
20
-4.5118102755905509
11
4.2580419291338583
21
-4.5118102755905509
0
LINE
8
BLACK
6
CONTINUOUS
10
4.2580419291338583
20
-4.5118102755905509
11
4.2585040551181104
21
-4.5115792125984253
0
LINE
8
BLACK
6
CONTINUOUS
10
4.2585040551181104
20
-4.5115792125984253
11
4.2587331102362205
21
-4.5113501181102365
0
LINE
8
BLACK
6
CONTINUOUS
10
4.2587331102362205
20
-4.5113501181102365
11
4.2589641732283461
21
-4.5108879527559056
0
LINE
8
BLACK
6
CONTINUOUS
10
4.2589641732283461
20
-4.5108879527559056
11
4.2589641732283461
21
-4.510008622047244
0
LINE
8
BLACK
6
CONTINUOUS
10
4.2589641732283461
20
-4.510008622047244
11
4.2585449606299211
21
-4.5102181889763777
0
LINE
8
BLACK
6
CONTINUOUS
10
4.2585449606299211
20
-4.5102181889763777
11
4.2585431102362206
21
-4.5102187007874015
0
LINE
8
BLACK
6
CONTINUOUS
10
4.2585431102362206
20
-4.5102187007874015
11
4.2585424409448818
21
-4.5102193700787403
0
LINE
8
BLACK
6
CONTINUOUS
10
4.2585424409448818
20
-4.5102193700787403
11
4.2585362204724406
21
-4.5102205905511807
0
LINE
8
BLACK
6
CONTINUOUS
10
4.2585362204724406
20
-4.5102205905511807
11
4.2585301574803145
21
-4.5102222834645671
0
LINE
8
BLACK
6
CONTINUOUS
10
4.2585301574803145
20
-4.5102222834645671
11
4.2585292519685041
21
-4.5102219685039371
0
LINE
8
BLACK
6
CONTINUOUS
10
4.2585292519685041
20
-4.5102219685039371
11
4.2585273622047239
21
-4.5102223622047246
0
LINE
8
BLACK
6
CONTINUOUS
10
4.2585273622047239
20
-4.5102223622047246
11
4.2575749606299214
21
-4.5102223622047246
0
LINE
8
BLACK
6
CONTINUOUS
10
4.2575749606299214
20
-4.5102223622047246
11
4.2575730314960625
21
-4.5102219685039371
0
LINE
8
BLACK
6
CONTINUOUS
10
4.2575730314960625
20
-4.5102219685039371
11
4.2575721653543308
21
-4.5102222834645671
0
LINE
8
BLACK
6
CONTINUOUS
10
4.2575721653543308
20
-4.5102222834645671
11
4.2575659842519684
21
-4.510220551181102
0
LINE
8
BLACK
6
CONTINUOUS
10
4.2575659842519684
20
-4.510220551181102
11
4.2575598818897635
21
-4.5102193700787403
0
LINE
8
BLACK
6
CONTINUOUS
10
4.2575598818897635
20
-4.5102193700787403
11
4.2575592125984247
21
-4.5102187007874015
0
LINE
8
BLACK
6
CONTINUOUS
10
4.2575592125984247
20
-4.5102187007874015
11
4.2575573228346455
21
-4.5102181889763777
0
LINE
8
BLACK
6
CONTINUOUS
10
4.2575573228346455
20
-4.5102181889763777
11
4.2570811811023619
21
-4.5099801181102359
0
LINE
8
BLACK
6
CONTINUOUS
10
4.2570811811023619
20
-4.5099801181102359
11
4.2570762598425196
21
-4.5099763385826774
0
LINE
8
BLACK
6
CONTINUOUS
10
4.2570762598425196
20
-4.5099763385826774
11
4.2570709448818898
21
-4.5099727559055118
0
LINE
8
BLACK
6
CONTINUOUS
10
4.2570709448818898
20
-4.5099727559055118
11
4.2568328740157479
21
-4.5097346456692913
0
LINE
8
BLACK
6
CONTINUOUS
10
4.2568328740157479
20
-4.5097346456692913
11
4.2568293307086611
21
-4.5097293700787402
0
LINE
8
BLACK
6
CONTINUOUS
10
4.2568293307086611
20
-4.5097293700787402
11
4.2568255118110239
21
-4.5097244094488191
0
LINE
8
BLACK
6
CONTINUOUS
10
4.2568255118110239
20
-4.5097244094488191
11
4.2565874015748033
21
-4.5092482283464568
0
LINE
8
BLACK
6
CONTINUOUS
10
4.2565874015748033
20
-4.5092482283464568
11
4.2565868897637795
21
-4.5092463779527554
0
LINE
8
BLACK
6
CONTINUOUS
10
4.2565868897637795
20
-4.5092463779527554
11
4.2565862204724407
21
-4.5092457086614175
0
LINE
8
BLACK
6
CONTINUOUS
10
4.2565862204724407
20
-4.5092457086614175
11
4.2565849606299215
21
-4.5092394881889764
0
LINE
8
BLACK
6
CONTINUOUS
10
4.2565849606299215
20
-4.5092394881889764
11
4.2565833070866139
21
-4.5092334251968502
0
LINE
8
BLACK
6
CONTINUOUS
10
4.2565833070866139
20
-4.5092334251968502
11
4.2565835826771652
21
-4.5092325196850389
0
LINE
8
BLACK
6
CONTINUOUS
10
4.2565835826771652
20
-4.5092325196850389
11
4.2565832283464564
21
-4.5092306299212597
0
LINE
8
BLACK
6
CONTINUOUS
10
4.2565832283464564
20
-4.5092306299212597
11
4.2565832283464564
21
-4.5078020472440947
0
LINE
8
BLACK
6
CONTINUOUS
10
4.2565832283464564
20
-4.5078020472440947
11
4.2565835826771652
21
-4.5078001181102358
0
LINE
8
BLACK
6
CONTINUOUS
10
4.2565835826771652
20
-4.5078001181102358
11
4.2565833070866139
21
-4.5077992519685042
0
LINE
8
BLACK
6
CONTINUOUS
10
4.2565833070866139
20
-4.5077992519685042
11
4.2565849606299215
21
-4.5077931496062993
0
LINE
8
BLACK
6
CONTINUOUS
10
4.2565849606299215
20
-4.5077931496062993
11
4.2565862204724407
21
-4.5077869685039369
0
LINE
8
BLACK
6
CONTINUOUS
10
4.2565862204724407
20
-4.5077869685039369
11
4.2565868897637795
21
-4.5077862992125981
0
LINE
8
BLACK
6
CONTINUOUS
10
4.2565868897637795
20
-4.5077862992125981
11
4.2565874015748033
21
-4.5077844488188976
0
LINE
8
BLACK
6
CONTINUOUS
10
4.2565874015748033
20
-4.5077844488188976
11
4.2568255118110239
21
-4.5073082677165353
0
LINE
8
BLACK
6
CONTINUOUS
10
4.2568255118110239
20
-4.5073082677165353
11
4.2568293307086611
21
-4.5073032677165354
0
LINE
8
BLACK
6
CONTINUOUS
10
4.2568293307086611
20
-4.5073032677165354
11
4.2568328740157479
21
-4.5072980314960631
0
LINE
8
BLACK
6
CONTINUOUS
10
4.2568328740157479
20
-4.5072980314960631
11
4.2570709448818898
21
-4.5070599212598426
0
LINE
8
BLACK
6
CONTINUOUS
10
4.2570709448818898
20
-4.5070599212598426
11
4.2570762598425196
21
-4.5070562992125982
0
LINE
8
BLACK
6
CONTINUOUS
10
4.2570762598425196
20
-4.5070562992125982
11
4.2570811811023619
21
-4.5070525590551176
0
LINE
8
BLACK
6
CONTINUOUS
10
4.2570811811023619
20
-4.5070525590551176
11
4.2575573622047242
21
-4.5068144488188979
0
LINE
8
BLACK
6
CONTINUOUS
10
4.2575573622047242
20
-4.5068144488188979
11
4.2575592125984247
21
-4.5068139370078741
0
LINE
8
BLACK
6
CONTINUOUS
10
4.2575592125984247
20
-4.5068139370078741
11
4.2575598818897635
21
-4.5068132677165353
0
LINE
8
BLACK
6
CONTINUOUS
10
4.2575598818897635
20
-4.5068132677165353
11
4.2575660629921259
21
-4.5068120078740153
0
LINE
8
BLACK
6
CONTINUOUS
10
4.2575660629921259
20
-4.5068120078740153
11
4.2575721653543308
21
-4.5068103543307085
0
LINE
8
BLACK
6
CONTINUOUS
10
4.2575721653543308
20
-4.5068103543307085
11
4.2575730314960625
21
-4.5068106299212598
0
LINE
8
BLACK
6
CONTINUOUS
10
4.2575730314960625
20
-4.5068106299212598
11
4.2575749606299214
21
-4.506810275590551
0
LINE
8
BLACK
6
CONTINUOUS
10
4.2575749606299214
20
-4.506810275590551
11
4.2585273622047239
21
-4.506810275590551
0
LINE
8
BLACK
6
CONTINUOUS
10
4.2585273622047239
20
-4.506810275590551
11
4.2585292519685041
21
-4.5068106299212598
0
LINE
8
BLACK
6
CONTINUOUS
10
4.2571221259842522
20
-4.5071200393700783
11
4.2568930314960625
21
-4.5073491732283459
0
LINE
8
BLACK
6
CONTINUOUS
10
4.2568930314960625
20
-4.5073491732283459
11
4.2566619685039369
21
-4.507811299212598
0
LINE
8
BLACK
6
CONTINUOUS
10
4.2566619685039369
20
-4.507811299212598
11
4.2566619685039369
21
-4.5092213385826767
0
LINE
8
BLACK
6
CONTINUOUS
10
4.2566619685039369
20
-4.5092213385826767
11
4.2568930314960625
21
-4.5096834645669288
0
LINE
8
BLACK
6
CONTINUOUS
10
4.2568930314960625
20
-4.5096834645669288
11
4.2571221259842522
21
-4.5099125590551177
0
LINE
8
BLACK
6
CONTINUOUS
10
4.2571221259842522
20
-4.5099125590551177
11
4.2575842913385822
21
-4.5101436220472442
0
LINE
8
BLACK
6
CONTINUOUS
10
4.2575842913385822
20
-4.5101436220472442
11
4.2585181102362206
21
-4.5101436220472442
0
LINE
8
BLACK
6
CONTINUOUS
10
4.2585181102362206
20
-4.5101436220472442
11
4.2589641732283461
21
-4.5099205905511814
0
LINE
8
BLACK
6
CONTINUOUS
10
4.2589641732283461
20
-4.5099205905511814
11
4.2589641732283461
21
-4.5071120472440942
0
LINE
8
BLACK
6
CONTINUOUS
10
4.2589641732283461
20
-4.5071120472440942
11
4.2585181102362206
21
-4.5068890157480315
0
LINE
8
BLACK
6
CONTINUOUS
10
4.2585181102362206
20
-4.5068890157480315
11
4.2575842125984247
21
-4.5068890157480315
0
LINE
8
BLACK
6
CONTINUOUS
10
4.2575842125984247
20
-4.5068890157480315
11
4.2571221259842522
21
-4.5071200393700783
0
LINE
8
BLACK
6
CONTINUOUS
10
4.359957755905512
20
-4.5068106299212598
11
4.3599586614173225
21
-4.5068103543307085
0
LINE
8
BLACK
6
CONTINUOUS
10
4.3599586614173225
20
-4.5068103543307085
11
4.3599647244094486
21
-4.5068120078740153
0
LINE
8
BLACK
6
CONTINUOUS
10
4.3599647244094486
20
-4.5068120078740153
11
4.3599709448818897
21
-4.5068132677165353
0
LINE
8
BLACK
6
CONTINUOUS
10
4.3599709448818897
20
-4.5068132677165353
11
4.3599716141732285
21
-4.5068139370078741
0
LINE
8
BLACK
6
CONTINUOUS
10
4.3599716141732285
20
-4.5068139370078741
11
4.359973464566929
21
-4.5068144488188979
0
LINE
8
BLACK
6
CONTINUOUS
10
4.359973464566929
20
-4.5068144488188979
11
4.3603926771653541
21
-4.5070240551181104
0
LINE
8
BLACK
6
CONTINUOUS
10
4.3603926771653541
20
-4.5070240551181104
11
4.3603926771653541
21
-4.5068496456692912
0
LINE
8
BLACK
6
CONTINUOUS
10
4.3603926771653541
20
-4.5068496456692912
11
4.3603956692913384
21
-4.5068345669291334
0
LINE
8
BLACK
6
CONTINUOUS
10
4.3603956692913384
20
-4.5068345669291334
11
4.3604169685039373
21
-4.5068132677165353
0
LINE
8
BLACK
6
CONTINUOUS
10
4.3604169685039373
20
-4.5068132677165353
11
4.3604471259842521
21
-4.5068132677165353
0
LINE
8
BLACK
6
CONTINUOUS
10
4.3604471259842521
20
-4.5068132677165353
11
4.3604684251968502
21
-4.5068345669291334
0
LINE
8
BLACK
6
CONTINUOUS
10
4.3604684251968502
20
-4.5068345669291334
11
4.3604714173228345
21
-4.5068496456692912
0
LINE
8
BLACK
6
CONTINUOUS
10
4.3604714173228345
20
-4.5068496456692912
11
4.3604714173228345
21
-4.5108972834645664
0
LINE
8
BLACK
6
CONTINUOUS
10
4.3604714173228345
20
-4.5108972834645664
11
4.360471023622047
21
-4.5108991732283465
0
LINE
8
BLACK
6
CONTINUOUS
10
4.360471023622047
20
-4.5108991732283465
11
4.360471338582677
21
-4.510900078740157
0
LINE
8
BLACK
6
CONTINUOUS
10
4.360471338582677
20
-4.510900078740157
11
4.3604696062992128
21
-4.5109062204724406
0
LINE
8
BLACK
6
CONTINUOUS
10
4.3604696062992128
20
-4.5109062204724406
11
4.3604684251968502
21
-4.5109123622047242
0
LINE
8
BLACK
6
CONTINUOUS
10
4.3604684251968502
20
-4.5109123622047242
11
4.3604677559055114
21
-4.5109129921259843
0
LINE
8
BLACK
6
CONTINUOUS
10
4.3604677559055114
20
-4.5109129921259843
11
4.3604672440944885
21
-4.5109149212598423
0
LINE
8
BLACK
6
CONTINUOUS
10
4.3604672440944885
20
-4.5109149212598423
11
4.3602291732283467
21
-4.5113910629921259
0
LINE
8
BLACK
6
CONTINUOUS
10
4.3602291732283467
20
-4.5113910629921259
11
4.3602253937007873
21
-4.5113959448818894
0
LINE
8
BLACK
6
CONTINUOUS
10
4.3602253937007873
20
-4.5113959448818894
11
4.3602218110236217
21
-4.511401299212598
0
LINE
8
BLACK
6
CONTINUOUS
10
4.3602218110236217
20
-4.511401299212598
11
4.3599837007874012
21
-4.5116394094488186
0
LINE
8
BLACK
6
CONTINUOUS
10
4.3599837007874012
20
-4.5116394094488186
11
4.3599784251968501
21
-4.5116429133858267
0
LINE
8
BLACK
6
CONTINUOUS
10
4.3599784251968501
20
-4.5116429133858267
11
4.359973464566929
21
-4.5116468110236223
0
LINE
8
BLACK
6
CONTINUOUS
10
4.359973464566929
20
-4.5116468110236223
11
4.3594972834645667
21
-4.5118848425196854
0
LINE
8
BLACK
6
CONTINUOUS
10
4.3594972834645667
20
-4.5118848425196854
11
4.3594954330708662
21
-4.5118853543307083
0
LINE
8
BLACK
6
CONTINUOUS
10
4.3594954330708662
20
-4.5118853543307083
11
4.3594947637795274
21
-4.511886023622047
0
LINE
8
BLACK
6
CONTINUOUS
10
4.3594947637795274
20
-4.511886023622047
11
4.3594885433070862
21
-4.5118872440944884
0
LINE
8
BLACK
6
CONTINUOUS
10
4.3594885433070862
20
-4.5118872440944884
11
4.3594824803149601
21
-4.5118889370078739
0
LINE
8
BLACK
6
CONTINUOUS
10
4.3594824803149601
20
-4.5118889370078739
11
4.3594815748031497
21
-4.5118886220472438
0
LINE
8
BLACK
6
CONTINUOUS
10
4.3594815748031497
20
-4.5118886220472438
11
4.3594796850393696
21
-4.5118890157480314
0
LINE
8
BLACK
6
CONTINUOUS
10
4.3594796850393696
20
-4.5118890157480314
11
4.3587653937007875
21
-4.5118890157480314
0
LINE
8
BLACK
6
CONTINUOUS
10
4.3587653937007875
20
-4.5118890157480314
11
4.3587634645669286
21
-4.5118886220472438
0
LINE
8
BLACK
6
CONTINUOUS
10
4.3587634645669286
20
-4.5118886220472438
11
4.358762598425197
21
-4.5118889370078739
0
LINE
8
BLACK
6
CONTINUOUS
10
4.358762598425197
20
-4.5118889370078739
11
4.3587564173228346
21
-4.5118872047244096
0
LINE
8
BLACK
6
CONTINUOUS
10
4.3587564173228346
20
-4.5118872047244096
11
4.3587503149606297
21
-4.511886023622047
0
LINE
8
BLACK
6
CONTINUOUS
10
4.3587503149606297
20
-4.511886023622047
11
4.3587496456692909
21
-4.5118853543307083
0
LINE
8
BLACK
6
CONTINUOUS
10
4.3587496456692909
20
-4.5118853543307083
11
4.3587477559055117
21
-4.5118848425196854
0
LINE
8
BLACK
6
CONTINUOUS
10
4.3587477559055117
20
-4.5118848425196854
11
4.3582716141732281
21
-4.5116467716535436
0
LINE
8
BLACK
6
CONTINUOUS
10
4.3582716141732281
20
-4.5116467716535436
11
4.3582594488188979
21
-4.5116373622047243
0
LINE
8
BLACK
6
CONTINUOUS
10
4.3582594488188979
20
-4.5116373622047243
11
4.3582499212598425
21
-4.5116087795275588
0
LINE
8
BLACK
6
CONTINUOUS
10
4.3582499212598425
20
-4.5116087795275588
11
4.3582634251968502
21
-4.5115818110236221
0
LINE
8
BLACK
6
CONTINUOUS
10
4.3582634251968502
20
-4.5115818110236221
11
4.3582920078740157
21
-4.5115722834645666
0
LINE
8
BLACK
6
CONTINUOUS
10
4.3582920078740157
20
-4.5115722834645666
11
4.3583068110236223
21
-4.511576377952756
0
LINE
8
BLACK
6
CONTINUOUS
10
4.3583068110236223
20
-4.511576377952756
11
4.3587747244094484
21
-4.5118102755905509
0
LINE
8
BLACK
6
CONTINUOUS
10
4.3587747244094484
20
-4.5118102755905509
11
4.3594704330708662
21
-4.5118102755905509
0
LINE
8
BLACK
6
CONTINUOUS
10
4.3594704330708662
20
-4.5118102755905509
11
4.3599325590551183
21
-4.5115792125984253
0
LINE
8
BLACK
6
CONTINUOUS
10
4.3599325590551183
20
-4.5115792125984253
11
4.3601616141732285
21
-4.5113501181102365
0
LINE
8
BLACK
6
CONTINUOUS
10
4.3601616141732285
20
-4.5113501181102365
11
4.3603926771653541
21
-4.5108879527559056
0
LINE
8
BLACK
6
CONTINUOUS
10
4.3603926771653541
20
-4.5108879527559056
11
4.3603926771653541
21
-4.510008622047244
0
LINE
8
BLACK
6
CONTINUOUS
10
4.3603926771653541
20
-4.510008622047244
11
4.359973464566929
21
-4.5102181889763777
0
LINE
8
BLACK
6
CONTINUOUS
10
4.359973464566929
20
-4.5102181889763777
11
4.3599716141732285
21
-4.5102187007874015
0
LINE
8
BLACK
6
CONTINUOUS
10
4.3599716141732285
20
-4.5102187007874015
11
4.3599709448818897
21
-4.5102193700787403
0
LINE
8
BLACK
6
CONTINUOUS
10
4.3599709448818897
20
-4.5102193700787403
11
4.3599647244094486
21
-4.5102205905511807
0
LINE
8
BLACK
6
CONTINUOUS
10
4.3599647244094486
20
-4.5102205905511807
11
4.3599586614173225
21
-4.5102222834645671
0
LINE
8
BLACK
6
CONTINUOUS
10
4.3599586614173225
20
-4.5102222834645671
11
4.359957755905512
21
-4.5102219685039371
0
LINE
8
BLACK
6
CONTINUOUS
10
4.359957755905512
20
-4.5102219685039371
11
4.3599558661417319
21
-4.5102223622047246
0
LINE
8
BLACK
6
CONTINUOUS
10
4.3599558661417319
20
-4.5102223622047246
11
4.3590034645669293
21
-4.5102223622047246
0
LINE
8
BLACK
6
CONTINUOUS
10
4.3590034645669293
20
-4.5102223622047246
11
4.3590015354330705
21
-4.5102219685039371
0
LINE
8
BLACK
6
CONTINUOUS
10
4.3590015354330705
20
-4.5102219685039371
11
4.3590006692913388
21
-4.5102222834645671
0
LINE
8
BLACK
6
CONTINUOUS
10
4.3590006692913388
20
-4.5102222834645671
11
4.3589944881889764
21
-4.510220551181102
0
LINE
8
BLACK
6
CONTINUOUS
10
4.3589944881889764
20
-4.510220551181102
11
4.3589883858267715
21
-4.5102193700787403
0
LINE
8
BLACK
6
CONTINUOUS
10
4.3589883858267715
20
-4.5102193700787403
11
4.3589877165354327
21
-4.5102187007874015
0
LINE
8
BLACK
6
CONTINUOUS
10
4.3589877165354327
20
-4.5102187007874015
11
4.3589858267716535
21
-4.5102181889763777
0
LINE
8
BLACK
6
CONTINUOUS
10
4.3589858267716535
20
-4.5102181889763777
11
4.3585096850393699
21
-4.5099801181102359
0
LINE
8
BLACK
6
CONTINUOUS
10
4.3585096850393699
20
-4.5099801181102359
11
4.3585047637795276
21
-4.5099763385826774
0
LINE
8
BLACK
6
CONTINUOUS
10
4.3585047637795276
20
-4.5099763385826774
11
4.3584994488188977
21
-4.5099727559055118
0
LINE
8
BLACK
6
CONTINUOUS
10
4.3584994488188977
20
-4.5099727559055118
11
4.3582613779527559
21
-4.5097346456692913
0
LINE
8
BLACK
6
CONTINUOUS
10
4.3582613779527559
20
-4.5097346456692913
11
4.3582578346456691
21
-4.5097293700787402
0
LINE
8
BLACK
6
CONTINUOUS
10
4.3582578346456691
20
-4.5097293700787402
11
4.3582540157480318
21
-4.5097244094488191
0
LINE
8
BLACK
6
CONTINUOUS
10
4.3582540157480318
20
-4.5097244094488191
11
4.3580159055118113
21
-4.5092482283464568
0
LINE
8
BLACK
6
CONTINUOUS
10
4.3580159055118113
20
-4.5092482283464568
11
4.3580153937007875
21
-4.5092463779527554
0
LINE
8
BLACK
6
CONTINUOUS
10
4.3580153937007875
20
-4.5092463779527554
11
4.3580147244094487
21
-4.5092457086614175
0
LINE
8
BLACK
6
CONTINUOUS
10
4.3580147244094487
20
-4.5092457086614175
11
4.3580134645669286
21
-4.5092394881889764
0
LINE
8
BLACK
6
CONTINUOUS
10
4.3580134645669286
20
-4.5092394881889764
11
4.3580118110236219
21
-4.5092334251968502
0
LINE
8
BLACK
6
CONTINUOUS
10
4.3580118110236219
20
-4.5092334251968502
11
4.3580120866141732
21
-4.5092325196850389
0
LINE
8
BLACK
6
CONTINUOUS
10
4.3580120866141732
20
-4.5092325196850389
11
4.3580117322834644
21
-4.5092306299212597
0
LINE
8
BLACK
6
CONTINUOUS
10
4.3580117322834644
20
-4.5092306299212597
11
4.3580117322834644
21
-4.5078020472440947
0
LINE
8
BLACK
6
CONTINUOUS
10
4.3580117322834644
20
-4.5078020472440947
11
4.3580120866141732
21
-4.5078001181102358
0
LINE
8
BLACK
6
CONTINUOUS
10
4.3580120866141732
20
-4.5078001181102358
11
4.3580118110236219
21
-4.5077992519685042
0
LINE
8
BLACK
6
CONTINUOUS
10
4.3580118110236219
20
-4.5077992519685042
11
4.3580134645669286
21
-4.5077931496062993
0
LINE
8
BLACK
6
CONTINUOUS
10
4.3580134645669286
20
-4.5077931496062993
11
4.3580147244094487
21
-4.5077869685039369
0
LINE
8
BLACK
6
CONTINUOUS
10
4.3580147244094487
20
-4.5077869685039369
11
4.3580153937007875
21
-4.5077862992125981
0
LINE
8
BLACK
6
CONTINUOUS
10
4.3580153937007875
20
-4.5077862992125981
11
4.3580159055118113
21
-4.5077844488188976
0
LINE
8
BLACK
6
CONTINUOUS
10
4.3580159055118113
20
-4.5077844488188976
11
4.3582540157480318
21
-4.5073082677165353
0
LINE
8
BLACK
6
CONTINUOUS
10
4.3582540157480318
20
-4.5073082677165353
11
4.3582578346456691
21
-4.5073032677165354
0
LINE
8
BLACK
6
CONTINUOUS
10
4.3582578346456691
20
-4.5073032677165354
11
4.3582613779527559
21
-4.5072980314960631
0
LINE
8
BLACK
6
CONTINUOUS
10
4.3582613779527559
20
-4.5072980314960631
11
4.3584994488188977
21
-4.5070599212598426
0
LINE
8
BLACK
6
CONTINUOUS
10
4.3584994488188977
20
-4.5070599212598426
11
4.3585047637795276
21
-4.5070562992125982
0
LINE
8
BLACK
6
CONTINUOUS
10
4.3585047637795276
20
-4.5070562992125982
11
4.3585096850393699
21
-4.5070525590551176
0
LINE
8
BLACK
6
CONTINUOUS
10
4.3585096850393699
20
-4.5070525590551176
11
4.3589858661417322
21
-4.5068144488188979
0
LINE
8
BLACK
6
CONTINUOUS
10
4.3589858661417322
20
-4.5068144488188979
11
4.3589877165354327
21
-4.5068139370078741
0
LINE
8
BLACK
6
CONTINUOUS
10
4.3589877165354327
20
-4.5068139370078741
11
4.3589883858267715
21
-4.5068132677165353
0
LINE
8
BLACK
6
CONTINUOUS
10
4.3589883858267715
20
-4.5068132677165353
11
4.3589945669291339
21
-4.5068120078740153
0
LINE
8
BLACK
6
CONTINUOUS
10
4.3589945669291339
20
-4.5068120078740153
11
4.3590006692913388
21
-4.5068103543307085
0
LINE
8
BLACK
6
CONTINUOUS
10
4.3590006692913388
20
-4.5068103543307085
11
4.3590015354330705
21
-4.5068106299212598
0
LINE
8
BLACK
6
CONTINUOUS
10
4.3590015354330705
20
-4.5068106299212598
11
4.3590034645669293
21
-4.506810275590551
0
LINE
8
BLACK
6
CONTINUOUS
10
4.3590034645669293
20
-4.506810275590551
11
4.3599558661417319
21
-4.506810275590551
0
LINE
8
BLACK
6
CONTINUOUS
10
4.3599558661417319
20
-4.506810275590551
11
4.359957755905512
21
-4.5068106299212598
0
LINE
8
BLACK
6
CONTINUOUS
10
4.3585506299212593
20
-4.5071200393700783
11
4.3583215354330704
21
-4.5073491732283459
0
LINE
8
BLACK
6
CONTINUOUS
10
4.3583215354330704
20
-4.5073491732283459
11
4.3580904724409448
21
-4.507811299212598
0
LINE
8
BLACK
6
CONTINUOUS
10
4.3580904724409448
20
-4.507811299212598
11
4.3580904724409448
21
-4.5092213385826767
0
LINE
8
BLACK
6
CONTINUOUS
10
4.3580904724409448
20
-4.5092213385826767
11
4.3583215354330704
21
-4.5096834645669288
0
LINE
8
BLACK
6
CONTINUOUS
10
4.3583215354330704
20
-4.5096834645669288
11
4.3585506299212593
21
-4.5099125590551177
0
LINE
8
BLACK
6
CONTINUOUS
10
4.3585506299212593
20
-4.5099125590551177
11
4.3590127952755902
21
-4.5101436220472442
0
LINE
8
BLACK
6
CONTINUOUS
10
4.3590127952755902
20
-4.5101436220472442
11
4.3599466141732286
21
-4.5101436220472442
0
LINE
8
BLACK
6
CONTINUOUS
10
4.3599466141732286
20
-4.5101436220472442
11
4.3603926771653541
21
-4.5099205905511814
0
LINE
8
BLACK
6
CONTINUOUS
10
4.3603926771653541
20
-4.5099205905511814
11
4.3603926771653541
21
-4.5071120472440942
0
LINE
8
BLACK
6
CONTINUOUS
10
4.3603926771653541
20
-4.5071120472440942
11
4.3599466141732286
21
-4.5068890157480315
0
LINE
8
BLACK
6
CONTINUOUS
10
4.3599466141732286
20
-4.5068890157480315
11
4.3590127165354327
21
-4.5068890157480315
0
LINE
8
BLACK
6
CONTINUOUS
10
4.3590127165354327
20
-4.5068890157480315
11
4.3585506299212593
21
-4.5071200393700783
0
LINE
8
BLACK
6
CONTINUOUS
10
4.3980530314960626
20
-4.5068106299212598
11
4.3980539370078739
21
-4.5068103543307085
0
LINE
8
BLACK
6
CONTINUOUS
10
4.3980539370078739
20
-4.5068103543307085
11
4.3980600000000001
21
-4.5068120078740153
0
LINE
8
BLACK
6
CONTINUOUS
10
4.3980600000000001
20
-4.5068120078740153
11
4.3980662204724412
21
-4.5068132677165353
0
LINE
8
BLACK
6
CONTINUOUS
10
4.3980662204724412
20
-4.5068132677165353
11
4.3980668897637791
21
-4.5068139370078741
0
LINE
8
BLACK
6
CONTINUOUS
10
4.3980668897637791
20
-4.5068139370078741
11
4.3980687401574805
21
-4.5068144488188979
0
LINE
8
BLACK
6
CONTINUOUS
10
4.3980687401574805
20
-4.5068144488188979
11
4.3984879527559055
21
-4.5070240551181104
0
LINE
8
BLACK
6
CONTINUOUS
10
4.3984879527559055
20
-4.5070240551181104
11
4.3984879527559055
21
-4.5068496456692912
0
LINE
8
BLACK
6
CONTINUOUS
10
4.3984879527559055
20
-4.5068496456692912
11
4.3984909448818899
21
-4.5068345669291334
0
LINE
8
BLACK
6
CONTINUOUS
10
4.3984909448818899
20
-4.5068345669291334
11
4.3985122440944879
21
-4.5068132677165353
0
LINE
8
BLACK
6
CONTINUOUS
10
4.3985122440944879
20
-4.5068132677165353
11
4.3985424015748027
21
-4.5068132677165353
0
LINE
8
BLACK
6
CONTINUOUS
10
4.3985424015748027
20
-4.5068132677165353
11
4.3985637007874017
21
-4.5068345669291334
0
LINE
8
BLACK
6
CONTINUOUS
10
4.3985637007874017
20
-4.5068345669291334
11
4.398566692913386
21
-4.5068496456692912
0
LINE
8
BLACK
6
CONTINUOUS
10
4.398566692913386
20
-4.5068496456692912
11
4.398566692913386
21
-4.5108972834645664
0
LINE
8
BLACK
6
CONTINUOUS
10
4.398566692913386
20
-4.5108972834645664
11
4.3985662992125985
21
-4.5108991732283465
0
LINE
8
BLACK
6
CONTINUOUS
10
4.3985662992125985
20
-4.5108991732283465
11
4.3985666141732285
21
-4.510900078740157
0
LINE
8
BLACK
6
CONTINUOUS
10
4.3985666141732285
20
-4.510900078740157
11
4.3985648818897634
21
-4.5109062204724406
0
LINE
8
BLACK
6
CONTINUOUS
10
4.3985648818897634
20
-4.5109062204724406
11
4.3985637007874017
21
-4.5109123622047242
0
LINE
8
BLACK
6
CONTINUOUS
10
4.3985637007874017
20
-4.5109123622047242
11
4.3985630314960629
21
-4.5109129921259843
0
LINE
8
BLACK
6
CONTINUOUS
10
4.3985630314960629
20
-4.5109129921259843
11
4.3985625196850391
21
-4.5109149212598423
0
LINE
8
BLACK
6
CONTINUOUS
10
4.3985625196850391
20
-4.5109149212598423
11
4.3983244488188973
21
-4.5113910629921259
0
LINE
8
BLACK
6
CONTINUOUS
10
4.3983244488188973
20
-4.5113910629921259
11
4.3983206692913388
21
-4.5113959448818894
0
LINE
8
BLACK
6
CONTINUOUS
10
4.3983206692913388
20
-4.5113959448818894
11
4.3983170866141732
21
-4.511401299212598
0
LINE
8
BLACK
6
CONTINUOUS
10
4.3983170866141732
20
-4.511401299212598
11
4.3980789763779526
21
-4.5116394094488186
0
LINE
8
BLACK
6
CONTINUOUS
10
4.3980789763779526
20
-4.5116394094488186
11
4.3980737007874016
21
-4.5116429133858267
0
LINE
8
BLACK
6
CONTINUOUS
10
4.3980737007874016
20
-4.5116429133858267
11
4.3980687401574805
21
-4.5116468110236223
0
LINE
8
BLACK
6
CONTINUOUS
10
4.3980687401574805
20
-4.5116468110236223
11
4.3975925590551181
21
-4.5118848425196854
0
LINE
8
BLACK
6
CONTINUOUS
10
4.3975925590551181
20
-4.5118848425196854
11
4.3975907086614177
21
-4.5118853543307083
0
LINE
8
BLACK
6
CONTINUOUS
10
4.3975907086614177
20
-4.5118853543307083
11
4.3975900393700789
21
-4.511886023622047
0
LINE
8
BLACK
6
CONTINUOUS
10
4.3975900393700789
20
-4.511886023622047
11
4.3975838188976377
21
-4.5118872440944884
0
LINE
8
BLACK
6
CONTINUOUS
10
4.3975838188976377
20
-4.5118872440944884
11
4.3975777559055116
21
-4.5118889370078739
0
LINE
8
BLACK
6
CONTINUOUS
10
4.3975777559055116
20
-4.5118889370078739
11
4.3975768503937003
21
-4.5118886220472438
0
LINE
8
BLACK
6
CONTINUOUS
10
4.3975768503937003
20
-4.5118886220472438
11
4.397574960629921
21
-4.5118890157480314
0
LINE
8
BLACK
6
CONTINUOUS
10
4.397574960629921
20
-4.5118890157480314
11
4.3968606692913381
21
-4.5118890157480314
0
LINE
8
BLACK
6
CONTINUOUS
10
4.3968606692913381
20
-4.5118890157480314
11
4.3968587401574801
21
-4.5118886220472438
0
LINE
8
BLACK
6
CONTINUOUS
10
4.3968587401574801
20
-4.5118886220472438
11
4.3968578740157476
21
-4.5118889370078739
0
LINE
8
BLACK
6
CONTINUOUS
10
4.3968578740157476
20
-4.5118889370078739
11
4.3968516929133861
21
-4.5118872047244096
0
LINE
8
BLACK
6
CONTINUOUS
10
4.3968516929133861
20
-4.5118872047244096
11
4.3968455905511812
21
-4.511886023622047
0
LINE
8
BLACK
6
CONTINUOUS
10
4.3968455905511812
20
-4.511886023622047
11
4.3968449212598424
21
-4.5118853543307083
0
LINE
8
BLACK
6
CONTINUOUS
10
4.3968449212598424
20
-4.5118853543307083
11
4.3968430314960631
21
-4.5118848425196854
0
LINE
8
BLACK
6
CONTINUOUS
10
4.3968430314960631
20
-4.5118848425196854
11
4.3963668897637795
21
-4.5116467716535436
0
LINE
8
BLACK
6
CONTINUOUS
10
4.3963668897637795
20
-4.5116467716535436
11
4.3963547244094485
21
-4.5116373622047243
0
LINE
8
BLACK
6
CONTINUOUS
10
4.3963547244094485
20
-4.5116373622047243
11
4.3963451968503939
21
-4.5116087795275588
0
LINE
8
BLACK
6
CONTINUOUS
10
4.3963451968503939
20
-4.5116087795275588
11
4.3963587007874017
21
-4.5115818110236221
0
LINE
8
BLACK
6
CONTINUOUS
10
4.3963587007874017
20
-4.5115818110236221
11
4.3963872834645672
21
-4.5115722834645666
0
LINE
8
BLACK
6
CONTINUOUS
10
4.3963872834645672
20
-4.5115722834645666
11
4.3964020866141729
21
-4.511576377952756
0
LINE
8
BLACK
6
CONTINUOUS
10
4.3964020866141729
20
-4.511576377952756
11
4.3968699999999998
21
-4.5118102755905509
0
LINE
8
BLACK
6
CONTINUOUS
10
4.3968699999999998
20
-4.5118102755905509
11
4.3975657086614168
21
-4.5118102755905509
0
LINE
8
BLACK
6
CONTINUOUS
10
4.3975657086614168
20
-4.5118102755905509
11
4.3980278346456689
21
-4.5115792125984253
0
LINE
8
BLACK
6
CONTINUOUS
10
4.3980278346456689
20
-4.5115792125984253
11
4.398256889763779
21
-4.5113501181102365
0
LINE
8
BLACK
6
CONTINUOUS
10
4.398256889763779
20
-4.5113501181102365
11
4.3984879527559055
21
-4.5108879527559056
0
LINE
8
BLACK
6
CONTINUOUS
10
4.3984879527559055
20
-4.5108879527559056
11
4.3984879527559055
21
-4.510008622047244
0
LINE
8
BLACK
6
CONTINUOUS
10
4.3984879527559055
20
-4.510008622047244
11
4.3980687401574805
21
-4.5102181889763777
0
LINE
8
BLACK
6
CONTINUOUS
10
4.3980687401574805
20
-4.5102181889763777
11
4.3980668897637791
21
-4.5102187007874015
0
LINE
8
BLACK
6
CONTINUOUS
10
4.3980668897637791
20
-4.5102187007874015
11
4.3980662204724412
21
-4.5102193700787403
0
LINE
8
BLACK
6
CONTINUOUS
10
4.3980662204724412
20
-4.5102193700787403
11
4.3980600000000001
21
-4.5102205905511807
0
LINE
8
BLACK
6
CONTINUOUS
10
4.3980600000000001
20
-4.5102205905511807
11
4.3980539370078739
21
-4.5102222834645671
0
LINE
8
BLACK
6
CONTINUOUS
10
4.3980539370078739
20
-4.5102222834645671
11
4.3980530314960626
21
-4.5102219685039371
0
LINE
8
BLACK
6
CONTINUOUS
10
4.3980530314960626
20
-4.5102219685039371
11
4.3980511417322834
21
-4.5102223622047246
0
LINE
8
BLACK
6
CONTINUOUS
10
4.3980511417322834
20
-4.5102223622047246
11
4.3970987401574799
21
-4.5102223622047246
0
LINE
8
BLACK
6
CONTINUOUS
10
4.3970987401574799
20
-4.5102223622047246
11
4.3970968110236219
21
-4.5102219685039371
0
LINE
8
BLACK
6
CONTINUOUS
10
4.3970968110236219
20
-4.5102219685039371
11
4.3970959448818894
21
-4.5102222834645671
0
LINE
8
BLACK
6
CONTINUOUS
10
4.3970959448818894
20
-4.5102222834645671
11
4.3970897637795279
21
-4.510220551181102
0
LINE
8
BLACK
6
CONTINUOUS
10
4.3970897637795279
20
-4.510220551181102
11
4.397083661417323
21
-4.5102193700787403
0
LINE
8
BLACK
6
CONTINUOUS
10
4.397083661417323
20
-4.5102193700787403
11
4.3970829921259842
21
-4.5102187007874015
0
LINE
8
BLACK
6
CONTINUOUS
10
4.3970829921259842
20
-4.5102187007874015
11
4.397081102362205
21
-4.5102181889763777
0
LINE
8
BLACK
6
CONTINUOUS
10
4.397081102362205
20
-4.5102181889763777
11
4.3966049606299213
21
-4.5099801181102359
0
LINE
8
BLACK
6
CONTINUOUS
10
4.3966049606299213
20
-4.5099801181102359
11
4.396600039370079
21
-4.5099763385826774
0
LINE
8
BLACK
6
CONTINUOUS
10
4.396600039370079
20
-4.5099763385826774
11
4.3965947244094483
21
-4.5099727559055118
0
LINE
8
BLACK
6
CONTINUOUS
10
4.3965947244094483
20
-4.5099727559055118
11
4.3963566535433074
21
-4.5097346456692913
0
LINE
8
BLACK
6
CONTINUOUS
10
4.3963566535433074
20
-4.5097346456692913
11
4.3963531102362206
21
-4.5097293700787402
0
LINE
8
BLACK
6
CONTINUOUS
10
4.3963531102362206
20
-4.5097293700787402
11
4.3963492913385824
21
-4.5097244094488191
0
LINE
8
BLACK
6
CONTINUOUS
10
4.3963492913385824
20
-4.5097244094488191
11
4.3961111811023619
21
-4.5092482283464568
0
LINE
8
BLACK
6
CONTINUOUS
10
4.3961111811023619
20
-4.5092482283464568
11
4.3961106692913381
21
-4.5092463779527554
0
LINE
8
BLACK
6
CONTINUOUS
10
4.3961106692913381
20
-4.5092463779527554
11
4.3961100000000002
21
-4.5092457086614175
0
LINE
8
BLACK
6
CONTINUOUS
10
4.3961100000000002
20
-4.5092457086614175
11
4.3961087401574801
21
-4.5092394881889764
0
LINE
8
BLACK
6
CONTINUOUS
10
4.3961087401574801
20
-4.5092394881889764
11
4.3961070866141734
21
-4.5092334251968502
0
LINE
8
BLACK
6
CONTINUOUS
10
4.3961070866141734
20
-4.5092334251968502
11
4.3961073622047246
21
-4.5092325196850389
0
LINE
8
BLACK
6
CONTINUOUS
10
4.3961073622047246
20
-4.5092325196850389
11
4.3961070078740159
21
-4.5092306299212597
0
LINE
8
BLACK
6
CONTINUOUS
10
4.3961070078740159
20
-4.5092306299212597
11
4.3961070078740159
21
-4.5078020472440947
0
LINE
8
BLACK
6
CONTINUOUS
10
4.3961070078740159
20
-4.5078020472440947
11
4.3961073622047246
21
-4.5078001181102358
0
LINE
8
BLACK
6
CONTINUOUS
10
4.3961073622047246
20
-4.5078001181102358
11
4.3961070866141734
21
-4.5077992519685042
0
LINE
8
BLACK
6
CONTINUOUS
10
4.3961070866141734
20
-4.5077992519685042
11
4.3961087401574801
21
-4.5077931496062993
0
LINE
8
BLACK
6
CONTINUOUS
10
4.3961087401574801
20
-4.5077931496062993
11
4.3961100000000002
21
-4.5077869685039369
0
LINE
8
BLACK
6
CONTINUOUS
10
4.3961100000000002
20
-4.5077869685039369
11
4.3961106692913381
21
-4.5077862992125981
0
LINE
8
BLACK
6
CONTINUOUS
10
4.3961106692913381
20
-4.5077862992125981
11
4.3961111811023619
21
-4.5077844488188976
0
LINE
8
BLACK
6
CONTINUOUS
10
4.3961111811023619
20
-4.5077844488188976
11
4.3963492913385824
21
-4.5073082677165353
0
LINE
8
BLACK
6
CONTINUOUS
10
4.3963492913385824
20
-4.5073082677165353
11
4.3963531102362206
21
-4.5073032677165354
0
LINE
8
BLACK
6
CONTINUOUS
10
4.3963531102362206
20
-4.5073032677165354
11
4.3963566535433074
21
-4.5072980314960631
0
LINE
8
BLACK
6
CONTINUOUS
10
4.3963566535433074
20
-4.5072980314960631
11
4.3965947244094483
21
-4.5070599212598426
0
LINE
8
BLACK
6
CONTINUOUS
10
4.3965947244094483
20
-4.5070599212598426
11
4.396600039370079
21
-4.5070562992125982
0
LINE
8
BLACK
6
CONTINUOUS
10
4.396600039370079
20
-4.5070562992125982
11
4.3966049606299213
21
-4.5070525590551176
0
LINE
8
BLACK
6
CONTINUOUS
10
4.3966049606299213
20
-4.5070525590551176
11
4.3970811417322837
21
-4.5068144488188979
0
LINE
8
BLACK
6
CONTINUOUS
10
4.3970811417322837
20
-4.5068144488188979
11
4.3970829921259842
21
-4.5068139370078741
0
LINE
8
BLACK
6
CONTINUOUS
10
4.3970829921259842
20
-4.5068139370078741
11
4.397083661417323
21
-4.5068132677165353
0
LINE
8
BLACK
6
CONTINUOUS
10
4.397083661417323
20
-4.5068132677165353
11
4.3970898425196854
21
-4.5068120078740153
0
LINE
8
BLACK
6
CONTINUOUS
10
4.3970898425196854
20
-4.5068120078740153
11
4.3970959448818894
21
-4.5068103543307085
0
LINE
8
BLACK
6
CONTINUOUS
10
4.3970959448818894
20
-4.5068103543307085
11
4.3970968110236219
21
-4.5068106299212598
0
LINE
8
BLACK
6
CONTINUOUS
10
4.3970968110236219
20
-4.5068106299212598
11
4.3970987401574799
21
-4.506810275590551
0
LINE
8
BLACK
6
CONTINUOUS
10
4.3970987401574799
20
-4.506810275590551
11
4.3980511417322834
21
-4.506810275590551
0
LINE
8
BLACK
6
CONTINUOUS
10
4.3980511417322834
20
-4.506810275590551
11
4.3980530314960626
21
-4.5068106299212598
0
LINE
8
BLACK
6
CONTINUOUS
10
4.3966459055118108
20
-4.5071200393700783
11
4.3964168110236219
21
-4.5073491732283459
0
LINE
8
BLACK
6
CONTINUOUS
10
4.3964168110236219
20
-4.5073491732283459
11
4.3961857480314963
21
-4.507811299212598
0
LINE
8
BLACK
6
CONTINUOUS
10
4.3961857480314963
20
-4.507811299212598
11
4.3961857480314963
21
-4.5092213385826767
0
LINE
8
BLACK
6
CONTINUOUS
10
4.3961857480314963
20
-4.5092213385826767
11
4.3964168110236219
21
-4.5096834645669288
0
LINE
8
BLACK
6
CONTINUOUS
10
4.3964168110236219
20
-4.5096834645669288
11
4.3966459055118108
21
-4.5099125590551177
0
LINE
8
BLACK
6
CONTINUOUS
10
4.3966459055118108
20
-4.5099125590551177
11
4.3971080708661416
21
-4.5101436220472442
0
LINE
8
BLACK
6
CONTINUOUS
10
4.3971080708661416
20
-4.5101436220472442
11
4.3980418897637792
21
-4.5101436220472442
0
LINE
8
BLACK
6
CONTINUOUS
10
4.3980418897637792
20
-4.5101436220472442
11
4.3984879527559055
21
-4.5099205905511814
0
LINE
8
BLACK
6
CONTINUOUS
10
4.3984879527559055
20
-4.5099205905511814
11
4.3984879527559055
21
-4.5071120472440942
0
LINE
8
BLACK
6
CONTINUOUS
10
4.3984879527559055
20
-4.5071120472440942
11
4.3980418897637792
21
-4.5068890157480315
0
LINE
8
BLACK
6
CONTINUOUS
10
4.3980418897637792
20
-4.5068890157480315
11
4.3971079921259841
21
-4.5068890157480315
0
LINE
8
BLACK
6
CONTINUOUS
10
4.3971079921259841
20
-4.5068890157480315
11
4.3966459055118108
21
-4.5071200393700783
0
LINE
8
BLACK
6
CONTINUOUS
10
4.2495061811023618
20
-4.5068204724409444
11
4.2495190944881891
21
-4.5068476771653545
0
LINE
8
BLACK
6
CONTINUOUS
10
4.2495190944881891
20
-4.5068476771653545
11
4.2495168503937011
21
-4.5068628740157477
0
LINE
8
BLACK
6
CONTINUOUS
10
4.2495168503937011
20
-4.5068628740157477
11
4.2483263385826771
21
-4.5101962204724408
0
LINE
8
BLACK
6
CONTINUOUS
10
4.2483263385826771
20
-4.5101962204724408
11
4.2483259055118108
21
-4.5101968897637796
0
LINE
8
BLACK
6
CONTINUOUS
10
4.2483259055118108
20
-4.5101968897637796
11
4.2483257874015745
21
-4.510197637795275
0
LINE
8
BLACK
6
CONTINUOUS
10
4.2483257874015745
20
-4.510197637795275
11
4.2478496062992122
21
-4.5113880708661416
0
LINE
8
BLACK
6
CONTINUOUS
10
4.2478496062992122
20
-4.5113880708661416
11
4.2478494488188971
21
-4.5113883070866141
0
LINE
8
BLACK
6
CONTINUOUS
10
4.2478494488188971
20
-4.5113883070866141
11
4.2478494488188971
21
-4.5113885433070866
0
LINE
8
BLACK
6
CONTINUOUS
10
4.2478494488188971
20
-4.5113885433070866
11
4.2478451968503936
21
-4.5113948425196853
0
LINE
8
BLACK
6
CONTINUOUS
10
4.2478451968503936
20
-4.5113948425196853
11
4.2478412598425193
21
-4.511400984251968
0
LINE
8
BLACK
6
CONTINUOUS
10
4.2478412598425193
20
-4.511400984251968
11
4.2478410236220467
21
-4.5114010629921255
0
LINE
8
BLACK
6
CONTINUOUS
10
4.2478410236220467
20
-4.5114010629921255
11
4.2478409055118105
21
-4.511401299212598
0
LINE
8
BLACK
6
CONTINUOUS
10
4.2478409055118105
20
-4.511401299212598
11
4.2476028346456696
21
-4.5116394094488186
0
LINE
8
BLACK
6
CONTINUOUS
10
4.2476028346456696
20
-4.5116394094488186
11
4.2475975590551176
21
-4.5116429133858267
0
LINE
8
BLACK
6
CONTINUOUS
10
4.2475975590551176
20
-4.5116429133858267
11
4.2475925984251965
21
-4.5116468110236223
0
LINE
8
BLACK
6
CONTINUOUS
10
4.2475925984251965
20
-4.5116468110236223
11
4.2471163779527554
21
-4.5118848425196854
0
LINE
8
BLACK
6
CONTINUOUS
10
4.2471163779527554
20
-4.5118848425196854
11
4.2471015748031498
21
-4.5118889370078739
0
LINE
8
BLACK
6
CONTINUOUS
10
4.2471015748031498
20
-4.5118889370078739
11
4.2470729921259842
21
-4.5118794094488184
0
LINE
8
BLACK
6
CONTINUOUS
10
4.2470729921259842
20
-4.5118794094488184
11
4.2470594881889765
21
-4.5118524409448817
0
LINE
8
BLACK
6
CONTINUOUS
10
4.2470594881889765
20
-4.5118524409448817
11
4.2470690157480311
21
-4.5118238582677161
0
LINE
8
BLACK
6
CONTINUOUS
10
4.2470690157480311
20
-4.5118238582677161
11
4.2470811811023621
21
-4.5118144488188978
0
LINE
8
BLACK
6
CONTINUOUS
10
4.2470811811023621
20
-4.5118144488188978
11
4.2475516141732284
21
-4.5115792125984253
0
LINE
8
BLACK
6
CONTINUOUS
10
4.2475516141732284
20
-4.5115792125984253
11
4.2477795275590546
21
-4.5113512992125981
0
LINE
8
BLACK
6
CONTINUOUS
10
4.2477795275590546
20
-4.5113512992125981
11
4.2482471259842516
21
-4.5101822047244093
0
LINE
8
BLACK
6
CONTINUOUS
10
4.2482471259842516
20
-4.5101822047244093
11
4.2470616929133858
21
-4.5068628740157477
0
LINE
8
BLACK
6
CONTINUOUS
10
4.2470616929133858
20
-4.5068628740157477
11
4.2470594488188977
21
-4.5068476771653545
0
LINE
8
BLACK
6
CONTINUOUS
10
4.2470594488188977
20
-4.5068476771653545
11
4.2470723622047242
21
-4.5068204724409444
0
LINE
8
BLACK
6
CONTINUOUS
10
4.2470723622047242
20
-4.5068204724409444
11
4.247100748031496
21
-4.5068103149606298
0
LINE
8
BLACK
6
CONTINUOUS
10
4.247100748031496
20
-4.5068103149606298
11
4.2471279527559052
21
-4.5068232283464562
0
LINE
8
BLACK
6
CONTINUOUS
10
4.2471279527559052
20
-4.5068232283464562
11
4.2471358661417318
21
-4.5068364173228348
0
LINE
8
BLACK
6
CONTINUOUS
10
4.2471358661417318
20
-4.5068364173228348
11
4.2482892519685036
21
-4.5100659055118113
0
LINE
8
BLACK
6
CONTINUOUS
10
4.2482892519685036
20
-4.5100659055118113
11
4.2494426771653542
21
-4.5068364173228348
0
LINE
8
BLACK
6
CONTINUOUS
10
4.2494426771653542
20
-4.5068364173228348
11
4.2494505905511808
21
-4.5068231889763775
0
LINE
8
BLACK
6
CONTINUOUS
10
4.2494505905511808
20
-4.5068231889763775
11
4.2494777952755909
21
-4.5068103149606298
0
LINE
8
BLACK
6
CONTINUOUS
10
4.2494777952755909
20
-4.5068103149606298
11
4.2495061811023618
21
-4.5068204724409444
0
LINE
8
BLACK
6
CONTINUOUS
10
4.2444816141732282
20
-4.5068106299212598
11
4.2444825196850395
21
-4.5068103543307085
0
LINE
8
BLACK
6
CONTINUOUS
10
4.2444825196850395
20
-4.5068103543307085
11
4.2444885826771657
21
-4.5068120078740153
0
LINE
8
BLACK
6
CONTINUOUS
10
4.2444885826771657
20
-4.5068120078740153
11
4.2444948031496059
21
-4.5068132677165353
0
LINE
8
BLACK
6
CONTINUOUS
10
4.2444948031496059
20
-4.5068132677165353
11
4.2444954724409447
21
-4.5068139370078741
0
LINE
8
BLACK
6
CONTINUOUS
10
4.2444954724409447
20
-4.5068139370078741
11
4.2444973228346452
21
-4.5068144488188979
0
LINE
8
BLACK
6
CONTINUOUS
10
4.2444973228346452
20
-4.5068144488188979
11
4.2449735433070863
21
-4.5070525590551176
0
LINE
8
BLACK
6
CONTINUOUS
10
4.2449735433070863
20
-4.5070525590551176
11
4.2449784251968499
21
-4.5070562992125982
0
LINE
8
BLACK
6
CONTINUOUS
10
4.2449784251968499
20
-4.5070562992125982
11
4.2449837795275593
21
-4.5070599212598426
0
LINE
8
BLACK
6
CONTINUOUS
10
4.2449837795275593
20
-4.5070599212598426
11
4.2452218503937003
21
-4.5072980314960631
0
LINE
8
BLACK
6
CONTINUOUS
10
4.2452218503937003
20
-4.5072980314960631
11
4.2452254330708659
21
-4.5073033464566929
0
LINE
8
BLACK
6
CONTINUOUS
10
4.2452254330708659
20
-4.5073033464566929
11
4.2452292125984252
21
-4.5073082677165353
0
LINE
8
BLACK
6
CONTINUOUS
10
4.2452292125984252
20
-4.5073082677165353
11
4.2454673228346458
21
-4.5077844488188976
0
LINE
8
BLACK
6
CONTINUOUS
10
4.2454673228346458
20
-4.5077844488188976
11
4.2454678346456696
21
-4.5077862992125981
0
LINE
8
BLACK
6
CONTINUOUS
10
4.2454678346456696
20
-4.5077862992125981
11
4.2454685039370075
21
-4.5077869685039369
0
LINE
8
BLACK
6
CONTINUOUS
10
4.2454685039370075
20
-4.5077869685039369
11
4.2454697244094488
21
-4.5077931496062993
0
LINE
8
BLACK
6
CONTINUOUS
10
4.2454697244094488
20
-4.5077931496062993
11
4.2454714173228343
21
-4.5077992519685042
0
LINE
8
BLACK
6
CONTINUOUS
10
4.2454714173228343
20
-4.5077992519685042
11
4.2454711023622043
21
-4.5078001181102358
0
LINE
8
BLACK
6
CONTINUOUS
10
4.2454711023622043
20
-4.5078001181102358
11
4.2454714960629918
21
-4.5078020472440947
0
LINE
8
BLACK
6
CONTINUOUS
10
4.2454714960629918
20
-4.5078020472440947
11
4.2454714960629918
21
-4.5092306299212597
0
LINE
8
BLACK
6
CONTINUOUS
10
4.2454714960629918
20
-4.5092306299212597
11
4.2454711023622043
21
-4.5092325196850389
0
LINE
8
BLACK
6
CONTINUOUS
10
4.2454711023622043
20
-4.5092325196850389
11
4.2454714173228343
21
-4.5092334251968502
0
LINE
8
BLACK
6
CONTINUOUS
10
4.2454714173228343
20
-4.5092334251968502
11
4.2454697244094488
21
-4.5092394881889764
0
LINE
8
BLACK
6
CONTINUOUS
10
4.2454697244094488
20
-4.5092394881889764
11
4.2454685039370075
21
-4.5092457086614175
0
LINE
8
BLACK
6
CONTINUOUS
10
4.2454685039370075
20
-4.5092457086614175
11
4.2454678346456696
21
-4.5092463779527554
0
LINE
8
BLACK
6
CONTINUOUS
10
4.2454678346456696
20
-4.5092463779527554
11
4.2454673228346458
21
-4.5092482283464568
0
LINE
8
BLACK
6
CONTINUOUS
10
4.2454673228346458
20
-4.5092482283464568
11
4.2452292125984252
21
-4.5097244094488191
0
LINE
8
BLACK
6
CONTINUOUS
10
4.2452292125984252
20
-4.5097244094488191
11
4.2452254330708659
21
-4.5097292913385827
0
LINE
8
BLACK
6
CONTINUOUS
10
4.2452254330708659
20
-4.5097292913385827
11
4.2452218503937003
21
-4.5097346456692913
0
LINE
8
BLACK
6
CONTINUOUS
10
4.2452218503937003
20
-4.5097346456692913
11
4.2449837795275593
21
-4.5099727559055118
0
LINE
8
BLACK
6
CONTINUOUS
10
4.2449837795275593
20
-4.5099727559055118
11
4.2449785039370074
21
-4.5099762598425199
0
LINE
8
BLACK
6
CONTINUOUS
10
4.2449785039370074
20
-4.5099762598425199
11
4.2449735433070863
21
-4.5099801574803147
0
LINE
8
BLACK
6
CONTINUOUS
10
4.2449735433070863
20
-4.5099801574803147
11
4.2444973228346452
21
-4.5102181889763777
0
LINE
8
BLACK
6
CONTINUOUS
10
4.2444973228346452
20
-4.5102181889763777
11
4.2444954724409447
21
-4.5102187007874015
0
LINE
8
BLACK
6
CONTINUOUS
10
4.2444954724409447
20
-4.5102187007874015
11
4.2444948031496059
21
-4.5102193700787403
0
LINE
8
BLACK
6
CONTINUOUS
10
4.2444948031496059
20
-4.5102193700787403
11
4.2444885826771657
21
-4.5102205905511807
0
LINE
8
BLACK
6
CONTINUOUS
10
4.2444885826771657
20
-4.5102205905511807
11
4.2444825196850395
21
-4.5102222834645671
0
LINE
8
BLACK
6
CONTINUOUS
10
4.2444825196850395
20
-4.5102222834645671
11
4.2444816141732282
21
-4.5102219685039371
0
LINE
8
BLACK
6
CONTINUOUS
10
4.2444816141732282
20
-4.5102219685039371
11
4.244479724409449
21
-4.5102223622047246
0
LINE
8
BLACK
6
CONTINUOUS
10
4.244479724409449
20
-4.5102223622047246
11
4.2435273622047243
21
-4.5102223622047246
0
LINE
8
BLACK
6
CONTINUOUS
10
4.2435273622047243
20
-4.5102223622047246
11
4.2435254330708663
21
-4.5102219685039371
0
LINE
8
BLACK
6
CONTINUOUS
10
4.2435254330708663
20
-4.5102219685039371
11
4.2435245669291337
21
-4.5102222834645671
0
LINE
8
BLACK
6
CONTINUOUS
10
4.2435245669291337
20
-4.5102222834645671
11
4.2435183858267713
21
-4.510220551181102
0
LINE
8
BLACK
6
CONTINUOUS
10
4.2435183858267713
20
-4.510220551181102
11
4.2435122834645664
21
-4.5102193700787403
0
LINE
8
BLACK
6
CONTINUOUS
10
4.2435122834645664
20
-4.5102193700787403
11
4.2435116141732285
21
-4.5102187007874015
0
LINE
8
BLACK
6
CONTINUOUS
10
4.2435116141732285
20
-4.5102187007874015
11
4.2435097244094484
21
-4.5102181889763777
0
LINE
8
BLACK
6
CONTINUOUS
10
4.2435097244094484
20
-4.5102181889763777
11
4.2430905511811021
21
-4.5100085826771652
0
LINE
8
BLACK
6
CONTINUOUS
10
4.2430905511811021
20
-4.5100085826771652
11
4.2430905511811021
21
-4.5118496456692911
0
LINE
8
BLACK
6
CONTINUOUS
10
4.2430905511811021
20
-4.5118496456692911
11
4.2430875590551178
21
-4.511864724409449
0
LINE
8
BLACK
6
CONTINUOUS
10
4.2430875590551178
20
-4.511864724409449
11
4.2430662598425197
21
-4.511886023622047
0
LINE
8
BLACK
6
CONTINUOUS
10
4.2430662598425197
20
-4.511886023622047
11
4.243036102362205
21
-4.511886023622047
0
LINE
8
BLACK
6
CONTINUOUS
10
4.243036102362205
20
-4.511886023622047
11
4.243014803149606
21
-4.511864724409449
0
LINE
8
BLACK
6
CONTINUOUS
10
4.243014803149606
20
-4.511864724409449
11
4.2430118110236217
21
-4.5118496456692911
0
LINE
8
BLACK
6
CONTINUOUS
10
4.2430118110236217
20
-4.5118496456692911
11
4.2430118110236217
21
-4.5068496456692912
0
LINE
8
BLACK
6
CONTINUOUS
10
4.2430118110236217
20
-4.5068496456692912
11
4.243014803149606
21
-4.5068345669291334
0
LINE
8
BLACK
6
CONTINUOUS
10
4.243014803149606
20
-4.5068345669291334
11
4.243036102362205
21
-4.5068132677165353
0
LINE
8
BLACK
6
CONTINUOUS
10
4.243036102362205
20
-4.5068132677165353
11
4.2430662598425197
21
-4.5068132677165353
0
LINE
8
BLACK
6
CONTINUOUS
10
4.2430662598425197
20
-4.5068132677165353
11
4.2430875590551178
21
-4.5068345669291334
0
LINE
8
BLACK
6
CONTINUOUS
10
4.2430875590551178
20
-4.5068345669291334
11
4.2430905511811021
21
-4.5068496456692912
0
LINE
8
BLACK
6
CONTINUOUS
10
4.2430905511811021
20
-4.5068496456692912
11
4.2430905511811021
21
-4.5070240551181104
0
LINE
8
BLACK
6
CONTINUOUS
10
4.2430905511811021
20
-4.5070240551181104
11
4.2435097637795272
21
-4.5068144488188979
0
LINE
8
BLACK
6
CONTINUOUS
10
4.2435097637795272
20
-4.5068144488188979
11
4.2435116141732285
21
-4.5068139370078741
0
LINE
8
BLACK
6
CONTINUOUS
10
4.2435116141732285
20
-4.5068139370078741
11
4.2435122834645664
21
-4.5068132677165353
0
LINE
8
BLACK
6
CONTINUOUS
10
4.2435122834645664
20
-4.5068132677165353
11
4.2435184645669288
21
-4.5068120078740153
0
LINE
8
BLACK
6
CONTINUOUS
10
4.2435184645669288
20
-4.5068120078740153
11
4.2435245669291337
21
-4.5068103543307085
0
LINE
8
BLACK
6
CONTINUOUS
10
4.2435245669291337
20
-4.5068103543307085
11
4.2435254330708663
21
-4.5068106299212598
0
LINE
8
BLACK
6
CONTINUOUS
10
4.2435254330708663
20
-4.5068106299212598
11
4.2435273622047243
21
-4.506810275590551
0
LINE
8
BLACK
6
CONTINUOUS
10
4.2435273622047243
20
-4.506810275590551
11
4.244479724409449
21
-4.506810275590551
0
LINE
8
BLACK
6
CONTINUOUS
10
4.244479724409449
20
-4.506810275590551
11
4.2444816141732282
21
-4.5068106299212598
0
LINE
8
BLACK
6
CONTINUOUS
10
4.2430905511811021
20
-4.5071120472440942
11
4.2430905511811021
21
-4.5099205905511814
0
LINE
8
BLACK
6
CONTINUOUS
10
4.2430905511811021
20
-4.5099205905511814
11
4.243536692913386
21
-4.5101436220472442
0
LINE
8
BLACK
6
CONTINUOUS
10
4.243536692913386
20
-4.5101436220472442
11
4.2444704724409448
21
-4.5101436220472442
0
LINE
8
BLACK
6
CONTINUOUS
10
4.2444704724409448
20
-4.5101436220472442
11
4.2449325590551181
21
-4.5099125590551177
0
LINE
8
BLACK
6
CONTINUOUS
10
4.2449325590551181
20
-4.5099125590551177
11
4.245161653543307
21
-4.5096834645669288
0
LINE
8
BLACK
6
CONTINUOUS
10
4.245161653543307
20
-4.5096834645669288
11
4.2453927559055114
21
-4.5092213385826767
0
LINE
8
BLACK
6
CONTINUOUS
10
4.2453927559055114
20
-4.5092213385826767
11
4.2453927559055114
21
-4.507811299212598
0
LINE
8
BLACK
6
CONTINUOUS
10
4.2453927559055114
20
-4.507811299212598
11
4.245161653543307
21
-4.5073491732283459
0
LINE
8
BLACK
6
CONTINUOUS
10
4.245161653543307
20
-4.5073491732283459
11
4.2449326377952756
21
-4.5071201181102358
0
LINE
8
BLACK
6
CONTINUOUS
10
4.2449326377952756
20
-4.5071201181102358
11
4.2444704724409448
21
-4.5068890157480315
0
LINE
8
BLACK
6
CONTINUOUS
10
4.2444704724409448
20
-4.5068890157480315
11
4.2435366141732285
21
-4.5068890157480315
0
LINE
8
BLACK
6
CONTINUOUS
10
4.2435366141732285
20
-4.5068890157480315
11
4.2430905511811021
21
-4.5071120472440942
0
LINE
8
BLACK
6
CONTINUOUS
10
4.2354381496062992
20
-4.505144803149606
11
4.2354445669291341
21
-4.5051456299212598
0
LINE
8
BLACK
6
CONTINUOUS
10
4.2354445669291341
20
-4.5051456299212598
11
4.2361588582677161
21
-4.5053837401574803
0
LINE
8
BLACK
6
CONTINUOUS
10
4.2361588582677161
20
-4.5053837401574803
11
4.2361605905511812
21
-4.5053847244094491
0
LINE
8
BLACK
6
CONTINUOUS
10
4.2361605905511812
20
-4.5053847244094491
11
4.2361614173228341
21
-4.5053847244094491
0
LINE
8
BLACK
6
CONTINUOUS
10
4.2361614173228341
20
-4.5053847244094491
11
4.2361664173228348
21
-4.5053880708661413
0
LINE
8
BLACK
6
CONTINUOUS
10
4.2361664173228348
20
-4.5053880708661413
11
4.2361722047244097
21
-4.5053913779527557
0
LINE
8
BLACK
6
CONTINUOUS
10
4.2361722047244097
20
-4.5053913779527557
11
4.2361725984251963
21
-4.5053921653543307
0
LINE
8
BLACK
6
CONTINUOUS
10
4.2361725984251963
20
-4.5053921653543307
11
4.2361742125984252
21
-4.5053932677165349
0
LINE
8
BLACK
6
CONTINUOUS
10
4.2361742125984252
20
-4.5053932677165349
11
4.2364123228346457
21
-4.5056313385826767
0
LINE
8
BLACK
6
CONTINUOUS
10
4.2364123228346457
20
-4.5056313385826767
11
4.2364208661417324
21
-4.505644094488189
0
LINE
8
BLACK
6
CONTINUOUS
10
4.2364208661417324
20
-4.505644094488189
11
4.2364208661417324
21
-4.505674212598425
0
LINE
8
BLACK
6
CONTINUOUS
10
4.2364208661417324
20
-4.505674212598425
11
4.2363995275590547
21
-4.5056955511811019
0
LINE
8
BLACK
6
CONTINUOUS
10
4.2363995275590547
20
-4.5056955511811019
11
4.2363694094488187
21
-4.5056955511811019
0
LINE
8
BLACK
6
CONTINUOUS
10
4.2363694094488187
20
-4.5056955511811019
11
4.2363566535433073
21
-4.5056870078740152
0
LINE
8
BLACK
6
CONTINUOUS
10
4.2363566535433073
20
-4.5056870078740152
11
4.2361251181102357
21
-4.5054555118110233
0
LINE
8
BLACK
6
CONTINUOUS
10
4.2361251181102357
20
-4.5054555118110233
11
4.2354257086614169
21
-4.5052223622047247
0
LINE
8
BLACK
6
CONTINUOUS
10
4.2354257086614169
20
-4.5052223622047247
11
4.2349623622047243
21
-4.5052223622047247
0
LINE
8
BLACK
6
CONTINUOUS
10
4.2349623622047243
20
-4.5052223622047247
11
4.2342628346456692
21
-4.5054555118110233
0
LINE
8
BLACK
6
CONTINUOUS
10
4.2342628346456692
20
-4.5054555118110233
11
4.2337977952755903
21
-4.505920590551181
0
LINE
8
BLACK
6
CONTINUOUS
10
4.2337977952755903
20
-4.505920590551181
11
4.2335644881889767
21
-4.5063871653543304
0
LINE
8
BLACK
6
CONTINUOUS
10
4.2335644881889767
20
-4.5063871653543304
11
4.2333286220472441
21
-4.5073307086614172
0
LINE
8
BLACK
6
CONTINUOUS
10
4.2333286220472441
20
-4.5073307086614172
11
4.2333286220472441
21
-4.5080352755905508
0
LINE
8
BLACK
6
CONTINUOUS
10
4.2333286220472441
20
-4.5080352755905508
11
4.2335644881889767
21
-4.5089787795275589
0
LINE
8
BLACK
6
CONTINUOUS
10
4.2335644881889767
20
-4.5089787795275589
11
4.2337977952755903
21
-4.509445393700787
0
LINE
8
BLACK
6
CONTINUOUS
10
4.2337977952755903
20
-4.509445393700787
11
4.2342628346456692
21
-4.5099104724409447
0
LINE
8
BLACK
6
CONTINUOUS
10
4.2342628346456692
20
-4.5099104724409447
11
4.2349623228346456
21
-4.5101436220472442
0
LINE
8
BLACK
6
CONTINUOUS
10
4.2349623228346456
20
-4.5101436220472442
11
4.2354257086614169
21
-4.5101436220472442
0
LINE
8
BLACK
6
CONTINUOUS
10
4.2354257086614169
20
-4.5101436220472442
11
4.2361251181102357
21
-4.5099104724409447
0
LINE
8
BLACK
6
CONTINUOUS
10
4.2361251181102357
20
-4.5099104724409447
11
4.2363566535433073
21
-4.5096789763779528
0
LINE
8
BLACK
6
CONTINUOUS
10
4.2363566535433073
20
-4.5096789763779528
11
4.2363694094488187
21
-4.5096704330708661
0
LINE
8
BLACK
6
CONTINUOUS
10
4.2363694094488187
20
-4.5096704330708661
11
4.2363995275590547
21
-4.5096704330708661
0
LINE
8
BLACK
6
CONTINUOUS
10
4.2363995275590547
20
-4.5096704330708661
11
4.2364208661417324
21
-4.509691771653543
0
LINE
8
BLACK
6
CONTINUOUS
10
4.2364208661417324
20
-4.509691771653543
11
4.2364208661417324
21
-4.5097218897637799
0
LINE
8
BLACK
6
CONTINUOUS
10
4.2364208661417324
20
-4.5097218897637799
11
4.2364123228346457
21
-4.5097346456692913
0
LINE
8
BLACK
6
CONTINUOUS
10
4.2364123228346457
20
-4.5097346456692913
11
4.2361742125984252
21
-4.5099727559055118
0
LINE
8
BLACK
6
CONTINUOUS
10
4.2361742125984252
20
-4.5099727559055118
11
4.2361725590551176
21
-4.5099738188976373
0
LINE
8
BLACK
6
CONTINUOUS
10
4.2361725590551176
20
-4.5099738188976373
11
4.2361721653543309
21
-4.5099746850393698
0
LINE
8
BLACK
6
CONTINUOUS
10
4.2361721653543309
20
-4.5099746850393698
11
4.2361665748031498
21
-4.5099778346456691
0
LINE
8
BLACK
6
CONTINUOUS
10
4.2361665748031498
20
-4.5099778346456691
11
4.2361614566929129
21
-4.5099812992125985
0
LINE
8
BLACK
6
CONTINUOUS
10
4.2361614566929129
20
-4.5099812992125985
11
4.2361605511811025
21
-4.5099812992125985
0
LINE
8
BLACK
6
CONTINUOUS
10
4.2361605511811025
20
-4.5099812992125985
11
4.2361588188976373
21
-4.5099822834645664
0
LINE
8
BLACK
6
CONTINUOUS
10
4.2361588188976373
20
-4.5099822834645664
11
4.2354445669291341
21
-4.5102203543307082
0
LINE
8
BLACK
6
CONTINUOUS
10
4.2354445669291341
20
-4.5102203543307082
11
4.2354381496062992
21
-4.5102211417322833
0
LINE
8
BLACK
6
CONTINUOUS
10
4.2354381496062992
20
-4.5102211417322833
11
4.2354321259842518
21
-4.5102223622047246
0
LINE
8
BLACK
6
CONTINUOUS
10
4.2354321259842518
20
-4.5102223622047246
11
4.2349559055118107
21
-4.5102223622047246
0
LINE
8
BLACK
6
CONTINUOUS
10
4.2349559055118107
20
-4.5102223622047246
11
4.2349498425196845
21
-4.5102211417322833
0
LINE
8
BLACK
6
CONTINUOUS
10
4.2349498425196845
20
-4.5102211417322833
11
4.2349434645669293
21
-4.5102203543307082
0
LINE
8
BLACK
6
CONTINUOUS
10
4.2349434645669293
20
-4.5102203543307082
11
4.2342291732283464
21
-4.5099822834645664
0
LINE
8
BLACK
6
CONTINUOUS
10
4.2342291732283464
20
-4.5099822834645664
11
4.2342274409448821
21
-4.5099812992125985
0
LINE
8
BLACK
6
CONTINUOUS
10
4.2342274409448821
20
-4.5099812992125985
11
4.2342265748031496
21
-4.5099812992125985
0
LINE
8
BLACK
6
CONTINUOUS
10
4.2342265748031496
20
-4.5099812992125985
11
4.2342214173228347
21
-4.5099778346456691
0
LINE
8
BLACK
6
CONTINUOUS
10
4.2342214173228347
20
-4.5099778346456691
11
4.2342157874015749
21
-4.5099746456692911
0
LINE
8
BLACK
6
CONTINUOUS
10
4.2342157874015749
20
-4.5099746456692911
11
4.2342153543307086
21
-4.5099738188976373
0
LINE
8
BLACK
6
CONTINUOUS
10
4.2342153543307086
20
-4.5099738188976373
11
4.2342137795275594
21
-4.5099727559055118
0
LINE
8
BLACK
6
CONTINUOUS
10
4.2342137795275594
20
-4.5099727559055118
11
4.233737598425197
21
-4.5094965354330707
0
LINE
8
BLACK
6
CONTINUOUS
10
4.233737598425197
20
-4.5094965354330707
11
4.2337340551181102
21
-4.5094912598425196
0
LINE
8
BLACK
6
CONTINUOUS
10
4.2337340551181102
20
-4.5094912598425196
11
4.2337301968503933
21
-4.5094862992125986
0
LINE
8
BLACK
6
CONTINUOUS
10
4.2337301968503933
20
-4.5094862992125986
11
4.2334921653543303
21
-4.5090101181102362
0
LINE
8
BLACK
6
CONTINUOUS
10
4.2334921653543303
20
-4.5090101181102362
11
4.2334910236220473
21
-4.5090059842519681
0
LINE
8
BLACK
6
CONTINUOUS
10
4.2334910236220473
20
-4.5090059842519681
11
4.2334891732283459
21
-4.5090020866141733
0
LINE
8
BLACK
6
CONTINUOUS
10
4.2334891732283459
20
-4.5090020866141733
11
4.2332510629921263
21
-4.5080497244094486
0
LINE
8
BLACK
6
CONTINUOUS
10
4.2332510629921263
20
-4.5080497244094486
11
4.2332508267716538
21
-4.5080449212598426
0
LINE
8
BLACK
6
CONTINUOUS
10
4.2332508267716538
20
-4.5080449212598426
11
4.2332498818897637
21
-4.5080401574803153
0
LINE
8
BLACK
6
CONTINUOUS
10
4.2332498818897637
20
-4.5080401574803153
11
4.2332498818897637
21
-4.5073258661417324
0
LINE
8
BLACK
6
CONTINUOUS
10
4.2332498818897637
20
-4.5073258661417324
11
4.2332508267716538
21
-4.5073210629921263
0
LINE
8
BLACK
6
CONTINUOUS
10
4.2332508267716538
20
-4.5073210629921263
11
4.2332510629921263
21
-4.5073162992125981
0
LINE
8
BLACK
6
CONTINUOUS
10
4.2332510629921263
20
-4.5073162992125981
11
4.2334891732283459
21
-4.5063638976377955
0
LINE
8
BLACK
6
CONTINUOUS
10
4.2334891732283459
20
-4.5063638976377955
11
4.2334910236220473
21
-4.5063599606299212
0
LINE
8
BLACK
6
CONTINUOUS
10
4.2334910236220473
20
-4.5063599606299212
11
4.2334921653543303
21
-4.5063558661417318
0
LINE
8
BLACK
6
CONTINUOUS
10
4.2334921653543303
20
-4.5063558661417318
11
4.2337301968503933
21
-4.5058796850393703
0
LINE
8
BLACK
6
CONTINUOUS
10
4.2337301968503933
20
-4.5058796850393703
11
4.2337340551181102
21
-4.5058746850393696
0
LINE
8
BLACK
6
CONTINUOUS
10
4.2337340551181102
20
-4.5058746850393696
11
4.233737598425197
21
-4.5058694488188973
0
LINE
8
BLACK
6
CONTINUOUS
10
4.233737598425197
20
-4.5058694488188973
11
4.2342137795275594
21
-4.5053932677165349
0
LINE
8
BLACK
6
CONTINUOUS
10
4.2342137795275594
20
-4.5053932677165349
11
4.2342153543307086
21
-4.5053921653543307
0
LINE
8
BLACK
6
CONTINUOUS
10
4.2342153543307086
20
-4.5053921653543307
11
4.2342157874015749
21
-4.5053913779527557
0
LINE
8
BLACK
6
CONTINUOUS
10
4.2342157874015749
20
-4.5053913779527557
11
4.2342214173228347
21
-4.5053881496062989
0
LINE
8
BLACK
6
CONTINUOUS
10
4.2342214173228347
20
-4.5053881496062989
11
4.2342265748031496
21
-4.5053847244094491
0
LINE
8
BLACK
6
CONTINUOUS
10
4.2342265748031496
20
-4.5053847244094491
11
4.2342274409448821
21
-4.5053847244094491
0
LINE
8
BLACK
6
CONTINUOUS
10
4.2342274409448821
20
-4.5053847244094491
11
4.2342291732283464
21
-4.5053837401574803
0
LINE
8
BLACK
6
CONTINUOUS
10
4.2342291732283464
20
-4.5053837401574803
11
4.2349434645669293
21
-4.5051456299212598
0
LINE
8
BLACK
6
CONTINUOUS
10
4.2349434645669293
20
-4.5051456299212598
11
4.2349498425196845
21
-4.505144803149606
0
LINE
8
BLACK
6
CONTINUOUS
10
4.2349498425196845
20
-4.505144803149606
11
4.2349559055118107
21
-4.5051436220472443
0
LINE
8
BLACK
6
CONTINUOUS
10
4.2349559055118107
20
-4.5051436220472443
11
4.2354321259842518
21
-4.5051436220472443
0
LINE
8
BLACK
6
CONTINUOUS
10
4.2354321259842518
20
-4.5051436220472443
11
4.2354381496062992
21
-4.505144803149606
0
LINE
8
BLACK
6
CONTINUOUS
10
4.2399577952755907
20
-4.5068106299212598
11
4.2399587007874011
21
-4.5068103543307085
0
LINE
8
BLACK
6
CONTINUOUS
10
4.2399587007874011
20
-4.5068103543307085
11
4.2399647637795272
21
-4.5068120078740153
0
LINE
8
BLACK
6
CONTINUOUS
10
4.2399647637795272
20
-4.5068120078740153
11
4.2399709842519684
21
-4.5068132677165353
0
LINE
8
BLACK
6
CONTINUOUS
10
4.2399709842519684
20
-4.5068132677165353
11
4.2399716535433072
21
-4.5068139370078741
0
LINE
8
BLACK
6
CONTINUOUS
10
4.2399716535433072
20
-4.5068139370078741
11
4.2399735039370077
21
-4.5068144488188979
0
LINE
8
BLACK
6
CONTINUOUS
10
4.2399735039370077
20
-4.5068144488188979
11
4.2404497244094488
21
-4.5070525590551176
0
LINE
8
BLACK
6
CONTINUOUS
10
4.2404497244094488
20
-4.5070525590551176
11
4.2404546062992123
21
-4.5070562992125982
0
LINE
8
BLACK
6
CONTINUOUS
10
4.2404546062992123
20
-4.5070562992125982
11
4.2404599606299209
21
-4.5070599212598426
0
LINE
8
BLACK
6
CONTINUOUS
10
4.2404599606299209
20
-4.5070599212598426
11
4.2406980314960627
21
-4.5072980314960631
0
LINE
8
BLACK
6
CONTINUOUS
10
4.2406980314960627
20
-4.5072980314960631
11
4.2407016141732283
21
-4.5073033464566929
0
LINE
8
BLACK
6
CONTINUOUS
10
4.2407016141732283
20
-4.5073033464566929
11
4.2407053937007877
21
-4.5073082677165353
0
LINE
8
BLACK
6
CONTINUOUS
10
4.2407053937007877
20
-4.5073082677165353
11
4.2409435039370074
21
-4.5077844488188976
0
LINE
8
BLACK
6
CONTINUOUS
10
4.2409435039370074
20
-4.5077844488188976
11
4.2409440157480311
21
-4.5077862992125981
0
LINE
8
BLACK
6
CONTINUOUS
10
4.2409440157480311
20
-4.5077862992125981
11
4.2409446850393699
21
-4.5077869685039369
0
LINE
8
BLACK
6
CONTINUOUS
10
4.2409446850393699
20
-4.5077869685039369
11
4.2409459055118113
21
-4.5077931496062993
0
LINE
8
BLACK
6
CONTINUOUS
10
4.2409459055118113
20
-4.5077931496062993
11
4.2409475984251968
21
-4.5077992519685042
0
LINE
8
BLACK
6
CONTINUOUS
10
4.2409475984251968
20
-4.5077992519685042
11
4.2409472834645667
21
-4.5078001181102358
0
LINE
8
BLACK
6
CONTINUOUS
10
4.2409472834645667
20
-4.5078001181102358
11
4.2409476771653543
21
-4.5078020472440947
0
LINE
8
BLACK
6
CONTINUOUS
10
4.2409476771653543
20
-4.5078020472440947
11
4.2409476771653543
21
-4.5092306299212597
0
LINE
8
BLACK
6
CONTINUOUS
10
4.2409476771653543
20
-4.5092306299212597
11
4.2409472834645667
21
-4.5092325196850389
0
LINE
8
BLACK
6
CONTINUOUS
10
4.2409472834645667
20
-4.5092325196850389
11
4.2409475984251968
21
-4.5092334251968502
0
LINE
8
BLACK
6
CONTINUOUS
10
4.2409475984251968
20
-4.5092334251968502
11
4.2409459055118113
21
-4.5092394881889764
0
LINE
8
BLACK
6
CONTINUOUS
10
4.2409459055118113
20
-4.5092394881889764
11
4.2409446850393699
21
-4.5092457086614175
0
LINE
8
BLACK
6
CONTINUOUS
10
4.2409446850393699
20
-4.5092457086614175
11
4.2409440157480311
21
-4.5092463779527554
0
LINE
8
BLACK
6
CONTINUOUS
10
4.2409440157480311
20
-4.5092463779527554
11
4.2409435039370074
21
-4.5092482283464568
0
LINE
8
BLACK
6
CONTINUOUS
10
4.2409435039370074
20
-4.5092482283464568
11
4.2407053937007877
21
-4.5097244094488191
0
LINE
8
BLACK
6
CONTINUOUS
10
4.2407053937007877
20
-4.5097244094488191
11
4.2407016141732283
21
-4.5097292913385827
0
LINE
8
BLACK
6
CONTINUOUS
10
4.2407016141732283
20
-4.5097292913385827
11
4.2406980314960627
21
-4.5097346456692913
0
LINE
8
BLACK
6
CONTINUOUS
10
4.2406980314960627
20
-4.5097346456692913
11
4.2404599606299209
21
-4.5099727559055118
0
LINE
8
BLACK
6
CONTINUOUS
10
4.2404599606299209
20
-4.5099727559055118
11
4.2404546850393698
21
-4.5099762598425199
0
LINE
8
BLACK
6
CONTINUOUS
10
4.2404546850393698
20
-4.5099762598425199
11
4.2404497244094488
21
-4.5099801574803147
0
LINE
8
BLACK
6
CONTINUOUS
10
4.2404497244094488
20
-4.5099801574803147
11
4.2399735039370077
21
-4.5102181889763777
0
LINE
8
BLACK
6
CONTINUOUS
10
4.2399735039370077
20
-4.5102181889763777
11
4.2399716535433072
21
-4.5102187007874015
0
LINE
8
BLACK
6
CONTINUOUS
10
4.2399716535433072
20
-4.5102187007874015
11
4.2399709842519684
21
-4.5102193700787403
0
LINE
8
BLACK
6
CONTINUOUS
10
4.2399709842519684
20
-4.5102193700787403
11
4.2399647637795272
21
-4.5102205905511807
0
LINE
8
BLACK
6
CONTINUOUS
10
4.2399647637795272
20
-4.5102205905511807
11
4.2399587007874011
21
-4.5102222834645671
0
LINE
8
BLACK
6
CONTINUOUS
10
4.2399587007874011
20
-4.5102222834645671
11
4.2399577952755907
21
-4.5102219685039371
0
LINE
8
BLACK
6
CONTINUOUS
10
4.2399577952755907
20
-4.5102219685039371
11
4.2399559055118106
21
-4.5102223622047246
0
LINE
8
BLACK
6
CONTINUOUS
10
4.2399559055118106
20
-4.5102223622047246
11
4.2392416141732285
21
-4.5102223622047246
0
LINE
8
BLACK
6
CONTINUOUS
10
4.2392416141732285
20
-4.5102223622047246
11
4.2392396850393697
21
-4.5102219685039371
0
LINE
8
BLACK
6
CONTINUOUS
10
4.2392396850393697
20
-4.5102219685039371
11
4.239238818897638
21
-4.5102222834645671
0
LINE
8
BLACK
6
CONTINUOUS
10
4.239238818897638
20
-4.5102222834645671
11
4.2392326377952756
21
-4.510220551181102
0
LINE
8
BLACK
6
CONTINUOUS
10
4.2392326377952756
20
-4.510220551181102
11
4.2392265354330707
21
-4.5102193700787403
0
LINE
8
BLACK
6
CONTINUOUS
10
4.2392265354330707
20
-4.5102193700787403
11
4.2392258661417319
21
-4.5102187007874015
0
LINE
8
BLACK
6
CONTINUOUS
10
4.2392258661417319
20
-4.5102187007874015
11
4.2392239763779527
21
-4.5102181889763777
0
LINE
8
BLACK
6
CONTINUOUS
10
4.2392239763779527
20
-4.5102181889763777
11
4.2387478346456691
21
-4.5099801181102359
0
LINE
8
BLACK
6
CONTINUOUS
10
4.2387478346456691
20
-4.5099801181102359
11
4.2387429133858268
21
-4.5099763385826774
0
LINE
8
BLACK
6
CONTINUOUS
10
4.2387429133858268
20
-4.5099763385826774
11
4.2387375984251969
21
-4.5099727559055118
0
LINE
8
BLACK
6
CONTINUOUS
10
4.2387375984251969
20
-4.5099727559055118
11
4.2384995275590551
21
-4.5097346456692913
0
LINE
8
BLACK
6
CONTINUOUS
10
4.2384995275590551
20
-4.5097346456692913
11
4.2384959842519683
21
-4.5097293700787402
0
LINE
8
BLACK
6
CONTINUOUS
10
4.2384959842519683
20
-4.5097293700787402
11
4.238492165354331
21
-4.5097244094488191
0
LINE
8
BLACK
6
CONTINUOUS
10
4.238492165354331
20
-4.5097244094488191
11
4.2382540551181105
21
-4.5092482283464568
0
LINE
8
BLACK
6
CONTINUOUS
10
4.2382540551181105
20
-4.5092482283464568
11
4.2382535433070867
21
-4.5092463779527554
0
LINE
8
BLACK
6
CONTINUOUS
10
4.2382535433070867
20
-4.5092463779527554
11
4.2382528740157479
21
-4.5092457086614175
0
LINE
8
BLACK
6
CONTINUOUS
10
4.2382528740157479
20
-4.5092457086614175
11
4.2382516141732278
21
-4.5092394881889764
0
LINE
8
BLACK
6
CONTINUOUS
10
4.2382516141732278
20
-4.5092394881889764
11
4.2382499606299211
21
-4.5092334251968502
0
LINE
8
BLACK
6
CONTINUOUS
10
4.2382499606299211
20
-4.5092334251968502
11
4.2382502362204724
21
-4.5092325196850389
0
LINE
8
BLACK
6
CONTINUOUS
10
4.2382502362204724
20
-4.5092325196850389
11
4.2382498818897636
21
-4.5092306299212597
0
LINE
8
BLACK
6
CONTINUOUS
10
4.2382498818897636
20
-4.5092306299212597
11
4.2382498818897636
21
-4.5078020472440947
0
LINE
8
BLACK
6
CONTINUOUS
10
4.2382498818897636
20
-4.5078020472440947
11
4.2382502362204724
21
-4.5078001181102358
0
LINE
8
BLACK
6
CONTINUOUS
10
4.2382502362204724
20
-4.5078001181102358
11
4.2382499606299211
21
-4.5077992519685042
0
LINE
8
BLACK
6
CONTINUOUS
10
4.2382499606299211
20
-4.5077992519685042
11
4.2382516141732278
21
-4.5077931496062993
0
LINE
8
BLACK
6
CONTINUOUS
10
4.2382516141732278
20
-4.5077931496062993
11
4.2382528740157479
21
-4.5077869685039369
0
LINE
8
BLACK
6
CONTINUOUS
10
4.2382528740157479
20
-4.5077869685039369
11
4.2382535433070867
21
-4.5077862992125981
0
LINE
8
BLACK
6
CONTINUOUS
10
4.2382535433070867
20
-4.5077862992125981
11
4.2382540551181105
21
-4.5077844488188976
0
LINE
8
BLACK
6
CONTINUOUS
10
4.2382540551181105
20
-4.5077844488188976
11
4.238492165354331
21
-4.5073082677165353
0
LINE
8
BLACK
6
CONTINUOUS
10
4.238492165354331
20
-4.5073082677165353
11
4.2384959842519683
21
-4.5073032677165354
0
LINE
8
BLACK
6
CONTINUOUS
10
4.2384959842519683
20
-4.5073032677165354
11
4.2384995275590551
21
-4.5072980314960631
0
LINE
8
BLACK
6
CONTINUOUS
10
4.2384995275590551
20
-4.5072980314960631
11
4.2387375984251969
21
-4.5070599212598426
0
LINE
8
BLACK
6
CONTINUOUS
10
4.2387375984251969
20
-4.5070599212598426
11
4.2387429133858268
21
-4.5070562992125982
0
LINE
8
BLACK
6
CONTINUOUS
10
4.2387429133858268
20
-4.5070562992125982
11
4.2387478346456691
21
-4.5070525590551176
0
LINE
8
BLACK
6
CONTINUOUS
10
4.2387478346456691
20
-4.5070525590551176
11
4.2392240157480314
21
-4.5068144488188979
0
LINE
8
BLACK
6
CONTINUOUS
10
4.2392240157480314
20
-4.5068144488188979
11
4.2392258661417319
21
-4.5068139370078741
0
LINE
8
BLACK
6
CONTINUOUS
10
4.2392258661417319
20
-4.5068139370078741
11
4.2392265354330707
21
-4.5068132677165353
0
LINE
8
BLACK
6
CONTINUOUS
10
4.2392265354330707
20
-4.5068132677165353
11
4.2392327165354331
21
-4.5068120078740153
0
LINE
8
BLACK
6
CONTINUOUS
10
4.2392327165354331
20
-4.5068120078740153
11
4.239238818897638
21
-4.5068103543307085
0
LINE
8
BLACK
6
CONTINUOUS
10
4.239238818897638
20
-4.5068103543307085
11
4.2392396850393697
21
-4.5068106299212598
0
LINE
8
BLACK
6
CONTINUOUS
10
4.2392396850393697
20
-4.5068106299212598
11
4.2392416141732285
21
-4.506810275590551
0
LINE
8
BLACK
6
CONTINUOUS
10
4.2392416141732285
20
-4.506810275590551
11
4.2399559055118106
21
-4.506810275590551
0
LINE
8
BLACK
6
CONTINUOUS
10
4.2399559055118106
20
-4.506810275590551
11
4.2399577952755907
21
-4.5068106299212598
0
LINE
8
BLACK
6
CONTINUOUS
10
4.2387887795275594
20
-4.5071200393700783
11
4.2385596850393696
21
-4.5073491732283459
0
LINE
8
BLACK
6
CONTINUOUS
10
4.2385596850393696
20
-4.5073491732283459
11
4.238328622047244
21
-4.507811299212598
0
LINE
8
BLACK
6
CONTINUOUS
10
4.238328622047244
20
-4.507811299212598
11
4.238328622047244
21
-4.5092213385826767
0
LINE
8
BLACK
6
CONTINUOUS
10
4.238328622047244
20
-4.5092213385826767
11
4.2385596850393696
21
-4.5096834645669288
0
LINE
8
BLACK
6
CONTINUOUS
10
4.2385596850393696
20
-4.5096834645669288
11
4.2387887795275594
21
-4.5099125590551177
0
LINE
8
BLACK
6
CONTINUOUS
10
4.2387887795275594
20
-4.5099125590551177
11
4.2392509448818894
21
-4.5101436220472442
0
LINE
8
BLACK
6
CONTINUOUS
10
4.2392509448818894
20
-4.5101436220472442
11
4.2399466535433072
21
-4.5101436220472442
0
LINE
8
BLACK
6
CONTINUOUS
10
4.2399466535433072
20
-4.5101436220472442
11
4.2404087401574806
21
-4.5099125590551177
0
LINE
8
BLACK
6
CONTINUOUS
10
4.2404087401574806
20
-4.5099125590551177
11
4.2406378346456695
21
-4.5096834645669288
0
LINE
8
BLACK
6
CONTINUOUS
10
4.2406378346456695
20
-4.5096834645669288
11
4.2408689370078738
21
-4.5092213385826767
0
LINE
8
BLACK
6
CONTINUOUS
10
4.2408689370078738
20
-4.5092213385826767
11
4.2408689370078738
21
-4.507811299212598
0
LINE
8
BLACK
6
CONTINUOUS
10
4.2408689370078738
20
-4.507811299212598
11
4.2406378346456695
21
-4.5073491732283459
0
LINE
8
BLACK
6
CONTINUOUS
10
4.2406378346456695
20
-4.5073491732283459
11
4.2404088188976381
21
-4.5071201181102358
0
LINE
8
BLACK
6
CONTINUOUS
10
4.2404088188976381
20
-4.5071201181102358
11
4.2399466535433072
21
-4.5068890157480315
0
LINE
8
BLACK
6
CONTINUOUS
10
4.2399466535433072
20
-4.5068890157480315
11
4.2392508661417319
21
-4.5068890157480315
0
LINE
8
BLACK
6
CONTINUOUS
10
4.2392508661417319
20
-4.5068890157480315
11
4.2387887795275594
21
-4.5071200393700783
0
LINE
8
BLACK
6
CONTINUOUS
10
4.2659447244094491
20
-4.5051679133858267
11
4.2659477165354334
21
-4.5051829921259845
0
LINE
8
BLACK
6
CONTINUOUS
10
4.2659477165354334
20
-4.5051829921259845
11
4.2659477165354334
21
-4.506810275590551
0
LINE
8
BLACK
6
CONTINUOUS
10
4.2659477165354334
20
-4.506810275590551
11
4.2670988188976375
21
-4.506810275590551
0
LINE
8
BLACK
6
CONTINUOUS
10
4.2670988188976375
20
-4.506810275590551
11
4.2671138976377954
21
-4.5068132677165353
0
LINE
8
BLACK
6
CONTINUOUS
10
4.2671138976377954
20
-4.5068132677165353
11
4.2671351968503934
21
-4.5068345669291334
0
LINE
8
BLACK
6
CONTINUOUS
10
4.2671351968503934
20
-4.5068345669291334
11
4.2671351968503934
21
-4.5068647244094491
0
LINE
8
BLACK
6
CONTINUOUS
10
4.2671351968503934
20
-4.5068647244094491
11
4.2671138976377954
21
-4.5068860236220472
0
LINE
8
BLACK
6
CONTINUOUS
10
4.2671138976377954
20
-4.5068860236220472
11
4.2670988188976375
21
-4.5068890157480315
0
LINE
8
BLACK
6
CONTINUOUS
10
4.2670988188976375
20
-4.5068890157480315
11
4.2659477165354334
21
-4.5068890157480315
0
LINE
8
BLACK
6
CONTINUOUS
10
4.2659477165354334
20
-4.5068890157480315
11
4.2659477165354334
21
-4.5094594488188973
0
LINE
8
BLACK
6
CONTINUOUS
10
4.2659477165354334
20
-4.5094594488188973
11
4.2661757480314959
21
-4.509915551181102
0
LINE
8
BLACK
6
CONTINUOUS
10
4.2661757480314959
20
-4.509915551181102
11
4.2666319291338581
21
-4.5101436220472442
0
LINE
8
BLACK
6
CONTINUOUS
10
4.2666319291338581
20
-4.5101436220472442
11
4.2670988188976375
21
-4.5101436220472442
0
LINE
8
BLACK
6
CONTINUOUS
10
4.2670988188976375
20
-4.5101436220472442
11
4.2671138976377954
21
-4.5101466141732285
0
LINE
8
BLACK
6
CONTINUOUS
10
4.2671138976377954
20
-4.5101466141732285
11
4.2671351968503934
21
-4.5101679133858266
0
LINE
8
BLACK
6
CONTINUOUS
10
4.2671351968503934
20
-4.5101679133858266
11
4.2671351968503934
21
-4.5101980708661413
0
LINE
8
BLACK
6
CONTINUOUS
10
4.2671351968503934
20
-4.5101980708661413
11
4.2671138976377954
21
-4.5102193700787403
0
LINE
8
BLACK
6
CONTINUOUS
10
4.2671138976377954
20
-4.5102193700787403
11
4.2670988188976375
21
-4.5102223622047246
0
LINE
8
BLACK
6
CONTINUOUS
10
4.2670988188976375
20
-4.5102223622047246
11
4.2666225984251964
21
-4.5102223622047246
0
LINE
8
BLACK
6
CONTINUOUS
10
4.2666225984251964
20
-4.5102223622047246
11
4.2666206692913384
21
-4.5102219685039371
0
LINE
8
BLACK
6
CONTINUOUS
10
4.2666206692913384
20
-4.5102219685039371
11
4.2666198031496059
21
-4.5102222834645671
0
LINE
8
BLACK
6
CONTINUOUS
10
4.2666198031496059
20
-4.5102222834645671
11
4.2666136220472444
21
-4.510220551181102
0
LINE
8
BLACK
6
CONTINUOUS
10
4.2666136220472444
20
-4.510220551181102
11
4.2666075196850395
21
-4.5102193700787403
0
LINE
8
BLACK
6
CONTINUOUS
10
4.2666075196850395
20
-4.5102193700787403
11
4.2666068503937007
21
-4.5102187007874015
0
LINE
8
BLACK
6
CONTINUOUS
10
4.2666068503937007
20
-4.5102187007874015
11
4.2666049606299215
21
-4.5102181889763777
0
LINE
8
BLACK
6
CONTINUOUS
10
4.2666049606299215
20
-4.5102181889763777
11
4.2661288188976378
21
-4.5099801181102359
0
LINE
8
BLACK
6
CONTINUOUS
10
4.2661288188976378
20
-4.5099801181102359
11
4.2661225590551179
21
-4.5099752755905511
0
LINE
8
BLACK
6
CONTINUOUS
10
4.2661225590551179
20
-4.5099752755905511
11
4.26612062992126
21
-4.5099746456692911
0
LINE
8
BLACK
6
CONTINUOUS
10
4.26612062992126
20
-4.5099746456692911
11
4.2661189370078736
21
-4.5099724409448818
0
LINE
8
BLACK
6
CONTINUOUS
10
4.2661189370078736
20
-4.5099724409448818
11
4.2661166535433068
21
-4.5099707086614176
0
LINE
8
BLACK
6
CONTINUOUS
10
4.2661166535433068
20
-4.5099707086614176
11
4.2661159448818893
21
-4.5099686614173224
0
LINE
8
BLACK
6
CONTINUOUS
10
4.2661159448818893
20
-4.5099686614173224
11
4.266111181102362
21
-4.5099625196850397
0
LINE
8
BLACK
6
CONTINUOUS
10
4.266111181102362
20
-4.5099625196850397
11
4.2658731496062989
21
-4.5094862992125986
0
LINE
8
BLACK
6
CONTINUOUS
10
4.2658731496062989
20
-4.5094862992125986
11
4.2658726377952751
21
-4.5094844488188972
0
LINE
8
BLACK
6
CONTINUOUS
10
4.2658726377952751
20
-4.5094844488188972
11
4.2658719685039372
21
-4.5094837795275593
0
LINE
8
BLACK
6
CONTINUOUS
10
4.2658719685039372
20
-4.5094837795275593
11
4.2658707086614172
21
-4.5094775590551182
0
LINE
8
BLACK
6
CONTINUOUS
10
4.2658707086614172
20
-4.5094775590551182
11
4.2658690551181104
21
-4.509471496062992
0
LINE
8
BLACK
6
CONTINUOUS
10
4.2658690551181104
20
-4.509471496062992
11
4.2658693307086617
21
-4.5094705905511807
0
LINE
8
BLACK
6
CONTINUOUS
10
4.2658693307086617
20
-4.5094705905511807
11
4.2658689763779529
21
-4.5094687007874015
0
LINE
8
BLACK
6
CONTINUOUS
10
4.2658689763779529
20
-4.5094687007874015
11
4.2658689763779529
21
-4.5068890157480315
0
LINE
8
BLACK
6
CONTINUOUS
10
4.2658689763779529
20
-4.5068890157480315
11
4.2651940551181102
21
-4.5068890157480315
0
LINE
8
BLACK
6
CONTINUOUS
10
4.2651940551181102
20
-4.5068890157480315
11
4.2651789763779524
21
-4.5068860236220472
0
LINE
8
BLACK
6
CONTINUOUS
10
4.2651789763779524
20
-4.5068860236220472
11
4.2651576771653543
21
-4.5068647244094491
0
LINE
8
BLACK
6
CONTINUOUS
10
4.2651576771653543
20
-4.5068647244094491
11
4.2651576771653543
21
-4.5068345669291334
0
LINE
8
BLACK
6
CONTINUOUS
10
4.2651576771653543
20
-4.5068345669291334
11
4.2651789763779524
21
-4.5068132677165353
0
LINE
8
BLACK
6
CONTINUOUS
10
4.2651789763779524
20
-4.5068132677165353
11
4.2651940551181102
21
-4.506810275590551
0
LINE
8
BLACK
6
CONTINUOUS
10
4.2651940551181102
20
-4.506810275590551
11
4.2658689763779529
21
-4.506810275590551
0
LINE
8
BLACK
6
CONTINUOUS
10
4.2658689763779529
20
-4.506810275590551
11
4.2658689763779529
21
-4.5051829921259845
0
LINE
8
BLACK
6
CONTINUOUS
10
4.2658689763779529
20
-4.5051829921259845
11
4.2658719685039372
21
-4.5051679133858267
0
LINE
8
BLACK
6
CONTINUOUS
10
4.2658719685039372
20
-4.5051679133858267
11
4.2658932677165353
21
-4.5051466141732286
0
LINE
8
BLACK
6
CONTINUOUS
10
4.2658932677165353
20
-4.5051466141732286
11
4.2659234251968501
21
-4.5051466141732286
0
LINE
8
BLACK
6
CONTINUOUS
10
4.2659234251968501
20
-4.5051466141732286
11
4.2659447244094491
21
-4.5051679133858267
0
LINE
8
BLACK
6
CONTINUOUS
10
4.2742435433070867
20
-4.5051439763779531
11
4.274244448818898
21
-4.5051437007874018
0
LINE
8
BLACK
6
CONTINUOUS
10
4.274244448818898
20
-4.5051437007874018
11
4.2742505118110232
21
-4.5051453543307085
0
LINE
8
BLACK
6
CONTINUOUS
10
4.2742505118110232
20
-4.5051453543307085
11
4.2742567322834644
21
-4.5051466141732286
0
LINE
8
BLACK
6
CONTINUOUS
10
4.2742567322834644
20
-4.5051466141732286
11
4.2742574015748032
21
-4.5051472834645665
0
LINE
8
BLACK
6
CONTINUOUS
10
4.2742574015748032
20
-4.5051472834645665
11
4.2742592519685036
21
-4.5051477952755903
0
LINE
8
BLACK
6
CONTINUOUS
10
4.2742592519685036
20
-4.5051477952755903
11
4.274735433070866
21
-4.5053859055118108
0
LINE
8
BLACK
6
CONTINUOUS
10
4.274735433070866
20
-4.5053859055118108
11
4.2747403937007871
21
-4.505389724409449
0
LINE
8
BLACK
6
CONTINUOUS
10
4.2747403937007871
20
-4.505389724409449
11
4.2747456692913381
21
-4.5053932677165349
0
LINE
8
BLACK
6
CONTINUOUS
10
4.2747456692913381
20
-4.5053932677165349
11
4.2749837795275587
21
-4.5056313385826767
0
LINE
8
BLACK
6
CONTINUOUS
10
4.2749837795275587
20
-4.5056313385826767
11
4.2749873622047243
21
-4.5056366535433066
0
LINE
8
BLACK
6
CONTINUOUS
10
4.2749873622047243
20
-4.5056366535433066
11
4.2749911417322837
21
-4.5056415748031498
0
LINE
8
BLACK
6
CONTINUOUS
10
4.2749911417322837
20
-4.5056415748031498
11
4.2752292125984255
21
-4.5061177952755909
0
LINE
8
BLACK
6
CONTINUOUS
10
4.2752292125984255
20
-4.5061177952755909
11
4.2752297244094484
21
-4.5061196456692914
0
LINE
8
BLACK
6
CONTINUOUS
10
4.2752297244094484
20
-4.5061196456692914
11
4.2752303937007872
21
-4.5061203149606301
0
LINE
8
BLACK
6
CONTINUOUS
10
4.2752303937007872
20
-4.5061203149606301
11
4.2752316141732285
21
-4.5061264960629916
0
LINE
8
BLACK
6
CONTINUOUS
10
4.2752316141732285
20
-4.5061264960629916
11
4.275233307086614
21
-4.5061325984251965
0
LINE
8
BLACK
6
CONTINUOUS
10
4.275233307086614
20
-4.5061325984251965
11
4.275232992125984
21
-4.5061334645669291
0
LINE
8
BLACK
6
CONTINUOUS
10
4.275232992125984
20
-4.5061334645669291
11
4.2752333858267715
21
-4.5061353937007871
0
LINE
8
BLACK
6
CONTINUOUS
10
4.2752333858267715
20
-4.5061353937007871
11
4.2752333858267715
21
-4.5066115748031494
0
LINE
8
BLACK
6
CONTINUOUS
10
4.2752333858267715
20
-4.5066115748031494
11
4.275232165354331
21
-4.5066175984251968
0
LINE
8
BLACK
6
CONTINUOUS
10
4.275232165354331
20
-4.5066175984251968
11
4.275231377952756
21
-4.5066240157480317
0
LINE
8
BLACK
6
CONTINUOUS
10
4.275231377952756
20
-4.5066240157480317
11
4.2749933070866142
21
-4.5073383070866138
0
LINE
8
BLACK
6
CONTINUOUS
10
4.2749933070866142
20
-4.5073383070866138
11
4.2749923228346454
21
-4.5073400000000001
0
LINE
8
BLACK
6
CONTINUOUS
10
4.2749923228346454
20
-4.5073400000000001
11
4.2749923228346454
21
-4.5073409055118105
0
LINE
8
BLACK
6
CONTINUOUS
10
4.2749923228346454
20
-4.5073409055118105
11
4.274988858267716
21
-4.5073460236220475
0
LINE
8
BLACK
6
CONTINUOUS
10
4.274988858267716
20
-4.5073460236220475
11
4.2749856692913388
21
-4.5073516929133861
0
LINE
8
BLACK
6
CONTINUOUS
10
4.2749856692913388
20
-4.5073516929133861
11
4.274984842519685
21
-4.5073520866141727
0
LINE
8
BLACK
6
CONTINUOUS
10
4.274984842519685
20
-4.5073520866141727
11
4.2749837795275587
21
-4.5073537007874016
0
LINE
8
BLACK
6
CONTINUOUS
10
4.2749837795275587
20
-4.5073537007874016
11
4.2721938188976374
21
-4.5101436220472442
0
LINE
8
BLACK
6
CONTINUOUS
10
4.2721938188976374
20
-4.5101436220472442
11
4.2751940157480313
21
-4.5101436220472442
0
LINE
8
BLACK
6
CONTINUOUS
10
4.2751940157480313
20
-4.5101436220472442
11
4.2752090944881891
21
-4.5101466141732285
0
LINE
8
BLACK
6
CONTINUOUS
10
4.2752090944881891
20
-4.5101466141732285
11
4.2752303937007872
21
-4.5101679133858266
0
LINE
8
BLACK
6
CONTINUOUS
10
4.2752303937007872
20
-4.5101679133858266
11
4.2752303937007872
21
-4.5101980708661413
0
LINE
8
BLACK
6
CONTINUOUS
10
4.2752303937007872
20
-4.5101980708661413
11
4.2752090944881891
21
-4.5102193700787403
0
LINE
8
BLACK
6
CONTINUOUS
10
4.2752090944881891
20
-4.5102193700787403
11
4.2751940157480313
21
-4.5102223622047246
0
LINE
8
BLACK
6
CONTINUOUS
10
4.2751940157480313
20
-4.5102223622047246
11
4.2720987795275587
21
-4.5102223622047246
0
LINE
8
BLACK
6
CONTINUOUS
10
4.2720987795275587
20
-4.5102223622047246
11
4.2720837007874017
21
-4.5102193700787403
0
LINE
8
BLACK
6
CONTINUOUS
10
4.2720837007874017
20
-4.5102193700787403
11
4.2720624015748028
21
-4.5101980708661413
0
LINE
8
BLACK
6
CONTINUOUS
10
4.2720624015748028
20
-4.5101980708661413
11
4.2720624015748028
21
-4.5101679133858266
0
LINE
8
BLACK
6
CONTINUOUS
10
4.2720624015748028
20
-4.5101679133858266
11
4.2720709448818894
21
-4.5101551574803151
0
LINE
8
BLACK
6
CONTINUOUS
10
4.2720709448818894
20
-4.5101551574803151
11
4.2749214960629924
21
-4.5073046062992121
0
LINE
8
BLACK
6
CONTINUOUS
10
4.2749214960629924
20
-4.5073046062992121
11
4.275154645669291
21
-4.5066051574803145
0
LINE
8
BLACK
6
CONTINUOUS
10
4.275154645669291
20
-4.5066051574803145
11
4.275154645669291
21
-4.50614468503937
0
LINE
8
BLACK
6
CONTINUOUS
10
4.275154645669291
20
-4.50614468503937
11
4.2749235826771654
21
-4.5056824803149604
0
LINE
8
BLACK
6
CONTINUOUS
10
4.2749235826771654
20
-4.5056824803149604
11
4.2746944881889766
21
-4.5054534251968503
0
LINE
8
BLACK
6
CONTINUOUS
10
4.2746944881889766
20
-4.5054534251968503
11
4.2742324015748032
21
-4.5052223622047247
0
LINE
8
BLACK
6
CONTINUOUS
10
4.2742324015748032
20
-4.5052223622047247
11
4.2730604330708664
21
-4.5052223622047247
0
LINE
8
BLACK
6
CONTINUOUS
10
4.2730604330708664
20
-4.5052223622047247
11
4.2725983070866143
21
-4.5054534251968503
0
LINE
8
BLACK
6
CONTINUOUS
10
4.2725983070866143
20
-4.5054534251968503
11
4.2723647244094485
21
-4.5056870078740152
0
LINE
8
BLACK
6
CONTINUOUS
10
4.2723647244094485
20
-4.5056870078740152
11
4.2723519291338583
21
-4.5056955511811019
0
LINE
8
BLACK
6
CONTINUOUS
10
4.2723519291338583
20
-4.5056955511811019
11
4.2723218110236223
21
-4.5056955511811019
0
LINE
8
BLACK
6
CONTINUOUS
10
4.2723218110236223
20
-4.5056955511811019
11
4.2723005118110233
21
-4.505674212598425
0
LINE
8
BLACK
6
CONTINUOUS
10
4.2723005118110233
20
-4.505674212598425
11
4.2723005118110233
21
-4.505644094488189
0
LINE
8
BLACK
6
CONTINUOUS
10
4.2723005118110233
20
-4.505644094488189
11
4.27230905511811
21
-4.5056313385826767
0
LINE
8
BLACK
6
CONTINUOUS
10
4.27230905511811
20
-4.5056313385826767
11
4.2725471653543305
21
-4.5053932677165349
0
LINE
8
BLACK
6
CONTINUOUS
10
4.2725471653543305
20
-4.5053932677165349
11
4.2725524803149604
21
-4.5053896456692915
0
LINE
8
BLACK
6
CONTINUOUS
10
4.2725524803149604
20
-4.5053896456692915
11
4.2725574015748027
21
-4.5053859055118108
0
LINE
8
BLACK
6
CONTINUOUS
10
4.2725574015748027
20
-4.5053859055118108
11
4.273033582677165
21
-4.5051477952755903
0
LINE
8
BLACK
6
CONTINUOUS
10
4.273033582677165
20
-4.5051477952755903
11
4.2730354330708664
21
-4.5051472834645665
0
LINE
8
BLACK
6
CONTINUOUS
10
4.2730354330708664
20
-4.5051472834645665
11
4.2730361023622043
21
-4.5051466141732286
0
LINE
8
BLACK
6
CONTINUOUS
10
4.2730361023622043
20
-4.5051466141732286
11
4.2730422834645667
21
-4.5051453543307085
0
LINE
8
BLACK
6
CONTINUOUS
10
4.2730422834645667
20
-4.5051453543307085
11
4.2730483858267716
21
-4.5051437007874018
0
LINE
8
BLACK
6
CONTINUOUS
10
4.2730483858267716
20
-4.5051437007874018
11
4.2730492519685042
21
-4.5051439763779531
0
LINE
8
BLACK
6
CONTINUOUS
10
4.2730492519685042
20
-4.5051439763779531
11
4.2730511811023622
21
-4.5051436220472443
0
LINE
8
BLACK
6
CONTINUOUS
10
4.2730511811023622
20
-4.5051436220472443
11
4.2742416535433074
21
-4.5051436220472443
0
LINE
8
BLACK
6
CONTINUOUS
10
4.2742416535433074
20
-4.5051436220472443
11
4.2742435433070867
21
-4.5051439763779531
0
LINE
8
BLACK
6
CONTINUOUS
10
4.2787673228346454
20
-4.5051439763779531
11
4.2787682283464568
21
-4.5051437007874018
0
LINE
8
BLACK
6
CONTINUOUS
10
4.2787682283464568
20
-4.5051437007874018
11
4.2787742913385829
21
-4.5051453543307085
0
LINE
8
BLACK
6
CONTINUOUS
10
4.2787742913385829
20
-4.5051453543307085
11
4.2787805118110231
21
-4.5051466141732286
0
LINE
8
BLACK
6
CONTINUOUS
10
4.2787805118110231
20
-4.5051466141732286
11
4.2787811811023619
21
-4.5051472834645665
0
LINE
8
BLACK
6
CONTINUOUS
10
4.2787811811023619
20
-4.5051472834645665
11
4.2787830314960633
21
-4.5051477952755903
0
LINE
8
BLACK
6
CONTINUOUS
10
4.2787830314960633
20
-4.5051477952755903
11
4.2792592519685035
21
-4.5053859055118108
0
LINE
8
BLACK
6
CONTINUOUS
10
4.2792592519685035
20
-4.5053859055118108
11
4.279264133858268
21
-4.5053896456692915
0
LINE
8
BLACK
6
CONTINUOUS
10
4.279264133858268
20
-4.5053896456692915
11
4.2792694881889766
21
-4.5053932677165349
0
LINE
8
BLACK
6
CONTINUOUS
10
4.2792694881889766
20
-4.5053932677165349
11
4.2795075590551184
21
-4.5056313385826767
0
LINE
8
BLACK
6
CONTINUOUS
10
4.2795075590551184
20
-4.5056313385826767
11
4.2795110629921256
21
-4.5056365748031499
0
LINE
8
BLACK
6
CONTINUOUS
10
4.2795110629921256
20
-4.5056365748031499
11
4.2795149212598425
21
-4.5056415748031498
0
LINE
8
BLACK
6
CONTINUOUS
10
4.2795149212598425
20
-4.5056415748031498
11
4.2797530708661418
21
-4.5061177952755909
0
LINE
8
BLACK
6
CONTINUOUS
10
4.2797530708661418
20
-4.5061177952755909
11
4.2797542125984247
21
-4.5061219685039369
0
LINE
8
BLACK
6
CONTINUOUS
10
4.2797542125984247
20
-4.5061219685039369
11
4.2797560236220473
21
-4.5061258267716537
0
LINE
8
BLACK
6
CONTINUOUS
10
4.2797560236220473
20
-4.5061258267716537
11
4.2799940944881891
21
-4.5070781889763776
0
LINE
8
BLACK
6
CONTINUOUS
10
4.2799940944881891
20
-4.5070781889763776
11
4.2799942913385829
21
-4.5070829527559058
0
LINE
8
BLACK
6
CONTINUOUS
10
4.2799942913385829
20
-4.5070829527559058
11
4.2799952755905508
21
-4.5070877559055118
0
LINE
8
BLACK
6
CONTINUOUS
10
4.2799952755905508
20
-4.5070877559055118
11
4.2799952755905508
21
-4.5082782283464562
0
LINE
8
BLACK
6
CONTINUOUS
10
4.2799952755905508
20
-4.5082782283464562
11
4.2799942913385829
21
-4.5082829921259844
0
LINE
8
BLACK
6
CONTINUOUS
10
4.2799942913385829
20
-4.5082829921259844
11
4.2799940944881891
21
-4.5082877952755904
0
LINE
8
BLACK
6
CONTINUOUS
10
4.2799940944881891
20
-4.5082877952755904
11
4.2797560236220473
21
-4.5092401968503939
0
LINE
8
BLACK
6
CONTINUOUS
10
4.2797560236220473
20
-4.5092401968503939
11
4.2797541338582672
21
-4.5092441732283461
0
LINE
8
BLACK
6
CONTINUOUS
10
4.2797541338582672
20
-4.5092441732283461
11
4.279753031496063
21
-4.5092482283464568
0
LINE
8
BLACK
6
CONTINUOUS
10
4.279753031496063
20
-4.5092482283464568
11
4.2795149212598425
21
-4.5097244094488191
0
LINE
8
BLACK
6
CONTINUOUS
10
4.2795149212598425
20
-4.5097244094488191
11
4.2795111417322831
21
-4.5097292913385827
0
LINE
8
BLACK
6
CONTINUOUS
10
4.2795111417322831
20
-4.5097292913385827
11
4.2795075590551184
21
-4.5097346456692913
0
LINE
8
BLACK
6
CONTINUOUS
10
4.2795075590551184
20
-4.5097346456692913
11
4.2792694881889766
21
-4.5099727559055118
0
LINE
8
BLACK
6
CONTINUOUS
10
4.2792694881889766
20
-4.5099727559055118
11
4.2792642125984255
21
-4.5099762598425199
0
LINE
8
BLACK
6
CONTINUOUS
10
4.2792642125984255
20
-4.5099762598425199
11
4.2792592519685035
21
-4.5099801574803147
0
LINE
8
BLACK
6
CONTINUOUS
10
4.2792592519685035
20
-4.5099801574803147
11
4.2787830314960633
21
-4.5102181889763777
0
LINE
8
BLACK
6
CONTINUOUS
10
4.2787830314960633
20
-4.5102181889763777
11
4.2787811811023619
21
-4.5102187007874015
0
LINE
8
BLACK
6
CONTINUOUS
10
4.2787811811023619
20
-4.5102187007874015
11
4.2787805118110231
21
-4.5102193700787403
0
LINE
8
BLACK
6
CONTINUOUS
10
4.2787805118110231
20
-4.5102193700787403
11
4.2787742913385829
21
-4.5102205905511807
0
LINE
8
BLACK
6
CONTINUOUS
10
4.2787742913385829
20
-4.5102205905511807
11
4.2787682283464568
21
-4.5102222834645671
0
LINE
8
BLACK
6
CONTINUOUS
10
4.2787682283464568
20
-4.5102222834645671
11
4.2787673228346454
21
-4.5102219685039371
0
LINE
8
BLACK
6
CONTINUOUS
10
4.2787673228346454
20
-4.5102219685039371
11
4.2787654330708662
21
-4.5102223622047246
0
LINE
8
BLACK
6
CONTINUOUS
10
4.2787654330708662
20
-4.5102223622047246
11
4.2782892519685038
21
-4.5102223622047246
0
LINE
8
BLACK
6
CONTINUOUS
10
4.2782892519685038
20
-4.5102223622047246
11
4.2782873228346459
21
-4.5102219685039371
0
LINE
8
BLACK
6
CONTINUOUS
10
4.2782873228346459
20
-4.5102219685039371
11
4.2782864566929133
21
-4.5102222834645671
0
LINE
8
BLACK
6
CONTINUOUS
10
4.2782864566929133
20
-4.5102222834645671
11
4.2782802755905509
21
-4.510220551181102
0
LINE
8
BLACK
6
CONTINUOUS
10
4.2782802755905509
20
-4.510220551181102
11
4.278274173228346
21
-4.5102193700787403
0
LINE
8
BLACK
6
CONTINUOUS
10
4.278274173228346
20
-4.5102193700787403
11
4.2782735039370081
21
-4.5102187007874015
0
LINE
8
BLACK
6
CONTINUOUS
10
4.2782735039370081
20
-4.5102187007874015
11
4.278271614173228
21
-4.5102181889763777
0
LINE
8
BLACK
6
CONTINUOUS
10
4.278271614173228
20
-4.5102181889763777
11
4.2777954724409444
21
-4.5099801181102359
0
LINE
8
BLACK
6
CONTINUOUS
10
4.2777954724409444
20
-4.5099801181102359
11
4.2777905511811021
21
-4.5099763385826774
0
LINE
8
BLACK
6
CONTINUOUS
10
4.2777905511811021
20
-4.5099763385826774
11
4.2777852362204722
21
-4.5099727559055118
0
LINE
8
BLACK
6
CONTINUOUS
10
4.2777852362204722
20
-4.5099727559055118
11
4.2775471259842517
21
-4.5097346456692913
0
LINE
8
BLACK
6
CONTINUOUS
10
4.2775471259842517
20
-4.5097346456692913
11
4.2775435826771648
21
-4.5097293700787402
0
LINE
8
BLACK
6
CONTINUOUS
10
4.2775435826771648
20
-4.5097293700787402
11
4.2775397244094489
21
-4.5097244094488191
0
LINE
8
BLACK
6
CONTINUOUS
10
4.2775397244094489
20
-4.5097244094488191
11
4.2773016929133858
21
-4.5092482283464568
0
LINE
8
BLACK
6
CONTINUOUS
10
4.2773016929133858
20
-4.5092482283464568
11
4.277300551181102
21
-4.5092440944881886
0
LINE
8
BLACK
6
CONTINUOUS
10
4.277300551181102
20
-4.5092440944881886
11
4.2772987007874015
21
-4.5092401968503939
0
LINE
8
BLACK
6
CONTINUOUS
10
4.2772987007874015
20
-4.5092401968503939
11
4.2770605905511809
21
-4.5082877952755904
0
LINE
8
BLACK
6
CONTINUOUS
10
4.2770605905511809
20
-4.5082877952755904
11
4.2770603543307084
21
-4.5082829921259844
0
LINE
8
BLACK
6
CONTINUOUS
10
4.2770603543307084
20
-4.5082829921259844
11
4.2770594094488192
21
-4.5082782283464562
0
LINE
8
BLACK
6
CONTINUOUS
10
4.2770594094488192
20
-4.5082782283464562
11
4.2770594094488192
21
-4.5070877559055118
0
LINE
8
BLACK
6
CONTINUOUS
10
4.2770594094488192
20
-4.5070877559055118
11
4.2770603543307084
21
-4.5070829527559058
0
LINE
8
BLACK
6
CONTINUOUS
10
4.2770603543307084
20
-4.5070829527559058
11
4.2770605905511809
21
-4.5070781889763776
0
LINE
8
BLACK
6
CONTINUOUS
10
4.2770605905511809
20
-4.5070781889763776
11
4.2772987007874015
21
-4.5061258267716537
0
LINE
8
BLACK
6
CONTINUOUS
10
4.2772987007874015
20
-4.5061258267716537
11
4.277300551181102
21
-4.5061218897637794
0
LINE
8
BLACK
6
CONTINUOUS
10
4.277300551181102
20
-4.5061218897637794
11
4.2773016929133858
21
-4.5061177952755909
0
LINE
8
BLACK
6
CONTINUOUS
10
4.2773016929133858
20
-4.5061177952755909
11
4.2775397244094489
21
-4.5056415748031498
0
LINE
8
BLACK
6
CONTINUOUS
10
4.2775397244094489
20
-4.5056415748031498
11
4.2775435826771648
21
-4.5056365748031499
0
LINE
8
BLACK
6
CONTINUOUS
10
4.2775435826771648
20
-4.5056365748031499
11
4.2775471259842517
21
-4.5056313385826767
0
LINE
8
BLACK
6
CONTINUOUS
10
4.2775471259842517
20
-4.5056313385826767
11
4.2777852362204722
21
-4.5053932677165349
0
LINE
8
BLACK
6
CONTINUOUS
10
4.2777852362204722
20
-4.5053932677165349
11
4.2777905511811021
21
-4.5053896456692915
0
LINE
8
BLACK
6
CONTINUOUS
10
4.2777905511811021
20
-4.5053896456692915
11
4.2777954724409444
21
-4.5053859055118108
0
LINE
8
BLACK
6
CONTINUOUS
10
4.2777954724409444
20
-4.5053859055118108
11
4.2782716535433067
21
-4.5051477952755903
0
LINE
8
BLACK
6
CONTINUOUS
10
4.2782716535433067
20
-4.5051477952755903
11
4.2782735039370081
21
-4.5051472834645665
0
LINE
8
BLACK
6
CONTINUOUS
10
4.2782735039370081
20
-4.5051472834645665
11
4.278274173228346
21
-4.5051466141732286
0
LINE
8
BLACK
6
CONTINUOUS
10
4.278274173228346
20
-4.5051466141732286
11
4.2782803543307084
21
-4.5051453543307085
0
LINE
8
BLACK
6
CONTINUOUS
10
4.2782803543307084
20
-4.5051453543307085
11
4.2782864566929133
21
-4.5051437007874018
0
LINE
8
BLACK
6
CONTINUOUS
10
4.2782864566929133
20
-4.5051437007874018
11
4.2782873228346459
21
-4.5051439763779531
0
LINE
8
BLACK
6
CONTINUOUS
10
4.2782873228346459
20
-4.5051439763779531
11
4.2782892519685038
21
-4.5051436220472443
0
LINE
8
BLACK
6
CONTINUOUS
10
4.2782892519685038
20
-4.5051436220472443
11
4.2787654330708662
21
-4.5051436220472443
0
LINE
8
BLACK
6
CONTINUOUS
10
4.2787654330708662
20
-4.5051436220472443
11
4.2787673228346454
21
-4.5051439763779531
0
LINE
8
BLACK
6
CONTINUOUS
10
4.277836377952756
20
-4.5054534251968503
11
4.2776072834645671
21
-4.5056825196850392
0
LINE
8
BLACK
6
CONTINUOUS
10
4.2776072834645671
20
-4.5056825196850392
11
4.2773740157480313
21
-4.5061490551181098
0
LINE
8
BLACK
6
CONTINUOUS
10
4.2773740157480313
20
-4.5061490551181098
11
4.2771381496062988
21
-4.5070925984251966
0
LINE
8
BLACK
6
CONTINUOUS
10
4.2771381496062988
20
-4.5070925984251966
11
4.2771381496062988
21
-4.5082733858267714
0
LINE
8
BLACK
6
CONTINUOUS
10
4.2771381496062988
20
-4.5082733858267714
11
4.2773740157480313
21
-4.5092169291338582
0
LINE
8
BLACK
6
CONTINUOUS
10
4.2773740157480313
20
-4.5092169291338582
11
4.2776073228346458
21
-4.5096835039370076
0
LINE
8
BLACK
6
CONTINUOUS
10
4.2776073228346458
20
-4.5096835039370076
11
4.277836377952756
21
-4.5099125590551177
0
LINE
8
BLACK
6
CONTINUOUS
10
4.277836377952756
20
-4.5099125590551177
11
4.2782985826771656
21
-4.5101436220472442
0
LINE
8
BLACK
6
CONTINUOUS
10
4.2782985826771656
20
-4.5101436220472442
11
4.278756181102362
21
-4.5101436220472442
0
LINE
8
BLACK
6
CONTINUOUS
10
4.278756181102362
20
-4.5101436220472442
11
4.2792182677165354
21
-4.5099125590551177
0
LINE
8
BLACK
6
CONTINUOUS
10
4.2792182677165354
20
-4.5099125590551177
11
4.2794473622047242
21
-4.5096834645669288
0
LINE
8
BLACK
6
CONTINUOUS
10
4.2794473622047242
20
-4.5096834645669288
11
4.27968062992126
21
-4.5092169291338582
0
LINE
8
BLACK
6
CONTINUOUS
10
4.27968062992126
20
-4.5092169291338582
11
4.2799165354330704
21
-4.5082734251968501
0
LINE
8
BLACK
6
CONTINUOUS
10
4.2799165354330704
20
-4.5082734251968501
11
4.2799165354330704
21
-4.5070925196850391
0
LINE
8
BLACK
6
CONTINUOUS
10
4.2799165354330704
20
-4.5070925196850391
11
4.27968062992126
21
-4.5061490157480311
0
LINE
8
BLACK
6
CONTINUOUS
10
4.27968062992126
20
-4.5061490157480311
11
4.279447401574803
21
-4.5056825196850392
0
LINE
8
BLACK
6
CONTINUOUS
10
4.279447401574803
20
-4.5056825196850392
11
4.2792183464566929
21
-4.5054534645669291
0
LINE
8
BLACK
6
CONTINUOUS
10
4.2792183464566929
20
-4.5054534645669291
11
4.278756181102362
21
-4.5052223622047247
0
LINE
8
BLACK
6
CONTINUOUS
10
4.278756181102362
20
-4.5052223622047247
11
4.2782985039370081
21
-4.5052223622047247
0
LINE
8
BLACK
6
CONTINUOUS
10
4.2782985039370081
20
-4.5052223622047247
11
4.277836377952756
21
-4.5054534251968503
0
LINE
8
BLACK
6
CONTINUOUS
10
4.2833003149606297
20
-4.5051466141732286
11
4.2833043307086616
21
-4.5051466141732286
0
LINE
8
BLACK
6
CONTINUOUS
10
4.2833043307086616
20
-4.5051466141732286
11
4.2833123622047244
21
-4.5051546456692915
0
LINE
8
BLACK
6
CONTINUOUS
10
4.2833123622047244
20
-4.5051546456692915
11
4.2833219685039365
21
-4.5051610629921255
0
LINE
8
BLACK
6
CONTINUOUS
10
4.2833219685039365
20
-4.5051610629921255
11
4.2833227559055116
21
-4.5051650393700786
0
LINE
8
BLACK
6
CONTINUOUS
10
4.2833227559055116
20
-4.5051650393700786
11
4.2833256299212596
21
-4.5051679133858267
0
LINE
8
BLACK
6
CONTINUOUS
10
4.2833256299212596
20
-4.5051679133858267
11
4.283328622047244
21
-4.5051829921259845
0
LINE
8
BLACK
6
CONTINUOUS
10
4.283328622047244
20
-4.5051829921259845
11
4.283328622047244
21
-4.5101436220472442
0
LINE
8
BLACK
6
CONTINUOUS
10
4.283328622047244
20
-4.5101436220472442
11
4.2847177952755908
21
-4.5101436220472442
0
LINE
8
BLACK
6
CONTINUOUS
10
4.2847177952755908
20
-4.5101436220472442
11
4.2847328740157478
21
-4.5101466141732285
0
LINE
8
BLACK
6
CONTINUOUS
10
4.2847328740157478
20
-4.5101466141732285
11
4.2847541732283467
21
-4.5101679133858266
0
LINE
8
BLACK
6
CONTINUOUS
10
4.2847541732283467
20
-4.5101679133858266
11
4.2847541732283467
21
-4.5101980708661413
0
LINE
8
BLACK
6
CONTINUOUS
10
4.2847541732283467
20
-4.5101980708661413
11
4.2847328740157478
21
-4.5102193700787403
0
LINE
8
BLACK
6
CONTINUOUS
10
4.2847328740157478
20
-4.5102193700787403
11
4.2847177952755908
21
-4.5102223622047246
0
LINE
8
BLACK
6
CONTINUOUS
10
4.2847177952755908
20
-4.5102223622047246
11
4.2818606692913388
21
-4.5102223622047246
0
LINE
8
BLACK
6
CONTINUOUS
10
4.2818606692913388
20
-4.5102223622047246
11
4.281845590551181
21
-4.5102193700787403
0
LINE
8
BLACK
6
CONTINUOUS
10
4.281845590551181
20
-4.5102193700787403
11
4.2818242913385829
21
-4.5101980708661413
0
LINE
8
BLACK
6
CONTINUOUS
10
4.2818242913385829
20
-4.5101980708661413
11
4.2818242913385829
21
-4.5101679133858266
0
LINE
8
BLACK
6
CONTINUOUS
10
4.2818242913385829
20
-4.5101679133858266
11
4.281845590551181
21
-4.5101466141732285
0
LINE
8
BLACK
6
CONTINUOUS
10
4.281845590551181
20
-4.5101466141732285
11
4.2818606692913388
21
-4.5101436220472442
0
LINE
8
BLACK
6
CONTINUOUS
10
4.2818606692913388
20
-4.5101436220472442
11
4.2832498818897635
21
-4.5101436220472442
0
LINE
8
BLACK
6
CONTINUOUS
10
4.2832498818897635
20
-4.5101436220472442
11
4.2832498818897635
21
-4.505312992125984
0
LINE
8
BLACK
6
CONTINUOUS
10
4.2832498818897635
20
-4.505312992125984
11
4.2828457874015751
21
-4.505919133858268
0
LINE
8
BLACK
6
CONTINUOUS
10
4.2828457874015751
20
-4.505919133858268
11
4.2828429921259845
21
-4.5059218897637798
0
LINE
8
BLACK
6
CONTINUOUS
10
4.2828429921259845
20
-4.5059218897637798
11
4.2828408661417319
21
-4.5059251181102358
0
LINE
8
BLACK
6
CONTINUOUS
10
4.2828408661417319
20
-4.5059251181102358
11
4.2823646850393704
21
-4.5064012992125981
0
LINE
8
BLACK
6
CONTINUOUS
10
4.2823646850393704
20
-4.5064012992125981
11
4.2823593307086609
21
-4.5064048818897637
0
LINE
8
BLACK
6
CONTINUOUS
10
4.2823593307086609
20
-4.5064048818897637
11
4.2823544488188974
21
-4.5064086614173231
0
LINE
8
BLACK
6
CONTINUOUS
10
4.2823544488188974
20
-4.5064086614173231
11
4.281878267716535
21
-4.5066467716535428
0
LINE
8
BLACK
6
CONTINUOUS
10
4.281878267716535
20
-4.5066467716535428
11
4.2818634645669293
21
-4.5066508661417322
0
LINE
8
BLACK
6
CONTINUOUS
10
4.2818634645669293
20
-4.5066508661417322
11
4.2818348818897638
21
-4.5066413385826767
0
LINE
8
BLACK
6
CONTINUOUS
10
4.2818348818897638
20
-4.5066413385826767
11
4.2818213779527561
21
-4.50661437007874
0
LINE
8
BLACK
6
CONTINUOUS
10
4.2818213779527561
20
-4.50661437007874
11
4.2818309055118107
21
-4.5065857874015744
0
LINE
8
BLACK
6
CONTINUOUS
10
4.2818309055118107
20
-4.5065857874015744
11
4.2818430708661417
21
-4.5065763779527561
0
LINE
8
BLACK
6
CONTINUOUS
10
4.2818430708661417
20
-4.5065763779527561
11
4.2823134645669292
21
-4.5063411417322836
0
LINE
8
BLACK
6
CONTINUOUS
10
4.2823134645669292
20
-4.5063411417322836
11
4.2827824015748028
21
-4.5058722047244091
0
LINE
8
BLACK
6
CONTINUOUS
10
4.2827824015748028
20
-4.5058722047244091
11
4.2832564960629922
21
-4.505161141732283
0
LINE
8
BLACK
6
CONTINUOUS
10
4.2832564960629922
20
-4.505161141732283
11
4.2832673622047244
21
-4.5051502362204721
0
LINE
8
BLACK
6
CONTINUOUS
10
4.2832673622047244
20
-4.5051502362204721
11
4.2832713385826775
21
-4.5051494094488191
0
LINE
8
BLACK
6
CONTINUOUS
10
4.2832713385826775
20
-4.5051494094488191
11
4.2832741732283459
21
-4.5051466141732286
0
LINE
8
BLACK
6
CONTINUOUS
10
4.2832741732283459
20
-4.5051466141732286
11
4.2832854724409444
21
-4.5051466141732286
0
LINE
8
BLACK
6
CONTINUOUS
10
4.2832854724409444
20
-4.5051466141732286
11
4.2832968897637791
21
-4.5051443307086609
0
LINE
8
BLACK
6
CONTINUOUS
10
4.2832968897637791
20
-4.5051443307086609
11
4.2833003149606297
21
-4.5051466141732286
0
LINE
8
BLACK
6
CONTINUOUS
10
4.2890185826771656
20
-4.5051466141732286
11
4.2890398818897637
21
-4.5051679133858267
0
LINE
8
BLACK
6
CONTINUOUS
10
4.2890398818897637
20
-4.5051679133858267
11
4.2890398818897637
21
-4.5051980708661414
0
LINE
8
BLACK
6
CONTINUOUS
10
4.2890398818897637
20
-4.5051980708661414
11
4.2890185826771656
21
-4.5052193700787404
0
LINE
8
BLACK
6
CONTINUOUS
10
4.2890185826771656
20
-4.5052193700787404
11
4.2890035039370078
21
-4.5052223622047247
0
LINE
8
BLACK
6
CONTINUOUS
10
4.2890035039370078
20
-4.5052223622047247
11
4.2880603937007873
21
-4.5052223622047247
0
LINE
8
BLACK
6
CONTINUOUS
10
4.2880603937007873
20
-4.5052223622047247
11
4.2875982677165352
21
-4.5054534251968503
0
LINE
8
BLACK
6
CONTINUOUS
10
4.2875982677165352
20
-4.5054534251968503
11
4.2873674803149608
21
-4.5056841732283459
0
LINE
8
BLACK
6
CONTINUOUS
10
4.2873674803149608
20
-4.5056841732283459
11
4.2868971653543309
21
-4.5063896456692909
0
LINE
8
BLACK
6
CONTINUOUS
10
4.2868971653543309
20
-4.5063896456692909
11
4.2866619291338584
21
-4.5073307086614172
0
LINE
8
BLACK
6
CONTINUOUS
10
4.2866619291338584
20
-4.5073307086614172
11
4.2866619291338584
21
-4.5078734251968502
0
LINE
8
BLACK
6
CONTINUOUS
10
4.2866619291338584
20
-4.5078734251968502
11
4.2868254724409445
21
-4.5075463385826771
0
LINE
8
BLACK
6
CONTINUOUS
10
4.2868254724409445
20
-4.5075463385826771
11
4.2868292125984251
21
-4.5075414173228348
0
LINE
8
BLACK
6
CONTINUOUS
10
4.2868292125984251
20
-4.5075414173228348
11
4.2868328346456694
21
-4.5075361023622049
0
LINE
8
BLACK
6
CONTINUOUS
10
4.2868328346456694
20
-4.5075361023622049
11
4.2870709055118112
21
-4.5072980314960631
0
LINE
8
BLACK
6
CONTINUOUS
10
4.2870709055118112
20
-4.5072980314960631
11
4.2870761417322836
21
-4.5072944881889763
0
LINE
8
BLACK
6
CONTINUOUS
10
4.2870761417322836
20
-4.5072944881889763
11
4.2870811417322834
21
-4.5072906692913381
0
LINE
8
BLACK
6
CONTINUOUS
10
4.2870811417322834
20
-4.5072906692913381
11
4.2875573228346457
21
-4.5070525590551176
0
LINE
8
BLACK
6
CONTINUOUS
10
4.2875573228346457
20
-4.5070525590551176
11
4.2875591732283462
21
-4.5070520472440947
0
LINE
8
BLACK
6
CONTINUOUS
10
4.2875591732283462
20
-4.5070520472440947
11
4.287559842519685
21
-4.5070513779527559
0
LINE
8
BLACK
6
CONTINUOUS
10
4.287559842519685
20
-4.5070513779527559
11
4.2875660236220474
21
-4.5070501181102358
0
LINE
8
BLACK
6
CONTINUOUS
10
4.2875660236220474
20
-4.5070501181102358
11
4.2875721259842523
21
-4.5070484645669291
0
LINE
8
BLACK
6
CONTINUOUS
10
4.2875721259842523
20
-4.5070484645669291
11
4.287572992125984
21
-4.5070487401574804
0
LINE
8
BLACK
6
CONTINUOUS
10
4.287572992125984
20
-4.5070487401574804
11
4.2875749212598429
21
-4.5070483858267716
0
LINE
8
BLACK
6
CONTINUOUS
10
4.2875749212598429
20
-4.5070483858267716
11
4.2885273228346454
21
-4.5070483858267716
0
LINE
8
BLACK
6
CONTINUOUS
10
4.2885273228346454
20
-4.5070483858267716
11
4.2885292125984247
21
-4.5070487401574804
0
LINE
8
BLACK
6
CONTINUOUS
10
4.2885292125984247
20
-4.5070487401574804
11
4.288530118110236
21
-4.5070484645669291
0
LINE
8
BLACK
6
CONTINUOUS
10
4.288530118110236
20
-4.5070484645669291
11
4.2885361811023621
21
-4.5070501181102358
0
LINE
8
BLACK
6
CONTINUOUS
10
4.2885361811023621
20
-4.5070501181102358
11
4.2885424015748033
21
-4.5070513779527559
0
LINE
8
BLACK
6
CONTINUOUS
10
4.2885424015748033
20
-4.5070513779527559
11
4.2885430708661421
21
-4.5070520472440947
0
LINE
8
BLACK
6
CONTINUOUS
10
4.2885430708661421
20
-4.5070520472440947
11
4.2885449212598425
21
-4.5070525590551176
0
LINE
8
BLACK
6
CONTINUOUS
10
4.2885449212598425
20
-4.5070525590551176
11
4.2890211023622049
21
-4.5072906692913381
0
LINE
8
BLACK
6
CONTINUOUS
10
4.2890211023622049
20
-4.5072906692913381
11
4.289026062992126
21
-4.5072944881889763
0
LINE
8
BLACK
6
CONTINUOUS
10
4.289026062992126
20
-4.5072944881889763
11
4.289031338582677
21
-4.5072980314960631
0
LINE
8
BLACK
6
CONTINUOUS
10
4.289031338582677
20
-4.5072980314960631
11
4.2892694488188976
21
-4.5075361023622049
0
LINE
8
BLACK
6
CONTINUOUS
10
4.2892694488188976
20
-4.5075361023622049
11
4.2892730314960632
21
-4.5075414173228348
0
LINE
8
BLACK
6
CONTINUOUS
10
4.2892730314960632
20
-4.5075414173228348
11
4.2892768110236217
21
-4.5075463385826771
0
LINE
8
BLACK
6
CONTINUOUS
10
4.2892768110236217
20
-4.5075463385826771
11
4.2895148818897635
21
-4.5080225590551182
0
LINE
8
BLACK
6
CONTINUOUS
10
4.2895148818897635
20
-4.5080225590551182
11
4.2895153937007873
21
-4.5080244094488187
0
LINE
8
BLACK
6
CONTINUOUS
10
4.2895153937007873
20
-4.5080244094488187
11
4.2895160629921261
21
-4.5080250787401575
0
LINE
8
BLACK
6
CONTINUOUS
10
4.2895160629921261
20
-4.5080250787401575
11
4.2895172834645665
21
-4.5080312598425198
0
LINE
8
BLACK
6
CONTINUOUS
10
4.2895172834645665
20
-4.5080312598425198
11
4.2895189763779529
21
-4.5080373622047247
0
LINE
8
BLACK
6
CONTINUOUS
10
4.2895189763779529
20
-4.5080373622047247
11
4.2895186614173229
21
-4.5080382283464564
0
LINE
8
BLACK
6
CONTINUOUS
10
4.2895186614173229
20
-4.5080382283464564
11
4.2895190551181104
21
-4.5080401574803153
0
LINE
8
BLACK
6
CONTINUOUS
10
4.2895190551181104
20
-4.5080401574803153
11
4.2895190551181104
21
-4.5092306299212597
0
LINE
8
BLACK
6
CONTINUOUS
10
4.2895190551181104
20
-4.5092306299212597
11
4.2895186614173229
21
-4.5092325196850389
0
LINE
8
BLACK
6
CONTINUOUS
10
4.2895186614173229
20
-4.5092325196850389
11
4.2895189763779529
21
-4.5092334251968502
0
LINE
8
BLACK
6
CONTINUOUS
10
4.2895189763779529
20
-4.5092334251968502
11
4.2895172440944878
21
-4.5092395669291339
0
LINE
8
BLACK
6
CONTINUOUS
10
4.2895172440944878
20
-4.5092395669291339
11
4.2895160629921261
21
-4.5092457086614175
0
LINE
8
BLACK
6
CONTINUOUS
10
4.2895160629921261
20
-4.5092457086614175
11
4.2895153937007873
21
-4.5092463385826766
0
LINE
8
BLACK
6
CONTINUOUS
10
4.2895153937007873
20
-4.5092463385826766
11
4.2895148818897635
21
-4.5092482677165355
0
LINE
8
BLACK
6
CONTINUOUS
10
4.2895148818897635
20
-4.5092482677165355
11
4.2892768110236217
21
-4.5097244094488191
0
LINE
8
BLACK
6
CONTINUOUS
10
4.2892768110236217
20
-4.5097244094488191
11
4.2892730314960632
21
-4.5097292913385827
0
LINE
8
BLACK
6
CONTINUOUS
10
4.2892730314960632
20
-4.5097292913385827
11
4.2892694488188976
21
-4.5097346456692913
0
LINE
8
BLACK
6
CONTINUOUS
10
4.2892694488188976
20
-4.5097346456692913
11
4.289031338582677
21
-4.5099727559055118
0
LINE
8
BLACK
6
CONTINUOUS
10
4.289031338582677
20
-4.5099727559055118
11
4.289026062992126
21
-4.5099762598425199
0
LINE
8
BLACK
6
CONTINUOUS
10
4.289026062992126
20
-4.5099762598425199
11
4.2890211023622049
21
-4.5099801574803147
0
LINE
8
BLACK
6
CONTINUOUS
10
4.2890211023622049
20
-4.5099801574803147
11
4.2885449212598425
21
-4.5102181889763777
0
LINE
8
BLACK
6
CONTINUOUS
10
4.2885449212598425
20
-4.5102181889763777
11
4.2885430708661421
21
-4.5102187007874015
0
LINE
8
BLACK
6
CONTINUOUS
10
4.2885430708661421
20
-4.5102187007874015
11
4.2885424015748033
21
-4.5102193700787403
0
LINE
8
BLACK
6
CONTINUOUS
10
4.2885424015748033
20
-4.5102193700787403
11
4.2885361811023621
21
-4.5102205905511807
0
LINE
8
BLACK
6
CONTINUOUS
10
4.2885361811023621
20
-4.5102205905511807
11
4.288530118110236
21
-4.5102222834645671
0
LINE
8
BLACK
6
CONTINUOUS
10
4.288530118110236
20
-4.5102222834645671
11
4.2885292125984247
21
-4.5102219685039371
0
LINE
8
BLACK
6
CONTINUOUS
10
4.2885292125984247
20
-4.5102219685039371
11
4.2885273228346454
21
-4.5102223622047246
0
LINE
8
BLACK
6
CONTINUOUS
10
4.2885273228346454
20
-4.5102223622047246
11
4.2875749212598429
21
-4.5102223622047246
0
LINE
8
BLACK
6
CONTINUOUS
10
4.2875749212598429
20
-4.5102223622047246
11
4.287572992125984
21
-4.5102219685039371
0
LINE
8
BLACK
6
CONTINUOUS
10
4.287572992125984
20
-4.5102219685039371
11
4.2875721259842523
21
-4.5102222834645671
0
LINE
8
BLACK
6
CONTINUOUS
10
4.2875721259842523
20
-4.5102222834645671
11
4.2875659448818899
21
-4.510220551181102
0
LINE
8
BLACK
6
CONTINUOUS
10
4.2875659448818899
20
-4.510220551181102
11
4.287559842519685
21
-4.5102193700787403
0
LINE
8
BLACK
6
CONTINUOUS
10
4.287559842519685
20
-4.5102193700787403
11
4.2875591732283462
21
-4.5102187007874015
0
LINE
8
BLACK
6
CONTINUOUS
10
4.2875591732283462
20
-4.5102187007874015
11
4.287557283464567
21
-4.5102181889763777
0
LINE
8
BLACK
6
CONTINUOUS
10
4.287557283464567
20
-4.5102181889763777
11
4.2870811417322834
21
-4.5099801181102359
0
LINE
8
BLACK
6
CONTINUOUS
10
4.2870811417322834
20
-4.5099801181102359
11
4.2870762204724411
21
-4.5099763385826774
0
LINE
8
BLACK
6
CONTINUOUS
10
4.2870762204724411
20
-4.5099763385826774
11
4.2870709055118112
21
-4.5099727559055118
0
LINE
8
BLACK
6
CONTINUOUS
10
4.2870709055118112
20
-4.5099727559055118
11
4.2868328346456694
21
-4.5097346456692913
0
LINE
8
BLACK
6
CONTINUOUS
10
4.2868328346456694
20
-4.5097346456692913
11
4.2868292913385826
21
-4.5097293700787402
0
LINE
8
BLACK
6
CONTINUOUS
10
4.2868292913385826
20
-4.5097293700787402
11
4.2868254724409445
21
-4.5097244094488191
0
LINE
8
BLACK
6
CONTINUOUS
10
4.2868254724409445
20
-4.5097244094488191
11
4.2865873622047239
21
-4.5092482283464568
0
LINE
8
BLACK
6
CONTINUOUS
10
4.2865873622047239
20
-4.5092482283464568
11
4.286586850393701
21
-4.5092463779527554
0
LINE
8
BLACK
6
CONTINUOUS
10
4.286586850393701
20
-4.5092463779527554
11
4.2865861811023622
21
-4.5092457086614175
0
LINE
8
BLACK
6
CONTINUOUS
10
4.2865861811023622
20
-4.5092457086614175
11
4.2865849212598421
21
-4.5092394881889764
0
LINE
8
BLACK
6
CONTINUOUS
10
4.2865849212598421
20
-4.5092394881889764
11
4.2865832677165354
21
-4.5092334251968502
0
LINE
8
BLACK
6
CONTINUOUS
10
4.2865832677165354
20
-4.5092334251968502
11
4.2865835433070867
21
-4.5092325196850389
0
LINE
8
BLACK
6
CONTINUOUS
10
4.2865835433070867
20
-4.5092325196850389
11
4.2865831889763779
21
-4.5092306299212597
0
LINE
8
BLACK
6
CONTINUOUS
10
4.2865831889763779
20
-4.5092306299212597
11
4.2865831889763779
21
-4.5073258661417324
0
LINE
8
BLACK
6
CONTINUOUS
10
4.2865831889763779
20
-4.5073258661417324
11
4.286584133858268
21
-4.5073210629921263
0
LINE
8
BLACK
6
CONTINUOUS
10
4.286584133858268
20
-4.5073210629921263
11
4.2865843700787405
21
-4.5073162992125981
0
LINE
8
BLACK
6
CONTINUOUS
10
4.2865843700787405
20
-4.5073162992125981
11
4.2868224803149602
21
-4.5063638976377955
0
LINE
8
BLACK
6
CONTINUOUS
10
4.2868224803149602
20
-4.5063638976377955
11
4.2868253149606295
21
-4.5063578740157482
0
LINE
8
BLACK
6
CONTINUOUS
10
4.2868253149606295
20
-4.5063578740157482
11
4.2868279133858262
21
-4.5063516141732283
0
LINE
8
BLACK
6
CONTINUOUS
10
4.2868279133858262
20
-4.5063516141732283
11
4.2873040944881886
21
-4.5056373228346454
0
LINE
8
BLACK
6
CONTINUOUS
10
4.2873040944881886
20
-4.5056373228346454
11
4.2873068503937004
21
-4.5056345275590548
0
LINE
8
BLACK
6
CONTINUOUS
10
4.2873068503937004
20
-4.5056345275590548
11
4.2873090157480318
21
-4.5056313385826767
0
LINE
8
BLACK
6
CONTINUOUS
10
4.2873090157480318
20
-4.5056313385826767
11
4.2875470866141727
21
-4.5053932677165349
0
LINE
8
BLACK
6
CONTINUOUS
10
4.2875470866141727
20
-4.5053932677165349
11
4.2875523228346459
21
-4.505389724409449
0
LINE
8
BLACK
6
CONTINUOUS
10
4.2875523228346459
20
-4.505389724409449
11
4.2875573228346457
21
-4.5053859055118108
0
LINE
8
BLACK
6
CONTINUOUS
10
4.2875573228346457
20
-4.5053859055118108
11
4.2880335433070869
21
-4.5051477559055115
0
LINE
8
BLACK
6
CONTINUOUS
10
4.2880335433070869
20
-4.5051477559055115
11
4.2880354330708661
21
-4.505147204724409
0
LINE
8
BLACK
6
CONTINUOUS
10
4.2880354330708661
20
-4.505147204724409
11
4.2880360629921261
21
-4.5051466141732286
0
LINE
8
BLACK
6
CONTINUOUS
10
4.2880360629921261
20
-4.5051466141732286
11
4.2880420866141735
21
-4.5051453937007873
0
LINE
8
BLACK
6
CONTINUOUS
10
4.2880420866141735
20
-4.5051453937007873
11
4.2880483858267713
21
-4.5051437007874018
0
LINE
8
BLACK
6
CONTINUOUS
10
4.2880483858267713
20
-4.5051437007874018
11
4.2880492519685038
21
-4.5051439763779531
0
LINE
8
BLACK
6
CONTINUOUS
10
4.2880492519685038
20
-4.5051439763779531
11
4.2880511417322831
21
-4.5051436220472443
0
LINE
8
BLACK
6
CONTINUOUS
10
4.2880511417322831
20
-4.5051436220472443
11
4.2890035039370078
21
-4.5051436220472443
0
LINE
8
BLACK
6
CONTINUOUS
10
4.2890035039370078
20
-4.5051436220472443
11
4.2890185826771656
21
-4.5051466141732286
0
LINE
8
BLACK
6
CONTINUOUS
10
4.2871220866141728
20
-4.5073581496062989
11
4.2868930314960627
21
-4.507587204724409
0
LINE
8
BLACK
6
CONTINUOUS
10
4.2868930314960627
20
-4.507587204724409
11
4.2866619291338584
21
-4.5080494094488186
0
LINE
8
BLACK
6
CONTINUOUS
10
4.2866619291338584
20
-4.5080494094488186
11
4.2866619291338584
21
-4.5092213385826767
0
LINE
8
BLACK
6
CONTINUOUS
10
4.2866619291338584
20
-4.5092213385826767
11
4.286892992125984
21
-4.5096834645669288
0
LINE
8
BLACK
6
CONTINUOUS
10
4.286892992125984
20
-4.5096834645669288
11
4.2871220866141728
21
-4.5099125590551177
0
LINE
8
BLACK
6
CONTINUOUS
10
4.2871220866141728
20
-4.5099125590551177
11
4.2875842519685037
21
-4.5101436220472442
0
LINE
8
BLACK
6
CONTINUOUS
10
4.2875842519685037
20
-4.5101436220472442
11
4.2885180708661412
21
-4.5101436220472442
0
LINE
8
BLACK
6
CONTINUOUS
10
4.2885180708661412
20
-4.5101436220472442
11
4.2889801968503933
21
-4.5099125590551177
0
LINE
8
BLACK
6
CONTINUOUS
10
4.2889801968503933
20
-4.5099125590551177
11
4.2892092519685034
21
-4.5096834645669288
0
LINE
8
BLACK
6
CONTINUOUS
10
4.2892092519685034
20
-4.5096834645669288
11
4.2894403149606299
21
-4.509221299212598
0
LINE
8
BLACK
6
CONTINUOUS
10
4.2894403149606299
20
-4.509221299212598
11
4.2894403149606299
21
-4.5080494488188974
0
LINE
8
BLACK
6
CONTINUOUS
10
4.2894403149606299
20
-4.5080494488188974
11
4.2892092519685034
21
-4.5075872440944877
0
LINE
8
BLACK
6
CONTINUOUS
10
4.2892092519685034
20
-4.5075872440944877
11
4.2889801574803146
21
-4.5073581889763776
0
LINE
8
BLACK
6
CONTINUOUS
10
4.2889801574803146
20
-4.5073581889763776
11
4.2885180708661412
21
-4.507127125984252
0
LINE
8
BLACK
6
CONTINUOUS
10
4.2885180708661412
20
-4.507127125984252
11
4.2875841732283462
21
-4.507127125984252
0
LINE
8
BLACK
6
CONTINUOUS
10
4.2875841732283462
20
-4.507127125984252
11
4.2871220866141728
21
-4.5073581496062989
0
LINE
8
BLACK
6
CONTINUOUS
10
4.3013863385826774
20
-4.5068106299212598
11
4.3013872440944878
21
-4.5068103543307085
0
LINE
8
BLACK
6
CONTINUOUS
10
4.3013872440944878
20
-4.5068103543307085
11
4.3013933070866139
21
-4.5068120078740153
0
LINE
8
BLACK
6
CONTINUOUS
10
4.3013933070866139
20
-4.5068120078740153
11
4.3013995275590551
21
-4.5068132677165353
0
LINE
8
BLACK
6
CONTINUOUS
10
4.3013995275590551
20
-4.5068132677165353
11
4.3014001968503939
21
-4.5068139370078741
0
LINE
8
BLACK
6
CONTINUOUS
10
4.3014001968503939
20
-4.5068139370078741
11
4.3014020472440944
21
-4.5068144488188979
0
LINE
8
BLACK
6
CONTINUOUS
10
4.3014020472440944
20
-4.5068144488188979
11
4.3018782283464567
21
-4.5070525590551176
0
LINE
8
BLACK
6
CONTINUOUS
10
4.3018782283464567
20
-4.5070525590551176
11
4.3018903937007877
21
-4.5070619685039368
0
LINE
8
BLACK
6
CONTINUOUS
10
4.3018903937007877
20
-4.5070619685039368
11
4.3018999212598423
21
-4.5070905511811024
0
LINE
8
BLACK
6
CONTINUOUS
10
4.3018999212598423
20
-4.5070905511811024
11
4.3018864173228346
21
-4.507117519685039
0
LINE
8
BLACK
6
CONTINUOUS
10
4.3018864173228346
20
-4.507117519685039
11
4.3018578346456691
21
-4.5071270472440945
0
LINE
8
BLACK
6
CONTINUOUS
10
4.3018578346456691
20
-4.5071270472440945
11
4.3018430314960625
21
-4.5071229527559051
0
LINE
8
BLACK
6
CONTINUOUS
10
4.3018430314960625
20
-4.5071229527559051
11
4.3013751968503939
21
-4.5068890157480315
0
LINE
8
BLACK
6
CONTINUOUS
10
4.3013751968503939
20
-4.5068890157480315
11
4.300441299212598
21
-4.5068890157480315
0
LINE
8
BLACK
6
CONTINUOUS
10
4.300441299212598
20
-4.5068890157480315
11
4.2999792125984255
21
-4.5071200393700783
0
LINE
8
BLACK
6
CONTINUOUS
10
4.2999792125984255
20
-4.5071200393700783
11
4.2997501181102358
21
-4.5073491732283459
0
LINE
8
BLACK
6
CONTINUOUS
10
4.2997501181102358
20
-4.5073491732283459
11
4.2995190551181102
21
-4.507811299212598
0
LINE
8
BLACK
6
CONTINUOUS
10
4.2995190551181102
20
-4.507811299212598
11
4.2995190551181102
21
-4.5092213385826767
0
LINE
8
BLACK
6
CONTINUOUS
10
4.2995190551181102
20
-4.5092213385826767
11
4.2997501181102358
21
-4.5096834645669288
0
LINE
8
BLACK
6
CONTINUOUS
10
4.2997501181102358
20
-4.5096834645669288
11
4.2999792125984255
21
-4.5099125590551177
0
LINE
8
BLACK
6
CONTINUOUS
10
4.2999792125984255
20
-4.5099125590551177
11
4.3004413779527555
21
-4.5101436220472442
0
LINE
8
BLACK
6
CONTINUOUS
10
4.3004413779527555
20
-4.5101436220472442
11
4.3013751968503939
21
-4.5101436220472442
0
LINE
8
BLACK
6
CONTINUOUS
10
4.3013751968503939
20
-4.5101436220472442
11
4.3018429921259838
21
-4.5099097244094484
0
LINE
8
BLACK
6
CONTINUOUS
10
4.3018429921259838
20
-4.5099097244094484
11
4.3018578346456691
21
-4.5099056299212599
0
LINE
8
BLACK
6
CONTINUOUS
10
4.3018578346456691
20
-4.5099056299212599
11
4.3018864173228346
21
-4.5099151574803145
0
LINE
8
BLACK
6
CONTINUOUS
10
4.3018864173228346
20
-4.5099151574803145
11
4.3018998818897636
21
-4.5099421653543308
0
LINE
8
BLACK
6
CONTINUOUS
10
4.3018998818897636
20
-4.5099421653543308
11
4.301890354330709
21
-4.5099707086614176
0
LINE
8
BLACK
6
CONTINUOUS
10
4.301890354330709
20
-4.5099707086614176
11
4.3018782283464567
21
-4.5099801574803147
0
LINE
8
BLACK
6
CONTINUOUS
10
4.3018782283464567
20
-4.5099801574803147
11
4.3014020472440944
21
-4.5102181889763777
0
LINE
8
BLACK
6
CONTINUOUS
10
4.3014020472440944
20
-4.5102181889763777
11
4.3014001968503939
21
-4.5102187007874015
0
LINE
8
BLACK
6
CONTINUOUS
10
4.3014001968503939
20
-4.5102187007874015
11
4.3013995275590551
21
-4.5102193700787403
0
LINE
8
BLACK
6
CONTINUOUS
10
4.3013995275590551
20
-4.5102193700787403
11
4.3013933070866139
21
-4.5102205905511807
0
LINE
8
BLACK
6
CONTINUOUS
10
4.3013933070866139
20
-4.5102205905511807
11
4.3013872440944878
21
-4.5102222834645671
0
LINE
8
BLACK
6
CONTINUOUS
10
4.3013872440944878
20
-4.5102222834645671
11
4.3013863385826774
21
-4.5102219685039371
0
LINE
8
BLACK
6
CONTINUOUS
10
4.3013863385826774
20
-4.5102219685039371
11
4.3013844488188973
21
-4.5102223622047246
0
LINE
8
BLACK
6
CONTINUOUS
10
4.3013844488188973
20
-4.5102223622047246
11
4.3004320472440947
21
-4.5102223622047246
0
LINE
8
BLACK
6
CONTINUOUS
10
4.3004320472440947
20
-4.5102223622047246
11
4.3004301181102358
21
-4.5102219685039371
0
LINE
8
BLACK
6
CONTINUOUS
10
4.3004301181102358
20
-4.5102219685039371
11
4.3004292519685041
21
-4.5102222834645671
0
LINE
8
BLACK
6
CONTINUOUS
10
4.3004292519685041
20
-4.5102222834645671
11
4.3004230708661417
21
-4.510220551181102
0
LINE
8
BLACK
6
CONTINUOUS
10
4.3004230708661417
20
-4.510220551181102
11
4.3004169685039368
21
-4.5102193700787403
0
LINE
8
BLACK
6
CONTINUOUS
10
4.3004169685039368
20
-4.5102193700787403
11
4.300416299212598
21
-4.5102187007874015
0
LINE
8
BLACK
6
CONTINUOUS
10
4.300416299212598
20
-4.5102187007874015
11
4.3004144094488188
21
-4.5102181889763777
0
LINE
8
BLACK
6
CONTINUOUS
10
4.3004144094488188
20
-4.5102181889763777
11
4.2999382677165352
21
-4.5099801181102359
0
LINE
8
BLACK
6
CONTINUOUS
10
4.2999382677165352
20
-4.5099801181102359
11
4.2999333464566929
21
-4.5099763385826774
0
LINE
8
BLACK
6
CONTINUOUS
10
4.2999333464566929
20
-4.5099763385826774
11
4.2999280314960631
21
-4.5099727559055118
0
LINE
8
BLACK
6
CONTINUOUS
10
4.2999280314960631
20
-4.5099727559055118
11
4.2996899606299213
21
-4.5097346456692913
0
LINE
8
BLACK
6
CONTINUOUS
10
4.2996899606299213
20
-4.5097346456692913
11
4.2996864173228344
21
-4.5097293700787402
0
LINE
8
BLACK
6
CONTINUOUS
10
4.2996864173228344
20
-4.5097293700787402
11
4.2996825984251972
21
-4.5097244094488191
0
LINE
8
BLACK
6
CONTINUOUS
10
4.2996825984251972
20
-4.5097244094488191
11
4.2994444881889766
21
-4.5092482283464568
0
LINE
8
BLACK
6
CONTINUOUS
10
4.2994444881889766
20
-4.5092482283464568
11
4.2994439763779528
21
-4.5092463779527554
0
LINE
8
BLACK
6
CONTINUOUS
10
4.2994439763779528
20
-4.5092463779527554
11
4.299443307086614
21
-4.5092457086614175
0
LINE
8
BLACK
6
CONTINUOUS
10
4.299443307086614
20
-4.5092457086614175
11
4.299442047244094
21
-4.5092394881889764
0
LINE
8
BLACK
6
CONTINUOUS
10
4.299442047244094
20
-4.5092394881889764
11
4.2994403937007872
21
-4.5092334251968502
0
LINE
8
BLACK
6
CONTINUOUS
10
4.2994403937007872
20
-4.5092334251968502
11
4.2994406692913385
21
-4.5092325196850389
0
LINE
8
BLACK
6
CONTINUOUS
10
4.2994406692913385
20
-4.5092325196850389
11
4.2994403149606297
21
-4.5092306299212597
0
LINE
8
BLACK
6
CONTINUOUS
10
4.2994403149606297
20
-4.5092306299212597
11
4.2994403149606297
21
-4.5078020472440947
0
LINE
8
BLACK
6
CONTINUOUS
10
4.2994403149606297
20
-4.5078020472440947
11
4.2994406692913385
21
-4.5078001181102358
0
LINE
8
BLACK
6
CONTINUOUS
10
4.2994406692913385
20
-4.5078001181102358
11
4.2994403937007872
21
-4.5077992519685042
0
LINE
8
BLACK
6
CONTINUOUS
10
4.2994403937007872
20
-4.5077992519685042
11
4.299442047244094
21
-4.5077931496062993
0
LINE
8
BLACK
6
CONTINUOUS
10
4.299442047244094
20
-4.5077931496062993
11
4.299443307086614
21
-4.5077869685039369
0
LINE
8
BLACK
6
CONTINUOUS
10
4.299443307086614
20
-4.5077869685039369
11
4.2994439763779528
21
-4.5077862992125981
0
LINE
8
BLACK
6
CONTINUOUS
10
4.2994439763779528
20
-4.5077862992125981
11
4.2994444881889766
21
-4.5077844488188976
0
LINE
8
BLACK
6
CONTINUOUS
10
4.2994444881889766
20
-4.5077844488188976
11
4.2996825984251972
21
-4.5073082677165353
0
LINE
8
BLACK
6
CONTINUOUS
10
4.2996825984251972
20
-4.5073082677165353
11
4.2996864173228344
21
-4.5073032677165354
0
LINE
8
BLACK
6
CONTINUOUS
10
4.2996864173228344
20
-4.5073032677165354
11
4.2996899606299213
21
-4.5072980314960631
0
LINE
8
BLACK
6
CONTINUOUS
10
4.2996899606299213
20
-4.5072980314960631
11
4.2999280314960631
21
-4.5070599212598426
0
LINE
8
BLACK
6
CONTINUOUS
10
4.2999280314960631
20
-4.5070599212598426
11
4.2999333464566929
21
-4.5070562992125982
0
LINE
8
BLACK
6
CONTINUOUS
10
4.2999333464566929
20
-4.5070562992125982
11
4.2999382677165352
21
-4.5070525590551176
0
LINE
8
BLACK
6
CONTINUOUS
10
4.2999382677165352
20
-4.5070525590551176
11
4.3004144488188976
21
-4.5068144488188979
0
LINE
8
BLACK
6
CONTINUOUS
10
4.3004144488188976
20
-4.5068144488188979
11
4.300416299212598
21
-4.5068139370078741
0
LINE
8
BLACK
6
CONTINUOUS
10
4.300416299212598
20
-4.5068139370078741
11
4.3004169685039368
21
-4.5068132677165353
0
LINE
8
BLACK
6
CONTINUOUS
10
4.3004169685039368
20
-4.5068132677165353
11
4.3004231496062992
21
-4.5068120078740153
0
LINE
8
BLACK
6
CONTINUOUS
10
4.3004231496062992
20
-4.5068120078740153
11
4.3004292519685041
21
-4.5068103543307085
0
LINE
8
BLACK
6
CONTINUOUS
10
4.3004292519685041
20
-4.5068103543307085
11
4.3004301181102358
21
-4.5068106299212598
0
LINE
8
BLACK
6
CONTINUOUS
10
4.3004301181102358
20
-4.5068106299212598
11
4.3004320472440947
21
-4.506810275590551
0
LINE
8
BLACK
6
CONTINUOUS
10
4.3004320472440947
20
-4.506810275590551
11
4.3013844488188973
21
-4.506810275590551
0
LINE
8
BLACK
6
CONTINUOUS
10
4.3013844488188973
20
-4.506810275590551
11
4.3013863385826774
21
-4.5068106299212598
0
LINE
8
BLACK
6
CONTINUOUS
10
4.3056720472440944
20
-4.5068106299212598
11
4.3056729527559057
21
-4.5068103543307085
0
LINE
8
BLACK
6
CONTINUOUS
10
4.3056729527559057
20
-4.5068103543307085
11
4.3056790157480318
21
-4.5068120078740153
0
LINE
8
BLACK
6
CONTINUOUS
10
4.3056790157480318
20
-4.5068120078740153
11
4.3056852362204721
21
-4.5068132677165353
0
LINE
8
BLACK
6
CONTINUOUS
10
4.3056852362204721
20
-4.5068132677165353
11
4.3056859055118109
21
-4.5068139370078741
0
LINE
8
BLACK
6
CONTINUOUS
10
4.3056859055118109
20
-4.5068139370078741
11
4.3056877559055113
21
-4.5068144488188979
0
LINE
8
BLACK
6
CONTINUOUS
10
4.3056877559055113
20
-4.5068144488188979
11
4.3061639370078737
21
-4.5070525590551176
0
LINE
8
BLACK
6
CONTINUOUS
10
4.3061639370078737
20
-4.5070525590551176
11
4.3061761023622047
21
-4.5070619685039368
0
LINE
8
BLACK
6
CONTINUOUS
10
4.3061761023622047
20
-4.5070619685039368
11
4.3061856299212593
21
-4.5070905511811024
0
LINE
8
BLACK
6
CONTINUOUS
10
4.3061856299212593
20
-4.5070905511811024
11
4.3061721259842516
21
-4.507117519685039
0
LINE
8
BLACK
6
CONTINUOUS
10
4.3061721259842516
20
-4.507117519685039
11
4.3061435433070869
21
-4.5071270472440945
0
LINE
8
BLACK
6
CONTINUOUS
10
4.3061435433070869
20
-4.5071270472440945
11
4.3061287401574804
21
-4.5071229527559051
0
LINE
8
BLACK
6
CONTINUOUS
10
4.3061287401574804
20
-4.5071229527559051
11
4.3056609055118109
21
-4.5068890157480315
0
LINE
8
BLACK
6
CONTINUOUS
10
4.3056609055118109
20
-4.5068890157480315
11
4.3047270078740159
21
-4.5068890157480315
0
LINE
8
BLACK
6
CONTINUOUS
10
4.3047270078740159
20
-4.5068890157480315
11
4.3042649212598425
21
-4.5071200393700783
0
LINE
8
BLACK
6
CONTINUOUS
10
4.3042649212598425
20
-4.5071200393700783
11
4.3040358267716536
21
-4.5073491732283459
0
LINE
8
BLACK
6
CONTINUOUS
10
4.3040358267716536
20
-4.5073491732283459
11
4.3038047637795271
21
-4.507811299212598
0
LINE
8
BLACK
6
CONTINUOUS
10
4.3038047637795271
20
-4.507811299212598
11
4.3038047637795271
21
-4.5092213385826767
0
LINE
8
BLACK
6
CONTINUOUS
10
4.3038047637795271
20
-4.5092213385826767
11
4.3040358267716536
21
-4.5096834645669288
0
LINE
8
BLACK
6
CONTINUOUS
10
4.3040358267716536
20
-4.5096834645669288
11
4.3042649212598425
21
-4.5099125590551177
0
LINE
8
BLACK
6
CONTINUOUS
10
4.3042649212598425
20
-4.5099125590551177
11
4.3047270866141734
21
-4.5101436220472442
0
LINE
8
BLACK
6
CONTINUOUS
10
4.3047270866141734
20
-4.5101436220472442
11
4.3056609055118109
21
-4.5101436220472442
0
LINE
8
BLACK
6
CONTINUOUS
10
4.3056609055118109
20
-4.5101436220472442
11
4.3061287007874016
21
-4.5099097244094484
0
LINE
8
BLACK
6
CONTINUOUS
10
4.3061287007874016
20
-4.5099097244094484
11
4.3061435433070869
21
-4.5099056299212599
0
LINE
8
BLACK
6
CONTINUOUS
10
4.3061435433070869
20
-4.5099056299212599
11
4.3061721259842516
21
-4.5099151574803145
0
LINE
8
BLACK
6
CONTINUOUS
10
4.3061721259842516
20
-4.5099151574803145
11
4.3061855905511814
21
-4.5099421653543308
0
LINE
8
BLACK
6
CONTINUOUS
10
4.3061855905511814
20
-4.5099421653543308
11
4.306176062992126
21
-4.5099707086614176
0
LINE
8
BLACK
6
CONTINUOUS
10
4.306176062992126
20
-4.5099707086614176
11
4.3061639370078737
21
-4.5099801574803147
0
LINE
8
BLACK
6
CONTINUOUS
10
4.3061639370078737
20
-4.5099801574803147
11
4.3056877559055113
21
-4.5102181889763777
0
LINE
8
BLACK
6
CONTINUOUS
10
4.3056877559055113
20
-4.5102181889763777
11
4.3056859055118109
21
-4.5102187007874015
0
LINE
8
BLACK
6
CONTINUOUS
10
4.3056859055118109
20
-4.5102187007874015
11
4.3056852362204721
21
-4.5102193700787403
0
LINE
8
BLACK
6
CONTINUOUS
10
4.3056852362204721
20
-4.5102193700787403
11
4.3056790157480318
21
-4.5102205905511807
0
LINE
8
BLACK
6
CONTINUOUS
10
4.3056790157480318
20
-4.5102205905511807
11
4.3056729527559057
21
-4.5102222834645671
0
LINE
8
BLACK
6
CONTINUOUS
10
4.3056729527559057
20
-4.5102222834645671
11
4.3056720472440944
21
-4.5102219685039371
0
LINE
8
BLACK
6
CONTINUOUS
10
4.3056720472440944
20
-4.5102219685039371
11
4.3056701574803151
21
-4.5102223622047246
0
LINE
8
BLACK
6
CONTINUOUS
10
4.3056701574803151
20
-4.5102223622047246
11
4.3047177559055116
21
-4.5102223622047246
0
LINE
8
BLACK
6
CONTINUOUS
10
4.3047177559055116
20
-4.5102223622047246
11
4.3047158267716537
21
-4.5102219685039371
0
LINE
8
BLACK
6
CONTINUOUS
10
4.3047158267716537
20
-4.5102219685039371
11
4.3047149606299211
21
-4.5102222834645671
0
LINE
8
BLACK
6
CONTINUOUS
10
4.3047149606299211
20
-4.5102222834645671
11
4.3047087795275587
21
-4.510220551181102
0
LINE
8
BLACK
6
CONTINUOUS
10
4.3047087795275587
20
-4.510220551181102
11
4.3047026771653538
21
-4.5102193700787403
0
LINE
8
BLACK
6
CONTINUOUS
10
4.3047026771653538
20
-4.5102193700787403
11
4.3047020078740159
21
-4.5102187007874015
0
LINE
8
BLACK
6
CONTINUOUS
10
4.3047020078740159
20
-4.5102187007874015
11
4.3047001181102358
21
-4.5102181889763777
0
LINE
8
BLACK
6
CONTINUOUS
10
4.3047001181102358
20
-4.5102181889763777
11
4.3042239763779531
21
-4.5099801181102359
0
LINE
8
BLACK
6
CONTINUOUS
10
4.3042239763779531
20
-4.5099801181102359
11
4.3042190551181099
21
-4.5099763385826774
0
LINE
8
BLACK
6
CONTINUOUS
10
4.3042190551181099
20
-4.5099763385826774
11
4.30421374015748
21
-4.5099727559055118
0
LINE
8
BLACK
6
CONTINUOUS
10
4.30421374015748
20
-4.5099727559055118
11
4.3039756692913382
21
-4.5097346456692913
0
LINE
8
BLACK
6
CONTINUOUS
10
4.3039756692913382
20
-4.5097346456692913
11
4.3039721259842523
21
-4.5097293700787402
0
LINE
8
BLACK
6
CONTINUOUS
10
4.3039721259842523
20
-4.5097293700787402
11
4.3039683070866142
21
-4.5097244094488191
0
LINE
8
BLACK
6
CONTINUOUS
10
4.3039683070866142
20
-4.5097244094488191
11
4.3037301968503936
21
-4.5092482283464568
0
LINE
8
BLACK
6
CONTINUOUS
10
4.3037301968503936
20
-4.5092482283464568
11
4.3037296850393698
21
-4.5092463779527554
0
LINE
8
BLACK
6
CONTINUOUS
10
4.3037296850393698
20
-4.5092463779527554
11
4.303729015748031
21
-4.5092457086614175
0
LINE
8
BLACK
6
CONTINUOUS
10
4.303729015748031
20
-4.5092457086614175
11
4.3037277559055118
21
-4.5092394881889764
0
LINE
8
BLACK
6
CONTINUOUS
10
4.3037277559055118
20
-4.5092394881889764
11
4.3037261023622042
21
-4.5092334251968502
0
LINE
8
BLACK
6
CONTINUOUS
10
4.3037261023622042
20
-4.5092334251968502
11
4.3037263779527555
21
-4.5092325196850389
0
LINE
8
BLACK
6
CONTINUOUS
10
4.3037263779527555
20
-4.5092325196850389
11
4.3037260236220467
21
-4.5092306299212597
0
LINE
8
BLACK
6
CONTINUOUS
10
4.3037260236220467
20
-4.5092306299212597
11
4.3037260236220467
21
-4.5078020472440947
0
LINE
8
BLACK
6
CONTINUOUS
10
4.3037260236220467
20
-4.5078020472440947
11
4.3037263779527555
21
-4.5078001181102358
0
LINE
8
BLACK
6
CONTINUOUS
10
4.3037263779527555
20
-4.5078001181102358
11
4.3037261023622042
21
-4.5077992519685042
0
LINE
8
BLACK
6
CONTINUOUS
10
4.3037261023622042
20
-4.5077992519685042
11
4.3037277559055118
21
-4.5077931496062993
0
LINE
8
BLACK
6
CONTINUOUS
10
4.3037277559055118
20
-4.5077931496062993
11
4.303729015748031
21
-4.5077869685039369
0
LINE
8
BLACK
6
CONTINUOUS
10
4.303729015748031
20
-4.5077869685039369
11
4.3037296850393698
21
-4.5077862992125981
0
LINE
8
BLACK
6
CONTINUOUS
10
4.3037296850393698
20
-4.5077862992125981
11
4.3037301968503936
21
-4.5077844488188976
0
LINE
8
BLACK
6
CONTINUOUS
10
4.3037301968503936
20
-4.5077844488188976
11
4.3039683070866142
21
-4.5073082677165353
0
LINE
8
BLACK
6
CONTINUOUS
10
4.3039683070866142
20
-4.5073082677165353
11
4.3039721259842523
21
-4.5073032677165354
0
LINE
8
BLACK
6
CONTINUOUS
10
4.3039721259842523
20
-4.5073032677165354
11
4.3039756692913382
21
-4.5072980314960631
0
LINE
8
BLACK
6
CONTINUOUS
10
4.3039756692913382
20
-4.5072980314960631
11
4.30421374015748
21
-4.5070599212598426
0
LINE
8
BLACK
6
CONTINUOUS
10
4.30421374015748
20
-4.5070599212598426
11
4.3042190551181099
21
-4.5070562992125982
0
LINE
8
BLACK
6
CONTINUOUS
10
4.3042190551181099
20
-4.5070562992125982
11
4.3042239763779531
21
-4.5070525590551176
0
LINE
8
BLACK
6
CONTINUOUS
10
4.3042239763779531
20
-4.5070525590551176
11
4.3047001574803145
21
-4.5068144488188979
0
LINE
8
BLACK
6
CONTINUOUS
10
4.3047001574803145
20
-4.5068144488188979
11
4.3047020078740159
21
-4.5068139370078741
0
LINE
8
BLACK
6
CONTINUOUS
10
4.3047020078740159
20
-4.5068139370078741
11
4.3047026771653538
21
-4.5068132677165353
0
LINE
8
BLACK
6
CONTINUOUS
10
4.3047026771653538
20
-4.5068132677165353
11
4.3047088582677162
21
-4.5068120078740153
0
LINE
8
BLACK
6
CONTINUOUS
10
4.3047088582677162
20
-4.5068120078740153
11
4.3047149606299211
21
-4.5068103543307085
0
LINE
8
BLACK
6
CONTINUOUS
10
4.3047149606299211
20
-4.5068103543307085
11
4.3047158267716537
21
-4.5068106299212598
0
LINE
8
BLACK
6
CONTINUOUS
10
4.3047158267716537
20
-4.5068106299212598
11
4.3047177559055116
21
-4.506810275590551
0
LINE
8
BLACK
6
CONTINUOUS
10
4.3047177559055116
20
-4.506810275590551
11
4.3056701574803151
21
-4.506810275590551
0
LINE
8
BLACK
6
CONTINUOUS
10
4.3056701574803151
20
-4.506810275590551
11
4.3056720472440944
21
-4.5068106299212598
0
LINE
8
BLACK
6
CONTINUOUS
10
4.3097196456692917
20
-4.5068106299212598
11
4.3097205511811021
21
-4.5068103543307085
0
LINE
8
BLACK
6
CONTINUOUS
10
4.3097205511811021
20
-4.5068103543307085
11
4.3097266141732282
21
-4.5068120078740153
0
LINE
8
BLACK
6
CONTINUOUS
10
4.3097266141732282
20
-4.5068120078740153
11
4.3097328346456694
21
-4.5068132677165353
0
LINE
8
BLACK
6
CONTINUOUS
10
4.3097328346456694
20
-4.5068132677165353
11
4.3097335039370082
21
-4.5068139370078741
0
LINE
8
BLACK
6
CONTINUOUS
10
4.3097335039370082
20
-4.5068139370078741
11
4.3097353543307086
21
-4.5068144488188979
0
LINE
8
BLACK
6
CONTINUOUS
10
4.3097353543307086
20
-4.5068144488188979
11
4.3102115748031498
21
-4.5070525590551176
0
LINE
8
BLACK
6
CONTINUOUS
10
4.3102115748031498
20
-4.5070525590551176
11
4.3102177165354334
21
-4.507057283464567
0
LINE
8
BLACK
6
CONTINUOUS
10
4.3102177165354334
20
-4.507057283464567
11
4.3102197637795276
21
-4.5070579921259846
0
LINE
8
BLACK
6
CONTINUOUS
10
4.3102197637795276
20
-4.5070579921259846
11
4.3102214960629919
21
-4.5070601968503938
0
LINE
8
BLACK
6
CONTINUOUS
10
4.3102214960629919
20
-4.5070601968503938
11
4.3102237401574799
21
-4.5070619685039368
0
LINE
8
BLACK
6
CONTINUOUS
10
4.3102237401574799
20
-4.5070619685039368
11
4.3102244094488187
21
-4.5070639763779523
0
LINE
8
BLACK
6
CONTINUOUS
10
4.3102244094488187
20
-4.5070639763779523
11
4.310229173228346
21
-4.5070701574803147
0
LINE
8
BLACK
6
CONTINUOUS
10
4.310229173228346
20
-4.5070701574803147
11
4.3104672440944878
21
-4.5075462992125983
0
LINE
8
BLACK
6
CONTINUOUS
10
4.3104672440944878
20
-4.5075462992125983
11
4.3104677559055116
21
-4.5075481889763775
0
LINE
8
BLACK
6
CONTINUOUS
10
4.3104677559055116
20
-4.5075481889763775
11
4.3104684251968504
21
-4.5075488582677163
0
LINE
8
BLACK
6
CONTINUOUS
10
4.3104684251968504
20
-4.5075488582677163
11
4.3104696062992129
21
-4.5075549606299212
0
LINE
8
BLACK
6
CONTINUOUS
10
4.3104696062992129
20
-4.5075549606299212
11
4.3104713385826772
21
-4.5075611417322836
0
LINE
8
BLACK
6
CONTINUOUS
10
4.3104713385826772
20
-4.5075611417322836
11
4.3104710236220471
21
-4.5075620078740153
0
LINE
8
BLACK
6
CONTINUOUS
10
4.3104710236220471
20
-4.5075620078740153
11
4.3104714173228347
21
-4.5075639370078742
0
LINE
8
BLACK
6
CONTINUOUS
10
4.3104714173228347
20
-4.5075639370078742
11
4.3104714173228347
21
-4.5080401574803153
0
LINE
8
BLACK
6
CONTINUOUS
10
4.3104714173228347
20
-4.5080401574803153
11
4.3104702755905508
21
-4.5080457480314964
0
LINE
8
BLACK
6
CONTINUOUS
10
4.3104702755905508
20
-4.5080457480314964
11
4.3104707086614171
21
-4.5080477952755906
0
LINE
8
BLACK
6
CONTINUOUS
10
4.3104707086614171
20
-4.5080477952755906
11
4.3104695275590554
21
-4.5080494881889761
0
LINE
8
BLACK
6
CONTINUOUS
10
4.3104695275590554
20
-4.5080494881889761
11
4.3104684251968504
21
-4.5080552362204722
0
LINE
8
BLACK
6
CONTINUOUS
10
4.3104684251968504
20
-4.5080552362204722
11
4.3104603543307087
21
-4.5080632677165351
0
LINE
8
BLACK
6
CONTINUOUS
10
4.3104603543307087
20
-4.5080632677165351
11
4.3104539763779526
21
-4.5080728740157481
0
LINE
8
BLACK
6
CONTINUOUS
10
4.3104539763779526
20
-4.5080728740157481
11
4.3104485039370077
21
-4.5080751181102361
0
LINE
8
BLACK
6
CONTINUOUS
10
4.3104485039370077
20
-4.5080751181102361
11
4.3104471259842523
21
-4.5080765354330712
0
LINE
8
BLACK
6
CONTINUOUS
10
4.3104471259842523
20
-4.5080765354330712
11
4.3104451574803146
21
-4.5080765354330712
0
LINE
8
BLACK
6
CONTINUOUS
10
4.3104451574803146
20
-4.5080765354330712
11
4.3104397637795273
21
-4.5080787795275592
0
LINE
8
BLACK
6
CONTINUOUS
10
4.3104397637795273
20
-4.5080787795275592
11
4.308090472440945
21
-4.5085486220472442
0
LINE
8
BLACK
6
CONTINUOUS
10
4.308090472440945
20
-4.5085486220472442
11
4.308090472440945
21
-4.5094594094488185
0
LINE
8
BLACK
6
CONTINUOUS
10
4.308090472440945
20
-4.5094594094488185
11
4.3083185826771651
21
-4.5099155905511807
0
LINE
8
BLACK
6
CONTINUOUS
10
4.3083185826771651
20
-4.5099155905511807
11
4.3087747244094485
21
-4.5101436220472442
0
LINE
8
BLACK
6
CONTINUOUS
10
4.3087747244094485
20
-4.5101436220472442
11
4.3097085039370082
21
-4.5101436220472442
0
LINE
8
BLACK
6
CONTINUOUS
10
4.3097085039370082
20
-4.5101436220472442
11
4.3101763779527555
21
-4.5099097244094484
0
LINE
8
BLACK
6
CONTINUOUS
10
4.3101763779527555
20
-4.5099097244094484
11
4.3101911811023621
21
-4.5099056299212599
0
LINE
8
BLACK
6
CONTINUOUS
10
4.3101911811023621
20
-4.5099056299212599
11
4.3102197637795276
21
-4.5099151574803145
0
LINE
8
BLACK
6
CONTINUOUS
10
4.3102197637795276
20
-4.5099151574803145
11
4.3102332283464566
21
-4.5099421653543308
0
LINE
8
BLACK
6
CONTINUOUS
10
4.3102332283464566
20
-4.5099421653543308
11
4.3102237007874011
21
-4.5099707086614176
0
LINE
8
BLACK
6
CONTINUOUS
10
4.3102237007874011
20
-4.5099707086614176
11
4.3102115748031498
21
-4.5099801574803147
0
LINE
8
BLACK
6
CONTINUOUS
10
4.3102115748031498
20
-4.5099801574803147
11
4.3097353543307086
21
-4.5102181889763777
0
LINE
8
BLACK
6
CONTINUOUS
10
4.3097353543307086
20
-4.5102181889763777
11
4.3097335039370082
21
-4.5102187007874015
0
LINE
8
BLACK
6
CONTINUOUS
10
4.3097335039370082
20
-4.5102187007874015
11
4.3097328346456694
21
-4.5102193700787403
0
LINE
8
BLACK
6
CONTINUOUS
10
4.3097328346456694
20
-4.5102193700787403
11
4.3097266141732282
21
-4.5102205905511807
0
LINE
8
BLACK
6
CONTINUOUS
10
4.3097266141732282
20
-4.5102205905511807
11
4.3097205511811021
21
-4.5102222834645671
0
LINE
8
BLACK
6
CONTINUOUS
10
4.3097205511811021
20
-4.5102222834645671
11
4.3097196456692917
21
-4.5102219685039371
0
LINE
8
BLACK
6
CONTINUOUS
10
4.3097196456692917
20
-4.5102219685039371
11
4.3097177559055115
21
-4.5102223622047246
0
LINE
8
BLACK
6
CONTINUOUS
10
4.3097177559055115
20
-4.5102223622047246
11
4.3087653937007877
21
-4.5102223622047246
0
LINE
8
BLACK
6
CONTINUOUS
10
4.3087653937007877
20
-4.5102223622047246
11
4.3087634645669288
21
-4.5102219685039371
0
LINE
8
BLACK
6
CONTINUOUS
10
4.3087634645669288
20
-4.5102219685039371
11
4.3087625984251972
21
-4.5102222834645671
0
LINE
8
BLACK
6
CONTINUOUS
10
4.3087625984251972
20
-4.5102222834645671
11
4.3087564173228348
21
-4.510220551181102
0
LINE
8
BLACK
6
CONTINUOUS
10
4.3087564173228348
20
-4.510220551181102
11
4.3087503149606299
21
-4.5102193700787403
0
LINE
8
BLACK
6
CONTINUOUS
10
4.3087503149606299
20
-4.5102193700787403
11
4.3087496456692911
21
-4.5102187007874015
0
LINE
8
BLACK
6
CONTINUOUS
10
4.3087496456692911
20
-4.5102187007874015
11
4.3087477559055118
21
-4.5102181889763777
0
LINE
8
BLACK
6
CONTINUOUS
10
4.3087477559055118
20
-4.5102181889763777
11
4.3082716141732282
21
-4.5099801181102359
0
LINE
8
BLACK
6
CONTINUOUS
10
4.3082716141732282
20
-4.5099801181102359
11
4.3082654330708658
21
-4.5099753543307086
0
LINE
8
BLACK
6
CONTINUOUS
10
4.3082654330708658
20
-4.5099753543307086
11
4.3082634251968503
21
-4.5099746850393698
0
LINE
8
BLACK
6
CONTINUOUS
10
4.3082634251968503
20
-4.5099746850393698
11
4.3082616535433074
21
-4.5099724409448818
0
LINE
8
BLACK
6
CONTINUOUS
10
4.3082616535433074
20
-4.5099724409448818
11
4.3082594488188972
21
-4.5099707086614176
0
LINE
8
BLACK
6
CONTINUOUS
10
4.3082594488188972
20
-4.5099707086614176
11
4.3082587401574806
21
-4.5099686614173224
0
LINE
8
BLACK
6
CONTINUOUS
10
4.3082587401574806
20
-4.5099686614173224
11
4.3082540157480311
21
-4.5099625196850397
0
LINE
8
BLACK
6
CONTINUOUS
10
4.3082540157480311
20
-4.5099625196850397
11
4.3080159055118106
21
-4.5094862992125986
0
LINE
8
BLACK
6
CONTINUOUS
10
4.3080159055118106
20
-4.5094862992125986
11
4.3080153937007877
21
-4.5094844488188972
0
LINE
8
BLACK
6
CONTINUOUS
10
4.3080153937007877
20
-4.5094844488188972
11
4.3080147244094489
21
-4.5094837795275593
0
LINE
8
BLACK
6
CONTINUOUS
10
4.3080147244094489
20
-4.5094837795275593
11
4.3080134645669288
21
-4.5094775590551182
0
LINE
8
BLACK
6
CONTINUOUS
10
4.3080134645669288
20
-4.5094775590551182
11
4.3080118110236221
21
-4.509471496062992
0
LINE
8
BLACK
6
CONTINUOUS
10
4.3080118110236221
20
-4.509471496062992
11
4.3080120866141733
21
-4.5094705905511807
0
LINE
8
BLACK
6
CONTINUOUS
10
4.3080120866141733
20
-4.5094705905511807
11
4.3080117322834646
21
-4.5094687007874015
0
LINE
8
BLACK
6
CONTINUOUS
10
4.3080117322834646
20
-4.5094687007874015
11
4.3080117322834646
21
-4.5075639370078742
0
LINE
8
BLACK
6
CONTINUOUS
10
4.3080117322834646
20
-4.5075639370078742
11
4.3080120866141733
21
-4.5075620078740153
0
LINE
8
BLACK
6
CONTINUOUS
10
4.3080120866141733
20
-4.5075620078740153
11
4.3080118110236221
21
-4.5075611417322836
0
LINE
8
BLACK
6
CONTINUOUS
10
4.3080118110236221
20
-4.5075611417322836
11
4.3080134645669288
21
-4.5075550393700787
0
LINE
8
BLACK
6
CONTINUOUS
10
4.3080134645669288
20
-4.5075550393700787
11
4.3080147244094489
21
-4.5075488582677163
0
LINE
8
BLACK
6
CONTINUOUS
10
4.3080147244094489
20
-4.5075488582677163
11
4.3080153937007877
21
-4.5075481889763775
0
LINE
8
BLACK
6
CONTINUOUS
10
4.3080153937007877
20
-4.5075481889763775
11
4.3080159055118106
21
-4.5075463385826771
0
LINE
8
BLACK
6
CONTINUOUS
10
4.3080159055118106
20
-4.5075463385826771
11
4.3082540157480311
21
-4.5070701574803147
0
LINE
8
BLACK
6
CONTINUOUS
10
4.3082540157480311
20
-4.5070701574803147
11
4.3082587401574806
21
-4.5070639763779523
0
LINE
8
BLACK
6
CONTINUOUS
10
4.3082587401574806
20
-4.5070639763779523
11
4.3082594488188972
21
-4.5070619685039368
0
LINE
8
BLACK
6
CONTINUOUS
10
4.3082594488188972
20
-4.5070619685039368
11
4.3082616535433074
21
-4.5070601968503938
0
LINE
8
BLACK
6
CONTINUOUS
10
4.3082616535433074
20
-4.5070601968503938
11
4.3082634251968503
21
-4.5070579921259846
0
LINE
8
BLACK
6
CONTINUOUS
10
4.3082634251968503
20
-4.5070579921259846
11
4.3082654330708658
21
-4.507057283464567
0
LINE
8
BLACK
6
CONTINUOUS
10
4.3082654330708658
20
-4.507057283464567
11
4.3082716141732282
21
-4.5070525590551176
0
LINE
8
BLACK
6
CONTINUOUS
10
4.3082716141732282
20
-4.5070525590551176
11
4.3087477952755906
21
-4.5068144488188979
0
LINE
8
BLACK
6
CONTINUOUS
10
4.3087477952755906
20
-4.5068144488188979
11
4.3087496456692911
21
-4.5068139370078741
0
LINE
8
BLACK
6
CONTINUOUS
10
4.3087496456692911
20
-4.5068139370078741
11
4.3087503149606299
21
-4.5068132677165353
0
LINE
8
BLACK
6
CONTINUOUS
10
4.3087503149606299
20
-4.5068132677165353
11
4.3087564960629923
21
-4.5068120078740153
0
LINE
8
BLACK
6
CONTINUOUS
10
4.3087564960629923
20
-4.5068120078740153
11
4.3087625984251972
21
-4.5068103543307085
0
LINE
8
BLACK
6
CONTINUOUS
10
4.3087625984251972
20
-4.5068103543307085
11
4.3087634645669288
21
-4.5068106299212598
0
LINE
8
BLACK
6
CONTINUOUS
10
4.3087634645669288
20
-4.5068106299212598
11
4.3087653937007877
21
-4.506810275590551
0
LINE
8
BLACK
6
CONTINUOUS
10
4.3087653937007877
20
-4.506810275590551
11
4.3097177559055115
21
-4.506810275590551
0
LINE
8
BLACK
6
CONTINUOUS
10
4.3097177559055115
20
-4.506810275590551
11
4.3097196456692917
21
-4.5068106299212598
0
LINE
8
BLACK
6
CONTINUOUS
10
4.3083185039370075
20
-4.507117047244094
11
4.308090472440945
21
-4.5075731889763775
0
LINE
8
BLACK
6
CONTINUOUS
10
4.308090472440945
20
-4.5075731889763775
11
4.308090472440945
21
-4.5084682677165357
0
LINE
8
BLACK
6
CONTINUOUS
10
4.308090472440945
20
-4.5084682677165357
11
4.3103926771653542
21
-4.5080078346456691
0
LINE
8
BLACK
6
CONTINUOUS
10
4.3103926771653542
20
-4.5080078346456691
11
4.3103926771653542
21
-4.5075732283464562
0
LINE
8
BLACK
6
CONTINUOUS
10
4.3103926771653542
20
-4.5075732283464562
11
4.3101646456692908
21
-4.5071171259842515
0
LINE
8
BLACK
6
CONTINUOUS
10
4.3101646456692908
20
-4.5071171259842515
11
4.3097085039370082
21
-4.5068890157480315
0
LINE
8
BLACK
6
CONTINUOUS
10
4.3097085039370082
20
-4.5068890157480315
11
4.308774645669291
21
-4.5068890157480315
0
LINE
8
BLACK
6
CONTINUOUS
10
4.308774645669291
20
-4.5068890157480315
11
4.3083185039370075
21
-4.507117047244094
0
LINE
8
BLACK
6
CONTINUOUS
10
4.3166244094488189
20
-4.5068106299212598
11
4.3166253149606302
21
-4.5068103543307085
0
LINE
8
BLACK
6
CONTINUOUS
10
4.3166253149606302
20
-4.5068103543307085
11
4.3166313779527554
21
-4.5068120078740153
0
LINE
8
BLACK
6
CONTINUOUS
10
4.3166313779527554
20
-4.5068120078740153
11
4.3166375984251966
21
-4.5068132677165353
0
LINE
8
BLACK
6
CONTINUOUS
10
4.3166375984251966
20
-4.5068132677165353
11
4.3166382677165354
21
-4.5068139370078741
0
LINE
8
BLACK
6
CONTINUOUS
10
4.3166382677165354
20
-4.5068139370078741
11
4.3166401181102358
21
-4.5068144488188979
0
LINE
8
BLACK
6
CONTINUOUS
10
4.3166401181102358
20
-4.5068144488188979
11
4.317116338582677
21
-4.5070525590551176
0
LINE
8
BLACK
6
CONTINUOUS
10
4.317116338582677
20
-4.5070525590551176
11
4.3171224803149606
21
-4.507057283464567
0
LINE
8
BLACK
6
CONTINUOUS
10
4.3171224803149606
20
-4.507057283464567
11
4.3171245275590548
21
-4.5070579921259846
0
LINE
8
BLACK
6
CONTINUOUS
10
4.3171245275590548
20
-4.5070579921259846
11
4.31712625984252
21
-4.5070601968503938
0
LINE
8
BLACK
6
CONTINUOUS
10
4.31712625984252
20
-4.5070601968503938
11
4.317128503937008
21
-4.5070619685039368
0
LINE
8
BLACK
6
CONTINUOUS
10
4.317128503937008
20
-4.5070619685039368
11
4.3171291732283468
21
-4.5070639763779523
0
LINE
8
BLACK
6
CONTINUOUS
10
4.3171291732283468
20
-4.5070639763779523
11
4.3171339370078741
21
-4.5070701574803147
0
LINE
8
BLACK
6
CONTINUOUS
10
4.3171339370078741
20
-4.5070701574803147
11
4.3173720078740159
21
-4.5075462992125983
0
LINE
8
BLACK
6
CONTINUOUS
10
4.3173720078740159
20
-4.5075462992125983
11
4.3173725196850397
21
-4.5075481889763775
0
LINE
8
BLACK
6
CONTINUOUS
10
4.3173725196850397
20
-4.5075481889763775
11
4.3173731889763776
21
-4.5075488582677163
0
LINE
8
BLACK
6
CONTINUOUS
10
4.3173731889763776
20
-4.5075488582677163
11
4.3173743700787401
21
-4.5075549606299212
0
LINE
8
BLACK
6
CONTINUOUS
10
4.3173743700787401
20
-4.5075549606299212
11
4.3173761023622044
21
-4.5075611417322836
0
LINE
8
BLACK
6
CONTINUOUS
10
4.3173761023622044
20
-4.5075611417322836
11
4.3173757874015743
21
-4.5075620078740153
0
LINE
8
BLACK
6
CONTINUOUS
10
4.3173757874015743
20
-4.5075620078740153
11
4.3173761811023619
21
-4.5075639370078742
0
LINE
8
BLACK
6
CONTINUOUS
10
4.3173761811023619
20
-4.5075639370078742
11
4.3173761811023619
21
-4.5080401574803153
0
LINE
8
BLACK
6
CONTINUOUS
10
4.3173761811023619
20
-4.5080401574803153
11
4.3173750393700789
21
-4.5080457480314964
0
LINE
8
BLACK
6
CONTINUOUS
10
4.3173750393700789
20
-4.5080457480314964
11
4.3173754724409452
21
-4.5080477952755906
0
LINE
8
BLACK
6
CONTINUOUS
10
4.3173754724409452
20
-4.5080477952755906
11
4.3173742913385826
21
-4.5080494881889761
0
LINE
8
BLACK
6
CONTINUOUS
10
4.3173742913385826
20
-4.5080494881889761
11
4.3173731889763776
21
-4.5080552362204722
0
LINE
8
BLACK
6
CONTINUOUS
10
4.3173731889763776
20
-4.5080552362204722
11
4.3173651181102359
21
-4.5080632677165351
0
LINE
8
BLACK
6
CONTINUOUS
10
4.3173651181102359
20
-4.5080632677165351
11
4.3173587401574798
21
-4.5080728740157481
0
LINE
8
BLACK
6
CONTINUOUS
10
4.3173587401574798
20
-4.5080728740157481
11
4.3173532677165349
21
-4.5080751181102361
0
LINE
8
BLACK
6
CONTINUOUS
10
4.3173532677165349
20
-4.5080751181102361
11
4.3173518897637795
21
-4.5080765354330712
0
LINE
8
BLACK
6
CONTINUOUS
10
4.3173518897637795
20
-4.5080765354330712
11
4.3173499212598427
21
-4.5080765354330712
0
LINE
8
BLACK
6
CONTINUOUS
10
4.3173499212598427
20
-4.5080765354330712
11
4.3173445275590554
21
-4.5080787795275592
0
LINE
8
BLACK
6
CONTINUOUS
10
4.3173445275590554
20
-4.5080787795275592
11
4.3149952362204722
21
-4.5085486220472442
0
LINE
8
BLACK
6
CONTINUOUS
10
4.3149952362204722
20
-4.5085486220472442
11
4.3149952362204722
21
-4.5094594094488185
0
LINE
8
BLACK
6
CONTINUOUS
10
4.3149952362204722
20
-4.5094594094488185
11
4.3152233464566931
21
-4.5099155905511807
0
LINE
8
BLACK
6
CONTINUOUS
10
4.3152233464566931
20
-4.5099155905511807
11
4.3156794881889766
21
-4.5101436220472442
0
LINE
8
BLACK
6
CONTINUOUS
10
4.3156794881889766
20
-4.5101436220472442
11
4.3166132677165354
21
-4.5101436220472442
0
LINE
8
BLACK
6
CONTINUOUS
10
4.3166132677165354
20
-4.5101436220472442
11
4.3170811417322836
21
-4.5099097244094484
0
LINE
8
BLACK
6
CONTINUOUS
10
4.3170811417322836
20
-4.5099097244094484
11
4.3170959448818893
21
-4.5099056299212599
0
LINE
8
BLACK
6
CONTINUOUS
10
4.3170959448818893
20
-4.5099056299212599
11
4.3171245275590548
21
-4.5099151574803145
0
LINE
8
BLACK
6
CONTINUOUS
10
4.3171245275590548
20
-4.5099151574803145
11
4.3171379921259838
21
-4.5099421653543308
0
LINE
8
BLACK
6
CONTINUOUS
10
4.3171379921259838
20
-4.5099421653543308
11
4.3171284645669292
21
-4.5099707086614176
0
LINE
8
BLACK
6
CONTINUOUS
10
4.3171284645669292
20
-4.5099707086614176
11
4.317116338582677
21
-4.5099801574803147
0
LINE
8
BLACK
6
CONTINUOUS
10
4.317116338582677
20
-4.5099801574803147
11
4.3166401181102358
21
-4.5102181889763777
0
LINE
8
BLACK
6
CONTINUOUS
10
4.3166401181102358
20
-4.5102181889763777
11
4.3166382677165354
21
-4.5102187007874015
0
LINE
8
BLACK
6
CONTINUOUS
10
4.3166382677165354
20
-4.5102187007874015
11
4.3166375984251966
21
-4.5102193700787403
0
LINE
8
BLACK
6
CONTINUOUS
10
4.3166375984251966
20
-4.5102193700787403
11
4.3166313779527554
21
-4.5102205905511807
0
LINE
8
BLACK
6
CONTINUOUS
10
4.3166313779527554
20
-4.5102205905511807
11
4.3166253149606302
21
-4.5102222834645671
0
LINE
8
BLACK
6
CONTINUOUS
10
4.3166253149606302
20
-4.5102222834645671
11
4.3166244094488189
21
-4.5102219685039371
0
LINE
8
BLACK
6
CONTINUOUS
10
4.3166244094488189
20
-4.5102219685039371
11
4.3166225196850396
21
-4.5102223622047246
0
LINE
8
BLACK
6
CONTINUOUS
10
4.3166225196850396
20
-4.5102223622047246
11
4.3156701574803149
21
-4.5102223622047246
0
LINE
8
BLACK
6
CONTINUOUS
10
4.3156701574803149
20
-4.5102223622047246
11
4.3156682283464569
21
-4.5102219685039371
0
LINE
8
BLACK
6
CONTINUOUS
10
4.3156682283464569
20
-4.5102219685039371
11
4.3156673622047244
21
-4.5102222834645671
0
LINE
8
BLACK
6
CONTINUOUS
10
4.3156673622047244
20
-4.5102222834645671
11
4.315661181102362
21
-4.510220551181102
0
LINE
8
BLACK
6
CONTINUOUS
10
4.315661181102362
20
-4.510220551181102
11
4.3156550787401571
21
-4.5102193700787403
0
LINE
8
BLACK
6
CONTINUOUS
10
4.3156550787401571
20
-4.5102193700787403
11
4.3156544094488192
21
-4.5102187007874015
0
LINE
8
BLACK
6
CONTINUOUS
10
4.3156544094488192
20
-4.5102187007874015
11
4.315652519685039
21
-4.5102181889763777
0
LINE
8
BLACK
6
CONTINUOUS
10
4.315652519685039
20
-4.5102181889763777
11
4.3151763779527554
21
-4.5099801181102359
0
LINE
8
BLACK
6
CONTINUOUS
10
4.3151763779527554
20
-4.5099801181102359
11
4.3151701968503939
21
-4.5099753543307086
0
LINE
8
BLACK
6
CONTINUOUS
10
4.3151701968503939
20
-4.5099753543307086
11
4.3151681889763776
21
-4.5099746850393698
0
LINE
8
BLACK
6
CONTINUOUS
10
4.3151681889763776
20
-4.5099746850393698
11
4.3151664173228346
21
-4.5099724409448818
0
LINE
8
BLACK
6
CONTINUOUS
10
4.3151664173228346
20
-4.5099724409448818
11
4.3151642125984253
21
-4.5099707086614176
0
LINE
8
BLACK
6
CONTINUOUS
10
4.3151642125984253
20
-4.5099707086614176
11
4.3151635039370078
21
-4.5099686614173224
0
LINE
8
BLACK
6
CONTINUOUS
10
4.3151635039370078
20
-4.5099686614173224
11
4.3151587795275592
21
-4.5099625196850397
0
LINE
8
BLACK
6
CONTINUOUS
10
4.3151587795275592
20
-4.5099625196850397
11
4.3149206692913387
21
-4.5094862992125986
0
LINE
8
BLACK
6
CONTINUOUS
10
4.3149206692913387
20
-4.5094862992125986
11
4.3149201574803149
21
-4.5094844488188972
0
LINE
8
BLACK
6
CONTINUOUS
10
4.3149201574803149
20
-4.5094844488188972
11
4.3149194881889761
21
-4.5094837795275593
0
LINE
8
BLACK
6
CONTINUOUS
10
4.3149194881889761
20
-4.5094837795275593
11
4.3149182283464569
21
-4.5094775590551182
0
LINE
8
BLACK
6
CONTINUOUS
10
4.3149182283464569
20
-4.5094775590551182
11
4.3149165748031493
21
-4.509471496062992
0
LINE
8
BLACK
6
CONTINUOUS
10
4.3149165748031493
20
-4.509471496062992
11
4.3149168503937005
21
-4.5094705905511807
0
LINE
8
BLACK
6
CONTINUOUS
10
4.3149168503937005
20
-4.5094705905511807
11
4.3149164960629918
21
-4.5094687007874015
0
LINE
8
BLACK
6
CONTINUOUS
10
4.3149164960629918
20
-4.5094687007874015
11
4.3149164960629918
21
-4.5075639370078742
0
LINE
8
BLACK
6
CONTINUOUS
10
4.3149164960629918
20
-4.5075639370078742
11
4.3149168503937005
21
-4.5075620078740153
0
LINE
8
BLACK
6
CONTINUOUS
10
4.3149168503937005
20
-4.5075620078740153
11
4.3149165748031493
21
-4.5075611417322836
0
LINE
8
BLACK
6
CONTINUOUS
10
4.3149165748031493
20
-4.5075611417322836
11
4.3149182283464569
21
-4.5075550393700787
0
LINE
8
BLACK
6
CONTINUOUS
10
4.3149182283464569
20
-4.5075550393700787
11
4.3149194881889761
21
-4.5075488582677163
0
LINE
8
BLACK
6
CONTINUOUS
10
4.3149194881889761
20
-4.5075488582677163
11
4.3149201574803149
21
-4.5075481889763775
0
LINE
8
BLACK
6
CONTINUOUS
10
4.3149201574803149
20
-4.5075481889763775
11
4.3149206692913387
21
-4.5075463385826771
0
LINE
8
BLACK
6
CONTINUOUS
10
4.3149206692913387
20
-4.5075463385826771
11
4.3151587795275592
21
-4.5070701574803147
0
LINE
8
BLACK
6
CONTINUOUS
10
4.3151587795275592
20
-4.5070701574803147
11
4.3151635039370078
21
-4.5070639763779523
0
LINE
8
BLACK
6
CONTINUOUS
10
4.3151635039370078
20
-4.5070639763779523
11
4.3151642125984253
21
-4.5070619685039368
0
LINE
8
BLACK
6
CONTINUOUS
10
4.3151642125984253
20
-4.5070619685039368
11
4.3151664173228346
21
-4.5070601968503938
0
LINE
8
BLACK
6
CONTINUOUS
10
4.3151664173228346
20
-4.5070601968503938
11
4.3151681889763776
21
-4.5070579921259846
0
LINE
8
BLACK
6
CONTINUOUS
10
4.3151681889763776
20
-4.5070579921259846
11
4.3151701968503939
21
-4.507057283464567
0
LINE
8
BLACK
6
CONTINUOUS
10
4.3151701968503939
20
-4.507057283464567
11
4.3151763779527554
21
-4.5070525590551176
0
LINE
8
BLACK
6
CONTINUOUS
10
4.3151763779527554
20
-4.5070525590551176
11
4.3156525590551178
21
-4.5068144488188979
0
LINE
8
BLACK
6
CONTINUOUS
10
4.3156525590551178
20
-4.5068144488188979
11
4.3156544094488192
21
-4.5068139370078741
0
LINE
8
BLACK
6
CONTINUOUS
10
4.3156544094488192
20
-4.5068139370078741
11
4.3156550787401571
21
-4.5068132677165353
0
LINE
8
BLACK
6
CONTINUOUS
10
4.3156550787401571
20
-4.5068132677165353
11
4.3156612598425195
21
-4.5068120078740153
0
LINE
8
BLACK
6
CONTINUOUS
10
4.3156612598425195
20
-4.5068120078740153
11
4.3156673622047244
21
-4.5068103543307085
0
LINE
8
BLACK
6
CONTINUOUS
10
4.3156673622047244
20
-4.5068103543307085
11
4.3156682283464569
21
-4.5068106299212598
0
LINE
8
BLACK
6
CONTINUOUS
10
4.3156682283464569
20
-4.5068106299212598
11
4.3156701574803149
21
-4.506810275590551
0
LINE
8
BLACK
6
CONTINUOUS
10
4.3156701574803149
20
-4.506810275590551
11
4.3166225196850396
21
-4.506810275590551
0
LINE
8
BLACK
6
CONTINUOUS
10
4.3166225196850396
20
-4.506810275590551
11
4.3166244094488189
21
-4.5068106299212598
0
LINE
8
BLACK
6
CONTINUOUS
10
4.3152232677165356
20
-4.507117047244094
11
4.3149952362204722
21
-4.5075731889763775
0
LINE
8
BLACK
6
CONTINUOUS
10
4.3149952362204722
20
-4.5075731889763775
11
4.3149952362204722
21
-4.5084682677165357
0
LINE
8
BLACK
6
CONTINUOUS
10
4.3149952362204722
20
-4.5084682677165357
11
4.3172974409448814
21
-4.5080078346456691
0
LINE
8
BLACK
6
CONTINUOUS
10
4.3172974409448814
20
-4.5080078346456691
11
4.3172974409448814
21
-4.5075732283464562
0
LINE
8
BLACK
6
CONTINUOUS
10
4.3172974409448814
20
-4.5075732283464562
11
4.3170694094488189
21
-4.5071171259842515
0
LINE
8
BLACK
6
CONTINUOUS
10
4.3170694094488189
20
-4.5071171259842515
11
4.3166132677165354
21
-4.5068890157480315
0
LINE
8
BLACK
6
CONTINUOUS
10
4.3166132677165354
20
-4.5068890157480315
11
4.3156794094488191
21
-4.5068890157480315
0
LINE
8
BLACK
6
CONTINUOUS
10
4.3156794094488191
20
-4.5068890157480315
11
4.3152232677165356
21
-4.507117047244094
0
LINE
8
BLACK
6
CONTINUOUS
10
4.3240053543307084
20
-4.5068106299212598
11
4.3240062598425197
21
-4.5068103543307085
0
LINE
8
BLACK
6
CONTINUOUS
10
4.3240062598425197
20
-4.5068103543307085
11
4.3240123228346459
21
-4.5068120078740153
0
LINE
8
BLACK
6
CONTINUOUS
10
4.3240123228346459
20
-4.5068120078740153
11
4.3240185433070861
21
-4.5068132677165353
0
LINE
8
BLACK
6
CONTINUOUS
10
4.3240185433070861
20
-4.5068132677165353
11
4.3240192125984249
21
-4.5068139370078741
0
LINE
8
BLACK
6
CONTINUOUS
10
4.3240192125984249
20
-4.5068139370078741
11
4.3240210629921263
21
-4.5068144488188979
0
LINE
8
BLACK
6
CONTINUOUS
10
4.3240210629921263
20
-4.5068144488188979
11
4.3244972834645665
21
-4.5070525590551176
0
LINE
8
BLACK
6
CONTINUOUS
10
4.3244972834645665
20
-4.5070525590551176
11
4.3245034251968502
21
-4.507057283464567
0
LINE
8
BLACK
6
CONTINUOUS
10
4.3245034251968502
20
-4.507057283464567
11
4.3245054724409444
21
-4.5070579921259846
0
LINE
8
BLACK
6
CONTINUOUS
10
4.3245054724409444
20
-4.5070579921259846
11
4.3245072047244095
21
-4.5070601968503938
0
LINE
8
BLACK
6
CONTINUOUS
10
4.3245072047244095
20
-4.5070601968503938
11
4.3245094488188975
21
-4.5070619685039368
0
LINE
8
BLACK
6
CONTINUOUS
10
4.3245094488188975
20
-4.5070619685039368
11
4.3245101181102363
21
-4.5070639763779523
0
LINE
8
BLACK
6
CONTINUOUS
10
4.3245101181102363
20
-4.5070639763779523
11
4.3245148818897636
21
-4.5070701574803147
0
LINE
8
BLACK
6
CONTINUOUS
10
4.3245148818897636
20
-4.5070701574803147
11
4.3247529527559054
21
-4.5075462992125983
0
LINE
8
BLACK
6
CONTINUOUS
10
4.3247529527559054
20
-4.5075462992125983
11
4.3247534645669292
21
-4.5075481889763775
0
LINE
8
BLACK
6
CONTINUOUS
10
4.3247534645669292
20
-4.5075481889763775
11
4.324754133858268
21
-4.5075488582677163
0
LINE
8
BLACK
6
CONTINUOUS
10
4.324754133858268
20
-4.5075488582677163
11
4.3247553149606297
21
-4.5075549606299212
0
LINE
8
BLACK
6
CONTINUOUS
10
4.3247553149606297
20
-4.5075549606299212
11
4.3247570472440948
21
-4.5075611417322836
0
LINE
8
BLACK
6
CONTINUOUS
10
4.3247570472440948
20
-4.5075611417322836
11
4.3247567322834648
21
-4.5075620078740153
0
LINE
8
BLACK
6
CONTINUOUS
10
4.3247567322834648
20
-4.5075620078740153
11
4.3247571259842514
21
-4.5075639370078742
0
LINE
8
BLACK
6
CONTINUOUS
10
4.3247571259842514
20
-4.5075639370078742
11
4.3247571259842514
21
-4.5101829921259844
0
LINE
8
BLACK
6
CONTINUOUS
10
4.3247571259842514
20
-4.5101829921259844
11
4.324754133858268
21
-4.5101980708661413
0
LINE
8
BLACK
6
CONTINUOUS
10
4.324754133858268
20
-4.5101980708661413
11
4.324732834645669
21
-4.5102193700787403
0
LINE
8
BLACK
6
CONTINUOUS
10
4.324732834645669
20
-4.5102193700787403
11
4.3247026771653543
21
-4.5102193700787403
0
LINE
8
BLACK
6
CONTINUOUS
10
4.3247026771653543
20
-4.5102193700787403
11
4.3246813779527562
21
-4.5101980708661413
0
LINE
8
BLACK
6
CONTINUOUS
10
4.3246813779527562
20
-4.5101980708661413
11
4.3246783858267719
21
-4.5101829921259844
0
LINE
8
BLACK
6
CONTINUOUS
10
4.3246783858267719
20
-4.5101829921259844
11
4.3246783858267719
21
-4.510008622047244
0
LINE
8
BLACK
6
CONTINUOUS
10
4.3246783858267719
20
-4.510008622047244
11
4.324259173228346
21
-4.5102181889763777
0
LINE
8
BLACK
6
CONTINUOUS
10
4.324259173228346
20
-4.5102181889763777
11
4.3242573228346455
21
-4.5102187007874015
0
LINE
8
BLACK
6
CONTINUOUS
10
4.3242573228346455
20
-4.5102187007874015
11
4.3242566535433067
21
-4.5102193700787403
0
LINE
8
BLACK
6
CONTINUOUS
10
4.3242566535433067
20
-4.5102193700787403
11
4.3242504330708664
21
-4.5102205905511807
0
LINE
8
BLACK
6
CONTINUOUS
10
4.3242504330708664
20
-4.5102205905511807
11
4.3242443700787403
21
-4.5102222834645671
0
LINE
8
BLACK
6
CONTINUOUS
10
4.3242443700787403
20
-4.5102222834645671
11
4.324243464566929
21
-4.5102219685039371
0
LINE
8
BLACK
6
CONTINUOUS
10
4.324243464566929
20
-4.5102219685039371
11
4.3242415748031497
21
-4.5102223622047246
0
LINE
8
BLACK
6
CONTINUOUS
10
4.3242415748031497
20
-4.5102223622047246
11
4.3230511023622045
21
-4.5102223622047246
0
LINE
8
BLACK
6
CONTINUOUS
10
4.3230511023622045
20
-4.5102223622047246
11
4.3230491732283465
21
-4.5102219685039371
0
LINE
8
BLACK
6
CONTINUOUS
10
4.3230491732283465
20
-4.5102219685039371
11
4.3230483070866139
21
-4.5102222834645671
0
LINE
8
BLACK
6
CONTINUOUS
10
4.3230483070866139
20
-4.5102222834645671
11
4.3230421259842515
21
-4.510220551181102
0
LINE
8
BLACK
6
CONTINUOUS
10
4.3230421259842515
20
-4.510220551181102
11
4.3230360236220475
21
-4.5102193700787403
0
LINE
8
BLACK
6
CONTINUOUS
10
4.3230360236220475
20
-4.5102193700787403
11
4.3230353543307087
21
-4.5102187007874015
0
LINE
8
BLACK
6
CONTINUOUS
10
4.3230353543307087
20
-4.5102187007874015
11
4.3230334645669286
21
-4.5102181889763777
0
LINE
8
BLACK
6
CONTINUOUS
10
4.3230334645669286
20
-4.5102181889763777
11
4.3225573228346459
21
-4.5099801181102359
0
LINE
8
BLACK
6
CONTINUOUS
10
4.3225573228346459
20
-4.5099801181102359
11
4.3225511417322835
21
-4.5099753543307086
0
LINE
8
BLACK
6
CONTINUOUS
10
4.3225511417322835
20
-4.5099753543307086
11
4.322549133858268
21
-4.5099746850393698
0
LINE
8
BLACK
6
CONTINUOUS
10
4.322549133858268
20
-4.5099746850393698
11
4.3225473622047241
21
-4.5099724409448818
0
LINE
8
BLACK
6
CONTINUOUS
10
4.3225473622047241
20
-4.5099724409448818
11
4.3225451574803149
21
-4.5099707086614176
0
LINE
8
BLACK
6
CONTINUOUS
10
4.3225451574803149
20
-4.5099707086614176
11
4.3225444488188973
21
-4.5099686614173224
0
LINE
8
BLACK
6
CONTINUOUS
10
4.3225444488188973
20
-4.5099686614173224
11
4.3225397244094488
21
-4.5099625196850397
0
LINE
8
BLACK
6
CONTINUOUS
10
4.3225397244094488
20
-4.5099625196850397
11
4.3223016141732282
21
-4.5094862992125986
0
LINE
8
BLACK
6
CONTINUOUS
10
4.3223016141732282
20
-4.5094862992125986
11
4.3223011023622044
21
-4.5094844488188972
0
LINE
8
BLACK
6
CONTINUOUS
10
4.3223011023622044
20
-4.5094844488188972
11
4.3223004330708656
21
-4.5094837795275593
0
LINE
8
BLACK
6
CONTINUOUS
10
4.3223004330708656
20
-4.5094837795275593
11
4.3222991732283464
21
-4.5094775590551182
0
LINE
8
BLACK
6
CONTINUOUS
10
4.3222991732283464
20
-4.5094775590551182
11
4.3222975196850388
21
-4.509471496062992
0
LINE
8
BLACK
6
CONTINUOUS
10
4.3222975196850388
20
-4.509471496062992
11
4.3222977952755901
21
-4.5094705905511807
0
LINE
8
BLACK
6
CONTINUOUS
10
4.3222977952755901
20
-4.5094705905511807
11
4.3222974409448822
21
-4.5094687007874015
0
LINE
8
BLACK
6
CONTINUOUS
10
4.3222974409448822
20
-4.5094687007874015
11
4.3222974409448822
21
-4.5089925196850391
0
LINE
8
BLACK
6
CONTINUOUS
10
4.3222974409448822
20
-4.5089925196850391
11
4.3222977952755901
21
-4.5089905905511811
0
LINE
8
BLACK
6
CONTINUOUS
10
4.3222977952755901
20
-4.5089905905511811
11
4.3222975196850388
21
-4.5089897244094486
0
LINE
8
BLACK
6
CONTINUOUS
10
4.3222975196850388
20
-4.5089897244094486
11
4.3222991732283464
21
-4.5089836220472437
0
LINE
8
BLACK
6
CONTINUOUS
10
4.3222991732283464
20
-4.5089836220472437
11
4.3223004330708656
21
-4.5089774409448822
0
LINE
8
BLACK
6
CONTINUOUS
10
4.3223004330708656
20
-4.5089774409448822
11
4.3223011023622044
21
-4.5089767716535434
0
LINE
8
BLACK
6
CONTINUOUS
10
4.3223011023622044
20
-4.5089767716535434
11
4.3223016141732282
21
-4.508974921259842
0
LINE
8
BLACK
6
CONTINUOUS
10
4.3223016141732282
20
-4.508974921259842
11
4.3225397244094488
21
-4.5084987401574805
0
LINE
8
BLACK
6
CONTINUOUS
10
4.3225397244094488
20
-4.5084987401574805
11
4.3225444488188973
21
-4.5084925590551181
0
LINE
8
BLACK
6
CONTINUOUS
10
4.3225444488188973
20
-4.5084925590551181
11
4.3225451574803149
21
-4.5084905511811026
0
LINE
8
BLACK
6
CONTINUOUS
10
4.3225451574803149
20
-4.5084905511811026
11
4.3225473622047241
21
-4.5084887795275588
0
LINE
8
BLACK
6
CONTINUOUS
10
4.3225473622047241
20
-4.5084887795275588
11
4.322549133858268
21
-4.5084865748031495
0
LINE
8
BLACK
6
CONTINUOUS
10
4.322549133858268
20
-4.5084865748031495
11
4.3225511417322835
21
-4.508485866141732
0
LINE
8
BLACK
6
CONTINUOUS
10
4.3225511417322835
20
-4.508485866141732
11
4.3225573228346459
21
-4.5084811417322834
0
LINE
8
BLACK
6
CONTINUOUS
10
4.3225573228346459
20
-4.5084811417322834
11
4.3230335039370074
21
-4.5082430314960629
0
LINE
8
BLACK
6
CONTINUOUS
10
4.3230335039370074
20
-4.5082430314960629
11
4.3230353543307087
21
-4.5082425196850391
0
LINE
8
BLACK
6
CONTINUOUS
10
4.3230353543307087
20
-4.5082425196850391
11
4.3230360236220475
21
-4.5082418503937003
0
LINE
8
BLACK
6
CONTINUOUS
10
4.3230360236220475
20
-4.5082418503937003
11
4.323042204724409
21
-4.5082405905511811
0
LINE
8
BLACK
6
CONTINUOUS
10
4.323042204724409
20
-4.5082405905511811
11
4.3230483070866139
21
-4.5082389370078735
0
LINE
8
BLACK
6
CONTINUOUS
10
4.3230483070866139
20
-4.5082389370078735
11
4.3230491732283465
21
-4.5082392125984247
0
LINE
8
BLACK
6
CONTINUOUS
10
4.3230491732283465
20
-4.5082392125984247
11
4.3230511023622045
21
-4.5082388582677169
0
LINE
8
BLACK
6
CONTINUOUS
10
4.3230511023622045
20
-4.5082388582677169
11
4.3242323228346455
21
-4.5082388582677169
0
LINE
8
BLACK
6
CONTINUOUS
10
4.3242323228346455
20
-4.5082388582677169
11
4.3246783858267719
21
-4.5080158267716532
0
LINE
8
BLACK
6
CONTINUOUS
10
4.3246783858267719
20
-4.5080158267716532
11
4.3246783858267719
21
-4.5075732283464562
0
LINE
8
BLACK
6
CONTINUOUS
10
4.3246783858267719
20
-4.5075732283464562
11
4.3244503543307085
21
-4.5071171259842515
0
LINE
8
BLACK
6
CONTINUOUS
10
4.3244503543307085
20
-4.5071171259842515
11
4.323994212598425
21
-4.5068890157480315
0
LINE
8
BLACK
6
CONTINUOUS
10
4.323994212598425
20
-4.5068890157480315
11
4.3230603543307087
21
-4.5068890157480315
0
LINE
8
BLACK
6
CONTINUOUS
10
4.3230603543307087
20
-4.5068890157480315
11
4.3225925196850392
21
-4.5071229527559051
0
LINE
8
BLACK
6
CONTINUOUS
10
4.3225925196850392
20
-4.5071229527559051
11
4.3225777165354327
21
-4.5071270472440945
0
LINE
8
BLACK
6
CONTINUOUS
10
4.3225777165354327
20
-4.5071270472440945
11
4.322549133858268
21
-4.507117519685039
0
LINE
8
BLACK
6
CONTINUOUS
10
4.322549133858268
20
-4.507117519685039
11
4.3225356299212594
21
-4.5070905511811024
0
LINE
8
BLACK
6
CONTINUOUS
10
4.3225356299212594
20
-4.5070905511811024
11
4.3225451574803149
21
-4.5070619685039368
0
LINE
8
BLACK
6
CONTINUOUS
10
4.3225451574803149
20
-4.5070619685039368
11
4.3225573228346459
21
-4.5070525590551176
0
LINE
8
BLACK
6
CONTINUOUS
10
4.3225573228346459
20
-4.5070525590551176
11
4.3230335039370074
21
-4.5068144488188979
0
LINE
8
BLACK
6
CONTINUOUS
10
4.3230335039370074
20
-4.5068144488188979
11
4.3230353543307087
21
-4.5068139370078741
0
LINE
8
BLACK
6
CONTINUOUS
10
4.3230353543307087
20
-4.5068139370078741
11
4.3230360236220475
21
-4.5068132677165353
0
LINE
8
BLACK
6
CONTINUOUS
10
4.3230360236220475
20
-4.5068132677165353
11
4.323042204724409
21
-4.5068120078740153
0
LINE
8
BLACK
6
CONTINUOUS
10
4.323042204724409
20
-4.5068120078740153
11
4.3230483070866139
21
-4.5068103543307085
0
LINE
8
BLACK
6
CONTINUOUS
10
4.3230483070866139
20
-4.5068103543307085
11
4.3230491732283465
21
-4.5068106299212598
0
LINE
8
BLACK
6
CONTINUOUS
10
4.3230491732283465
20
-4.5068106299212598
11
4.3230511023622045
21
-4.506810275590551
0
LINE
8
BLACK
6
CONTINUOUS
10
4.3230511023622045
20
-4.506810275590551
11
4.3240034645669292
21
-4.506810275590551
0
LINE
8
BLACK
6
CONTINUOUS
10
4.3240034645669292
20
-4.506810275590551
11
4.3240053543307084
21
-4.5068106299212598
0
LINE
8
BLACK
6
CONTINUOUS
10
4.324259173228346
20
-4.5083134251968504
11
4.3242573228346455
21
-4.5083139370078742
0
LINE
8
BLACK
6
CONTINUOUS
10
4.3242573228346455
20
-4.5083139370078742
11
4.3242566535433067
21
-4.5083146062992121
0
LINE
8
BLACK
6
CONTINUOUS
10
4.3242566535433067
20
-4.5083146062992121
11
4.3242504330708664
21
-4.5083158267716534
0
LINE
8
BLACK
6
CONTINUOUS
10
4.3242504330708664
20
-4.5083158267716534
11
4.3242443700787403
21
-4.5083175196850389
0
LINE
8
BLACK
6
CONTINUOUS
10
4.3242443700787403
20
-4.5083175196850389
11
4.324243464566929
21
-4.5083172047244098
0
LINE
8
BLACK
6
CONTINUOUS
10
4.324243464566929
20
-4.5083172047244098
11
4.3242415748031497
21
-4.5083175984251964
0
LINE
8
BLACK
6
CONTINUOUS
10
4.3242415748031497
20
-4.5083175984251964
11
4.3230603543307087
21
-4.5083175984251964
0
LINE
8
BLACK
6
CONTINUOUS
10
4.3230603543307087
20
-4.5083175984251964
11
4.3226042125984252
21
-4.5085456299212598
0
LINE
8
BLACK
6
CONTINUOUS
10
4.3226042125984252
20
-4.5085456299212598
11
4.3223761811023618
21
-4.5090017716535433
0
LINE
8
BLACK
6
CONTINUOUS
10
4.3223761811023618
20
-4.5090017716535433
11
4.3223761811023618
21
-4.5094594094488185
0
LINE
8
BLACK
6
CONTINUOUS
10
4.3223761811023618
20
-4.5094594094488185
11
4.3226042913385827
21
-4.5099155905511807
0
LINE
8
BLACK
6
CONTINUOUS
10
4.3226042913385827
20
-4.5099155905511807
11
4.3230604330708662
21
-4.5101436220472442
0
LINE
8
BLACK
6
CONTINUOUS
10
4.3230604330708662
20
-4.5101436220472442
11
4.3242323228346455
21
-4.5101436220472442
0
LINE
8
BLACK
6
CONTINUOUS
10
4.3242323228346455
20
-4.5101436220472442
11
4.3246783858267719
21
-4.5099205905511814
0
LINE
8
BLACK
6
CONTINUOUS
10
4.3246783858267719
20
-4.5099205905511814
11
4.3246783858267719
21
-4.5081038582677166
0
LINE
8
BLACK
6
CONTINUOUS
10
4.3246783858267719
20
-4.5081038582677166
11
4.324259173228346
21
-4.5083134251968504
0
LINE
8
BLACK
6
CONTINUOUS
10
4.3271351181102364
20
-4.5051679133858267
11
4.3271381102362207
21
-4.5051829921259845
0
LINE
8
BLACK
6
CONTINUOUS
10
4.3271381102362207
20
-4.5051829921259845
11
4.3271381102362207
21
-4.506810275590551
0
LINE
8
BLACK
6
CONTINUOUS
10
4.3271381102362207
20
-4.506810275590551
11
4.3282892125984249
21
-4.506810275590551
0
LINE
8
BLACK
6
CONTINUOUS
10
4.3282892125984249
20
-4.506810275590551
11
4.3283042913385827
21
-4.5068132677165353
0
LINE
8
BLACK
6
CONTINUOUS
10
4.3283042913385827
20
-4.5068132677165353
11
4.3283255905511808
21
-4.5068345669291334
0
LINE
8
BLACK
6
CONTINUOUS
10
4.3283255905511808
20
-4.5068345669291334
11
4.3283255905511808
21
-4.5068647244094491
0
LINE
8
BLACK
6
CONTINUOUS
10
4.3283255905511808
20
-4.5068647244094491
11
4.3283042913385827
21
-4.5068860236220472
0
LINE
8
BLACK
6
CONTINUOUS
10
4.3283042913385827
20
-4.5068860236220472
11
4.3282892125984249
21
-4.5068890157480315
0
LINE
8
BLACK
6
CONTINUOUS
10
4.3282892125984249
20
-4.5068890157480315
11
4.3271381102362207
21
-4.5068890157480315
0
LINE
8
BLACK
6
CONTINUOUS
10
4.3271381102362207
20
-4.5068890157480315
11
4.3271381102362207
21
-4.5094594488188973
0
LINE
8
BLACK
6
CONTINUOUS
10
4.3271381102362207
20
-4.5094594488188973
11
4.3273661417322833
21
-4.509915551181102
0
LINE
8
BLACK
6
CONTINUOUS
10
4.3273661417322833
20
-4.509915551181102
11
4.3278223228346455
21
-4.5101436220472442
0
LINE
8
BLACK
6
CONTINUOUS
10
4.3278223228346455
20
-4.5101436220472442
11
4.3282892125984249
21
-4.5101436220472442
0
LINE
8
BLACK
6
CONTINUOUS
10
4.3282892125984249
20
-4.5101436220472442
11
4.3283042913385827
21
-4.5101466141732285
0
LINE
8
BLACK
6
CONTINUOUS
10
4.3283042913385827
20
-4.5101466141732285
11
4.3283255905511808
21
-4.5101679133858266
0
LINE
8
BLACK
6
CONTINUOUS
10
4.3283255905511808
20
-4.5101679133858266
11
4.3283255905511808
21
-4.5101980708661413
0
LINE
8
BLACK
6
CONTINUOUS
10
4.3283255905511808
20
-4.5101980708661413
11
4.3283042913385827
21
-4.5102193700787403
0
LINE
8
BLACK
6
CONTINUOUS
10
4.3283042913385827
20
-4.5102193700787403
11
4.3282892125984249
21
-4.5102223622047246
0
LINE
8
BLACK
6
CONTINUOUS
10
4.3282892125984249
20
-4.5102223622047246
11
4.3278129921259838
21
-4.5102223622047246
0
LINE
8
BLACK
6
CONTINUOUS
10
4.3278129921259838
20
-4.5102223622047246
11
4.3278110629921258
21
-4.5102219685039371
0
LINE
8
BLACK
6
CONTINUOUS
10
4.3278110629921258
20
-4.5102219685039371
11
4.3278101968503933
21
-4.5102222834645671
0
LINE
8
BLACK
6
CONTINUOUS
10
4.3278101968503933
20
-4.5102222834645671
11
4.3278040157480318
21
-4.510220551181102
0
LINE
8
BLACK
6
CONTINUOUS
10
4.3278040157480318
20
-4.510220551181102
11
4.3277979133858269
21
-4.5102193700787403
0
LINE
8
BLACK
6
CONTINUOUS
10
4.3277979133858269
20
-4.5102193700787403
11
4.3277972440944881
21
-4.5102187007874015
0
LINE
8
BLACK
6
CONTINUOUS
10
4.3277972440944881
20
-4.5102187007874015
11
4.3277953543307088
21
-4.5102181889763777
0
LINE
8
BLACK
6
CONTINUOUS
10
4.3277953543307088
20
-4.5102181889763777
11
4.3273192125984252
21
-4.5099801181102359
0
LINE
8
BLACK
6
CONTINUOUS
10
4.3273192125984252
20
-4.5099801181102359
11
4.3273129527559053
21
-4.5099752755905511
0
LINE
8
BLACK
6
CONTINUOUS
10
4.3273129527559053
20
-4.5099752755905511
11
4.3273110236220473
21
-4.5099746456692911
0
LINE
8
BLACK
6
CONTINUOUS
10
4.3273110236220473
20
-4.5099746456692911
11
4.327309330708661
21
-4.5099724409448818
0
LINE
8
BLACK
6
CONTINUOUS
10
4.327309330708661
20
-4.5099724409448818
11
4.3273070472440942
21
-4.5099707086614176
0
LINE
8
BLACK
6
CONTINUOUS
10
4.3273070472440942
20
-4.5099707086614176
11
4.3273063385826767
21
-4.5099686614173224
0
LINE
8
BLACK
6
CONTINUOUS
10
4.3273063385826767
20
-4.5099686614173224
11
4.3273015748031494
21
-4.5099625196850397
0
LINE
8
BLACK
6
CONTINUOUS
10
4.3273015748031494
20
-4.5099625196850397
11
4.3270635433070863
21
-4.5094862992125986
0
LINE
8
BLACK
6
CONTINUOUS
10
4.3270635433070863
20
-4.5094862992125986
11
4.3270630314960625
21
-4.5094844488188972
0
LINE
8
BLACK
6
CONTINUOUS
10
4.3270630314960625
20
-4.5094844488188972
11
4.3270623622047246
21
-4.5094837795275593
0
LINE
8
BLACK
6
CONTINUOUS
10
4.3270623622047246
20
-4.5094837795275593
11
4.3270611023622045
21
-4.5094775590551182
0
LINE
8
BLACK
6
CONTINUOUS
10
4.3270611023622045
20
-4.5094775590551182
11
4.3270594488188978
21
-4.509471496062992
0
LINE
8
BLACK
6
CONTINUOUS
10
4.3270594488188978
20
-4.509471496062992
11
4.3270597244094491
21
-4.5094705905511807
0
LINE
8
BLACK
6
CONTINUOUS
10
4.3270597244094491
20
-4.5094705905511807
11
4.3270593700787403
21
-4.5094687007874015
0
LINE
8
BLACK
6
CONTINUOUS
10
4.3270593700787403
20
-4.5094687007874015
11
4.3270593700787403
21
-4.5068890157480315
0
LINE
8
BLACK
6
CONTINUOUS
10
4.3270593700787403
20
-4.5068890157480315
11
4.3263844488188976
21
-4.5068890157480315
0
LINE
8
BLACK
6
CONTINUOUS
10
4.3263844488188976
20
-4.5068890157480315
11
4.3263693700787398
21
-4.5068860236220472
0
LINE
8
BLACK
6
CONTINUOUS
10
4.3263693700787398
20
-4.5068860236220472
11
4.3263480708661417
21
-4.5068647244094491
0
LINE
8
BLACK
6
CONTINUOUS
10
4.3263480708661417
20
-4.5068647244094491
11
4.3263480708661417
21
-4.5068345669291334
0
LINE
8
BLACK
6
CONTINUOUS
10
4.3263480708661417
20
-4.5068345669291334
11
4.3263693700787398
21
-4.5068132677165353
0
LINE
8
BLACK
6
CONTINUOUS
10
4.3263693700787398
20
-4.5068132677165353
11
4.3263844488188976
21
-4.506810275590551
0
LINE
8
BLACK
6
CONTINUOUS
10
4.3263844488188976
20
-4.506810275590551
11
4.3270593700787403
21
-4.506810275590551
0
LINE
8
BLACK
6
CONTINUOUS
10
4.3270593700787403
20
-4.506810275590551
11
4.3270593700787403
21
-4.5051829921259845
0
LINE
8
BLACK
6
CONTINUOUS
10
4.3270593700787403
20
-4.5051829921259845
11
4.3270623622047246
21
-4.5051679133858267
0
LINE
8
BLACK
6
CONTINUOUS
10
4.3270623622047246
20
-4.5051679133858267
11
4.3270836614173227
21
-4.5051466141732286
0
LINE
8
BLACK
6
CONTINUOUS
10
4.3270836614173227
20
-4.5051466141732286
11
4.3271138188976375
21
-4.5051466141732286
0
LINE
8
BLACK
6
CONTINUOUS
10
4.3271138188976375
20
-4.5051466141732286
11
4.3271351181102364
21
-4.5051679133858267
0
LINE
8
BLACK
6
CONTINUOUS
10
4.331386299212598
20
-4.5068106299212598
11
4.3313872047244093
21
-4.5068103543307085
0
LINE
8
BLACK
6
CONTINUOUS
10
4.3313872047244093
20
-4.5068103543307085
11
4.3313932677165354
21
-4.5068120078740153
0
LINE
8
BLACK
6
CONTINUOUS
10
4.3313932677165354
20
-4.5068120078740153
11
4.3313994881889766
21
-4.5068132677165353
0
LINE
8
BLACK
6
CONTINUOUS
10
4.3313994881889766
20
-4.5068132677165353
11
4.3314001574803145
21
-4.5068139370078741
0
LINE
8
BLACK
6
CONTINUOUS
10
4.3314001574803145
20
-4.5068139370078741
11
4.3314020078740159
21
-4.5068144488188979
0
LINE
8
BLACK
6
CONTINUOUS
10
4.3314020078740159
20
-4.5068144488188979
11
4.331878228346457
21
-4.5070525590551176
0
LINE
8
BLACK
6
CONTINUOUS
10
4.331878228346457
20
-4.5070525590551176
11
4.3318843700787397
21
-4.507057283464567
0
LINE
8
BLACK
6
CONTINUOUS
10
4.3318843700787397
20
-4.507057283464567
11
4.3318864173228349
21
-4.5070579921259846
0
LINE
8
BLACK
6
CONTINUOUS
10
4.3318864173228349
20
-4.5070579921259846
11
4.3318881496062991
21
-4.5070601968503938
0
LINE
8
BLACK
6
CONTINUOUS
10
4.3318881496062991
20
-4.5070601968503938
11
4.3318903937007871
21
-4.5070619685039368
0
LINE
8
BLACK
6
CONTINUOUS
10
4.3318903937007871
20
-4.5070619685039368
11
4.3318910629921259
21
-4.5070639763779523
0
LINE
8
BLACK
6
CONTINUOUS
10
4.3318910629921259
20
-4.5070639763779523
11
4.3318958267716532
21
-4.5070701574803147
0
LINE
8
BLACK
6
CONTINUOUS
10
4.3318958267716532
20
-4.5070701574803147
11
4.332133897637795
21
-4.5075462992125983
0
LINE
8
BLACK
6
CONTINUOUS
10
4.332133897637795
20
-4.5075462992125983
11
4.3321344094488188
21
-4.5075481889763775
0
LINE
8
BLACK
6
CONTINUOUS
10
4.3321344094488188
20
-4.5075481889763775
11
4.3321350787401576
21
-4.5075488582677163
0
LINE
8
BLACK
6
CONTINUOUS
10
4.3321350787401576
20
-4.5075488582677163
11
4.3321362598425193
21
-4.5075549606299212
0
LINE
8
BLACK
6
CONTINUOUS
10
4.3321362598425193
20
-4.5075549606299212
11
4.3321379921259844
21
-4.5075611417322836
0
LINE
8
BLACK
6
CONTINUOUS
10
4.3321379921259844
20
-4.5075611417322836
11
4.3321376771653544
21
-4.5075620078740153
0
LINE
8
BLACK
6
CONTINUOUS
10
4.3321376771653544
20
-4.5075620078740153
11
4.3321380708661419
21
-4.5075639370078742
0
LINE
8
BLACK
6
CONTINUOUS
10
4.3321380708661419
20
-4.5075639370078742
11
4.3321380708661419
21
-4.5080401574803153
0
LINE
8
BLACK
6
CONTINUOUS
10
4.3321380708661419
20
-4.5080401574803153
11
4.3321369291338581
21
-4.5080457480314964
0
LINE
8
BLACK
6
CONTINUOUS
10
4.3321369291338581
20
-4.5080457480314964
11
4.3321373622047243
21
-4.5080477952755906
0
LINE
8
BLACK
6
CONTINUOUS
10
4.3321373622047243
20
-4.5080477952755906
11
4.3321361811023618
21
-4.5080494881889761
0
LINE
8
BLACK
6
CONTINUOUS
10
4.3321361811023618
20
-4.5080494881889761
11
4.3321350787401576
21
-4.5080552362204722
0
LINE
8
BLACK
6
CONTINUOUS
10
4.3321350787401576
20
-4.5080552362204722
11
4.3321270078740159
21
-4.5080632677165351
0
LINE
8
BLACK
6
CONTINUOUS
10
4.3321270078740159
20
-4.5080632677165351
11
4.3321206299212598
21
-4.5080728740157481
0
LINE
8
BLACK
6
CONTINUOUS
10
4.3321206299212598
20
-4.5080728740157481
11
4.3321151574803149
21
-4.5080751181102361
0
LINE
8
BLACK
6
CONTINUOUS
10
4.3321151574803149
20
-4.5080751181102361
11
4.3321137795275586
21
-4.5080765354330712
0
LINE
8
BLACK
6
CONTINUOUS
10
4.3321137795275586
20
-4.5080765354330712
11
4.3321118110236219
21
-4.5080765354330712
0
LINE
8
BLACK
6
CONTINUOUS
10
4.3321118110236219
20
-4.5080765354330712
11
4.3321064173228345
21
-4.5080787795275592
0
LINE
8
BLACK
6
CONTINUOUS
10
4.3321064173228345
20
-4.5080787795275592
11
4.3297571259842522
21
-4.5085486220472442
0
LINE
8
BLACK
6
CONTINUOUS
10
4.3297571259842522
20
-4.5085486220472442
11
4.3297571259842522
21
-4.5094594094488185
0
LINE
8
BLACK
6
CONTINUOUS
10
4.3297571259842522
20
-4.5094594094488185
11
4.3299852362204723
21
-4.5099155905511807
0
LINE
8
BLACK
6
CONTINUOUS
10
4.3299852362204723
20
-4.5099155905511807
11
4.3304413779527557
21
-4.5101436220472442
0
LINE
8
BLACK
6
CONTINUOUS
10
4.3304413779527557
20
-4.5101436220472442
11
4.3313751574803145
21
-4.5101436220472442
0
LINE
8
BLACK
6
CONTINUOUS
10
4.3313751574803145
20
-4.5101436220472442
11
4.3318430314960628
21
-4.5099097244094484
0
LINE
8
BLACK
6
CONTINUOUS
10
4.3318430314960628
20
-4.5099097244094484
11
4.3318578346456693
21
-4.5099056299212599
0
LINE
8
BLACK
6
CONTINUOUS
10
4.3318578346456693
20
-4.5099056299212599
11
4.3318864173228349
21
-4.5099151574803145
0
LINE
8
BLACK
6
CONTINUOUS
10
4.3318864173228349
20
-4.5099151574803145
11
4.3318998818897638
21
-4.5099421653543308
0
LINE
8
BLACK
6
CONTINUOUS
10
4.3318998818897638
20
-4.5099421653543308
11
4.3318903543307083
21
-4.5099707086614176
0
LINE
8
BLACK
6
CONTINUOUS
10
4.3318903543307083
20
-4.5099707086614176
11
4.331878228346457
21
-4.5099801574803147
0
LINE
8
BLACK
6
CONTINUOUS
10
4.331878228346457
20
-4.5099801574803147
11
4.3314020078740159
21
-4.5102181889763777
0
LINE
8
BLACK
6
CONTINUOUS
10
4.3314020078740159
20
-4.5102181889763777
11
4.3314001574803145
21
-4.5102187007874015
0
LINE
8
BLACK
6
CONTINUOUS
10
4.3314001574803145
20
-4.5102187007874015
11
4.3313994881889766
21
-4.5102193700787403
0
LINE
8
BLACK
6
CONTINUOUS
10
4.3313994881889766
20
-4.5102193700787403
11
4.3313932677165354
21
-4.5102205905511807
0
LINE
8
BLACK
6
CONTINUOUS
10
4.3313932677165354
20
-4.5102205905511807
11
4.3313872047244093
21
-4.5102222834645671
0
LINE
8
BLACK
6
CONTINUOUS
10
4.3313872047244093
20
-4.5102222834645671
11
4.331386299212598
21
-4.5102219685039371
0
LINE
8
BLACK
6
CONTINUOUS
10
4.331386299212598
20
-4.5102219685039371
11
4.3313844094488188
21
-4.5102223622047246
0
LINE
8
BLACK
6
CONTINUOUS
10
4.3313844094488188
20
-4.5102223622047246
11
4.330432047244094
21
-4.5102223622047246
0
LINE
8
BLACK
6
CONTINUOUS
10
4.330432047244094
20
-4.5102223622047246
11
4.330430118110236
21
-4.5102219685039371
0
LINE
8
BLACK
6
CONTINUOUS
10
4.330430118110236
20
-4.5102219685039371
11
4.3304292519685035
21
-4.5102222834645671
0
LINE
8
BLACK
6
CONTINUOUS
10
4.3304292519685035
20
-4.5102222834645671
11
4.330423070866142
21
-4.510220551181102
0
LINE
8
BLACK
6
CONTINUOUS
10
4.330423070866142
20
-4.510220551181102
11
4.3304169685039371
21
-4.5102193700787403
0
LINE
8
BLACK
6
CONTINUOUS
10
4.3304169685039371
20
-4.5102193700787403
11
4.3304162992125983
21
-4.5102187007874015
0
LINE
8
BLACK
6
CONTINUOUS
10
4.3304162992125983
20
-4.5102187007874015
11
4.3304144094488191
21
-4.5102181889763777
0
LINE
8
BLACK
6
CONTINUOUS
10
4.3304144094488191
20
-4.5102181889763777
11
4.3299382677165354
21
-4.5099801181102359
0
LINE
8
BLACK
6
CONTINUOUS
10
4.3299382677165354
20
-4.5099801181102359
11
4.3299320866141731
21
-4.5099753543307086
0
LINE
8
BLACK
6
CONTINUOUS
10
4.3299320866141731
20
-4.5099753543307086
11
4.3299300787401576
21
-4.5099746850393698
0
LINE
8
BLACK
6
CONTINUOUS
10
4.3299300787401576
20
-4.5099746850393698
11
4.3299283070866137
21
-4.5099724409448818
0
LINE
8
BLACK
6
CONTINUOUS
10
4.3299283070866137
20
-4.5099724409448818
11
4.3299261023622044
21
-4.5099707086614176
0
LINE
8
BLACK
6
CONTINUOUS
10
4.3299261023622044
20
-4.5099707086614176
11
4.3299253937007869
21
-4.5099686614173224
0
LINE
8
BLACK
6
CONTINUOUS
10
4.3299253937007869
20
-4.5099686614173224
11
4.3299206692913383
21
-4.5099625196850397
0
LINE
8
BLACK
6
CONTINUOUS
10
4.3299206692913383
20
-4.5099625196850397
11
4.3296825590551178
21
-4.5094862992125986
0
LINE
8
BLACK
6
CONTINUOUS
10
4.3296825590551178
20
-4.5094862992125986
11
4.329682047244094
21
-4.5094844488188972
0
LINE
8
BLACK
6
CONTINUOUS
10
4.329682047244094
20
-4.5094844488188972
11
4.3296813779527561
21
-4.5094837795275593
0
LINE
8
BLACK
6
CONTINUOUS
10
4.3296813779527561
20
-4.5094837795275593
11
4.329680118110236
21
-4.5094775590551182
0
LINE
8
BLACK
6
CONTINUOUS
10
4.329680118110236
20
-4.5094775590551182
11
4.3296784645669293
21
-4.509471496062992
0
LINE
8
BLACK
6
CONTINUOUS
10
4.3296784645669293
20
-4.509471496062992
11
4.3296787401574806
21
-4.5094705905511807
0
LINE
8
BLACK
6
CONTINUOUS
10
4.3296787401574806
20
-4.5094705905511807
11
4.3296783858267718
21
-4.5094687007874015
0
LINE
8
BLACK
6
CONTINUOUS
10
4.3296783858267718
20
-4.5094687007874015
11
4.3296783858267718
21
-4.5075639370078742
0
LINE
8
BLACK
6
CONTINUOUS
10
4.3296783858267718
20
-4.5075639370078742
11
4.3296787401574806
21
-4.5075620078740153
0
LINE
8
BLACK
6
CONTINUOUS
10
4.3296787401574806
20
-4.5075620078740153
11
4.3296784645669293
21
-4.5075611417322836
0
LINE
8
BLACK
6
CONTINUOUS
10
4.3296784645669293
20
-4.5075611417322836
11
4.329680118110236
21
-4.5075550393700787
0
LINE
8
BLACK
6
CONTINUOUS
10
4.329680118110236
20
-4.5075550393700787
11
4.3296813779527561
21
-4.5075488582677163
0
LINE
8
BLACK
6
CONTINUOUS
10
4.3296813779527561
20
-4.5075488582677163
11
4.329682047244094
21
-4.5075481889763775
0
LINE
8
BLACK
6
CONTINUOUS
10
4.329682047244094
20
-4.5075481889763775
11
4.3296825590551178
21
-4.5075463385826771
0
LINE
8
BLACK
6
CONTINUOUS
10
4.3296825590551178
20
-4.5075463385826771
11
4.3299206692913383
21
-4.5070701574803147
0
LINE
8
BLACK
6
CONTINUOUS
10
4.3299206692913383
20
-4.5070701574803147
11
4.3299253937007869
21
-4.5070639763779523
0
LINE
8
BLACK
6
CONTINUOUS
10
4.3299253937007869
20
-4.5070639763779523
11
4.3299261023622044
21
-4.5070619685039368
0
LINE
8
BLACK
6
CONTINUOUS
10
4.3299261023622044
20
-4.5070619685039368
11
4.3299283070866137
21
-4.5070601968503938
0
LINE
8
BLACK
6
CONTINUOUS
10
4.3299283070866137
20
-4.5070601968503938
11
4.3299300787401576
21
-4.5070579921259846
0
LINE
8
BLACK
6
CONTINUOUS
10
4.3299300787401576
20
-4.5070579921259846
11
4.3299320866141731
21
-4.507057283464567
0
LINE
8
BLACK
6
CONTINUOUS
10
4.3299320866141731
20
-4.507057283464567
11
4.3299382677165354
21
-4.5070525590551176
0
LINE
8
BLACK
6
CONTINUOUS
10
4.3299382677165354
20
-4.5070525590551176
11
4.3304144488188978
21
-4.5068144488188979
0
LINE
8
BLACK
6
CONTINUOUS
10
4.3304144488188978
20
-4.5068144488188979
11
4.3304162992125983
21
-4.5068139370078741
0
LINE
8
BLACK
6
CONTINUOUS
10
4.3304162992125983
20
-4.5068139370078741
11
4.3304169685039371
21
-4.5068132677165353
0
LINE
8
BLACK
6
CONTINUOUS
10
4.3304169685039371
20
-4.5068132677165353
11
4.3304231496062995
21
-4.5068120078740153
0
LINE
8
BLACK
6
CONTINUOUS
10
4.3304231496062995
20
-4.5068120078740153
11
4.3304292519685035
21
-4.5068103543307085
0
LINE
8
BLACK
6
CONTINUOUS
10
4.3304292519685035
20
-4.5068103543307085
11
4.330430118110236
21
-4.5068106299212598
0
LINE
8
BLACK
6
CONTINUOUS
10
4.330430118110236
20
-4.5068106299212598
11
4.330432047244094
21
-4.506810275590551
0
LINE
8
BLACK
6
CONTINUOUS
10
4.330432047244094
20
-4.506810275590551
11
4.3313844094488188
21
-4.506810275590551
0
LINE
8
BLACK
6
CONTINUOUS
10
4.3313844094488188
20
-4.506810275590551
11
4.331386299212598
21
-4.5068106299212598
0
LINE
8
BLACK
6
CONTINUOUS
10
4.3299851574803148
20
-4.507117047244094
11
4.3297571259842522
21
-4.5075731889763775
0
LINE
8
BLACK
6
CONTINUOUS
10
4.3297571259842522
20
-4.5075731889763775
11
4.3297571259842522
21
-4.5084682677165357
0
LINE
8
BLACK
6
CONTINUOUS
10
4.3297571259842522
20
-4.5084682677165357
11
4.3320593307086614
21
-4.5080078346456691
0
LINE
8
BLACK
6
CONTINUOUS
10
4.3320593307086614
20
-4.5080078346456691
11
4.3320593307086614
21
-4.5075732283464562
0
LINE
8
BLACK
6
CONTINUOUS
10
4.3320593307086614
20
-4.5075732283464562
11
4.331831299212598
21
-4.5071171259842515
0
LINE
8
BLACK
6
CONTINUOUS
10
4.331831299212598
20
-4.5071171259842515
11
4.3313751574803145
21
-4.5068890157480315
0
LINE
8
BLACK
6
CONTINUOUS
10
4.3313751574803145
20
-4.5068890157480315
11
4.3304412992125982
21
-4.5068890157480315
0
LINE
8
BLACK
6
CONTINUOUS
10
4.3304412992125982
20
-4.5068890157480315
11
4.3299851574803148
21
-4.507117047244094
0
LINE
8
BLACK
6
CONTINUOUS
10
4.3364207874015746
20
-4.5051679133858267
11
4.3364237795275589
21
-4.5051829921259845
0
LINE
8
BLACK
6
CONTINUOUS
10
4.3364237795275589
20
-4.5051829921259845
11
4.3364237795275589
21
-4.5101829921259844
0
LINE
8
BLACK
6
CONTINUOUS
10
4.3364237795275589
20
-4.5101829921259844
11
4.3364207874015746
21
-4.5101980708661413
0
LINE
8
BLACK
6
CONTINUOUS
10
4.3364207874015746
20
-4.5101980708661413
11
4.3363994881889765
21
-4.5102193700787403
0
LINE
8
BLACK
6
CONTINUOUS
10
4.3363994881889765
20
-4.5102193700787403
11
4.3363693307086617
21
-4.5102193700787403
0
LINE
8
BLACK
6
CONTINUOUS
10
4.3363693307086617
20
-4.5102193700787403
11
4.3363480314960627
21
-4.5101980708661413
0
LINE
8
BLACK
6
CONTINUOUS
10
4.3363480314960627
20
-4.5101980708661413
11
4.3363450393700784
21
-4.5101829921259844
0
LINE
8
BLACK
6
CONTINUOUS
10
4.3363450393700784
20
-4.5101829921259844
11
4.3363450393700784
21
-4.510008622047244
0
LINE
8
BLACK
6
CONTINUOUS
10
4.3363450393700784
20
-4.510008622047244
11
4.3359258267716534
21
-4.5102181889763777
0
LINE
8
BLACK
6
CONTINUOUS
10
4.3359258267716534
20
-4.5102181889763777
11
4.3359239763779529
21
-4.5102187007874015
0
LINE
8
BLACK
6
CONTINUOUS
10
4.3359239763779529
20
-4.5102187007874015
11
4.3359233070866141
21
-4.5102193700787403
0
LINE
8
BLACK
6
CONTINUOUS
10
4.3359233070866141
20
-4.5102193700787403
11
4.335917086614173
21
-4.5102205905511807
0
LINE
8
BLACK
6
CONTINUOUS
10
4.335917086614173
20
-4.5102205905511807
11
4.3359110236220468
21
-4.5102222834645671
0
LINE
8
BLACK
6
CONTINUOUS
10
4.3359110236220468
20
-4.5102222834645671
11
4.3359101181102364
21
-4.5102219685039371
0
LINE
8
BLACK
6
CONTINUOUS
10
4.3359101181102364
20
-4.5102219685039371
11
4.3359082283464563
21
-4.5102223622047246
0
LINE
8
BLACK
6
CONTINUOUS
10
4.3359082283464563
20
-4.5102223622047246
11
4.3349558267716537
21
-4.5102223622047246
0
LINE
8
BLACK
6
CONTINUOUS
10
4.3349558267716537
20
-4.5102223622047246
11
4.3349538976377948
21
-4.5102219685039371
0
LINE
8
BLACK
6
CONTINUOUS
10
4.3349538976377948
20
-4.5102219685039371
11
4.3349530314960631
21
-4.5102222834645671
0
LINE
8
BLACK
6
CONTINUOUS
10
4.3349530314960631
20
-4.5102222834645671
11
4.3349468503937008
21
-4.510220551181102
0
LINE
8
BLACK
6
CONTINUOUS
10
4.3349468503937008
20
-4.510220551181102
11
4.3349407480314959
21
-4.5102193700787403
0
LINE
8
BLACK
6
CONTINUOUS
10
4.3349407480314959
20
-4.5102193700787403
11
4.3349400787401571
21
-4.5102187007874015
0
LINE
8
BLACK
6
CONTINUOUS
10
4.3349400787401571
20
-4.5102187007874015
11
4.3349381889763778
21
-4.5102181889763777
0
LINE
8
BLACK
6
CONTINUOUS
10
4.3349381889763778
20
-4.5102181889763777
11
4.3344620472440942
21
-4.5099801181102359
0
LINE
8
BLACK
6
CONTINUOUS
10
4.3344620472440942
20
-4.5099801181102359
11
4.3344571259842519
21
-4.5099763385826774
0
LINE
8
BLACK
6
CONTINUOUS
10
4.3344571259842519
20
-4.5099763385826774
11
4.3344518110236221
21
-4.5099727559055118
0
LINE
8
BLACK
6
CONTINUOUS
10
4.3344518110236221
20
-4.5099727559055118
11
4.3342137401574803
21
-4.5097346456692913
0
LINE
8
BLACK
6
CONTINUOUS
10
4.3342137401574803
20
-4.5097346456692913
11
4.3342101968503934
21
-4.5097293700787402
0
LINE
8
BLACK
6
CONTINUOUS
10
4.3342101968503934
20
-4.5097293700787402
11
4.3342063779527562
21
-4.5097244094488191
0
LINE
8
BLACK
6
CONTINUOUS
10
4.3342063779527562
20
-4.5097244094488191
11
4.3339682677165356
21
-4.5092482283464568
0
LINE
8
BLACK
6
CONTINUOUS
10
4.3339682677165356
20
-4.5092482283464568
11
4.3339677559055119
21
-4.5092463779527554
0
LINE
8
BLACK
6
CONTINUOUS
10
4.3339677559055119
20
-4.5092463779527554
11
4.3339670866141731
21
-4.5092457086614175
0
LINE
8
BLACK
6
CONTINUOUS
10
4.3339670866141731
20
-4.5092457086614175
11
4.3339658267716539
21
-4.5092394881889764
0
LINE
8
BLACK
6
CONTINUOUS
10
4.3339658267716539
20
-4.5092394881889764
11
4.3339641732283463
21
-4.5092334251968502
0
LINE
8
BLACK
6
CONTINUOUS
10
4.3339641732283463
20
-4.5092334251968502
11
4.3339644488188975
21
-4.5092325196850389
0
LINE
8
BLACK
6
CONTINUOUS
10
4.3339644488188975
20
-4.5092325196850389
11
4.3339640944881888
21
-4.5092306299212597
0
LINE
8
BLACK
6
CONTINUOUS
10
4.3339640944881888
20
-4.5092306299212597
11
4.3339640944881888
21
-4.5078020472440947
0
LINE
8
BLACK
6
CONTINUOUS
10
4.3339640944881888
20
-4.5078020472440947
11
4.3339644488188975
21
-4.5078001181102358
0
LINE
8
BLACK
6
CONTINUOUS
10
4.3339644488188975
20
-4.5078001181102358
11
4.3339641732283463
21
-4.5077992519685042
0
LINE
8
BLACK
6
CONTINUOUS
10
4.3339641732283463
20
-4.5077992519685042
11
4.3339658267716539
21
-4.5077931496062993
0
LINE
8
BLACK
6
CONTINUOUS
10
4.3339658267716539
20
-4.5077931496062993
11
4.3339670866141731
21
-4.5077869685039369
0
LINE
8
BLACK
6
CONTINUOUS
10
4.3339670866141731
20
-4.5077869685039369
11
4.3339677559055119
21
-4.5077862992125981
0
LINE
8
BLACK
6
CONTINUOUS
10
4.3339677559055119
20
-4.5077862992125981
11
4.3339682677165356
21
-4.5077844488188976
0
LINE
8
BLACK
6
CONTINUOUS
10
4.3339682677165356
20
-4.5077844488188976
11
4.3342063779527562
21
-4.5073082677165353
0
LINE
8
BLACK
6
CONTINUOUS
10
4.3342063779527562
20
-4.5073082677165353
11
4.3342101968503934
21
-4.5073032677165354
0
LINE
8
BLACK
6
CONTINUOUS
10
4.3342101968503934
20
-4.5073032677165354
11
4.3342137401574803
21
-4.5072980314960631
0
LINE
8
BLACK
6
CONTINUOUS
10
4.3342137401574803
20
-4.5072980314960631
11
4.3344518110236221
21
-4.5070599212598426
0
LINE
8
BLACK
6
CONTINUOUS
10
4.3344518110236221
20
-4.5070599212598426
11
4.3344571259842519
21
-4.5070562992125982
0
LINE
8
BLACK
6
CONTINUOUS
10
4.3344571259842519
20
-4.5070562992125982
11
4.3344620472440942
21
-4.5070525590551176
0
LINE
8
BLACK
6
CONTINUOUS
10
4.3344620472440942
20
-4.5070525590551176
11
4.3349382283464566
21
-4.5068144488188979
0
LINE
8
BLACK
6
CONTINUOUS
10
4.3349382283464566
20
-4.5068144488188979
11
4.3349400787401571
21
-4.5068139370078741
0
LINE
8
BLACK
6
CONTINUOUS
10
4.3349400787401571
20
-4.5068139370078741
11
4.3349407480314959
21
-4.5068132677165353
0
LINE
8
BLACK
6
CONTINUOUS
10
4.3349407480314959
20
-4.5068132677165353
11
4.3349469291338583
21
-4.5068120078740153
0
LINE
8
BLACK
6
CONTINUOUS
10
4.3349469291338583
20
-4.5068120078740153
11
4.3349530314960631
21
-4.5068103543307085
0
LINE
8
BLACK
6
CONTINUOUS
10
4.3349530314960631
20
-4.5068103543307085
11
4.3349538976377948
21
-4.5068106299212598
0
LINE
8
BLACK
6
CONTINUOUS
10
4.3349538976377948
20
-4.5068106299212598
11
4.3349558267716537
21
-4.506810275590551
0
LINE
8
BLACK
6
CONTINUOUS
10
4.3349558267716537
20
-4.506810275590551
11
4.3359082283464563
21
-4.506810275590551
0
LINE
8
BLACK
6
CONTINUOUS
10
4.3359082283464563
20
-4.506810275590551
11
4.3359101181102364
21
-4.5068106299212598
0
LINE
8
BLACK
6
CONTINUOUS
10
4.3359101181102364
20
-4.5068106299212598
11
4.3359110236220468
21
-4.5068103543307085
0
LINE
8
BLACK
6
CONTINUOUS
10
4.3359110236220468
20
-4.5068103543307085
11
4.335917086614173
21
-4.5068120078740153
0
LINE
8
BLACK
6
CONTINUOUS
10
4.335917086614173
20
-4.5068120078740153
11
4.3359233070866141
21
-4.5068132677165353
0
LINE
8
BLACK
6
CONTINUOUS
10
4.3359233070866141
20
-4.5068132677165353
11
4.3359239763779529
21
-4.5068139370078741
0
LINE
8
BLACK
6
CONTINUOUS
10
4.3359239763779529
20
-4.5068139370078741
11
4.3359258267716534
21
-4.5068144488188979
0
LINE
8
BLACK
6
CONTINUOUS
10
4.3359258267716534
20
-4.5068144488188979
11
4.3363450393700784
21
-4.5070240551181104
0
LINE
8
BLACK
6
CONTINUOUS
10
4.3363450393700784
20
-4.5070240551181104
11
4.3363450393700784
21
-4.5051829921259845
0
LINE
8
BLACK
6
CONTINUOUS
10
4.3363450393700784
20
-4.5051829921259845
11
4.3363480314960627
21
-4.5051679133858267
0
LINE
8
BLACK
6
CONTINUOUS
10
4.3363480314960627
20
-4.5051679133858267
11
4.3363693307086617
21
-4.5051466141732286
0
LINE
8
BLACK
6
CONTINUOUS
10
4.3363693307086617
20
-4.5051466141732286
11
4.3363994881889765
21
-4.5051466141732286
0
LINE
8
BLACK
6
CONTINUOUS
10
4.3363994881889765
20
-4.5051466141732286
11
4.3364207874015746
21
-4.5051679133858267
0
LINE
8
BLACK
6
CONTINUOUS
10
4.3345029921259846
20
-4.5071200393700783
11
4.3342738976377948
21
-4.5073491732283459
0
LINE
8
BLACK
6
CONTINUOUS
10
4.3342738976377948
20
-4.5073491732283459
11
4.3340428346456692
21
-4.507811299212598
0
LINE
8
BLACK
6
CONTINUOUS
10
4.3340428346456692
20
-4.507811299212598
11
4.3340428346456692
21
-4.5092213385826767
0
LINE
8
BLACK
6
CONTINUOUS
10
4.3340428346456692
20
-4.5092213385826767
11
4.3342738976377948
21
-4.5096834645669288
0
LINE
8
BLACK
6
CONTINUOUS
10
4.3342738976377948
20
-4.5096834645669288
11
4.3345029921259846
21
-4.5099125590551177
0
LINE
8
BLACK
6
CONTINUOUS
10
4.3345029921259846
20
-4.5099125590551177
11
4.3349651574803145
21
-4.5101436220472442
0
LINE
8
BLACK
6
CONTINUOUS
10
4.3349651574803145
20
-4.5101436220472442
11
4.335898976377953
21
-4.5101436220472442
0
LINE
8
BLACK
6
CONTINUOUS
10
4.335898976377953
20
-4.5101436220472442
11
4.3363450393700784
21
-4.5099205905511814
0
LINE
8
BLACK
6
CONTINUOUS
10
4.3363450393700784
20
-4.5099205905511814
11
4.3363450393700784
21
-4.5071120472440942
0
LINE
8
BLACK
6
CONTINUOUS
10
4.3363450393700784
20
-4.5071120472440942
11
4.335898976377953
21
-4.5068890157480315
0
LINE
8
BLACK
6
CONTINUOUS
10
4.335898976377953
20
-4.5068890157480315
11
4.334965078740157
21
-4.5068890157480315
0
LINE
8
BLACK
6
CONTINUOUS
10
4.334965078740157
20
-4.5068890157480315
11
4.3345029921259846
21
-4.5071200393700783
0
LINE
8
BLACK
6
CONTINUOUS
10
4.3437714173228343
20
-4.505144803149606
11
4.3437778346456692
21
-4.5051456299212598
0
LINE
8
BLACK
6
CONTINUOUS
10
4.3437778346456692
20
-4.5051456299212598
11
4.3444921653543309
21
-4.5053837401574803
0
LINE
8
BLACK
6
CONTINUOUS
10
4.3444921653543309
20
-4.5053837401574803
11
4.3444938976377951
21
-4.5053847244094491
0
LINE
8
BLACK
6
CONTINUOUS
10
4.3444938976377951
20
-4.5053847244094491
11
4.3444947637795277
21
-4.5053847244094491
0
LINE
8
BLACK
6
CONTINUOUS
10
4.3444947637795277
20
-4.5053847244094491
11
4.3444998818897638
21
-4.5053881496062989
0
LINE
8
BLACK
6
CONTINUOUS
10
4.3444998818897638
20
-4.5053881496062989
11
4.3445055118110236
21
-4.5053913779527557
0
LINE
8
BLACK
6
CONTINUOUS
10
4.3445055118110236
20
-4.5053913779527557
11
4.3445059055118112
21
-4.5053921653543307
0
LINE
8
BLACK
6
CONTINUOUS
10
4.3445059055118112
20
-4.5053921653543307
11
4.3445075196850391
21
-4.5053932677165349
0
LINE
8
BLACK
6
CONTINUOUS
10
4.3445075196850391
20
-4.5053932677165349
11
4.3449837007874015
21
-4.5058694488188973
0
LINE
8
BLACK
6
CONTINUOUS
10
4.3449837007874015
20
-4.5058694488188973
11
4.3449872047244096
21
-4.5058746850393696
0
LINE
8
BLACK
6
CONTINUOUS
10
4.3449872047244096
20
-4.5058746850393696
11
4.3449910629921256
21
-4.5058796850393703
0
LINE
8
BLACK
6
CONTINUOUS
10
4.3449910629921256
20
-4.5058796850393703
11
4.3452291338582674
21
-4.506355826771653
0
LINE
8
BLACK
6
CONTINUOUS
10
4.3452291338582674
20
-4.506355826771653
11
4.3452302362204724
21
-4.5063599212598424
0
LINE
8
BLACK
6
CONTINUOUS
10
4.3452302362204724
20
-4.5063599212598424
11
4.3452321259842517
21
-4.5063638976377955
0
LINE
8
BLACK
6
CONTINUOUS
10
4.3452321259842517
20
-4.5063638976377955
11
4.3454702362204722
21
-4.5073163385826769
0
LINE
8
BLACK
6
CONTINUOUS
10
4.3454702362204722
20
-4.5073163385826769
11
4.345470433070866
21
-4.5073210629921263
0
LINE
8
BLACK
6
CONTINUOUS
10
4.345470433070866
20
-4.5073210629921263
11
4.3454714173228348
21
-4.5073258661417324
0
LINE
8
BLACK
6
CONTINUOUS
10
4.3454714173228348
20
-4.5073258661417324
11
4.3454714173228348
21
-4.5080401574803153
0
LINE
8
BLACK
6
CONTINUOUS
10
4.3454714173228348
20
-4.5080401574803153
11
4.345470433070866
21
-4.5080449212598426
0
LINE
8
BLACK
6
CONTINUOUS
10
4.345470433070866
20
-4.5080449212598426
11
4.3454702362204722
21
-4.5080496850393699
0
LINE
8
BLACK
6
CONTINUOUS
10
4.3454702362204722
20
-4.5080496850393699
11
4.3452321259842517
21
-4.5090020866141733
0
LINE
8
BLACK
6
CONTINUOUS
10
4.3452321259842517
20
-4.5090020866141733
11
4.3452302362204724
21
-4.5090060236220468
0
LINE
8
BLACK
6
CONTINUOUS
10
4.3452302362204724
20
-4.5090060236220468
11
4.3452291338582674
21
-4.509010157480315
0
LINE
8
BLACK
6
CONTINUOUS
10
4.3452291338582674
20
-4.509010157480315
11
4.3449910629921256
21
-4.5094862992125986
0
LINE
8
BLACK
6
CONTINUOUS
10
4.3449910629921256
20
-4.5094862992125986
11
4.3449872047244096
21
-4.5094912598425196
0
LINE
8
BLACK
6
CONTINUOUS
10
4.3449872047244096
20
-4.5094912598425196
11
4.3449837007874015
21
-4.5094965354330707
0
LINE
8
BLACK
6
CONTINUOUS
10
4.3449837007874015
20
-4.5094965354330707
11
4.3445075196850391
21
-4.5099727559055118
0
LINE
8
BLACK
6
CONTINUOUS
10
4.3445075196850391
20
-4.5099727559055118
11
4.3445058661417324
21
-4.5099738188976373
0
LINE
8
BLACK
6
CONTINUOUS
10
4.3445058661417324
20
-4.5099738188976373
11
4.3445054724409449
21
-4.5099746850393698
0
LINE
8
BLACK
6
CONTINUOUS
10
4.3445054724409449
20
-4.5099746850393698
11
4.3444998818897638
21
-4.5099778346456691
0
LINE
8
BLACK
6
CONTINUOUS
10
4.3444998818897638
20
-4.5099778346456691
11
4.3444947637795277
21
-4.5099812992125985
0
LINE
8
BLACK
6
CONTINUOUS
10
4.3444947637795277
20
-4.5099812992125985
11
4.3444938582677164
21
-4.5099812992125985
0
LINE
8
BLACK
6
CONTINUOUS
10
4.3444938582677164
20
-4.5099812992125985
11
4.3444921259842522
21
-4.5099822834645664
0
LINE
8
BLACK
6
CONTINUOUS
10
4.3444921259842522
20
-4.5099822834645664
11
4.3437778346456692
21
-4.5102203543307082
0
LINE
8
BLACK
6
CONTINUOUS
10
4.3437778346456692
20
-4.5102203543307082
11
4.3437714173228343
21
-4.5102211417322833
0
LINE
8
BLACK
6
CONTINUOUS
10
4.3437714173228343
20
-4.5102211417322833
11
4.343765393700787
21
-4.5102223622047246
0
LINE
8
BLACK
6
CONTINUOUS
10
4.343765393700787
20
-4.5102223622047246
11
4.3425749212598426
21
-4.5102223622047246
0
LINE
8
BLACK
6
CONTINUOUS
10
4.3425749212598426
20
-4.5102223622047246
11
4.3425598425196847
21
-4.5102193700787403
0
LINE
8
BLACK
6
CONTINUOUS
10
4.3425598425196847
20
-4.5102193700787403
11
4.3425385433070867
21
-4.5101980708661413
0
LINE
8
BLACK
6
CONTINUOUS
10
4.3425385433070867
20
-4.5101980708661413
11
4.3425385433070867
21
-4.5101980314960626
0
LINE
8
BLACK
6
CONTINUOUS
10
4.3425385433070867
20
-4.5101980314960626
11
4.3425355511811023
21
-4.5101829921259844
0
LINE
8
BLACK
6
CONTINUOUS
10
4.3425355511811023
20
-4.5101829921259844
11
4.3425355511811023
21
-4.5051829921259845
0
LINE
8
BLACK
6
CONTINUOUS
10
4.3425355511811023
20
-4.5051829921259845
11
4.3425385433070867
21
-4.5051679133858267
0
LINE
8
BLACK
6
CONTINUOUS
10
4.3425385433070867
20
-4.5051679133858267
11
4.3425598425196847
21
-4.5051466141732286
0
LINE
8
BLACK
6
CONTINUOUS
10
4.3425598425196847
20
-4.5051466141732286
11
4.3425749212598426
21
-4.5051436220472443
0
LINE
8
BLACK
6
CONTINUOUS
10
4.3425749212598426
20
-4.5051436220472443
11
4.343765393700787
21
-4.5051436220472443
0
LINE
8
BLACK
6
CONTINUOUS
10
4.343765393700787
20
-4.5051436220472443
11
4.3437714173228343
21
-4.505144803149606
0
LINE
8
BLACK
6
CONTINUOUS
10
4.3426142913385828
20
-4.5101436220472442
11
4.3437589763779529
21
-4.5101436220472442
0
LINE
8
BLACK
6
CONTINUOUS
10
4.3437589763779529
20
-4.5101436220472442
11
4.3444584251968505
21
-4.5099104724409447
0
LINE
8
BLACK
6
CONTINUOUS
10
4.3444584251968505
20
-4.5099104724409447
11
4.3449235039370082
21
-4.5094453543307083
0
LINE
8
BLACK
6
CONTINUOUS
10
4.3449235039370082
20
-4.5094453543307083
11
4.3451567716535431
21
-4.5089787007874014
0
LINE
8
BLACK
6
CONTINUOUS
10
4.3451567716535431
20
-4.5089787007874014
11
4.3453926771653544
21
-4.5080352755905508
0
LINE
8
BLACK
6
CONTINUOUS
10
4.3453926771653544
20
-4.5080352755905508
11
4.3453926771653544
21
-4.5073307086614172
0
LINE
8
BLACK
6
CONTINUOUS
10
4.3453926771653544
20
-4.5073307086614172
11
4.3451567716535431
21
-4.5063872440944879
0
LINE
8
BLACK
6
CONTINUOUS
10
4.3451567716535431
20
-4.5063872440944879
11
4.3449235039370082
21
-4.505920590551181
0
LINE
8
BLACK
6
CONTINUOUS
10
4.3449235039370082
20
-4.505920590551181
11
4.3444584251968505
21
-4.5054555118110233
0
LINE
8
BLACK
6
CONTINUOUS
10
4.3444584251968505
20
-4.5054555118110233
11
4.3437589763779529
21
-4.5052223622047247
0
LINE
8
BLACK
6
CONTINUOUS
10
4.3437589763779529
20
-4.5052223622047247
11
4.3426142913385828
21
-4.5052223622047247
0
LINE
8
BLACK
6
CONTINUOUS
10
4.3426142913385828
20
-4.5052223622047247
11
4.3426142913385828
21
-4.5101436220472442
0
LINE
8
BLACK
6
CONTINUOUS
10
4.3490053543307088
20
-4.5068106299212598
11
4.3490062598425192
21
-4.5068103543307085
0
LINE
8
BLACK
6
CONTINUOUS
10
4.3490062598425192
20
-4.5068103543307085
11
4.3490123228346453
21
-4.5068120078740153
0
LINE
8
BLACK
6
CONTINUOUS
10
4.3490123228346453
20
-4.5068120078740153
11
4.3490185433070865
21
-4.5068132677165353
0
LINE
8
BLACK
6
CONTINUOUS
10
4.3490185433070865
20
-4.5068132677165353
11
4.3490192125984253
21
-4.5068139370078741
0
LINE
8
BLACK
6
CONTINUOUS
10
4.3490192125984253
20
-4.5068139370078741
11
4.3490210629921258
21
-4.5068144488188979
0
LINE
8
BLACK
6
CONTINUOUS
10
4.3490210629921258
20
-4.5068144488188979
11
4.3494972834645669
21
-4.5070525590551176
0
LINE
8
BLACK
6
CONTINUOUS
10
4.3494972834645669
20
-4.5070525590551176
11
4.3495034251968505
21
-4.507057283464567
0
LINE
8
BLACK
6
CONTINUOUS
10
4.3495034251968505
20
-4.507057283464567
11
4.3495054724409448
21
-4.5070579921259846
0
LINE
8
BLACK
6
CONTINUOUS
10
4.3495054724409448
20
-4.5070579921259846
11
4.349507204724409
21
-4.5070601968503938
0
LINE
8
BLACK
6
CONTINUOUS
10
4.349507204724409
20
-4.5070601968503938
11
4.3495094488188979
21
-4.5070619685039368
0
LINE
8
BLACK
6
CONTINUOUS
10
4.3495094488188979
20
-4.5070619685039368
11
4.3495101181102358
21
-4.5070639763779523
0
LINE
8
BLACK
6
CONTINUOUS
10
4.3495101181102358
20
-4.5070639763779523
11
4.349514881889764
21
-4.5070701574803147
0
LINE
8
BLACK
6
CONTINUOUS
10
4.349514881889764
20
-4.5070701574803147
11
4.3497529527559058
21
-4.5075462992125983
0
LINE
8
BLACK
6
CONTINUOUS
10
4.3497529527559058
20
-4.5075462992125983
11
4.3497534645669287
21
-4.5075481889763775
0
LINE
8
BLACK
6
CONTINUOUS
10
4.3497534645669287
20
-4.5075481889763775
11
4.3497541338582675
21
-4.5075488582677163
0
LINE
8
BLACK
6
CONTINUOUS
10
4.3497541338582675
20
-4.5075488582677163
11
4.3497553149606301
21
-4.5075549606299212
0
LINE
8
BLACK
6
CONTINUOUS
10
4.3497553149606301
20
-4.5075549606299212
11
4.3497570472440943
21
-4.5075611417322836
0
LINE
8
BLACK
6
CONTINUOUS
10
4.3497570472440943
20
-4.5075611417322836
11
4.3497567322834643
21
-4.5075620078740153
0
LINE
8
BLACK
6
CONTINUOUS
10
4.3497567322834643
20
-4.5075620078740153
11
4.3497571259842518
21
-4.5075639370078742
0
LINE
8
BLACK
6
CONTINUOUS
10
4.3497571259842518
20
-4.5075639370078742
11
4.3497571259842518
21
-4.5080401574803153
0
LINE
8
BLACK
6
CONTINUOUS
10
4.3497571259842518
20
-4.5080401574803153
11
4.349755984251968
21
-4.5080457480314964
0
LINE
8
BLACK
6
CONTINUOUS
10
4.349755984251968
20
-4.5080457480314964
11
4.3497564173228342
21
-4.5080477952755906
0
LINE
8
BLACK
6
CONTINUOUS
10
4.3497564173228342
20
-4.5080477952755906
11
4.3497552362204726
21
-4.5080494881889761
0
LINE
8
BLACK
6
CONTINUOUS
10
4.3497552362204726
20
-4.5080494881889761
11
4.3497541338582675
21
-4.5080552362204722
0
LINE
8
BLACK
6
CONTINUOUS
10
4.3497541338582675
20
-4.5080552362204722
11
4.3497460629921259
21
-4.5080632677165351
0
LINE
8
BLACK
6
CONTINUOUS
10
4.3497460629921259
20
-4.5080632677165351
11
4.3497396850393697
21
-4.5080728740157481
0
LINE
8
BLACK
6
CONTINUOUS
10
4.3497396850393697
20
-4.5080728740157481
11
4.3497342125984249
21
-4.5080751181102361
0
LINE
8
BLACK
6
CONTINUOUS
10
4.3497342125984249
20
-4.5080751181102361
11
4.3497328346456694
21
-4.5080765354330712
0
LINE
8
BLACK
6
CONTINUOUS
10
4.3497328346456694
20
-4.5080765354330712
11
4.3497308661417318
21
-4.5080765354330712
0
LINE
8
BLACK
6
CONTINUOUS
10
4.3497308661417318
20
-4.5080765354330712
11
4.3497254724409444
21
-4.5080787795275592
0
LINE
8
BLACK
6
CONTINUOUS
10
4.3497254724409444
20
-4.5080787795275592
11
4.3473761811023621
21
-4.5085486220472442
0
LINE
8
BLACK
6
CONTINUOUS
10
4.3473761811023621
20
-4.5085486220472442
11
4.3473761811023621
21
-4.5094594094488185
0
LINE
8
BLACK
6
CONTINUOUS
10
4.3473761811023621
20
-4.5094594094488185
11
4.3476042913385822
21
-4.5099155905511807
0
LINE
8
BLACK
6
CONTINUOUS
10
4.3476042913385822
20
-4.5099155905511807
11
4.3480604330708656
21
-4.5101436220472442
0
LINE
8
BLACK
6
CONTINUOUS
10
4.3480604330708656
20
-4.5101436220472442
11
4.3489942125984253
21
-4.5101436220472442
0
LINE
8
BLACK
6
CONTINUOUS
10
4.3489942125984253
20
-4.5101436220472442
11
4.3494620866141736
21
-4.5099097244094484
0
LINE
8
BLACK
6
CONTINUOUS
10
4.3494620866141736
20
-4.5099097244094484
11
4.3494768897637792
21
-4.5099056299212599
0
LINE
8
BLACK
6
CONTINUOUS
10
4.3494768897637792
20
-4.5099056299212599
11
4.3495054724409448
21
-4.5099151574803145
0
LINE
8
BLACK
6
CONTINUOUS
10
4.3495054724409448
20
-4.5099151574803145
11
4.3495189370078737
21
-4.5099421653543308
0
LINE
8
BLACK
6
CONTINUOUS
10
4.3495189370078737
20
-4.5099421653543308
11
4.3495094094488191
21
-4.5099707086614176
0
LINE
8
BLACK
6
CONTINUOUS
10
4.3495094094488191
20
-4.5099707086614176
11
4.3494972834645669
21
-4.5099801574803147
0
LINE
8
BLACK
6
CONTINUOUS
10
4.3494972834645669
20
-4.5099801574803147
11
4.3490210629921258
21
-4.5102181889763777
0
LINE
8
BLACK
6
CONTINUOUS
10
4.3490210629921258
20
-4.5102181889763777
11
4.3490192125984253
21
-4.5102187007874015
0
LINE
8
BLACK
6
CONTINUOUS
10
4.3490192125984253
20
-4.5102187007874015
11
4.3490185433070865
21
-4.5102193700787403
0
LINE
8
BLACK
6
CONTINUOUS
10
4.3490185433070865
20
-4.5102193700787403
11
4.3490123228346453
21
-4.5102205905511807
0
LINE
8
BLACK
6
CONTINUOUS
10
4.3490123228346453
20
-4.5102205905511807
11
4.3490062598425192
21
-4.5102222834645671
0
LINE
8
BLACK
6
CONTINUOUS
10
4.3490062598425192
20
-4.5102222834645671
11
4.3490053543307088
21
-4.5102219685039371
0
LINE
8
BLACK
6
CONTINUOUS
10
4.3490053543307088
20
-4.5102219685039371
11
4.3490034645669287
21
-4.5102223622047246
0
LINE
8
BLACK
6
CONTINUOUS
10
4.3490034645669287
20
-4.5102223622047246
11
4.3480511023622048
21
-4.5102223622047246
0
LINE
8
BLACK
6
CONTINUOUS
10
4.3480511023622048
20
-4.5102223622047246
11
4.3480491732283459
21
-4.5102219685039371
0
LINE
8
BLACK
6
CONTINUOUS
10
4.3480491732283459
20
-4.5102219685039371
11
4.3480483070866143
21
-4.5102222834645671
0
LINE
8
BLACK
6
CONTINUOUS
10
4.3480483070866143
20
-4.5102222834645671
11
4.3480421259842519
21
-4.510220551181102
0
LINE
8
BLACK
6
CONTINUOUS
10
4.3480421259842519
20
-4.510220551181102
11
4.348036023622047
21
-4.5102193700787403
0
LINE
8
BLACK
6
CONTINUOUS
10
4.348036023622047
20
-4.5102193700787403
11
4.3480353543307082
21
-4.5102187007874015
0
LINE
8
BLACK
6
CONTINUOUS
10
4.3480353543307082
20
-4.5102187007874015
11
4.348033464566929
21
-4.5102181889763777
0
LINE
8
BLACK
6
CONTINUOUS
10
4.348033464566929
20
-4.5102181889763777
11
4.3475573228346454
21
-4.5099801181102359
0
LINE
8
BLACK
6
CONTINUOUS
10
4.3475573228346454
20
-4.5099801181102359
11
4.347551141732283
21
-4.5099753543307086
0
LINE
8
BLACK
6
CONTINUOUS
10
4.347551141732283
20
-4.5099753543307086
11
4.3475491338582675
21
-4.5099746850393698
0
LINE
8
BLACK
6
CONTINUOUS
10
4.3475491338582675
20
-4.5099746850393698
11
4.3475473622047245
21
-4.5099724409448818
0
LINE
8
BLACK
6
CONTINUOUS
10
4.3475473622047245
20
-4.5099724409448818
11
4.3475451574803152
21
-4.5099707086614176
0
LINE
8
BLACK
6
CONTINUOUS
10
4.3475451574803152
20
-4.5099707086614176
11
4.3475444488188977
21
-4.5099686614173224
0
LINE
8
BLACK
6
CONTINUOUS
10
4.3475444488188977
20
-4.5099686614173224
11
4.3475397244094491
21
-4.5099625196850397
0
LINE
8
BLACK
6
CONTINUOUS
10
4.3475397244094491
20
-4.5099625196850397
11
4.3473016141732286
21
-4.5094862992125986
0
LINE
8
BLACK
6
CONTINUOUS
10
4.3473016141732286
20
-4.5094862992125986
11
4.3473011023622048
21
-4.5094844488188972
0
LINE
8
BLACK
6
CONTINUOUS
10
4.3473011023622048
20
-4.5094844488188972
11
4.347300433070866
21
-4.5094837795275593
0
LINE
8
BLACK
6
CONTINUOUS
10
4.347300433070866
20
-4.5094837795275593
11
4.3472991732283459
21
-4.5094775590551182
0
LINE
8
BLACK
6
CONTINUOUS
10
4.3472991732283459
20
-4.5094775590551182
11
4.3472975196850392
21
-4.509471496062992
0
LINE
8
BLACK
6
CONTINUOUS
10
4.3472975196850392
20
-4.509471496062992
11
4.3472977952755905
21
-4.5094705905511807
0
LINE
8
BLACK
6
CONTINUOUS
10
4.3472977952755905
20
-4.5094705905511807
11
4.3472974409448817
21
-4.5094687007874015
0
LINE
8
BLACK
6
CONTINUOUS
10
4.3472974409448817
20
-4.5094687007874015
11
4.3472974409448817
21
-4.5075639370078742
0
LINE
8
BLACK
6
CONTINUOUS
10
4.3472974409448817
20
-4.5075639370078742
11
4.3472977952755905
21
-4.5075620078740153
0
LINE
8
BLACK
6
CONTINUOUS
10
4.3472977952755905
20
-4.5075620078740153
11
4.3472975196850392
21
-4.5075611417322836
0
LINE
8
BLACK
6
CONTINUOUS
10
4.3472975196850392
20
-4.5075611417322836
11
4.3472991732283459
21
-4.5075550393700787
0
LINE
8
BLACK
6
CONTINUOUS
10
4.3472991732283459
20
-4.5075550393700787
11
4.347300433070866
21
-4.5075488582677163
0
LINE
8
BLACK
6
CONTINUOUS
10
4.347300433070866
20
-4.5075488582677163
11
4.3473011023622048
21
-4.5075481889763775
0
LINE
8
BLACK
6
CONTINUOUS
10
4.3473011023622048
20
-4.5075481889763775
11
4.3473016141732286
21
-4.5075463385826771
0
LINE
8
BLACK
6
CONTINUOUS
10
4.3473016141732286
20
-4.5075463385826771
11
4.3475397244094491
21
-4.5070701574803147
0
LINE
8
BLACK
6
CONTINUOUS
10
4.3475397244094491
20
-4.5070701574803147
11
4.3475444488188977
21
-4.5070639763779523
0
LINE
8
BLACK
6
CONTINUOUS
10
4.3475444488188977
20
-4.5070639763779523
11
4.3475451574803152
21
-4.5070619685039368
0
LINE
8
BLACK
6
CONTINUOUS
10
4.3475451574803152
20
-4.5070619685039368
11
4.3475473622047245
21
-4.5070601968503938
0
LINE
8
BLACK
6
CONTINUOUS
10
4.3475473622047245
20
-4.5070601968503938
11
4.3475491338582675
21
-4.5070579921259846
0
LINE
8
BLACK
6
CONTINUOUS
10
4.3475491338582675
20
-4.5070579921259846
11
4.347551141732283
21
-4.507057283464567
0
LINE
8
BLACK
6
CONTINUOUS
10
4.347551141732283
20
-4.507057283464567
11
4.3475573228346454
21
-4.5070525590551176
0
LINE
8
BLACK
6
CONTINUOUS
10
4.3475573228346454
20
-4.5070525590551176
11
4.3480335039370077
21
-4.5068144488188979
0
LINE
8
BLACK
6
CONTINUOUS
10
4.3480335039370077
20
-4.5068144488188979
11
4.3480353543307082
21
-4.5068139370078741
0
LINE
8
BLACK
6
CONTINUOUS
10
4.3480353543307082
20
-4.5068139370078741
11
4.348036023622047
21
-4.5068132677165353
0
LINE
8
BLACK
6
CONTINUOUS
10
4.348036023622047
20
-4.5068132677165353
11
4.3480422047244094
21
-4.5068120078740153
0
LINE
8
BLACK
6
CONTINUOUS
10
4.3480422047244094
20
-4.5068120078740153
11
4.3480483070866143
21
-4.5068103543307085
0
LINE
8
BLACK
6
CONTINUOUS
10
4.3480483070866143
20
-4.5068103543307085
11
4.3480491732283459
21
-4.5068106299212598
0
LINE
8
BLACK
6
CONTINUOUS
10
4.3480491732283459
20
-4.5068106299212598
11
4.3480511023622048
21
-4.506810275590551
0
LINE
8
BLACK
6
CONTINUOUS
10
4.3480511023622048
20
-4.506810275590551
11
4.3490034645669287
21
-4.506810275590551
0
LINE
8
BLACK
6
CONTINUOUS
10
4.3490034645669287
20
-4.506810275590551
11
4.3490053543307088
21
-4.5068106299212598
0
LINE
8
BLACK
6
CONTINUOUS
10
4.3476042125984247
20
-4.507117047244094
11
4.3473761811023621
21
-4.5075731889763775
0
LINE
8
BLACK
6
CONTINUOUS
10
4.3473761811023621
20
-4.5075731889763775
11
4.3473761811023621
21
-4.5084682677165357
0
LINE
8
BLACK
6
CONTINUOUS
10
4.3473761811023621
20
-4.5084682677165357
11
4.3496783858267714
21
-4.5080078346456691
0
LINE
8
BLACK
6
CONTINUOUS
10
4.3496783858267714
20
-4.5080078346456691
11
4.3496783858267714
21
-4.5075732283464562
0
LINE
8
BLACK
6
CONTINUOUS
10
4.3496783858267714
20
-4.5075732283464562
11
4.3494503543307088
21
-4.5071171259842515
0
LINE
8
BLACK
6
CONTINUOUS
10
4.3494503543307088
20
-4.5071171259842515
11
4.3489942125984253
21
-4.5068890157480315
0
LINE
8
BLACK
6
CONTINUOUS
10
4.3489942125984253
20
-4.5068890157480315
11
4.3480603543307081
21
-4.5068890157480315
0
LINE
8
BLACK
6
CONTINUOUS
10
4.3480603543307081
20
-4.5068890157480315
11
4.3476042125984247
21
-4.507117047244094
0
LINE
8
BLACK
6
CONTINUOUS
10
4.353052992125984
20
-4.5068106299212598
11
4.3530538976377953
21
-4.5068103543307085
0
LINE
8
BLACK
6
CONTINUOUS
10
4.3530538976377953
20
-4.5068103543307085
11
4.3530599606299214
21
-4.5068120078740153
0
LINE
8
BLACK
6
CONTINUOUS
10
4.3530599606299214
20
-4.5068120078740153
11
4.3530661811023625
21
-4.5068132677165353
0
LINE
8
BLACK
6
CONTINUOUS
10
4.3530661811023625
20
-4.5068132677165353
11
4.3530668503937004
21
-4.5068139370078741
0
LINE
8
BLACK
6
CONTINUOUS
10
4.3530668503937004
20
-4.5068139370078741
11
4.3530687007874018
21
-4.5068144488188979
0
LINE
8
BLACK
6
CONTINUOUS
10
4.3530687007874018
20
-4.5068144488188979
11
4.3535448818897633
21
-4.5070525590551176
0
LINE
8
BLACK
6
CONTINUOUS
10
4.3535448818897633
20
-4.5070525590551176
11
4.3535570472440943
21
-4.5070619685039368
0
LINE
8
BLACK
6
CONTINUOUS
10
4.3535570472440943
20
-4.5070619685039368
11
4.3535665748031498
21
-4.5070905511811024
0
LINE
8
BLACK
6
CONTINUOUS
10
4.3535665748031498
20
-4.5070905511811024
11
4.3535530708661421
21
-4.507117519685039
0
LINE
8
BLACK
6
CONTINUOUS
10
4.3535530708661421
20
-4.507117519685039
11
4.3535244881889765
21
-4.5071270472440945
0
LINE
8
BLACK
6
CONTINUOUS
10
4.3535244881889765
20
-4.5071270472440945
11
4.35350968503937
21
-4.5071229527559051
0
LINE
8
BLACK
6
CONTINUOUS
10
4.35350968503937
20
-4.5071229527559051
11
4.3530418503937005
21
-4.5068890157480315
0
LINE
8
BLACK
6
CONTINUOUS
10
4.3530418503937005
20
-4.5068890157480315
11
4.352346062992126
21
-4.5068890157480315
0
LINE
8
BLACK
6
CONTINUOUS
10
4.352346062992126
20
-4.5068890157480315
11
4.3518899212598425
21
-4.507117047244094
0
LINE
8
BLACK
6
CONTINUOUS
10
4.3518899212598425
20
-4.507117047244094
11
4.3516618897637791
21
-4.5075731889763775
0
LINE
8
BLACK
6
CONTINUOUS
10
4.3516618897637791
20
-4.5075731889763775
11
4.3516618897637791
21
-4.5077927559055118
0
LINE
8
BLACK
6
CONTINUOUS
10
4.3516618897637791
20
-4.5077927559055118
11
4.3518899212598425
21
-4.5082488976377952
0
LINE
8
BLACK
6
CONTINUOUS
10
4.3518899212598425
20
-4.5082488976377952
11
4.352346062992126
21
-4.5084769685039365
0
LINE
8
BLACK
6
CONTINUOUS
10
4.352346062992126
20
-4.5084769685039365
11
4.3530511023622047
21
-4.5084769685039365
0
LINE
8
BLACK
6
CONTINUOUS
10
4.3530511023622047
20
-4.5084769685039365
11
4.353052992125984
21
-4.5084773228346453
0
LINE
8
BLACK
6
CONTINUOUS
10
4.353052992125984
20
-4.5084773228346453
11
4.3530538976377953
21
-4.508477047244094
0
LINE
8
BLACK
6
CONTINUOUS
10
4.3530538976377953
20
-4.508477047244094
11
4.3530599606299214
21
-4.5084787007874016
0
LINE
8
BLACK
6
CONTINUOUS
10
4.3530599606299214
20
-4.5084787007874016
11
4.3530661811023625
21
-4.5084799606299208
0
LINE
8
BLACK
6
CONTINUOUS
10
4.3530661811023625
20
-4.5084799606299208
11
4.3530668503937004
21
-4.5084806299212596
0
LINE
8
BLACK
6
CONTINUOUS
10
4.3530668503937004
20
-4.5084806299212596
11
4.3530687007874018
21
-4.5084811417322834
0
LINE
8
BLACK
6
CONTINUOUS
10
4.3530687007874018
20
-4.5084811417322834
11
4.3535448818897633
21
-4.5087191732283465
0
LINE
8
BLACK
6
CONTINUOUS
10
4.3535448818897633
20
-4.5087191732283465
11
4.3535510236220469
21
-4.5087239370078738
0
LINE
8
BLACK
6
CONTINUOUS
10
4.3535510236220469
20
-4.5087239370078738
11
4.3535530708661421
21
-4.5087246456692913
0
LINE
8
BLACK
6
CONTINUOUS
10
4.3535530708661421
20
-4.5087246456692913
11
4.3535548031496063
21
-4.5087269291338581
0
LINE
8
BLACK
6
CONTINUOUS
10
4.3535548031496063
20
-4.5087269291338581
11
4.3535570078740156
21
-4.5087286220472436
0
LINE
8
BLACK
6
CONTINUOUS
10
4.3535570078740156
20
-4.5087286220472436
11
4.3535576377952756
21
-4.5087305511811024
0
LINE
8
BLACK
6
CONTINUOUS
10
4.3535576377952756
20
-4.5087305511811024
11
4.3535624803149604
21
-4.5087368110236223
0
LINE
8
BLACK
6
CONTINUOUS
10
4.3535624803149604
20
-4.5087368110236223
11
4.3538006299212597
21
-4.5092130314960626
0
LINE
8
BLACK
6
CONTINUOUS
10
4.3538006299212597
20
-4.5092130314960626
11
4.3538011417322835
21
-4.5092149212598427
0
LINE
8
BLACK
6
CONTINUOUS
10
4.3538011417322835
20
-4.5092149212598427
11
4.3538017716535435
21
-4.5092155511811018
0
LINE
8
BLACK
6
CONTINUOUS
10
4.3538017716535435
20
-4.5092155511811018
11
4.3538029527559052
21
-4.5092215748031492
0
LINE
8
BLACK
6
CONTINUOUS
10
4.3538029527559052
20
-4.5092215748031492
11
4.3538046850393703
21
-4.5092278740157479
0
LINE
8
BLACK
6
CONTINUOUS
10
4.3538046850393703
20
-4.5092278740157479
11
4.3538043700787403
21
-4.5092287401574804
0
LINE
8
BLACK
6
CONTINUOUS
10
4.3538043700787403
20
-4.5092287401574804
11
4.3538047637795279
21
-4.5092306299212597
0
LINE
8
BLACK
6
CONTINUOUS
10
4.3538047637795279
20
-4.5092306299212597
11
4.3538047637795279
21
-4.5094687007874015
0
LINE
8
BLACK
6
CONTINUOUS
10
4.3538047637795279
20
-4.5094687007874015
11
4.3538043700787403
21
-4.509470551181102
0
LINE
8
BLACK
6
CONTINUOUS
10
4.3538043700787403
20
-4.509470551181102
11
4.3538046850393703
21
-4.5094714566929133
0
LINE
8
BLACK
6
CONTINUOUS
10
4.3538046850393703
20
-4.5094714566929133
11
4.3538029527559052
21
-4.5094777165354332
0
LINE
8
BLACK
6
CONTINUOUS
10
4.3538029527559052
20
-4.5094777165354332
11
4.3538017716535435
21
-4.5094837795275593
0
LINE
8
BLACK
6
CONTINUOUS
10
4.3538017716535435
20
-4.5094837795275593
11
4.3538011417322835
21
-4.5094843700787397
0
LINE
8
BLACK
6
CONTINUOUS
10
4.3538011417322835
20
-4.5094843700787397
11
4.3538006299212597
21
-4.5094862992125986
0
LINE
8
BLACK
6
CONTINUOUS
10
4.3538006299212597
20
-4.5094862992125986
11
4.3535624803149604
21
-4.5099625196850397
0
LINE
8
BLACK
6
CONTINUOUS
10
4.3535624803149604
20
-4.5099625196850397
11
4.3535576377952756
21
-4.5099687401574799
0
LINE
8
BLACK
6
CONTINUOUS
10
4.3535576377952756
20
-4.5099687401574799
11
4.3535570078740156
21
-4.5099707086614176
0
LINE
8
BLACK
6
CONTINUOUS
10
4.3535570078740156
20
-4.5099707086614176
11
4.3535548031496063
21
-4.5099723622047243
0
LINE
8
BLACK
6
CONTINUOUS
10
4.3535548031496063
20
-4.5099723622047243
11
4.3535530708661421
21
-4.5099746850393698
0
LINE
8
BLACK
6
CONTINUOUS
10
4.3535530708661421
20
-4.5099746850393698
11
4.3535510236220469
21
-4.5099753543307086
0
LINE
8
BLACK
6
CONTINUOUS
10
4.3535510236220469
20
-4.5099753543307086
11
4.3535448818897633
21
-4.5099801574803147
0
LINE
8
BLACK
6
CONTINUOUS
10
4.3535448818897633
20
-4.5099801574803147
11
4.3530687007874018
21
-4.5102181889763777
0
LINE
8
BLACK
6
CONTINUOUS
10
4.3530687007874018
20
-4.5102181889763777
11
4.3530668503937004
21
-4.5102187007874015
0
LINE
8
BLACK
6
CONTINUOUS
10
4.3530668503937004
20
-4.5102187007874015
11
4.3530661811023625
21
-4.5102193700787403
0
LINE
8
BLACK
6
CONTINUOUS
10
4.3530661811023625
20
-4.5102193700787403
11
4.3530599606299214
21
-4.5102205905511807
0
LINE
8
BLACK
6
CONTINUOUS
10
4.3530599606299214
20
-4.5102205905511807
11
4.3530538976377953
21
-4.5102222834645671
0
LINE
8
BLACK
6
CONTINUOUS
10
4.3530538976377953
20
-4.5102222834645671
11
4.353052992125984
21
-4.5102219685039371
0
LINE
8
BLACK
6
CONTINUOUS
10
4.353052992125984
20
-4.5102219685039371
11
4.3530511023622047
21
-4.5102223622047246
0
LINE
8
BLACK
6
CONTINUOUS
10
4.3530511023622047
20
-4.5102223622047246
11
4.3520987007874012
21
-4.5102223622047246
0
LINE
8
BLACK
6
CONTINUOUS
10
4.3520987007874012
20
-4.5102223622047246
11
4.3520967716535433
21
-4.5102219685039371
0
LINE
8
BLACK
6
CONTINUOUS
10
4.3520967716535433
20
-4.5102219685039371
11
4.3520959055118107
21
-4.5102222834645671
0
LINE
8
BLACK
6
CONTINUOUS
10
4.3520959055118107
20
-4.5102222834645671
11
4.3520897244094483
21
-4.510220551181102
0
LINE
8
BLACK
6
CONTINUOUS
10
4.3520897244094483
20
-4.510220551181102
11
4.3520836220472443
21
-4.5102193700787403
0
LINE
8
BLACK
6
CONTINUOUS
10
4.3520836220472443
20
-4.5102193700787403
11
4.3520829527559055
21
-4.5102187007874015
0
LINE
8
BLACK
6
CONTINUOUS
10
4.3520829527559055
20
-4.5102187007874015
11
4.3520810629921263
21
-4.5102181889763777
0
LINE
8
BLACK
6
CONTINUOUS
10
4.3520810629921263
20
-4.5102181889763777
11
4.3516049212598427
21
-4.5099801181102359
0
LINE
8
BLACK
6
CONTINUOUS
10
4.3516049212598427
20
-4.5099801181102359
11
4.3515927559055116
21
-4.5099707086614176
0
LINE
8
BLACK
6
CONTINUOUS
10
4.3515927559055116
20
-4.5099707086614176
11
4.3515832283464562
21
-4.509942125984252
0
LINE
8
BLACK
6
CONTINUOUS
10
4.3515832283464562
20
-4.509942125984252
11
4.3515967322834648
21
-4.5099151574803145
0
LINE
8
BLACK
6
CONTINUOUS
10
4.3515967322834648
20
-4.5099151574803145
11
4.3516253149606294
21
-4.5099056299212599
0
LINE
8
BLACK
6
CONTINUOUS
10
4.3516253149606294
20
-4.5099056299212599
11
4.351640118110236
21
-4.5099097244094484
0
LINE
8
BLACK
6
CONTINUOUS
10
4.351640118110236
20
-4.5099097244094484
11
4.352108031496063
21
-4.5101436220472442
0
LINE
8
BLACK
6
CONTINUOUS
10
4.352108031496063
20
-4.5101436220472442
11
4.3530418503937005
21
-4.5101436220472442
0
LINE
8
BLACK
6
CONTINUOUS
10
4.3530418503937005
20
-4.5101436220472442
11
4.3534979527559052
21
-4.509915551181102
0
LINE
8
BLACK
6
CONTINUOUS
10
4.3534979527559052
20
-4.509915551181102
11
4.3537260236220474
21
-4.5094594488188973
0
LINE
8
BLACK
6
CONTINUOUS
10
4.3537260236220474
20
-4.5094594488188973
11
4.3537260236220474
21
-4.5092398818897639
0
LINE
8
BLACK
6
CONTINUOUS
10
4.3537260236220474
20
-4.5092398818897639
11
4.3534979527559052
21
-4.5087837401574804
0
LINE
8
BLACK
6
CONTINUOUS
10
4.3534979527559052
20
-4.5087837401574804
11
4.3530418503937005
21
-4.508555708661417
0
LINE
8
BLACK
6
CONTINUOUS
10
4.3530418503937005
20
-4.508555708661417
11
4.3523368110236218
21
-4.508555708661417
0
LINE
8
BLACK
6
CONTINUOUS
10
4.3523368110236218
20
-4.508555708661417
11
4.3523348818897638
21
-4.5085553149606294
0
LINE
8
BLACK
6
CONTINUOUS
10
4.3523348818897638
20
-4.5085553149606294
11
4.3523340157480312
21
-4.5085556299212595
0
LINE
8
BLACK
6
CONTINUOUS
10
4.3523340157480312
20
-4.5085556299212595
11
4.3523279133858264
21
-4.508553937007874
0
LINE
8
BLACK
6
CONTINUOUS
10
4.3523279133858264
20
-4.508553937007874
11
4.3523217322834649
21
-4.5085527165354327
0
LINE
8
BLACK
6
CONTINUOUS
10
4.3523217322834649
20
-4.5085527165354327
11
4.3523210629921261
21
-4.5085520472440948
0
LINE
8
BLACK
6
CONTINUOUS
10
4.3523210629921261
20
-4.5085520472440948
11
4.3523192125984247
21
-4.508551535433071
0
LINE
8
BLACK
6
CONTINUOUS
10
4.3523192125984247
20
-4.508551535433071
11
4.3518430314960632
21
-4.5083134251968504
0
LINE
8
BLACK
6
CONTINUOUS
10
4.3518430314960632
20
-4.5083134251968504
11
4.3518368503937008
21
-4.5083086614173231
0
LINE
8
BLACK
6
CONTINUOUS
10
4.3518368503937008
20
-4.5083086614173231
11
4.3518348425196853
21
-4.5083079921259843
0
LINE
8
BLACK
6
CONTINUOUS
10
4.3518348425196853
20
-4.5083079921259843
11
4.3518330708661415
21
-4.5083057480314963
0
LINE
8
BLACK
6
CONTINUOUS
10
4.3518330708661415
20
-4.5083057480314963
11
4.3518308661417322
21
-4.5083040157480312
0
LINE
8
BLACK
6
CONTINUOUS
10
4.3518308661417322
20
-4.5083040157480312
11
4.3518301574803147
21
-4.5083019685039369
0
LINE
8
BLACK
6
CONTINUOUS
10
4.3518301574803147
20
-4.5083019685039369
11
4.3518254330708661
21
-4.5082958267716533
0
LINE
8
BLACK
6
CONTINUOUS
10
4.3518254330708661
20
-4.5082958267716533
11
4.3515873228346456
21
-4.5078196456692909
0
LINE
8
BLACK
6
CONTINUOUS
10
4.3515873228346456
20
-4.5078196456692909
11
4.3515868110236218
21
-4.5078177952755905
0
LINE
8
BLACK
6
CONTINUOUS
10
4.3515868110236218
20
-4.5078177952755905
11
4.351586141732283
21
-4.5078171259842517
0
LINE
8
BLACK
6
CONTINUOUS
10
4.351586141732283
20
-4.5078171259842517
11
4.3515848818897638
21
-4.5078109055118105
0
LINE
8
BLACK
6
CONTINUOUS
10
4.3515848818897638
20
-4.5078109055118105
11
4.3515832283464562
21
-4.5078048425196853
0
LINE
8
BLACK
6
CONTINUOUS
10
4.3515832283464562
20
-4.5078048425196853
11
4.3515835039370074
21
-4.507803937007874
0
LINE
8
BLACK
6
CONTINUOUS
10
4.3515835039370074
20
-4.507803937007874
11
4.3515831496062995
21
-4.5078020472440947
0
LINE
8
BLACK
6
CONTINUOUS
10
4.3515831496062995
20
-4.5078020472440947
11
4.3515831496062995
21
-4.5075639370078742
0
LINE
8
BLACK
6
CONTINUOUS
10
4.3515831496062995
20
-4.5075639370078742
11
4.3515835039370074
21
-4.5075620078740153
0
LINE
8
BLACK
6
CONTINUOUS
10
4.3515835039370074
20
-4.5075620078740153
11
4.3515832283464562
21
-4.5075611417322836
0
LINE
8
BLACK
6
CONTINUOUS
10
4.3515832283464562
20
-4.5075611417322836
11
4.3515848818897638
21
-4.5075550393700787
0
LINE
8
BLACK
6
CONTINUOUS
10
4.3515848818897638
20
-4.5075550393700787
11
4.351586141732283
21
-4.5075488582677163
0
LINE
8
BLACK
6
CONTINUOUS
10
4.351586141732283
20
-4.5075488582677163
11
4.3515868110236218
21
-4.5075481889763775
0
LINE
8
BLACK
6
CONTINUOUS
10
4.3515868110236218
20
-4.5075481889763775
11
4.3515873228346456
21
-4.5075463385826771
0
LINE
8
BLACK
6
CONTINUOUS
10
4.3515873228346456
20
-4.5075463385826771
11
4.3518254330708661
21
-4.5070701574803147
0
LINE
8
BLACK
6
CONTINUOUS
10
4.3518254330708661
20
-4.5070701574803147
11
4.3518301574803147
21
-4.5070639763779523
0
LINE
8
BLACK
6
CONTINUOUS
10
4.3518301574803147
20
-4.5070639763779523
11
4.3518308661417322
21
-4.5070619685039368
0
LINE
8
BLACK
6
CONTINUOUS
10
4.3518308661417322
20
-4.5070619685039368
11
4.3518330708661415
21
-4.5070601968503938
0
LINE
8
BLACK
6
CONTINUOUS
10
4.3518330708661415
20
-4.5070601968503938
11
4.3518348425196853
21
-4.5070579921259846
0
LINE
8
BLACK
6
CONTINUOUS
10
4.3518348425196853
20
-4.5070579921259846
11
4.3518368503937008
21
-4.507057283464567
0
LINE
8
BLACK
6
CONTINUOUS
10
4.3518368503937008
20
-4.507057283464567
11
4.3518430314960632
21
-4.5070525590551176
0
LINE
8
BLACK
6
CONTINUOUS
10
4.3518430314960632
20
-4.5070525590551176
11
4.3523192125984247
21
-4.5068144488188979
0
LINE
8
BLACK
6
CONTINUOUS
10
4.3523192125984247
20
-4.5068144488188979
11
4.3523210629921261
21
-4.5068139370078741
0
LINE
8
BLACK
6
CONTINUOUS
10
4.3523210629921261
20
-4.5068139370078741
11
4.3523217322834649
21
-4.5068132677165353
0
LINE
8
BLACK
6
CONTINUOUS
10
4.3523217322834649
20
-4.5068132677165353
11
4.3523279133858264
21
-4.5068120078740153
0
LINE
8
BLACK
6
CONTINUOUS
10
4.3523279133858264
20
-4.5068120078740153
11
4.3523340157480312
21
-4.5068103543307085
0
LINE
8
BLACK
6
CONTINUOUS
10
4.3523340157480312
20
-4.5068103543307085
11
4.3523348818897638
21
-4.5068106299212598
0
LINE
8
BLACK
6
CONTINUOUS
10
4.3523348818897638
20
-4.5068106299212598
11
4.3523368110236218
21
-4.506810275590551
0
LINE
8
BLACK
6
CONTINUOUS
10
4.3523368110236218
20
-4.506810275590551
11
4.3530511023622047
21
-4.506810275590551
0
LINE
8
BLACK
6
CONTINUOUS
10
4.3530511023622047
20
-4.506810275590551
11
4.353052992125984
21
-4.5068106299212598
0
LINE
8
BLACK
6
CONTINUOUS
10
4.3685292125984247
20
-4.5068106299212598
11
4.3685301181102361
21
-4.5068103543307085
0
LINE
8
BLACK
6
CONTINUOUS
10
4.3685301181102361
20
-4.5068103543307085
11
4.3685361811023622
21
-4.5068120078740153
0
LINE
8
BLACK
6
CONTINUOUS
10
4.3685361811023622
20
-4.5068120078740153
11
4.3685424015748033
21
-4.5068132677165353
0
LINE
8
BLACK
6
CONTINUOUS
10
4.3685424015748033
20
-4.5068132677165353
11
4.3685430708661412
21
-4.5068139370078741
0
LINE
8
BLACK
6
CONTINUOUS
10
4.3685430708661412
20
-4.5068139370078741
11
4.3685449212598426
21
-4.5068144488188979
0
LINE
8
BLACK
6
CONTINUOUS
10
4.3685449212598426
20
-4.5068144488188979
11
4.369021102362205
21
-4.5070525590551176
0
LINE
8
BLACK
6
CONTINUOUS
10
4.369021102362205
20
-4.5070525590551176
11
4.3690332677165351
21
-4.5070619685039368
0
LINE
8
BLACK
6
CONTINUOUS
10
4.3690332677165351
20
-4.5070619685039368
11
4.3690427952755906
21
-4.5070905511811024
0
LINE
8
BLACK
6
CONTINUOUS
10
4.3690427952755906
20
-4.5070905511811024
11
4.3690292913385829
21
-4.507117519685039
0
LINE
8
BLACK
6
CONTINUOUS
10
4.3690292913385829
20
-4.507117519685039
11
4.3690007086614173
21
-4.5071270472440945
0
LINE
8
BLACK
6
CONTINUOUS
10
4.3690007086614173
20
-4.5071270472440945
11
4.3689859055118108
21
-4.5071229527559051
0
LINE
8
BLACK
6
CONTINUOUS
10
4.3689859055118108
20
-4.5071229527559051
11
4.3685180708661413
21
-4.5068890157480315
0
LINE
8
BLACK
6
CONTINUOUS
10
4.3685180708661413
20
-4.5068890157480315
11
4.3678222834645668
21
-4.5068890157480315
0
LINE
8
BLACK
6
CONTINUOUS
10
4.3678222834645668
20
-4.5068890157480315
11
4.3673661417322833
21
-4.507117047244094
0
LINE
8
BLACK
6
CONTINUOUS
10
4.3673661417322833
20
-4.507117047244094
11
4.3671381102362208
21
-4.5075731889763775
0
LINE
8
BLACK
6
CONTINUOUS
10
4.3671381102362208
20
-4.5075731889763775
11
4.3671381102362208
21
-4.5077927559055118
0
LINE
8
BLACK
6
CONTINUOUS
10
4.3671381102362208
20
-4.5077927559055118
11
4.3673661417322833
21
-4.5082488976377952
0
LINE
8
BLACK
6
CONTINUOUS
10
4.3673661417322833
20
-4.5082488976377952
11
4.3678222834645668
21
-4.5084769685039365
0
LINE
8
BLACK
6
CONTINUOUS
10
4.3678222834645668
20
-4.5084769685039365
11
4.3685273228346455
21
-4.5084769685039365
0
LINE
8
BLACK
6
CONTINUOUS
10
4.3685273228346455
20
-4.5084769685039365
11
4.3685292125984247
21
-4.5084773228346453
0
LINE
8
BLACK
6
CONTINUOUS
10
4.3685292125984247
20
-4.5084773228346453
11
4.3685301181102361
21
-4.508477047244094
0
LINE
8
BLACK
6
CONTINUOUS
10
4.3685301181102361
20
-4.508477047244094
11
4.3685361811023622
21
-4.5084787007874016
0
LINE
8
BLACK
6
CONTINUOUS
10
4.3685361811023622
20
-4.5084787007874016
11
4.3685424015748033
21
-4.5084799606299208
0
LINE
8
BLACK
6
CONTINUOUS
10
4.3685424015748033
20
-4.5084799606299208
11
4.3685430708661412
21
-4.5084806299212596
0
LINE
8
BLACK
6
CONTINUOUS
10
4.3685430708661412
20
-4.5084806299212596
11
4.3685449212598426
21
-4.5084811417322834
0
LINE
8
BLACK
6
CONTINUOUS
10
4.3685449212598426
20
-4.5084811417322834
11
4.369021102362205
21
-4.5087191732283465
0
LINE
8
BLACK
6
CONTINUOUS
10
4.369021102362205
20
-4.5087191732283465
11
4.3690272440944877
21
-4.5087239370078738
0
LINE
8
BLACK
6
CONTINUOUS
10
4.3690272440944877
20
-4.5087239370078738
11
4.3690292913385829
21
-4.5087246456692913
0
LINE
8
BLACK
6
CONTINUOUS
10
4.3690292913385829
20
-4.5087246456692913
11
4.3690310236220471
21
-4.5087269291338581
0
LINE
8
BLACK
6
CONTINUOUS
10
4.3690310236220471
20
-4.5087269291338581
11
4.3690332283464564
21
-4.5087286220472436
0
LINE
8
BLACK
6
CONTINUOUS
10
4.3690332283464564
20
-4.5087286220472436
11
4.3690338582677164
21
-4.5087305511811024
0
LINE
8
BLACK
6
CONTINUOUS
10
4.3690338582677164
20
-4.5087305511811024
11
4.3690387007874012
21
-4.5087368110236223
0
LINE
8
BLACK
6
CONTINUOUS
10
4.3690387007874012
20
-4.5087368110236223
11
4.3692768503937005
21
-4.5092130314960626
0
LINE
8
BLACK
6
CONTINUOUS
10
4.3692768503937005
20
-4.5092130314960626
11
4.3692773622047243
21
-4.5092149212598427
0
LINE
8
BLACK
6
CONTINUOUS
10
4.3692773622047243
20
-4.5092149212598427
11
4.3692779921259843
21
-4.5092155511811018
0
LINE
8
BLACK
6
CONTINUOUS
10
4.3692779921259843
20
-4.5092155511811018
11
4.369279173228346
21
-4.5092215748031492
0
LINE
8
BLACK
6
CONTINUOUS
10
4.369279173228346
20
-4.5092215748031492
11
4.3692809055118111
21
-4.5092278740157479
0
LINE
8
BLACK
6
CONTINUOUS
10
4.3692809055118111
20
-4.5092278740157479
11
4.3692805905511811
21
-4.5092287401574804
0
LINE
8
BLACK
6
CONTINUOUS
10
4.3692805905511811
20
-4.5092287401574804
11
4.3692809842519686
21
-4.5092306299212597
0
LINE
8
BLACK
6
CONTINUOUS
10
4.3692809842519686
20
-4.5092306299212597
11
4.3692809842519686
21
-4.5094687007874015
0
LINE
8
BLACK
6
CONTINUOUS
10
4.3692809842519686
20
-4.5094687007874015
11
4.3692805905511811
21
-4.509470551181102
0
LINE
8
BLACK
6
CONTINUOUS
10
4.3692805905511811
20
-4.509470551181102
11
4.3692809055118111
21
-4.5094714566929133
0
LINE
8
BLACK
6
CONTINUOUS
10
4.3692809055118111
20
-4.5094714566929133
11
4.369279173228346
21
-4.5094777165354332
0
LINE
8
BLACK
6
CONTINUOUS
10
4.369279173228346
20
-4.5094777165354332
11
4.3692779921259843
21
-4.5094837795275593
0
LINE
8
BLACK
6
CONTINUOUS
10
4.3692779921259843
20
-4.5094837795275593
11
4.3692773622047243
21
-4.5094843700787397
0
LINE
8
BLACK
6
CONTINUOUS
10
4.3692773622047243
20
-4.5094843700787397
11
4.3692768503937005
21
-4.5094862992125986
0
LINE
8
BLACK
6
CONTINUOUS
10
4.3692768503937005
20
-4.5094862992125986
11
4.3690387007874012
21
-4.5099625196850397
0
LINE
8
BLACK
6
CONTINUOUS
10
4.3690387007874012
20
-4.5099625196850397
11
4.3690338582677164
21
-4.5099687401574799
0
LINE
8
BLACK
6
CONTINUOUS
10
4.3690338582677164
20
-4.5099687401574799
11
4.3690332283464564
21
-4.5099707086614176
0
LINE
8
BLACK
6
CONTINUOUS
10
4.3690332283464564
20
-4.5099707086614176
11
4.3690310236220471
21
-4.5099723622047243
0
LINE
8
BLACK
6
CONTINUOUS
10
4.3690310236220471
20
-4.5099723622047243
11
4.3690292913385829
21
-4.5099746850393698
0
LINE
8
BLACK
6
CONTINUOUS
10
4.3690292913385829
20
-4.5099746850393698
11
4.3690272440944877
21
-4.5099753543307086
0
LINE
8
BLACK
6
CONTINUOUS
10
4.3690272440944877
20
-4.5099753543307086
11
4.369021102362205
21
-4.5099801574803147
0
LINE
8
BLACK
6
CONTINUOUS
10
4.369021102362205
20
-4.5099801574803147
11
4.3685449212598426
21
-4.5102181889763777
0
LINE
8
BLACK
6
CONTINUOUS
10
4.3685449212598426
20
-4.5102181889763777
11
4.3685430708661412
21
-4.5102187007874015
0
LINE
8
BLACK
6
CONTINUOUS
10
4.3685430708661412
20
-4.5102187007874015
11
4.3685424015748033
21
-4.5102193700787403
0
LINE
8
BLACK
6
CONTINUOUS
10
4.3685424015748033
20
-4.5102193700787403
11
4.3685361811023622
21
-4.5102205905511807
0
LINE
8
BLACK
6
CONTINUOUS
10
4.3685361811023622
20
-4.5102205905511807
11
4.3685301181102361
21
-4.5102222834645671
0
LINE
8
BLACK
6
CONTINUOUS
10
4.3685301181102361
20
-4.5102222834645671
11
4.3685292125984247
21
-4.5102219685039371
0
LINE
8
BLACK
6
CONTINUOUS
10
4.3685292125984247
20
-4.5102219685039371
11
4.3685273228346455
21
-4.5102223622047246
0
LINE
8
BLACK
6
CONTINUOUS
10
4.3685273228346455
20
-4.5102223622047246
11
4.367574921259842
21
-4.5102223622047246
0
LINE
8
BLACK
6
CONTINUOUS
10
4.367574921259842
20
-4.5102223622047246
11
4.367572992125984
21
-4.5102219685039371
0
LINE
8
BLACK
6
CONTINUOUS
10
4.367572992125984
20
-4.5102219685039371
11
4.3675721259842515
21
-4.5102222834645671
0
LINE
8
BLACK
6
CONTINUOUS
10
4.3675721259842515
20
-4.5102222834645671
11
4.36756594488189
21
-4.510220551181102
0
LINE
8
BLACK
6
CONTINUOUS
10
4.36756594488189
20
-4.510220551181102
11
4.3675598425196851
21
-4.5102193700787403
0
LINE
8
BLACK
6
CONTINUOUS
10
4.3675598425196851
20
-4.5102193700787403
11
4.3675591732283463
21
-4.5102187007874015
0
LINE
8
BLACK
6
CONTINUOUS
10
4.3675591732283463
20
-4.5102187007874015
11
4.3675572834645671
21
-4.5102181889763777
0
LINE
8
BLACK
6
CONTINUOUS
10
4.3675572834645671
20
-4.5102181889763777
11
4.3670811417322835
21
-4.5099801181102359
0
LINE
8
BLACK
6
CONTINUOUS
10
4.3670811417322835
20
-4.5099801181102359
11
4.3670689763779524
21
-4.5099707086614176
0
LINE
8
BLACK
6
CONTINUOUS
10
4.3670689763779524
20
-4.5099707086614176
11
4.3670594488188978
21
-4.509942125984252
0
LINE
8
BLACK
6
CONTINUOUS
10
4.3670594488188978
20
-4.509942125984252
11
4.3670729527559056
21
-4.5099151574803145
0
LINE
8
BLACK
6
CONTINUOUS
10
4.3670729527559056
20
-4.5099151574803145
11
4.3671015354330711
21
-4.5099056299212599
0
LINE
8
BLACK
6
CONTINUOUS
10
4.3671015354330711
20
-4.5099056299212599
11
4.3671163385826768
21
-4.5099097244094484
0
LINE
8
BLACK
6
CONTINUOUS
10
4.3671163385826768
20
-4.5099097244094484
11
4.3675842519685038
21
-4.5101436220472442
0
LINE
8
BLACK
6
CONTINUOUS
10
4.3675842519685038
20
-4.5101436220472442
11
4.3685180708661413
21
-4.5101436220472442
0
LINE
8
BLACK
6
CONTINUOUS
10
4.3685180708661413
20
-4.5101436220472442
11
4.368974173228346
21
-4.509915551181102
0
LINE
8
BLACK
6
CONTINUOUS
10
4.368974173228346
20
-4.509915551181102
11
4.3692022440944882
21
-4.5094594488188973
0
LINE
8
BLACK
6
CONTINUOUS
10
4.3692022440944882
20
-4.5094594488188973
11
4.3692022440944882
21
-4.5092398818897639
0
LINE
8
BLACK
6
CONTINUOUS
10
4.3692022440944882
20
-4.5092398818897639
11
4.368974173228346
21
-4.5087837401574804
0
LINE
8
BLACK
6
CONTINUOUS
10
4.368974173228346
20
-4.5087837401574804
11
4.3685180708661413
21
-4.508555708661417
0
LINE
8
BLACK
6
CONTINUOUS
10
4.3685180708661413
20
-4.508555708661417
11
4.3678130314960626
21
-4.508555708661417
0
LINE
8
BLACK
6
CONTINUOUS
10
4.3678130314960626
20
-4.508555708661417
11
4.3678111023622046
21
-4.5085553149606294
0
LINE
8
BLACK
6
CONTINUOUS
10
4.3678111023622046
20
-4.5085553149606294
11
4.367810236220472
21
-4.5085556299212595
0
LINE
8
BLACK
6
CONTINUOUS
10
4.367810236220472
20
-4.5085556299212595
11
4.367804133858268
21
-4.508553937007874
0
LINE
8
BLACK
6
CONTINUOUS
10
4.367804133858268
20
-4.508553937007874
11
4.3677979527559057
21
-4.5085527165354327
0
LINE
8
BLACK
6
CONTINUOUS
10
4.3677979527559057
20
-4.5085527165354327
11
4.3677972834645669
21
-4.5085520472440948
0
LINE
8
BLACK
6
CONTINUOUS
10
4.3677972834645669
20
-4.5085520472440948
11
4.3677954330708664
21
-4.508551535433071
0
LINE
8
BLACK
6
CONTINUOUS
10
4.3677954330708664
20
-4.508551535433071
11
4.367319251968504
21
-4.5083134251968504
0
LINE
8
BLACK
6
CONTINUOUS
10
4.367319251968504
20
-4.5083134251968504
11
4.3673130708661416
21
-4.5083086614173231
0
LINE
8
BLACK
6
CONTINUOUS
10
4.3673130708661416
20
-4.5083086614173231
11
4.3673110629921261
21
-4.5083079921259843
0
LINE
8
BLACK
6
CONTINUOUS
10
4.3673110629921261
20
-4.5083079921259843
11
4.3673092913385823
21
-4.5083057480314963
0
LINE
8
BLACK
6
CONTINUOUS
10
4.3673092913385823
20
-4.5083057480314963
11
4.367307086614173
21
-4.5083040157480312
0
LINE
8
BLACK
6
CONTINUOUS
10
4.367307086614173
20
-4.5083040157480312
11
4.3673063779527554
21
-4.5083019685039369
0
LINE
8
BLACK
6
CONTINUOUS
10
4.3673063779527554
20
-4.5083019685039369
11
4.3673016535433069
21
-4.5082958267716533
0
LINE
8
BLACK
6
CONTINUOUS
10
4.3673016535433069
20
-4.5082958267716533
11
4.3670635433070863
21
-4.5078196456692909
0
LINE
8
BLACK
6
CONTINUOUS
10
4.3670635433070863
20
-4.5078196456692909
11
4.3670630314960626
21
-4.5078177952755905
0
LINE
8
BLACK
6
CONTINUOUS
10
4.3670630314960626
20
-4.5078177952755905
11
4.3670623622047247
21
-4.5078171259842517
0
LINE
8
BLACK
6
CONTINUOUS
10
4.3670623622047247
20
-4.5078171259842517
11
4.3670611023622046
21
-4.5078109055118105
0
LINE
8
BLACK
6
CONTINUOUS
10
4.3670611023622046
20
-4.5078109055118105
11
4.3670594488188978
21
-4.5078048425196853
0
LINE
8
BLACK
6
CONTINUOUS
10
4.3670594488188978
20
-4.5078048425196853
11
4.3670597244094491
21
-4.507803937007874
0
LINE
8
BLACK
6
CONTINUOUS
10
4.3670597244094491
20
-4.507803937007874
11
4.3670593700787403
21
-4.5078020472440947
0
LINE
8
BLACK
6
CONTINUOUS
10
4.3670593700787403
20
-4.5078020472440947
11
4.3670593700787403
21
-4.5075639370078742
0
LINE
8
BLACK
6
CONTINUOUS
10
4.3670593700787403
20
-4.5075639370078742
11
4.3670597244094491
21
-4.5075620078740153
0
LINE
8
BLACK
6
CONTINUOUS
10
4.3670597244094491
20
-4.5075620078740153
11
4.3670594488188978
21
-4.5075611417322836
0
LINE
8
BLACK
6
CONTINUOUS
10
4.3670594488188978
20
-4.5075611417322836
11
4.3670611023622046
21
-4.5075550393700787
0
LINE
8
BLACK
6
CONTINUOUS
10
4.3670611023622046
20
-4.5075550393700787
11
4.3670623622047247
21
-4.5075488582677163
0
LINE
8
BLACK
6
CONTINUOUS
10
4.3670623622047247
20
-4.5075488582677163
11
4.3670630314960626
21
-4.5075481889763775
0
LINE
8
BLACK
6
CONTINUOUS
10
4.3670630314960626
20
-4.5075481889763775
11
4.3670635433070863
21
-4.5075463385826771
0
LINE
8
BLACK
6
CONTINUOUS
10
4.3670635433070863
20
-4.5075463385826771
11
4.3673016535433069
21
-4.5070701574803147
0
LINE
8
BLACK
6
CONTINUOUS
10
4.3673016535433069
20
-4.5070701574803147
11
4.3673063779527554
21
-4.5070639763779523
0
LINE
8
BLACK
6
CONTINUOUS
10
4.3673063779527554
20
-4.5070639763779523
11
4.367307086614173
21
-4.5070619685039368
0
LINE
8
BLACK
6
CONTINUOUS
10
4.367307086614173
20
-4.5070619685039368
11
4.3673092913385823
21
-4.5070601968503938
0
LINE
8
BLACK
6
CONTINUOUS
10
4.3673092913385823
20
-4.5070601968503938
11
4.3673110629921261
21
-4.5070579921259846
0
LINE
8
BLACK
6
CONTINUOUS
10
4.3673110629921261
20
-4.5070579921259846
11
4.3673130708661416
21
-4.507057283464567
0
LINE
8
BLACK
6
CONTINUOUS
10
4.3673130708661416
20
-4.507057283464567
11
4.367319251968504
21
-4.5070525590551176
0
LINE
8
BLACK
6
CONTINUOUS
10
4.367319251968504
20
-4.5070525590551176
11
4.3677954330708664
21
-4.5068144488188979
0
LINE
8
BLACK
6
CONTINUOUS
10
4.3677954330708664
20
-4.5068144488188979
11
4.3677972834645669
21
-4.5068139370078741
0
LINE
8
BLACK
6
CONTINUOUS
10
4.3677972834645669
20
-4.5068139370078741
11
4.3677979527559057
21
-4.5068132677165353
0
LINE
8
BLACK
6
CONTINUOUS
10
4.3677979527559057
20
-4.5068132677165353
11
4.367804133858268
21
-4.5068120078740153
0
LINE
8
BLACK
6
CONTINUOUS
10
4.367804133858268
20
-4.5068120078740153
11
4.367810236220472
21
-4.5068103543307085
0
LINE
8
BLACK
6
CONTINUOUS
10
4.367810236220472
20
-4.5068103543307085
11
4.3678111023622046
21
-4.5068106299212598
0
LINE
8
BLACK
6
CONTINUOUS
10
4.3678111023622046
20
-4.5068106299212598
11
4.3678130314960626
21
-4.506810275590551
0
LINE
8
BLACK
6
CONTINUOUS
10
4.3678130314960626
20
-4.506810275590551
11
4.3685273228346455
21
-4.506810275590551
0
LINE
8
BLACK
6
CONTINUOUS
10
4.3685273228346455
20
-4.506810275590551
11
4.3685292125984247
21
-4.5068106299212598
0
LINE
8
BLACK
6
CONTINUOUS
10
4.4054685039370076
20
-4.5051679133858267
11
4.4054714960629919
21
-4.5051829921259845
0
LINE
8
BLACK
6
CONTINUOUS
10
4.4054714960629919
20
-4.5051829921259845
11
4.4054714960629919
21
-4.506810275590551
0
LINE
8
BLACK
6
CONTINUOUS
10
4.4054714960629919
20
-4.506810275590551
11
4.406622598425197
21
-4.506810275590551
0
LINE
8
BLACK
6
CONTINUOUS
10
4.406622598425197
20
-4.506810275590551
11
4.4066376771653539
21
-4.5068132677165353
0
LINE
8
BLACK
6
CONTINUOUS
10
4.4066376771653539
20
-4.5068132677165353
11
4.4066589763779529
21
-4.5068345669291334
0
LINE
8
BLACK
6
CONTINUOUS
10
4.4066589763779529
20
-4.5068345669291334
11
4.4066589763779529
21
-4.5068647244094491
0
LINE
8
BLACK
6
CONTINUOUS
10
4.4066589763779529
20
-4.5068647244094491
11
4.4066376771653539
21
-4.5068860236220472
0
LINE
8
BLACK
6
CONTINUOUS
10
4.4066376771653539
20
-4.5068860236220472
11
4.406622598425197
21
-4.5068890157480315
0
LINE
8
BLACK
6
CONTINUOUS
10
4.406622598425197
20
-4.5068890157480315
11
4.4054714960629919
21
-4.5068890157480315
0
LINE
8
BLACK
6
CONTINUOUS
10
4.4054714960629919
20
-4.5068890157480315
11
4.4054714960629919
21
-4.5094594488188973
0
LINE
8
BLACK
6
CONTINUOUS
10
4.4054714960629919
20
-4.5094594488188973
11
4.4056995275590554
21
-4.509915551181102
0
LINE
8
BLACK
6
CONTINUOUS
10
4.4056995275590554
20
-4.509915551181102
11
4.4061557086614176
21
-4.5101436220472442
0
LINE
8
BLACK
6
CONTINUOUS
10
4.4061557086614176
20
-4.5101436220472442
11
4.406622598425197
21
-4.5101436220472442
0
LINE
8
BLACK
6
CONTINUOUS
10
4.406622598425197
20
-4.5101436220472442
11
4.4066376771653539
21
-4.5101466141732285
0
LINE
8
BLACK
6
CONTINUOUS
10
4.4066376771653539
20
-4.5101466141732285
11
4.4066589763779529
21
-4.5101679133858266
0
LINE
8
BLACK
6
CONTINUOUS
10
4.4066589763779529
20
-4.5101679133858266
11
4.4066589763779529
21
-4.5101980708661413
0
LINE
8
BLACK
6
CONTINUOUS
10
4.4066589763779529
20
-4.5101980708661413
11
4.4066376771653539
21
-4.5102193700787403
0
LINE
8
BLACK
6
CONTINUOUS
10
4.4066376771653539
20
-4.5102193700787403
11
4.406622598425197
21
-4.5102223622047246
0
LINE
8
BLACK
6
CONTINUOUS
10
4.406622598425197
20
-4.5102223622047246
11
4.4061463779527559
21
-4.5102223622047246
0
LINE
8
BLACK
6
CONTINUOUS
10
4.4061463779527559
20
-4.5102223622047246
11
4.4061444488188979
21
-4.5102219685039371
0
LINE
8
BLACK
6
CONTINUOUS
10
4.4061444488188979
20
-4.5102219685039371
11
4.4061435826771653
21
-4.5102222834645671
0
LINE
8
BLACK
6
CONTINUOUS
10
4.4061435826771653
20
-4.5102222834645671
11
4.4061374015748029
21
-4.510220551181102
0
LINE
8
BLACK
6
CONTINUOUS
10
4.4061374015748029
20
-4.510220551181102
11
4.4061312992125981
21
-4.5102193700787403
0
LINE
8
BLACK
6
CONTINUOUS
10
4.4061312992125981
20
-4.5102193700787403
11
4.4061306299212601
21
-4.5102187007874015
0
LINE
8
BLACK
6
CONTINUOUS
10
4.4061306299212601
20
-4.5102187007874015
11
4.40612874015748
21
-4.5102181889763777
0
LINE
8
BLACK
6
CONTINUOUS
10
4.40612874015748
20
-4.5102181889763777
11
4.4056525984251964
21
-4.5099801181102359
0
LINE
8
BLACK
6
CONTINUOUS
10
4.4056525984251964
20
-4.5099801181102359
11
4.4056463385826774
21
-4.5099752755905511
0
LINE
8
BLACK
6
CONTINUOUS
10
4.4056463385826774
20
-4.5099752755905511
11
4.4056444094488185
21
-4.5099746456692911
0
LINE
8
BLACK
6
CONTINUOUS
10
4.4056444094488185
20
-4.5099746456692911
11
4.405642716535433
21
-4.5099724409448818
0
LINE
8
BLACK
6
CONTINUOUS
10
4.405642716535433
20
-4.5099724409448818
11
4.4056404330708663
21
-4.5099707086614176
0
LINE
8
BLACK
6
CONTINUOUS
10
4.4056404330708663
20
-4.5099707086614176
11
4.4056397244094487
21
-4.5099686614173224
0
LINE
8
BLACK
6
CONTINUOUS
10
4.4056397244094487
20
-4.5099686614173224
11
4.4056349606299214
21
-4.5099625196850397
0
LINE
8
BLACK
6
CONTINUOUS
10
4.4056349606299214
20
-4.5099625196850397
11
4.4053969291338584
21
-4.5094862992125986
0
LINE
8
BLACK
6
CONTINUOUS
10
4.4053969291338584
20
-4.5094862992125986
11
4.4053964173228346
21
-4.5094844488188972
0
LINE
8
BLACK
6
CONTINUOUS
10
4.4053964173228346
20
-4.5094844488188972
11
4.4053957480314958
21
-4.5094837795275593
0
LINE
8
BLACK
6
CONTINUOUS
10
4.4053957480314958
20
-4.5094837795275593
11
4.4053944881889766
21
-4.5094775590551182
0
LINE
8
BLACK
6
CONTINUOUS
10
4.4053944881889766
20
-4.5094775590551182
11
4.405392834645669
21
-4.509471496062992
0
LINE
8
BLACK
6
CONTINUOUS
10
4.405392834645669
20
-4.509471496062992
11
4.4053931102362203
21
-4.5094705905511807
0
LINE
8
BLACK
6
CONTINUOUS
10
4.4053931102362203
20
-4.5094705905511807
11
4.4053927559055115
21
-4.5094687007874015
0
LINE
8
BLACK
6
CONTINUOUS
10
4.4053927559055115
20
-4.5094687007874015
11
4.4053927559055115
21
-4.5068890157480315
0
LINE
8
BLACK
6
CONTINUOUS
10
4.4053927559055115
20
-4.5068890157480315
11
4.4047178346456688
21
-4.5068890157480315
0
LINE
8
BLACK
6
CONTINUOUS
10
4.4047178346456688
20
-4.5068890157480315
11
4.4047027559055119
21
-4.5068860236220472
0
LINE
8
BLACK
6
CONTINUOUS
10
4.4047027559055119
20
-4.5068860236220472
11
4.4046814566929129
21
-4.5068647244094491
0
LINE
8
BLACK
6
CONTINUOUS
10
4.4046814566929129
20
-4.5068647244094491
11
4.4046814566929129
21
-4.5068345669291334
0
LINE
8
BLACK
6
CONTINUOUS
10
4.4046814566929129
20
-4.5068345669291334
11
4.4047027559055119
21
-4.5068132677165353
0
LINE
8
BLACK
6
CONTINUOUS
10
4.4047027559055119
20
-4.5068132677165353
11
4.4047178346456688
21
-4.506810275590551
0
LINE
8
BLACK
6
CONTINUOUS
10
4.4047178346456688
20
-4.506810275590551
11
4.4053927559055115
21
-4.506810275590551
0
LINE
8
BLACK
6
CONTINUOUS
10
4.4053927559055115
20
-4.506810275590551
11
4.4053927559055115
21
-4.5051829921259845
0
LINE
8
BLACK
6
CONTINUOUS
10
4.4053927559055115
20
-4.5051829921259845
11
4.4053957480314958
21
-4.5051679133858267
0
LINE
8
BLACK
6
CONTINUOUS
10
4.4053957480314958
20
-4.5051679133858267
11
4.4054170472440948
21
-4.5051466141732286
0
LINE
8
BLACK
6
CONTINUOUS
10
4.4054170472440948
20
-4.5051466141732286
11
4.4054472047244095
21
-4.5051466141732286
0
LINE
8
BLACK
6
CONTINUOUS
10
4.4054472047244095
20
-4.5051466141732286
11
4.4054685039370076
21
-4.5051679133858267
0
LINE
8
BLACK
6
CONTINUOUS
10
4.4094816141732283
20
-4.5068106299212598
11
4.4094825196850396
21
-4.5068103543307085
0
LINE
8
BLACK
6
CONTINUOUS
10
4.4094825196850396
20
-4.5068103543307085
11
4.4094885826771648
21
-4.5068120078740153
0
LINE
8
BLACK
6
CONTINUOUS
10
4.4094885826771648
20
-4.5068120078740153
11
4.409494803149606
21
-4.5068132677165353
0
LINE
8
BLACK
6
CONTINUOUS
10
4.409494803149606
20
-4.5068132677165353
11
4.4094954724409448
21
-4.5068139370078741
0
LINE
8
BLACK
6
CONTINUOUS
10
4.4094954724409448
20
-4.5068139370078741
11
4.4094973228346452
21
-4.5068144488188979
0
LINE
8
BLACK
6
CONTINUOUS
10
4.4094973228346452
20
-4.5068144488188979
11
4.4099735039370076
21
-4.5070525590551176
0
LINE
8
BLACK
6
CONTINUOUS
10
4.4099735039370076
20
-4.5070525590551176
11
4.4099856692913386
21
-4.5070619685039368
0
LINE
8
BLACK
6
CONTINUOUS
10
4.4099856692913386
20
-4.5070619685039368
11
4.4099951968503932
21
-4.5070905511811024
0
LINE
8
BLACK
6
CONTINUOUS
10
4.4099951968503932
20
-4.5070905511811024
11
4.4099816929133855
21
-4.507117519685039
0
LINE
8
BLACK
6
CONTINUOUS
10
4.4099816929133855
20
-4.507117519685039
11
4.4099531102362199
21
-4.5071270472440945
0
LINE
8
BLACK
6
CONTINUOUS
10
4.4099531102362199
20
-4.5071270472440945
11
4.4099383070866143
21
-4.5071229527559051
0
LINE
8
BLACK
6
CONTINUOUS
10
4.4099383070866143
20
-4.5071229527559051
11
4.4094704724409448
21
-4.5068890157480315
0
LINE
8
BLACK
6
CONTINUOUS
10
4.4094704724409448
20
-4.5068890157480315
11
4.4087746850393703
21
-4.5068890157480315
0
LINE
8
BLACK
6
CONTINUOUS
10
4.4087746850393703
20
-4.5068890157480315
11
4.4083185433070868
21
-4.507117047244094
0
LINE
8
BLACK
6
CONTINUOUS
10
4.4083185433070868
20
-4.507117047244094
11
4.4080905118110234
21
-4.5075731889763775
0
LINE
8
BLACK
6
CONTINUOUS
10
4.4080905118110234
20
-4.5075731889763775
11
4.4080905118110234
21
-4.5077927559055118
0
LINE
8
BLACK
6
CONTINUOUS
10
4.4080905118110234
20
-4.5077927559055118
11
4.4083185433070868
21
-4.5082488976377952
0
LINE
8
BLACK
6
CONTINUOUS
10
4.4083185433070868
20
-4.5082488976377952
11
4.4087746850393703
21
-4.5084769685039365
0
LINE
8
BLACK
6
CONTINUOUS
10
4.4087746850393703
20
-4.5084769685039365
11
4.409479724409449
21
-4.5084769685039365
0
LINE
8
BLACK
6
CONTINUOUS
10
4.409479724409449
20
-4.5084769685039365
11
4.4094816141732283
21
-4.5084773228346453
0
LINE
8
BLACK
6
CONTINUOUS
10
4.4094816141732283
20
-4.5084773228346453
11
4.4094825196850396
21
-4.508477047244094
0
LINE
8
BLACK
6
CONTINUOUS
10
4.4094825196850396
20
-4.508477047244094
11
4.4094885826771648
21
-4.5084787007874016
0
LINE
8
BLACK
6
CONTINUOUS
10
4.4094885826771648
20
-4.5084787007874016
11
4.409494803149606
21
-4.5084799606299208
0
LINE
8
BLACK
6
CONTINUOUS
10
4.409494803149606
20
-4.5084799606299208
11
4.4094954724409448
21
-4.5084806299212596
0
LINE
8
BLACK
6
CONTINUOUS
10
4.4094954724409448
20
-4.5084806299212596
11
4.4094973228346452
21
-4.5084811417322834
0
LINE
8
BLACK
6
CONTINUOUS
10
4.4094973228346452
20
-4.5084811417322834
11
4.4099735039370076
21
-4.5087191732283465
0
LINE
8
BLACK
6
CONTINUOUS
10
4.4099735039370076
20
-4.5087191732283465
11
4.4099796456692912
21
-4.5087239370078738
0
LINE
8
BLACK
6
CONTINUOUS
10
4.4099796456692912
20
-4.5087239370078738
11
4.4099816929133855
21
-4.5087246456692913
0
LINE
8
BLACK
6
CONTINUOUS
10
4.4099816929133855
20
-4.5087246456692913
11
4.4099834251968506
21
-4.5087269291338581
0
LINE
8
BLACK
6
CONTINUOUS
10
4.4099834251968506
20
-4.5087269291338581
11
4.4099856299212599
21
-4.5087286220472436
0
LINE
8
BLACK
6
CONTINUOUS
10
4.4099856299212599
20
-4.5087286220472436
11
4.4099862598425199
21
-4.5087305511811024
0
LINE
8
BLACK
6
CONTINUOUS
10
4.4099862598425199
20
-4.5087305511811024
11
4.4099911023622047
21
-4.5087368110236223
0
LINE
8
BLACK
6
CONTINUOUS
10
4.4099911023622047
20
-4.5087368110236223
11
4.410229251968504
21
-4.5092130314960626
0
LINE
8
BLACK
6
CONTINUOUS
10
4.410229251968504
20
-4.5092130314960626
11
4.4102297637795278
21
-4.5092149212598427
0
LINE
8
BLACK
6
CONTINUOUS
10
4.4102297637795278
20
-4.5092149212598427
11
4.410230393700787
21
-4.5092155511811018
0
LINE
8
BLACK
6
CONTINUOUS
10
4.410230393700787
20
-4.5092155511811018
11
4.4102315748031495
21
-4.5092215748031492
0
LINE
8
BLACK
6
CONTINUOUS
10
4.4102315748031495
20
-4.5092215748031492
11
4.4102333070866138
21
-4.5092278740157479
0
LINE
8
BLACK
6
CONTINUOUS
10
4.4102333070866138
20
-4.5092278740157479
11
4.4102329921259837
21
-4.5092287401574804
0
LINE
8
BLACK
6
CONTINUOUS
10
4.4102329921259837
20
-4.5092287401574804
11
4.4102333858267713
21
-4.5092306299212597
0
LINE
8
BLACK
6
CONTINUOUS
10
4.4102333858267713
20
-4.5092306299212597
11
4.4102333858267713
21
-4.5094687007874015
0
LINE
8
BLACK
6
CONTINUOUS
10
4.4102333858267713
20
-4.5094687007874015
11
4.4102329921259837
21
-4.509470551181102
0
LINE
8
BLACK
6
CONTINUOUS
10
4.4102329921259837
20
-4.509470551181102
11
4.4102333070866138
21
-4.5094714566929133
0
LINE
8
BLACK
6
CONTINUOUS
10
4.4102333070866138
20
-4.5094714566929133
11
4.4102315748031495
21
-4.5094777165354332
0
LINE
8
BLACK
6
CONTINUOUS
10
4.4102315748031495
20
-4.5094777165354332
11
4.410230393700787
21
-4.5094837795275593
0
LINE
8
BLACK
6
CONTINUOUS
10
4.410230393700787
20
-4.5094837795275593
11
4.4102297637795278
21
-4.5094843700787397
0
LINE
8
BLACK
6
CONTINUOUS
10
4.4102297637795278
20
-4.5094843700787397
11
4.410229251968504
21
-4.5094862992125986
0
LINE
8
BLACK
6
CONTINUOUS
10
4.410229251968504
20
-4.5094862992125986
11
4.4099911023622047
21
-4.5099625196850397
0
LINE
8
BLACK
6
CONTINUOUS
10
4.4099911023622047
20
-4.5099625196850397
11
4.4099862598425199
21
-4.5099687401574799
0
LINE
8
BLACK
6
CONTINUOUS
10
4.4099862598425199
20
-4.5099687401574799
11
4.4099856299212599
21
-4.5099707086614176
0
LINE
8
BLACK
6
CONTINUOUS
10
4.4099856299212599
20
-4.5099707086614176
11
4.4099834251968506
21
-4.5099723622047243
0
LINE
8
BLACK
6
CONTINUOUS
10
4.4099834251968506
20
-4.5099723622047243
11
4.4099816929133855
21
-4.5099746850393698
0
LINE
8
BLACK
6
CONTINUOUS
10
4.4099816929133855
20
-4.5099746850393698
11
4.4099796456692912
21
-4.5099753543307086
0
LINE
8
BLACK
6
CONTINUOUS
10
4.4099796456692912
20
-4.5099753543307086
11
4.4099735039370076
21
-4.5099801574803147
0
LINE
8
BLACK
6
CONTINUOUS
10
4.4099735039370076
20
-4.5099801574803147
11
4.4094973228346452
21
-4.5102181889763777
0
LINE
8
BLACK
6
CONTINUOUS
10
4.4094973228346452
20
-4.5102181889763777
11
4.4094954724409448
21
-4.5102187007874015
0
LINE
8
BLACK
6
CONTINUOUS
10
4.4094954724409448
20
-4.5102187007874015
11
4.409494803149606
21
-4.5102193700787403
0
LINE
8
BLACK
6
CONTINUOUS
10
4.409494803149606
20
-4.5102193700787403
11
4.4094885826771648
21
-4.5102205905511807
0
LINE
8
BLACK
6
CONTINUOUS
10
4.4094885826771648
20
-4.5102205905511807
11
4.4094825196850396
21
-4.5102222834645671
0
LINE
8
BLACK
6
CONTINUOUS
10
4.4094825196850396
20
-4.5102222834645671
11
4.4094816141732283
21
-4.5102219685039371
0
LINE
8
BLACK
6
CONTINUOUS
10
4.4094816141732283
20
-4.5102219685039371
11
4.409479724409449
21
-4.5102223622047246
0
LINE
8
BLACK
6
CONTINUOUS
10
4.409479724409449
20
-4.5102223622047246
11
4.4085273228346455
21
-4.5102223622047246
0
LINE
8
BLACK
6
CONTINUOUS
10
4.4085273228346455
20
-4.5102223622047246
11
4.4085253937007876
21
-4.5102219685039371
0
LINE
8
BLACK
6
CONTINUOUS
10
4.4085253937007876
20
-4.5102219685039371
11
4.408524527559055
21
-4.5102222834645671
0
LINE
8
BLACK
6
CONTINUOUS
10
4.408524527559055
20
-4.5102222834645671
11
4.4085183464566926
21
-4.510220551181102
0
LINE
8
BLACK
6
CONTINUOUS
10
4.4085183464566926
20
-4.510220551181102
11
4.4085122440944877
21
-4.5102193700787403
0
LINE
8
BLACK
6
CONTINUOUS
10
4.4085122440944877
20
-4.5102193700787403
11
4.4085115748031498
21
-4.5102187007874015
0
LINE
8
BLACK
6
CONTINUOUS
10
4.4085115748031498
20
-4.5102187007874015
11
4.4085096850393697
21
-4.5102181889763777
0
LINE
8
BLACK
6
CONTINUOUS
10
4.4085096850393697
20
-4.5102181889763777
11
4.4080335433070861
21
-4.5099801181102359
0
LINE
8
BLACK
6
CONTINUOUS
10
4.4080335433070861
20
-4.5099801181102359
11
4.4080213779527559
21
-4.5099707086614176
0
LINE
8
BLACK
6
CONTINUOUS
10
4.4080213779527559
20
-4.5099707086614176
11
4.4080118503937005
21
-4.509942125984252
0
LINE
8
BLACK
6
CONTINUOUS
10
4.4080118503937005
20
-4.509942125984252
11
4.4080253543307082
21
-4.5099151574803145
0
LINE
8
BLACK
6
CONTINUOUS
10
4.4080253543307082
20
-4.5099151574803145
11
4.4080539370078737
21
-4.5099056299212599
0
LINE
8
BLACK
6
CONTINUOUS
10
4.4080539370078737
20
-4.5099056299212599
11
4.4080687401574803
21
-4.5099097244094484
0
LINE
8
BLACK
6
CONTINUOUS
10
4.4080687401574803
20
-4.5099097244094484
11
4.4085366535433073
21
-4.5101436220472442
0
LINE
8
BLACK
6
CONTINUOUS
10
4.4085366535433073
20
-4.5101436220472442
11
4.4094704724409448
21
-4.5101436220472442
0
LINE
8
BLACK
6
CONTINUOUS
10
4.4094704724409448
20
-4.5101436220472442
11
4.4099265748031495
21
-4.509915551181102
0
LINE
8
BLACK
6
CONTINUOUS
10
4.4099265748031495
20
-4.509915551181102
11
4.4101546456692908
21
-4.5094594488188973
0
LINE
8
BLACK
6
CONTINUOUS
10
4.4101546456692908
20
-4.5094594488188973
11
4.4101546456692908
21
-4.5092398818897639
0
LINE
8
BLACK
6
CONTINUOUS
10
4.4101546456692908
20
-4.5092398818897639
11
4.4099265748031495
21
-4.5087837401574804
0
LINE
8
BLACK
6
CONTINUOUS
10
4.4099265748031495
20
-4.5087837401574804
11
4.4094704724409448
21
-4.508555708661417
0
LINE
8
BLACK
6
CONTINUOUS
10
4.4094704724409448
20
-4.508555708661417
11
4.4087654330708661
21
-4.508555708661417
0
LINE
8
BLACK
6
CONTINUOUS
10
4.4087654330708661
20
-4.508555708661417
11
4.4087635039370081
21
-4.5085553149606294
0
LINE
8
BLACK
6
CONTINUOUS
10
4.4087635039370081
20
-4.5085553149606294
11
4.4087626377952756
21
-4.5085556299212595
0
LINE
8
BLACK
6
CONTINUOUS
10
4.4087626377952756
20
-4.5085556299212595
11
4.4087565354330707
21
-4.508553937007874
0
LINE
8
BLACK
6
CONTINUOUS
10
4.4087565354330707
20
-4.508553937007874
11
4.4087503543307083
21
-4.5085527165354327
0
LINE
8
BLACK
6
CONTINUOUS
10
4.4087503543307083
20
-4.5085527165354327
11
4.4087496850393704
21
-4.5085520472440948
0
LINE
8
BLACK
6
CONTINUOUS
10
4.4087496850393704
20
-4.5085520472440948
11
4.408747834645669
21
-4.508551535433071
0
LINE
8
BLACK
6
CONTINUOUS
10
4.408747834645669
20
-4.508551535433071
11
4.4082716535433066
21
-4.5083134251968504
0
LINE
8
BLACK
6
CONTINUOUS
10
4.4082716535433066
20
-4.5083134251968504
11
4.4082654724409451
21
-4.5083086614173231
0
LINE
8
BLACK
6
CONTINUOUS
10
4.4082654724409451
20
-4.5083086614173231
11
4.4082634645669287
21
-4.5083079921259843
0
LINE
8
BLACK
6
CONTINUOUS
10
4.4082634645669287
20
-4.5083079921259843
11
4.4082616929133858
21
-4.5083057480314963
0
LINE
8
BLACK
6
CONTINUOUS
10
4.4082616929133858
20
-4.5083057480314963
11
4.4082594881889765
21
-4.5083040157480312
0
LINE
8
BLACK
6
CONTINUOUS
10
4.4082594881889765
20
-4.5083040157480312
11
4.408258779527559
21
-4.5083019685039369
0
LINE
8
BLACK
6
CONTINUOUS
10
4.408258779527559
20
-4.5083019685039369
11
4.4082540551181104
21
-4.5082958267716533
0
LINE
8
BLACK
6
CONTINUOUS
10
4.4082540551181104
20
-4.5082958267716533
11
4.4080159448818899
21
-4.5078196456692909
0
LINE
8
BLACK
6
CONTINUOUS
10
4.4080159448818899
20
-4.5078196456692909
11
4.4080154330708661
21
-4.5078177952755905
0
LINE
8
BLACK
6
CONTINUOUS
10
4.4080154330708661
20
-4.5078177952755905
11
4.4080147637795273
21
-4.5078171259842517
0
LINE
8
BLACK
6
CONTINUOUS
10
4.4080147637795273
20
-4.5078171259842517
11
4.4080135039370081
21
-4.5078109055118105
0
LINE
8
BLACK
6
CONTINUOUS
10
4.4080135039370081
20
-4.5078109055118105
11
4.4080118503937005
21
-4.5078048425196853
0
LINE
8
BLACK
6
CONTINUOUS
10
4.4080118503937005
20
-4.5078048425196853
11
4.4080121259842517
21
-4.507803937007874
0
LINE
8
BLACK
6
CONTINUOUS
10
4.4080121259842517
20
-4.507803937007874
11
4.408011771653543
21
-4.5078020472440947
0
LINE
8
BLACK
6
CONTINUOUS
10
4.408011771653543
20
-4.5078020472440947
11
4.408011771653543
21
-4.5075639370078742
0
LINE
8
BLACK
6
CONTINUOUS
10
4.408011771653543
20
-4.5075639370078742
11
4.4080121259842517
21
-4.5075620078740153
0
LINE
8
BLACK
6
CONTINUOUS
10
4.4080121259842517
20
-4.5075620078740153
11
4.4080118503937005
21
-4.5075611417322836
0
LINE
8
BLACK
6
CONTINUOUS
10
4.4080118503937005
20
-4.5075611417322836
11
4.4080135039370081
21
-4.5075550393700787
0
LINE
8
BLACK
6
CONTINUOUS
10
4.4080135039370081
20
-4.5075550393700787
11
4.4080147637795273
21
-4.5075488582677163
0
LINE
8
BLACK
6
CONTINUOUS
10
4.4080147637795273
20
-4.5075488582677163
11
4.4080154330708661
21
-4.5075481889763775
0
LINE
8
BLACK
6
CONTINUOUS
10
4.4080154330708661
20
-4.5075481889763775
11
4.4080159448818899
21
-4.5075463385826771
0
LINE
8
BLACK
6
CONTINUOUS
10
4.4080159448818899
20
-4.5075463385826771
11
4.4082540551181104
21
-4.5070701574803147
0
LINE
8
BLACK
6
CONTINUOUS
10
4.4082540551181104
20
-4.5070701574803147
11
4.408258779527559
21
-4.5070639763779523
0
LINE
8
BLACK
6
CONTINUOUS
10
4.408258779527559
20
-4.5070639763779523
11
4.4082594881889765
21
-4.5070619685039368
0
LINE
8
BLACK
6
CONTINUOUS
10
4.4082594881889765
20
-4.5070619685039368
11
4.4082616929133858
21
-4.5070601968503938
0
LINE
8
BLACK
6
CONTINUOUS
10
4.4082616929133858
20
-4.5070601968503938
11
4.4082634645669287
21
-4.5070579921259846
0
LINE
8
BLACK
6
CONTINUOUS
10
4.4082634645669287
20
-4.5070579921259846
11
4.4082654724409451
21
-4.507057283464567
0
LINE
8
BLACK
6
CONTINUOUS
10
4.4082654724409451
20
-4.507057283464567
11
4.4082716535433066
21
-4.5070525590551176
0
LINE
8
BLACK
6
CONTINUOUS
10
4.4082716535433066
20
-4.5070525590551176
11
4.408747834645669
21
-4.5068144488188979
0
LINE
8
BLACK
6
CONTINUOUS
10
4.408747834645669
20
-4.5068144488188979
11
4.4087496850393704
21
-4.5068139370078741
0
LINE
8
BLACK
6
CONTINUOUS
10
4.4087496850393704
20
-4.5068139370078741
11
4.4087503543307083
21
-4.5068132677165353
0
LINE
8
BLACK
6
CONTINUOUS
10
4.4087503543307083
20
-4.5068132677165353
11
4.4087565354330707
21
-4.5068120078740153
0
LINE
8
BLACK
6
CONTINUOUS
10
4.4087565354330707
20
-4.5068120078740153
11
4.4087626377952756
21
-4.5068103543307085
0
LINE
8
BLACK
6
CONTINUOUS
10
4.4087626377952756
20
-4.5068103543307085
11
4.4087635039370081
21
-4.5068106299212598
0
LINE
8
BLACK
6
CONTINUOUS
10
4.4087635039370081
20
-4.5068106299212598
11
4.4087654330708661
21
-4.506810275590551
0
LINE
8
BLACK
6
CONTINUOUS
10
4.4087654330708661
20
-4.506810275590551
11
4.409479724409449
21
-4.506810275590551
0
LINE
8
BLACK
6
CONTINUOUS
10
4.409479724409449
20
-4.506810275590551
11
4.4094816141732283
21
-4.5068106299212598
0
LINE
8
BLACK
6
CONTINUOUS
10
4.4206720866141733
20
-4.5068106299212598
11
4.4206729921259837
21
-4.5068103543307085
0
LINE
8
BLACK
6
CONTINUOUS
10
4.4206729921259837
20
-4.5068103543307085
11
4.4206790551181099
21
-4.5068120078740153
0
LINE
8
BLACK
6
CONTINUOUS
10
4.4206790551181099
20
-4.5068120078740153
11
4.420685275590551
21
-4.5068132677165353
0
LINE
8
BLACK
6
CONTINUOUS
10
4.420685275590551
20
-4.5068132677165353
11
4.4206859448818898
21
-4.5068139370078741
0
LINE
8
BLACK
6
CONTINUOUS
10
4.4206859448818898
20
-4.5068139370078741
11
4.4206877952755903
21
-4.5068144488188979
0
LINE
8
BLACK
6
CONTINUOUS
10
4.4206877952755903
20
-4.5068144488188979
11
4.4211640157480314
21
-4.5070525590551176
0
LINE
8
BLACK
6
CONTINUOUS
10
4.4211640157480314
20
-4.5070525590551176
11
4.4211701574803151
21
-4.507057283464567
0
LINE
8
BLACK
6
CONTINUOUS
10
4.4211701574803151
20
-4.507057283464567
11
4.4211722047244093
21
-4.5070579921259846
0
LINE
8
BLACK
6
CONTINUOUS
10
4.4211722047244093
20
-4.5070579921259846
11
4.4211739370078735
21
-4.5070601968503938
0
LINE
8
BLACK
6
CONTINUOUS
10
4.4211739370078735
20
-4.5070601968503938
11
4.4211761811023624
21
-4.5070619685039368
0
LINE
8
BLACK
6
CONTINUOUS
10
4.4211761811023624
20
-4.5070619685039368
11
4.4211768503937003
21
-4.5070639763779523
0
LINE
8
BLACK
6
CONTINUOUS
10
4.4211768503937003
20
-4.5070639763779523
11
4.4211816141732285
21
-4.5070701574803147
0
LINE
8
BLACK
6
CONTINUOUS
10
4.4211816141732285
20
-4.5070701574803147
11
4.4214196850393703
21
-4.5075462992125983
0
LINE
8
BLACK
6
CONTINUOUS
10
4.4214196850393703
20
-4.5075462992125983
11
4.4214201968503932
21
-4.5075481889763775
0
LINE
8
BLACK
6
CONTINUOUS
10
4.4214201968503932
20
-4.5075481889763775
11
4.421420866141732
21
-4.5075488582677163
0
LINE
8
BLACK
6
CONTINUOUS
10
4.421420866141732
20
-4.5075488582677163
11
4.4214220472440946
21
-4.5075549606299212
0
LINE
8
BLACK
6
CONTINUOUS
10
4.4214220472440946
20
-4.5075549606299212
11
4.4214237795275588
21
-4.5075611417322836
0
LINE
8
BLACK
6
CONTINUOUS
10
4.4214237795275588
20
-4.5075611417322836
11
4.4214234645669288
21
-4.5075620078740153
0
LINE
8
BLACK
6
CONTINUOUS
10
4.4214234645669288
20
-4.5075620078740153
11
4.4214238582677163
21
-4.5075639370078742
0
LINE
8
BLACK
6
CONTINUOUS
10
4.4214238582677163
20
-4.5075639370078742
11
4.4214238582677163
21
-4.5080401574803153
0
LINE
8
BLACK
6
CONTINUOUS
10
4.4214238582677163
20
-4.5080401574803153
11
4.4214227165354334
21
-4.5080457480314964
0
LINE
8
BLACK
6
CONTINUOUS
10
4.4214227165354334
20
-4.5080457480314964
11
4.4214231496062988
21
-4.5080477952755906
0
LINE
8
BLACK
6
CONTINUOUS
10
4.4214231496062988
20
-4.5080477952755906
11
4.4214219685039371
21
-4.5080494881889761
0
LINE
8
BLACK
6
CONTINUOUS
10
4.4214219685039371
20
-4.5080494881889761
11
4.421420866141732
21
-4.5080552362204722
0
LINE
8
BLACK
6
CONTINUOUS
10
4.421420866141732
20
-4.5080552362204722
11
4.4214127952755904
21
-4.5080632677165351
0
LINE
8
BLACK
6
CONTINUOUS
10
4.4214127952755904
20
-4.5080632677165351
11
4.4214064173228342
21
-4.5080728740157481
0
LINE
8
BLACK
6
CONTINUOUS
10
4.4214064173228342
20
-4.5080728740157481
11
4.4214009448818894
21
-4.5080751181102361
0
LINE
8
BLACK
6
CONTINUOUS
10
4.4214009448818894
20
-4.5080751181102361
11
4.4213995669291339
21
-4.5080765354330712
0
LINE
8
BLACK
6
CONTINUOUS
10
4.4213995669291339
20
-4.5080765354330712
11
4.4213975984251963
21
-4.5080765354330712
0
LINE
8
BLACK
6
CONTINUOUS
10
4.4213975984251963
20
-4.5080765354330712
11
4.421392204724409
21
-4.5080787795275592
0
LINE
8
BLACK
6
CONTINUOUS
10
4.421392204724409
20
-4.5080787795275592
11
4.4190429133858267
21
-4.5085486220472442
0
LINE
8
BLACK
6
CONTINUOUS
10
4.4190429133858267
20
-4.5085486220472442
11
4.4190429133858267
21
-4.5094594094488185
0
LINE
8
BLACK
6
CONTINUOUS
10
4.4190429133858267
20
-4.5094594094488185
11
4.4192710236220467
21
-4.5099155905511807
0
LINE
8
BLACK
6
CONTINUOUS
10
4.4192710236220467
20
-4.5099155905511807
11
4.4197271653543302
21
-4.5101436220472442
0
LINE
8
BLACK
6
CONTINUOUS
10
4.4197271653543302
20
-4.5101436220472442
11
4.4206609448818899
21
-4.5101436220472442
0
LINE
8
BLACK
6
CONTINUOUS
10
4.4206609448818899
20
-4.5101436220472442
11
4.4211288188976381
21
-4.5099097244094484
0
LINE
8
BLACK
6
CONTINUOUS
10
4.4211288188976381
20
-4.5099097244094484
11
4.4211436220472438
21
-4.5099056299212599
0
LINE
8
BLACK
6
CONTINUOUS
10
4.4211436220472438
20
-4.5099056299212599
11
4.4211722047244093
21
-4.5099151574803145
0
LINE
8
BLACK
6
CONTINUOUS
10
4.4211722047244093
20
-4.5099151574803145
11
4.4211856692913383
21
-4.5099421653543308
0
LINE
8
BLACK
6
CONTINUOUS
10
4.4211856692913383
20
-4.5099421653543308
11
4.4211761417322837
21
-4.5099707086614176
0
LINE
8
BLACK
6
CONTINUOUS
10
4.4211761417322837
20
-4.5099707086614176
11
4.4211640157480314
21
-4.5099801574803147
0
LINE
8
BLACK
6
CONTINUOUS
10
4.4211640157480314
20
-4.5099801574803147
11
4.4206877952755903
21
-4.5102181889763777
0
LINE
8
BLACK
6
CONTINUOUS
10
4.4206877952755903
20
-4.5102181889763777
11
4.4206859448818898
21
-4.5102187007874015
0
LINE
8
BLACK
6
CONTINUOUS
10
4.4206859448818898
20
-4.5102187007874015
11
4.420685275590551
21
-4.5102193700787403
0
LINE
8
BLACK
6
CONTINUOUS
10
4.420685275590551
20
-4.5102193700787403
11
4.4206790551181099
21
-4.5102205905511807
0
LINE
8
BLACK
6
CONTINUOUS
10
4.4206790551181099
20
-4.5102205905511807
11
4.4206729921259837
21
-4.5102222834645671
0
LINE
8
BLACK
6
CONTINUOUS
10
4.4206729921259837
20
-4.5102222834645671
11
4.4206720866141733
21
-4.5102219685039371
0
LINE
8
BLACK
6
CONTINUOUS
10
4.4206720866141733
20
-4.5102219685039371
11
4.4206701968503932
21
-4.5102223622047246
0
LINE
8
BLACK
6
CONTINUOUS
10
4.4206701968503932
20
-4.5102223622047246
11
4.4197178346456694
21
-4.5102223622047246
0
LINE
8
BLACK
6
CONTINUOUS
10
4.4197178346456694
20
-4.5102223622047246
11
4.4197159055118105
21
-4.5102219685039371
0
LINE
8
BLACK
6
CONTINUOUS
10
4.4197159055118105
20
-4.5102219685039371
11
4.4197150393700788
21
-4.5102222834645671
0
LINE
8
BLACK
6
CONTINUOUS
10
4.4197150393700788
20
-4.5102222834645671
11
4.4197088582677164
21
-4.510220551181102
0
LINE
8
BLACK
6
CONTINUOUS
10
4.4197088582677164
20
-4.510220551181102
11
4.4197027559055115
21
-4.5102193700787403
0
LINE
8
BLACK
6
CONTINUOUS
10
4.4197027559055115
20
-4.5102193700787403
11
4.4197020866141727
21
-4.5102187007874015
0
LINE
8
BLACK
6
CONTINUOUS
10
4.4197020866141727
20
-4.5102187007874015
11
4.4197001968503935
21
-4.5102181889763777
0
LINE
8
BLACK
6
CONTINUOUS
10
4.4197001968503935
20
-4.5102181889763777
11
4.4192240551181099
21
-4.5099801181102359
0
LINE
8
BLACK
6
CONTINUOUS
10
4.4192240551181099
20
-4.5099801181102359
11
4.4192178740157475
21
-4.5099753543307086
0
LINE
8
BLACK
6
CONTINUOUS
10
4.4192178740157475
20
-4.5099753543307086
11
4.419215866141732
21
-4.5099746850393698
0
LINE
8
BLACK
6
CONTINUOUS
10
4.419215866141732
20
-4.5099746850393698
11
4.419214094488189
21
-4.5099724409448818
0
LINE
8
BLACK
6
CONTINUOUS
10
4.419214094488189
20
-4.5099724409448818
11
4.4192118897637798
21
-4.5099707086614176
0
LINE
8
BLACK
6
CONTINUOUS
10
4.4192118897637798
20
-4.5099707086614176
11
4.4192111811023622
21
-4.5099686614173224
0
LINE
8
BLACK
6
CONTINUOUS
10
4.4192111811023622
20
-4.5099686614173224
11
4.4192064566929137
21
-4.5099625196850397
0
LINE
8
BLACK
6
CONTINUOUS
10
4.4192064566929137
20
-4.5099625196850397
11
4.4189683464566931
21
-4.5094862992125986
0
LINE
8
BLACK
6
CONTINUOUS
10
4.4189683464566931
20
-4.5094862992125986
11
4.4189678346456693
21
-4.5094844488188972
0
LINE
8
BLACK
6
CONTINUOUS
10
4.4189678346456693
20
-4.5094844488188972
11
4.4189671653543305
21
-4.5094837795275593
0
LINE
8
BLACK
6
CONTINUOUS
10
4.4189671653543305
20
-4.5094837795275593
11
4.4189659055118113
21
-4.5094775590551182
0
LINE
8
BLACK
6
CONTINUOUS
10
4.4189659055118113
20
-4.5094775590551182
11
4.4189642519685037
21
-4.509471496062992
0
LINE
8
BLACK
6
CONTINUOUS
10
4.4189642519685037
20
-4.509471496062992
11
4.418964527559055
21
-4.5094705905511807
0
LINE
8
BLACK
6
CONTINUOUS
10
4.418964527559055
20
-4.5094705905511807
11
4.4189641732283462
21
-4.5094687007874015
0
LINE
8
BLACK
6
CONTINUOUS
10
4.4189641732283462
20
-4.5094687007874015
11
4.4189641732283462
21
-4.5075639370078742
0
LINE
8
BLACK
6
CONTINUOUS
10
4.4189641732283462
20
-4.5075639370078742
11
4.418964527559055
21
-4.5075620078740153
0
LINE
8
BLACK
6
CONTINUOUS
10
4.418964527559055
20
-4.5075620078740153
11
4.4189642519685037
21
-4.5075611417322836
0
LINE
8
BLACK
6
CONTINUOUS
10
4.4189642519685037
20
-4.5075611417322836
11
4.4189659055118113
21
-4.5075550393700787
0
LINE
8
BLACK
6
CONTINUOUS
10
4.4189659055118113
20
-4.5075550393700787
11
4.4189671653543305
21
-4.5075488582677163
0
LINE
8
BLACK
6
CONTINUOUS
10
4.4189671653543305
20
-4.5075488582677163
11
4.4189678346456693
21
-4.5075481889763775
0
LINE
8
BLACK
6
CONTINUOUS
10
4.4189678346456693
20
-4.5075481889763775
11
4.4189683464566931
21
-4.5075463385826771
0
LINE
8
BLACK
6
CONTINUOUS
10
4.4189683464566931
20
-4.5075463385826771
11
4.4192064566929137
21
-4.5070701574803147
0
LINE
8
BLACK
6
CONTINUOUS
10
4.4192064566929137
20
-4.5070701574803147
11
4.4192111811023622
21
-4.5070639763779523
0
LINE
8
BLACK
6
CONTINUOUS
10
4.4192111811023622
20
-4.5070639763779523
11
4.4192118897637798
21
-4.5070619685039368
0
LINE
8
BLACK
6
CONTINUOUS
10
4.4192118897637798
20
-4.5070619685039368
11
4.419214094488189
21
-4.5070601968503938
0
LINE
8
BLACK
6
CONTINUOUS
10
4.419214094488189
20
-4.5070601968503938
11
4.419215866141732
21
-4.5070579921259846
0
LINE
8
BLACK
6
CONTINUOUS
10
4.419215866141732
20
-4.5070579921259846
11
4.4192178740157475
21
-4.507057283464567
0
LINE
8
BLACK
6
CONTINUOUS
10
4.4192178740157475
20
-4.507057283464567
11
4.4192240551181099
21
-4.5070525590551176
0
LINE
8
BLACK
6
CONTINUOUS
10
4.4192240551181099
20
-4.5070525590551176
11
4.4197002362204723
21
-4.5068144488188979
0
LINE
8
BLACK
6
CONTINUOUS
10
4.4197002362204723
20
-4.5068144488188979
11
4.4197020866141727
21
-4.5068139370078741
0
LINE
8
BLACK
6
CONTINUOUS
10
4.4197020866141727
20
-4.5068139370078741
11
4.4197027559055115
21
-4.5068132677165353
0
LINE
8
BLACK
6
CONTINUOUS
10
4.4197027559055115
20
-4.5068132677165353
11
4.4197089370078739
21
-4.5068120078740153
0
LINE
8
BLACK
6
CONTINUOUS
10
4.4197089370078739
20
-4.5068120078740153
11
4.4197150393700788
21
-4.5068103543307085
0
LINE
8
BLACK
6
CONTINUOUS
10
4.4197150393700788
20
-4.5068103543307085
11
4.4197159055118105
21
-4.5068106299212598
0
LINE
8
BLACK
6
CONTINUOUS
10
4.4197159055118105
20
-4.5068106299212598
11
4.4197178346456694
21
-4.506810275590551
0
LINE
8
BLACK
6
CONTINUOUS
10
4.4197178346456694
20
-4.506810275590551
11
4.4206701968503932
21
-4.506810275590551
0
LINE
8
BLACK
6
CONTINUOUS
10
4.4206701968503932
20
-4.506810275590551
11
4.4206720866141733
21
-4.5068106299212598
0
LINE
8
BLACK
6
CONTINUOUS
10
4.4192709448818901
20
-4.507117047244094
11
4.4190429133858267
21
-4.5075731889763775
0
LINE
8
BLACK
6
CONTINUOUS
10
4.4190429133858267
20
-4.5075731889763775
11
4.4190429133858267
21
-4.5084682677165357
0
LINE
8
BLACK
6
CONTINUOUS
10
4.4190429133858267
20
-4.5084682677165357
11
4.4213451181102359
21
-4.5080078346456691
0
LINE
8
BLACK
6
CONTINUOUS
10
4.4213451181102359
20
-4.5080078346456691
11
4.4213451181102359
21
-4.5075732283464562
0
LINE
8
BLACK
6
CONTINUOUS
10
4.4213451181102359
20
-4.5075732283464562
11
4.4211170866141734
21
-4.5071171259842515
0
LINE
8
BLACK
6
CONTINUOUS
10
4.4211170866141734
20
-4.5071171259842515
11
4.4206609448818899
21
-4.5068890157480315
0
LINE
8
BLACK
6
CONTINUOUS
10
4.4206609448818899
20
-4.5068890157480315
11
4.4197270866141727
21
-4.5068890157480315
0
LINE
8
BLACK
6
CONTINUOUS
10
4.4197270866141727
20
-4.5068890157480315
11
4.4192709448818901
21
-4.507117047244094
0
LINE
8
BLACK
6
CONTINUOUS
10
4.4247197244094485
20
-4.5068106299212598
11
4.4247206299212598
21
-4.5068103543307085
0
LINE
8
BLACK
6
CONTINUOUS
10
4.4247206299212598
20
-4.5068103543307085
11
4.4247266929133859
21
-4.5068120078740153
0
LINE
8
BLACK
6
CONTINUOUS
10
4.4247266929133859
20
-4.5068120078740153
11
4.4247329133858271
21
-4.5068132677165353
0
LINE
8
BLACK
6
CONTINUOUS
10
4.4247329133858271
20
-4.5068132677165353
11
4.424733582677165
21
-4.5068139370078741
0
LINE
8
BLACK
6
CONTINUOUS
10
4.424733582677165
20
-4.5068139370078741
11
4.4247354330708664
21
-4.5068144488188979
0
LINE
8
BLACK
6
CONTINUOUS
10
4.4247354330708664
20
-4.5068144488188979
11
4.4252116141732278
21
-4.5070525590551176
0
LINE
8
BLACK
6
CONTINUOUS
10
4.4252116141732278
20
-4.5070525590551176
11
4.4252237795275589
21
-4.5070619685039368
0
LINE
8
BLACK
6
CONTINUOUS
10
4.4252237795275589
20
-4.5070619685039368
11
4.4252333070866143
21
-4.5070905511811024
0
LINE
8
BLACK
6
CONTINUOUS
10
4.4252333070866143
20
-4.5070905511811024
11
4.4252198031496066
21
-4.507117519685039
0
LINE
8
BLACK
6
CONTINUOUS
10
4.4252198031496066
20
-4.507117519685039
11
4.4251912204724411
21
-4.5071270472440945
0
LINE
8
BLACK
6
CONTINUOUS
10
4.4251912204724411
20
-4.5071270472440945
11
4.4251764173228345
21
-4.5071229527559051
0
LINE
8
BLACK
6
CONTINUOUS
10
4.4251764173228345
20
-4.5071229527559051
11
4.424708582677165
21
-4.5068890157480315
0
LINE
8
BLACK
6
CONTINUOUS
10
4.424708582677165
20
-4.5068890157480315
11
4.4240127952755905
21
-4.5068890157480315
0
LINE
8
BLACK
6
CONTINUOUS
10
4.4240127952755905
20
-4.5068890157480315
11
4.4235566535433071
21
-4.507117047244094
0
LINE
8
BLACK
6
CONTINUOUS
10
4.4235566535433071
20
-4.507117047244094
11
4.4233286220472436
21
-4.5075731889763775
0
LINE
8
BLACK
6
CONTINUOUS
10
4.4233286220472436
20
-4.5075731889763775
11
4.4233286220472436
21
-4.5077927559055118
0
LINE
8
BLACK
6
CONTINUOUS
10
4.4233286220472436
20
-4.5077927559055118
11
4.4235566535433071
21
-4.5082488976377952
0
LINE
8
BLACK
6
CONTINUOUS
10
4.4235566535433071
20
-4.5082488976377952
11
4.4240127952755905
21
-4.5084769685039365
0
LINE
8
BLACK
6
CONTINUOUS
10
4.4240127952755905
20
-4.5084769685039365
11
4.4247178346456693
21
-4.5084769685039365
0
LINE
8
BLACK
6
CONTINUOUS
10
4.4247178346456693
20
-4.5084769685039365
11
4.4247197244094485
21
-4.5084773228346453
0
LINE
8
BLACK
6
CONTINUOUS
10
4.4247197244094485
20
-4.5084773228346453
11
4.4247206299212598
21
-4.508477047244094
0
LINE
8
BLACK
6
CONTINUOUS
10
4.4247206299212598
20
-4.508477047244094
11
4.4247266929133859
21
-4.5084787007874016
0
LINE
8
BLACK
6
CONTINUOUS
10
4.4247266929133859
20
-4.5084787007874016
11
4.4247329133858271
21
-4.5084799606299208
0
LINE
8
BLACK
6
CONTINUOUS
10
4.4247329133858271
20
-4.5084799606299208
11
4.424733582677165
21
-4.5084806299212596
0
LINE
8
BLACK
6
CONTINUOUS
10
4.424733582677165
20
-4.5084806299212596
11
4.4247354330708664
21
-4.5084811417322834
0
LINE
8
BLACK
6
CONTINUOUS
10
4.4247354330708664
20
-4.5084811417322834
11
4.4252116141732278
21
-4.5087191732283465
0
LINE
8
BLACK
6
CONTINUOUS
10
4.4252116141732278
20
-4.5087191732283465
11
4.4252177559055115
21
-4.5087239370078738
0
LINE
8
BLACK
6
CONTINUOUS
10
4.4252177559055115
20
-4.5087239370078738
11
4.4252198031496066
21
-4.5087246456692913
0
LINE
8
BLACK
6
CONTINUOUS
10
4.4252198031496066
20
-4.5087246456692913
11
4.4252215354330708
21
-4.5087269291338581
0
LINE
8
BLACK
6
CONTINUOUS
10
4.4252215354330708
20
-4.5087269291338581
11
4.4252237401574801
21
-4.5087286220472436
0
LINE
8
BLACK
6
CONTINUOUS
10
4.4252237401574801
20
-4.5087286220472436
11
4.4252243700787401
21
-4.5087305511811024
0
LINE
8
BLACK
6
CONTINUOUS
10
4.4252243700787401
20
-4.5087305511811024
11
4.4252292125984249
21
-4.5087368110236223
0
LINE
8
BLACK
6
CONTINUOUS
10
4.4252292125984249
20
-4.5087368110236223
11
4.4254673622047243
21
-4.5092130314960626
0
LINE
8
BLACK
6
CONTINUOUS
10
4.4254673622047243
20
-4.5092130314960626
11
4.425467874015748
21
-4.5092149212598427
0
LINE
8
BLACK
6
CONTINUOUS
10
4.425467874015748
20
-4.5092149212598427
11
4.4254685039370081
21
-4.5092155511811018
0
LINE
8
BLACK
6
CONTINUOUS
10
4.4254685039370081
20
-4.5092155511811018
11
4.4254696850393698
21
-4.5092215748031492
0
LINE
8
BLACK
6
CONTINUOUS
10
4.4254696850393698
20
-4.5092215748031492
11
4.4254714173228349
21
-4.5092278740157479
0
LINE
8
BLACK
6
CONTINUOUS
10
4.4254714173228349
20
-4.5092278740157479
11
4.4254711023622049
21
-4.5092287401574804
0
LINE
8
BLACK
6
CONTINUOUS
10
4.4254711023622049
20
-4.5092287401574804
11
4.4254714960629924
21
-4.5092306299212597
0
LINE
8
BLACK
6
CONTINUOUS
10
4.4254714960629924
20
-4.5092306299212597
11
4.4254714960629924
21
-4.5094687007874015
0
LINE
8
BLACK
6
CONTINUOUS
10
4.4254714960629924
20
-4.5094687007874015
11
4.4254711023622049
21
-4.509470551181102
0
LINE
8
BLACK
6
CONTINUOUS
10
4.4254711023622049
20
-4.509470551181102
11
4.4254714173228349
21
-4.5094714566929133
0
LINE
8
BLACK
6
CONTINUOUS
10
4.4254714173228349
20
-4.5094714566929133
11
4.4254696850393698
21
-4.5094777165354332
0
LINE
8
BLACK
6
CONTINUOUS
10
4.4254696850393698
20
-4.5094777165354332
11
4.4254685039370081
21
-4.5094837795275593
0
LINE
8
BLACK
6
CONTINUOUS
10
4.4254685039370081
20
-4.5094837795275593
11
4.425467874015748
21
-4.5094843700787397
0
LINE
8
BLACK
6
CONTINUOUS
10
4.425467874015748
20
-4.5094843700787397
11
4.4254673622047243
21
-4.5094862992125986
0
LINE
8
BLACK
6
CONTINUOUS
10
4.4254673622047243
20
-4.5094862992125986
11
4.4252292125984249
21
-4.5099625196850397
0
LINE
8
BLACK
6
CONTINUOUS
10
4.4252292125984249
20
-4.5099625196850397
11
4.4252243700787401
21
-4.5099687401574799
0
LINE
8
BLACK
6
CONTINUOUS
10
4.4252243700787401
20
-4.5099687401574799
11
4.4252237401574801
21
-4.5099707086614176
0
LINE
8
BLACK
6
CONTINUOUS
10
4.4252237401574801
20
-4.5099707086614176
11
4.4252215354330708
21
-4.5099723622047243
0
LINE
8
BLACK
6
CONTINUOUS
10
4.4252215354330708
20
-4.5099723622047243
11
4.4252198031496066
21
-4.5099746850393698
0
LINE
8
BLACK
6
CONTINUOUS
10
4.4252198031496066
20
-4.5099746850393698
11
4.4252177559055115
21
-4.5099753543307086
0
LINE
8
BLACK
6
CONTINUOUS
10
4.4252177559055115
20
-4.5099753543307086
11
4.4252116141732278
21
-4.5099801574803147
0
LINE
8
BLACK
6
CONTINUOUS
10
4.4252116141732278
20
-4.5099801574803147
11
4.4247354330708664
21
-4.5102181889763777
0
LINE
8
BLACK
6
CONTINUOUS
10
4.4247354330708664
20
-4.5102181889763777
11
4.424733582677165
21
-4.5102187007874015
0
LINE
8
BLACK
6
CONTINUOUS
10
4.424733582677165
20
-4.5102187007874015
11
4.4247329133858271
21
-4.5102193700787403
0
LINE
8
BLACK
6
CONTINUOUS
10
4.4247329133858271
20
-4.5102193700787403
11
4.4247266929133859
21
-4.5102205905511807
0
LINE
8
BLACK
6
CONTINUOUS
10
4.4247266929133859
20
-4.5102205905511807
11
4.4247206299212598
21
-4.5102222834645671
0
LINE
8
BLACK
6
CONTINUOUS
10
4.4247206299212598
20
-4.5102222834645671
11
4.4247197244094485
21
-4.5102219685039371
0
LINE
8
BLACK
6
CONTINUOUS
10
4.4247197244094485
20
-4.5102219685039371
11
4.4247178346456693
21
-4.5102223622047246
0
LINE
8
BLACK
6
CONTINUOUS
10
4.4247178346456693
20
-4.5102223622047246
11
4.4237654330708658
21
-4.5102223622047246
0
LINE
8
BLACK
6
CONTINUOUS
10
4.4237654330708658
20
-4.5102223622047246
11
4.4237635039370078
21
-4.5102219685039371
0
LINE
8
BLACK
6
CONTINUOUS
10
4.4237635039370078
20
-4.5102219685039371
11
4.4237626377952752
21
-4.5102222834645671
0
LINE
8
BLACK
6
CONTINUOUS
10
4.4237626377952752
20
-4.5102222834645671
11
4.4237564566929128
21
-4.510220551181102
0
LINE
8
BLACK
6
CONTINUOUS
10
4.4237564566929128
20
-4.510220551181102
11
4.4237503543307088
21
-4.5102193700787403
0
LINE
8
BLACK
6
CONTINUOUS
10
4.4237503543307088
20
-4.5102193700787403
11
4.42374968503937
21
-4.5102187007874015
0
LINE
8
BLACK
6
CONTINUOUS
10
4.42374968503937
20
-4.5102187007874015
11
4.4237477952755908
21
-4.5102181889763777
0
LINE
8
BLACK
6
CONTINUOUS
10
4.4237477952755908
20
-4.5102181889763777
11
4.4232716535433072
21
-4.5099801181102359
0
LINE
8
BLACK
6
CONTINUOUS
10
4.4232716535433072
20
-4.5099801181102359
11
4.4232594881889762
21
-4.5099707086614176
0
LINE
8
BLACK
6
CONTINUOUS
10
4.4232594881889762
20
-4.5099707086614176
11
4.4232499606299216
21
-4.509942125984252
0
LINE
8
BLACK
6
CONTINUOUS
10
4.4232499606299216
20
-4.509942125984252
11
4.4232634645669293
21
-4.5099151574803145
0
LINE
8
BLACK
6
CONTINUOUS
10
4.4232634645669293
20
-4.5099151574803145
11
4.423292047244094
21
-4.5099056299212599
0
LINE
8
BLACK
6
CONTINUOUS
10
4.423292047244094
20
-4.5099056299212599
11
4.4233068503937005
21
-4.5099097244094484
0
LINE
8
BLACK
6
CONTINUOUS
10
4.4233068503937005
20
-4.5099097244094484
11
4.4237747637795275
21
-4.5101436220472442
0
LINE
8
BLACK
6
CONTINUOUS
10
4.4237747637795275
20
-4.5101436220472442
11
4.424708582677165
21
-4.5101436220472442
0
LINE
8
BLACK
6
CONTINUOUS
10
4.424708582677165
20
-4.5101436220472442
11
4.4251646850393698
21
-4.509915551181102
0
LINE
8
BLACK
6
CONTINUOUS
10
4.4251646850393698
20
-4.509915551181102
11
4.425392755905512
21
-4.5094594488188973
0
LINE
8
BLACK
6
CONTINUOUS
10
4.425392755905512
20
-4.5094594488188973
11
4.425392755905512
21
-4.5092398818897639
0
LINE
8
BLACK
6
CONTINUOUS
10
4.425392755905512
20
-4.5092398818897639
11
4.4251646850393698
21
-4.5087837401574804
0
LINE
8
BLACK
6
CONTINUOUS
10
4.4251646850393698
20
-4.5087837401574804
11
4.424708582677165
21
-4.508555708661417
0
LINE
8
BLACK
6
CONTINUOUS
10
4.424708582677165
20
-4.508555708661417
11
4.4240035433070863
21
-4.508555708661417
0
LINE
8
BLACK
6
CONTINUOUS
10
4.4240035433070863
20
-4.508555708661417
11
4.4240016141732283
21
-4.5085553149606294
0
LINE
8
BLACK
6
CONTINUOUS
10
4.4240016141732283
20
-4.5085553149606294
11
4.4240007480314958
21
-4.5085556299212595
0
LINE
8
BLACK
6
CONTINUOUS
10
4.4240007480314958
20
-4.5085556299212595
11
4.4239946456692909
21
-4.508553937007874
0
LINE
8
BLACK
6
CONTINUOUS
10
4.4239946456692909
20
-4.508553937007874
11
4.4239884645669294
21
-4.5085527165354327
0
LINE
8
BLACK
6
CONTINUOUS
10
4.4239884645669294
20
-4.5085527165354327
11
4.4239877952755906
21
-4.5085520472440948
0
LINE
8
BLACK
6
CONTINUOUS
10
4.4239877952755906
20
-4.5085520472440948
11
4.4239859448818892
21
-4.508551535433071
0
LINE
8
BLACK
6
CONTINUOUS
10
4.4239859448818892
20
-4.508551535433071
11
4.4235097637795278
21
-4.5083134251968504
0
LINE
8
BLACK
6
CONTINUOUS
10
4.4235097637795278
20
-4.5083134251968504
11
4.4235035826771654
21
-4.5083086614173231
0
LINE
8
BLACK
6
CONTINUOUS
10
4.4235035826771654
20
-4.5083086614173231
11
4.4235015748031499
21
-4.5083079921259843
0
LINE
8
BLACK
6
CONTINUOUS
10
4.4235015748031499
20
-4.5083079921259843
11
4.423499803149606
21
-4.5083057480314963
0
LINE
8
BLACK
6
CONTINUOUS
10
4.423499803149606
20
-4.5083057480314963
11
4.4234975984251967
21
-4.5083040157480312
0
LINE
8
BLACK
6
CONTINUOUS
10
4.4234975984251967
20
-4.5083040157480312
11
4.4234968897637792
21
-4.5083019685039369
0
LINE
8
BLACK
6
CONTINUOUS
10
4.4234968897637792
20
-4.5083019685039369
11
4.4234921653543307
21
-4.5082958267716533
0
LINE
8
BLACK
6
CONTINUOUS
10
4.4234921653543307
20
-4.5082958267716533
11
4.4232540551181101
21
-4.5078196456692909
0
LINE
8
BLACK
6
CONTINUOUS
10
4.4232540551181101
20
-4.5078196456692909
11
4.4232535433070863
21
-4.5078177952755905
0
LINE
8
BLACK
6
CONTINUOUS
10
4.4232535433070863
20
-4.5078177952755905
11
4.4232528740157475
21
-4.5078171259842517
0
LINE
8
BLACK
6
CONTINUOUS
10
4.4232528740157475
20
-4.5078171259842517
11
4.4232516141732283
21
-4.5078109055118105
0
LINE
8
BLACK
6
CONTINUOUS
10
4.4232516141732283
20
-4.5078109055118105
11
4.4232499606299216
21
-4.5078048425196853
0
LINE
8
BLACK
6
CONTINUOUS
10
4.4232499606299216
20
-4.5078048425196853
11
4.423250236220472
21
-4.507803937007874
0
LINE
8
BLACK
6
CONTINUOUS
10
4.423250236220472
20
-4.507803937007874
11
4.4232498818897641
21
-4.5078020472440947
0
LINE
8
BLACK
6
CONTINUOUS
10
4.4232498818897641
20
-4.5078020472440947
11
4.4232498818897641
21
-4.5075639370078742
0
LINE
8
BLACK
6
CONTINUOUS
10
4.4232498818897641
20
-4.5075639370078742
11
4.423250236220472
21
-4.5075620078740153
0
LINE
8
BLACK
6
CONTINUOUS
10
4.423250236220472
20
-4.5075620078740153
11
4.4232499606299216
21
-4.5075611417322836
0
LINE
8
BLACK
6
CONTINUOUS
10
4.4232499606299216
20
-4.5075611417322836
11
4.4232516141732283
21
-4.5075550393700787
0
LINE
8
BLACK
6
CONTINUOUS
10
4.4232516141732283
20
-4.5075550393700787
11
4.4232528740157475
21
-4.5075488582677163
0
LINE
8
BLACK
6
CONTINUOUS
10
4.4232528740157475
20
-4.5075488582677163
11
4.4232535433070863
21
-4.5075481889763775
0
LINE
8
BLACK
6
CONTINUOUS
10
4.4232535433070863
20
-4.5075481889763775
11
4.4232540551181101
21
-4.5075463385826771
0
LINE
8
BLACK
6
CONTINUOUS
10
4.4232540551181101
20
-4.5075463385826771
11
4.4234921653543307
21
-4.5070701574803147
0
LINE
8
BLACK
6
CONTINUOUS
10
4.4234921653543307
20
-4.5070701574803147
11
4.4234968897637792
21
-4.5070639763779523
0
LINE
8
BLACK
6
CONTINUOUS
10
4.4234968897637792
20
-4.5070639763779523
11
4.4234975984251967
21
-4.5070619685039368
0
LINE
8
BLACK
6
CONTINUOUS
10
4.4234975984251967
20
-4.5070619685039368
11
4.423499803149606
21
-4.5070601968503938
0
LINE
8
BLACK
6
CONTINUOUS
10
4.423499803149606
20
-4.5070601968503938
11
4.4235015748031499
21
-4.5070579921259846
0
LINE
8
BLACK
6
CONTINUOUS
10
4.4235015748031499
20
-4.5070579921259846
11
4.4235035826771654
21
-4.507057283464567
0
LINE
8
BLACK
6
CONTINUOUS
10
4.4235035826771654
20
-4.507057283464567
11
4.4235097637795278
21
-4.5070525590551176
0
LINE
8
BLACK
6
CONTINUOUS
10
4.4235097637795278
20
-4.5070525590551176
11
4.4239859448818892
21
-4.5068144488188979
0
LINE
8
BLACK
6
CONTINUOUS
10
4.4239859448818892
20
-4.5068144488188979
11
4.4239877952755906
21
-4.5068139370078741
0
LINE
8
BLACK
6
CONTINUOUS
10
4.4239877952755906
20
-4.5068139370078741
11
4.4239884645669294
21
-4.5068132677165353
0
LINE
8
BLACK
6
CONTINUOUS
10
4.4239884645669294
20
-4.5068132677165353
11
4.4239946456692909
21
-4.5068120078740153
0
LINE
8
BLACK
6
CONTINUOUS
10
4.4239946456692909
20
-4.5068120078740153
11
4.4240007480314958
21
-4.5068103543307085
0
LINE
8
BLACK
6
CONTINUOUS
10
4.4240007480314958
20
-4.5068103543307085
11
4.4240016141732283
21
-4.5068106299212598
0
LINE
8
BLACK
6
CONTINUOUS
10
4.4240016141732283
20
-4.5068106299212598
11
4.4240035433070863
21
-4.506810275590551
0
LINE
8
BLACK
6
CONTINUOUS
10
4.4240035433070863
20
-4.506810275590551
11
4.4247178346456693
21
-4.506810275590551
0
LINE
8
BLACK
6
CONTINUOUS
10
4.4247178346456693
20
-4.506810275590551
11
4.4247197244094485
21
-4.5068106299212598
0
LINE
8
BLACK
6
CONTINUOUS
10
4.4290054330708664
20
-4.5068106299212598
11
4.4290063385826768
21
-4.5068103543307085
0
LINE
8
BLACK
6
CONTINUOUS
10
4.4290063385826768
20
-4.5068103543307085
11
4.4290124015748029
21
-4.5068120078740153
0
LINE
8
BLACK
6
CONTINUOUS
10
4.4290124015748029
20
-4.5068120078740153
11
4.4290186220472441
21
-4.5068132677165353
0
LINE
8
BLACK
6
CONTINUOUS
10
4.4290186220472441
20
-4.5068132677165353
11
4.4290192913385829
21
-4.5068139370078741
0
LINE
8
BLACK
6
CONTINUOUS
10
4.4290192913385829
20
-4.5068139370078741
11
4.4290211417322833
21
-4.5068144488188979
0
LINE
8
BLACK
6
CONTINUOUS
10
4.4290211417322833
20
-4.5068144488188979
11
4.4294973622047245
21
-4.5070525590551176
0
LINE
8
BLACK
6
CONTINUOUS
10
4.4294973622047245
20
-4.5070525590551176
11
4.4295035039370081
21
-4.507057283464567
0
LINE
8
BLACK
6
CONTINUOUS
10
4.4295035039370081
20
-4.507057283464567
11
4.4295055511811023
21
-4.5070579921259846
0
LINE
8
BLACK
6
CONTINUOUS
10
4.4295055511811023
20
-4.5070579921259846
11
4.4295072834645666
21
-4.5070601968503938
0
LINE
8
BLACK
6
CONTINUOUS
10
4.4295072834645666
20
-4.5070601968503938
11
4.4295095275590546
21
-4.5070619685039368
0
LINE
8
BLACK
6
CONTINUOUS
10
4.4295095275590546
20
-4.5070619685039368
11
4.4295101968503934
21
-4.5070639763779523
0
LINE
8
BLACK
6
CONTINUOUS
10
4.4295101968503934
20
-4.5070639763779523
11
4.4295149606299216
21
-4.5070701574803147
0
LINE
8
BLACK
6
CONTINUOUS
10
4.4295149606299216
20
-4.5070701574803147
11
4.4297530314960625
21
-4.5075462992125983
0
LINE
8
BLACK
6
CONTINUOUS
10
4.4297530314960625
20
-4.5075462992125983
11
4.4297535433070863
21
-4.5075481889763775
0
LINE
8
BLACK
6
CONTINUOUS
10
4.4297535433070863
20
-4.5075481889763775
11
4.4297542125984251
21
-4.5075488582677163
0
LINE
8
BLACK
6
CONTINUOUS
10
4.4297542125984251
20
-4.5075488582677163
11
4.4297553937007876
21
-4.5075549606299212
0
LINE
8
BLACK
6
CONTINUOUS
10
4.4297553937007876
20
-4.5075549606299212
11
4.4297571259842519
21
-4.5075611417322836
0
LINE
8
BLACK
6
CONTINUOUS
10
4.4297571259842519
20
-4.5075611417322836
11
4.4297568110236218
21
-4.5075620078740153
0
LINE
8
BLACK
6
CONTINUOUS
10
4.4297568110236218
20
-4.5075620078740153
11
4.4297572047244094
21
-4.5075639370078742
0
LINE
8
BLACK
6
CONTINUOUS
10
4.4297572047244094
20
-4.5075639370078742
11
4.4297572047244094
21
-4.5080401574803153
0
LINE
8
BLACK
6
CONTINUOUS
10
4.4297572047244094
20
-4.5080401574803153
11
4.4297560629921255
21
-4.5080457480314964
0
LINE
8
BLACK
6
CONTINUOUS
10
4.4297560629921255
20
-4.5080457480314964
11
4.4297564960629918
21
-4.5080477952755906
0
LINE
8
BLACK
6
CONTINUOUS
10
4.4297564960629918
20
-4.5080477952755906
11
4.4297553149606301
21
-4.5080494881889761
0
LINE
8
BLACK
6
CONTINUOUS
10
4.4297553149606301
20
-4.5080494881889761
11
4.4297542125984251
21
-4.5080552362204722
0
LINE
8
BLACK
6
CONTINUOUS
10
4.4297542125984251
20
-4.5080552362204722
11
4.4297461417322834
21
-4.5080632677165351
0
LINE
8
BLACK
6
CONTINUOUS
10
4.4297461417322834
20
-4.5080632677165351
11
4.4297397637795273
21
-4.5080728740157481
0
LINE
8
BLACK
6
CONTINUOUS
10
4.4297397637795273
20
-4.5080728740157481
11
4.4297342913385824
21
-4.5080751181102361
0
LINE
8
BLACK
6
CONTINUOUS
10
4.4297342913385824
20
-4.5080751181102361
11
4.429732913385827
21
-4.5080765354330712
0
LINE
8
BLACK
6
CONTINUOUS
10
4.429732913385827
20
-4.5080765354330712
11
4.4297309448818893
21
-4.5080765354330712
0
LINE
8
BLACK
6
CONTINUOUS
10
4.4297309448818893
20
-4.5080765354330712
11
4.429725551181102
21
-4.5080787795275592
0
LINE
8
BLACK
6
CONTINUOUS
10
4.429725551181102
20
-4.5080787795275592
11
4.4273762598425197
21
-4.5085486220472442
0
LINE
8
BLACK
6
CONTINUOUS
10
4.4273762598425197
20
-4.5085486220472442
11
4.4273762598425197
21
-4.5094594094488185
0
LINE
8
BLACK
6
CONTINUOUS
10
4.4273762598425197
20
-4.5094594094488185
11
4.4276043700787397
21
-4.5099155905511807
0
LINE
8
BLACK
6
CONTINUOUS
10
4.4276043700787397
20
-4.5099155905511807
11
4.4280605118110232
21
-4.5101436220472442
0
LINE
8
BLACK
6
CONTINUOUS
10
4.4280605118110232
20
-4.5101436220472442
11
4.4289942913385829
21
-4.5101436220472442
0
LINE
8
BLACK
6
CONTINUOUS
10
4.4289942913385829
20
-4.5101436220472442
11
4.4294621653543302
21
-4.5099097244094484
0
LINE
8
BLACK
6
CONTINUOUS
10
4.4294621653543302
20
-4.5099097244094484
11
4.4294769685039368
21
-4.5099056299212599
0
LINE
8
BLACK
6
CONTINUOUS
10
4.4294769685039368
20
-4.5099056299212599
11
4.4295055511811023
21
-4.5099151574803145
0
LINE
8
BLACK
6
CONTINUOUS
10
4.4295055511811023
20
-4.5099151574803145
11
4.4295190157480313
21
-4.5099421653543308
0
LINE
8
BLACK
6
CONTINUOUS
10
4.4295190157480313
20
-4.5099421653543308
11
4.4295094881889767
21
-4.5099707086614176
0
LINE
8
BLACK
6
CONTINUOUS
10
4.4295094881889767
20
-4.5099707086614176
11
4.4294973622047245
21
-4.5099801574803147
0
LINE
8
BLACK
6
CONTINUOUS
10
4.4294973622047245
20
-4.5099801574803147
11
4.4290211417322833
21
-4.5102181889763777
0
LINE
8
BLACK
6
CONTINUOUS
10
4.4290211417322833
20
-4.5102181889763777
11
4.4290192913385829
21
-4.5102187007874015
0
LINE
8
BLACK
6
CONTINUOUS
10
4.4290192913385829
20
-4.5102187007874015
11
4.4290186220472441
21
-4.5102193700787403
0
LINE
8
BLACK
6
CONTINUOUS
10
4.4290186220472441
20
-4.5102193700787403
11
4.4290124015748029
21
-4.5102205905511807
0
LINE
8
BLACK
6
CONTINUOUS
10
4.4290124015748029
20
-4.5102205905511807
11
4.4290063385826768
21
-4.5102222834645671
0
LINE
8
BLACK
6
CONTINUOUS
10
4.4290063385826768
20
-4.5102222834645671
11
4.4290054330708664
21
-4.5102219685039371
0
LINE
8
BLACK
6
CONTINUOUS
10
4.4290054330708664
20
-4.5102219685039371
11
4.4290035433070862
21
-4.5102223622047246
0
LINE
8
BLACK
6
CONTINUOUS
10
4.4290035433070862
20
-4.5102223622047246
11
4.4280511811023624
21
-4.5102223622047246
0
LINE
8
BLACK
6
CONTINUOUS
10
4.4280511811023624
20
-4.5102223622047246
11
4.4280492519685035
21
-4.5102219685039371
0
LINE
8
BLACK
6
CONTINUOUS
10
4.4280492519685035
20
-4.5102219685039371
11
4.4280483858267718
21
-4.5102222834645671
0
LINE
8
BLACK
6
CONTINUOUS
10
4.4280483858267718
20
-4.5102222834645671
11
4.4280422047244095
21
-4.510220551181102
0
LINE
8
BLACK
6
CONTINUOUS
10
4.4280422047244095
20
-4.510220551181102
11
4.4280361023622046
21
-4.5102193700787403
0
LINE
8
BLACK
6
CONTINUOUS
10
4.4280361023622046
20
-4.5102193700787403
11
4.4280354330708658
21
-4.5102187007874015
0
LINE
8
BLACK
6
CONTINUOUS
10
4.4280354330708658
20
-4.5102187007874015
11
4.4280335433070865
21
-4.5102181889763777
0
LINE
8
BLACK
6
CONTINUOUS
10
4.4280335433070865
20
-4.5102181889763777
11
4.4275574015748029
21
-4.5099801181102359
0
LINE
8
BLACK
6
CONTINUOUS
10
4.4275574015748029
20
-4.5099801181102359
11
4.4275512204724405
21
-4.5099753543307086
0
LINE
8
BLACK
6
CONTINUOUS
10
4.4275512204724405
20
-4.5099753543307086
11
4.427549212598425
21
-4.5099746850393698
0
LINE
8
BLACK
6
CONTINUOUS
10
4.427549212598425
20
-4.5099746850393698
11
4.4275474409448821
21
-4.5099724409448818
0
LINE
8
BLACK
6
CONTINUOUS
10
4.4275474409448821
20
-4.5099724409448818
11
4.4275452362204719
21
-4.5099707086614176
0
LINE
8
BLACK
6
CONTINUOUS
10
4.4275452362204719
20
-4.5099707086614176
11
4.4275445275590553
21
-4.5099686614173224
0
LINE
8
BLACK
6
CONTINUOUS
10
4.4275445275590553
20
-4.5099686614173224
11
4.4275398031496058
21
-4.5099625196850397
0
LINE
8
BLACK
6
CONTINUOUS
10
4.4275398031496058
20
-4.5099625196850397
11
4.4273016929133862
21
-4.5094862992125986
0
LINE
8
BLACK
6
CONTINUOUS
10
4.4273016929133862
20
-4.5094862992125986
11
4.4273011811023624
21
-4.5094844488188972
0
LINE
8
BLACK
6
CONTINUOUS
10
4.4273011811023624
20
-4.5094844488188972
11
4.4273005118110236
21
-4.5094837795275593
0
LINE
8
BLACK
6
CONTINUOUS
10
4.4273005118110236
20
-4.5094837795275593
11
4.4272992519685035
21
-4.5094775590551182
0
LINE
8
BLACK
6
CONTINUOUS
10
4.4272992519685035
20
-4.5094775590551182
11
4.4272975984251968
21
-4.509471496062992
0
LINE
8
BLACK
6
CONTINUOUS
10
4.4272975984251968
20
-4.509471496062992
11
4.427297874015748
21
-4.5094705905511807
0
LINE
8
BLACK
6
CONTINUOUS
10
4.427297874015748
20
-4.5094705905511807
11
4.4272975196850393
21
-4.5094687007874015
0
LINE
8
BLACK
6
CONTINUOUS
10
4.4272975196850393
20
-4.5094687007874015
11
4.4272975196850393
21
-4.5075639370078742
0
LINE
8
BLACK
6
CONTINUOUS
10
4.4272975196850393
20
-4.5075639370078742
11
4.427297874015748
21
-4.5075620078740153
0
LINE
8
BLACK
6
CONTINUOUS
10
4.427297874015748
20
-4.5075620078740153
11
4.4272975984251968
21
-4.5075611417322836
0
LINE
8
BLACK
6
CONTINUOUS
10
4.4272975984251968
20
-4.5075611417322836
11
4.4272992519685035
21
-4.5075550393700787
0
LINE
8
BLACK
6
CONTINUOUS
10
4.4272992519685035
20
-4.5075550393700787
11
4.4273005118110236
21
-4.5075488582677163
0
LINE
8
BLACK
6
CONTINUOUS
10
4.4273005118110236
20
-4.5075488582677163
11
4.4273011811023624
21
-4.5075481889763775
0
LINE
8
BLACK
6
CONTINUOUS
10
4.4273011811023624
20
-4.5075481889763775
11
4.4273016929133862
21
-4.5075463385826771
0
LINE
8
BLACK
6
CONTINUOUS
10
4.4273016929133862
20
-4.5075463385826771
11
4.4275398031496058
21
-4.5070701574803147
0
LINE
8
BLACK
6
CONTINUOUS
10
4.4275398031496058
20
-4.5070701574803147
11
4.4275445275590553
21
-4.5070639763779523
0
LINE
8
BLACK
6
CONTINUOUS
10
4.4275445275590553
20
-4.5070639763779523
11
4.4275452362204719
21
-4.5070619685039368
0
LINE
8
BLACK
6
CONTINUOUS
10
4.4275452362204719
20
-4.5070619685039368
11
4.4275474409448821
21
-4.5070601968503938
0
LINE
8
BLACK
6
CONTINUOUS
10
4.4275474409448821
20
-4.5070601968503938
11
4.427549212598425
21
-4.5070579921259846
0
LINE
8
BLACK
6
CONTINUOUS
10
4.427549212598425
20
-4.5070579921259846
11
4.4275512204724405
21
-4.507057283464567
0
LINE
8
BLACK
6
CONTINUOUS
10
4.4275512204724405
20
-4.507057283464567
11
4.4275574015748029
21
-4.5070525590551176
0
LINE
8
BLACK
6
CONTINUOUS
10
4.4275574015748029
20
-4.5070525590551176
11
4.4280335826771653
21
-4.5068144488188979
0
LINE
8
BLACK
6
CONTINUOUS
10
4.4280335826771653
20
-4.5068144488188979
11
4.4280354330708658
21
-4.5068139370078741
0
LINE
8
BLACK
6
CONTINUOUS
10
4.4280354330708658
20
-4.5068139370078741
11
4.4280361023622046
21
-4.5068132677165353
0
LINE
8
BLACK
6
CONTINUOUS
10
4.4280361023622046
20
-4.5068132677165353
11
4.428042283464567
21
-4.5068120078740153
0
LINE
8
BLACK
6
CONTINUOUS
10
4.428042283464567
20
-4.5068120078740153
11
4.4280483858267718
21
-4.5068103543307085
0
LINE
8
BLACK
6
CONTINUOUS
10
4.4280483858267718
20
-4.5068103543307085
11
4.4280492519685035
21
-4.5068106299212598
0
LINE
8
BLACK
6
CONTINUOUS
10
4.4280492519685035
20
-4.5068106299212598
11
4.4280511811023624
21
-4.506810275590551
0
LINE
8
BLACK
6
CONTINUOUS
10
4.4280511811023624
20
-4.506810275590551
11
4.4290035433070862
21
-4.506810275590551
0
LINE
8
BLACK
6
CONTINUOUS
10
4.4290035433070862
20
-4.506810275590551
11
4.4290054330708664
21
-4.5068106299212598
0
LINE
8
BLACK
6
CONTINUOUS
10
4.4276042913385822
20
-4.507117047244094
11
4.4273762598425197
21
-4.5075731889763775
0
LINE
8
BLACK
6
CONTINUOUS
10
4.4273762598425197
20
-4.5075731889763775
11
4.4273762598425197
21
-4.5084682677165357
0
LINE
8
BLACK
6
CONTINUOUS
10
4.4273762598425197
20
-4.5084682677165357
11
4.4296784645669289
21
-4.5080078346456691
0
LINE
8
BLACK
6
CONTINUOUS
10
4.4296784645669289
20
-4.5080078346456691
11
4.4296784645669289
21
-4.5075732283464562
0
LINE
8
BLACK
6
CONTINUOUS
10
4.4296784645669289
20
-4.5075732283464562
11
4.4294504330708664
21
-4.5071171259842515
0
LINE
8
BLACK
6
CONTINUOUS
10
4.4294504330708664
20
-4.5071171259842515
11
4.4289942913385829
21
-4.5068890157480315
0
LINE
8
BLACK
6
CONTINUOUS
10
4.4289942913385829
20
-4.5068890157480315
11
4.4280604330708657
21
-4.5068890157480315
0
LINE
8
BLACK
6
CONTINUOUS
10
4.4280604330708657
20
-4.5068890157480315
11
4.4276042913385822
21
-4.507117047244094
0
LINE
8
BLACK
6
CONTINUOUS
10
4.4401959055118105
20
-4.5068106299212598
11
4.4401968110236218
21
-4.5068103543307085
0
LINE
8
BLACK
6
CONTINUOUS
10
4.4401968110236218
20
-4.5068103543307085
11
4.440202874015748
21
-4.5068120078740153
0
LINE
8
BLACK
6
CONTINUOUS
10
4.440202874015748
20
-4.5068120078740153
11
4.4402090944881891
21
-4.5068132677165353
0
LINE
8
BLACK
6
CONTINUOUS
10
4.4402090944881891
20
-4.5068132677165353
11
4.440209763779527
21
-4.5068139370078741
0
LINE
8
BLACK
6
CONTINUOUS
10
4.440209763779527
20
-4.5068139370078741
11
4.4402116141732284
21
-4.5068144488188979
0
LINE
8
BLACK
6
CONTINUOUS
10
4.4402116141732284
20
-4.5068144488188979
11
4.4406878346456695
21
-4.5070525590551176
0
LINE
8
BLACK
6
CONTINUOUS
10
4.4406878346456695
20
-4.5070525590551176
11
4.4406939763779523
21
-4.507057283464567
0
LINE
8
BLACK
6
CONTINUOUS
10
4.4406939763779523
20
-4.507057283464567
11
4.4406960236220474
21
-4.5070579921259846
0
LINE
8
BLACK
6
CONTINUOUS
10
4.4406960236220474
20
-4.5070579921259846
11
4.4406977559055116
21
-4.5070601968503938
0
LINE
8
BLACK
6
CONTINUOUS
10
4.4406977559055116
20
-4.5070601968503938
11
4.4406999999999996
21
-4.5070619685039368
0
LINE
8
BLACK
6
CONTINUOUS
10
4.4406999999999996
20
-4.5070619685039368
11
4.4407006692913384
21
-4.5070639763779523
0
LINE
8
BLACK
6
CONTINUOUS
10
4.4407006692913384
20
-4.5070639763779523
11
4.4407054330708657
21
-4.5070701574803147
0
LINE
8
BLACK
6
CONTINUOUS
10
4.4407054330708657
20
-4.5070701574803147
11
4.4409435039370075
21
-4.5075462992125983
0
LINE
8
BLACK
6
CONTINUOUS
10
4.4409435039370075
20
-4.5075462992125983
11
4.4409440157480313
21
-4.5075481889763775
0
LINE
8
BLACK
6
CONTINUOUS
10
4.4409440157480313
20
-4.5075481889763775
11
4.4409446850393701
21
-4.5075488582677163
0
LINE
8
BLACK
6
CONTINUOUS
10
4.4409446850393701
20
-4.5075488582677163
11
4.4409458661417318
21
-4.5075549606299212
0
LINE
8
BLACK
6
CONTINUOUS
10
4.4409458661417318
20
-4.5075549606299212
11
4.4409475984251969
21
-4.5075611417322836
0
LINE
8
BLACK
6
CONTINUOUS
10
4.4409475984251969
20
-4.5075611417322836
11
4.4409472834645669
21
-4.5075620078740153
0
LINE
8
BLACK
6
CONTINUOUS
10
4.4409472834645669
20
-4.5075620078740153
11
4.4409476771653544
21
-4.5075639370078742
0
LINE
8
BLACK
6
CONTINUOUS
10
4.4409476771653544
20
-4.5075639370078742
11
4.4409476771653544
21
-4.5080401574803153
0
LINE
8
BLACK
6
CONTINUOUS
10
4.4409476771653544
20
-4.5080401574803153
11
4.4409465354330706
21
-4.5080457480314964
0
LINE
8
BLACK
6
CONTINUOUS
10
4.4409465354330706
20
-4.5080457480314964
11
4.4409469685039369
21
-4.5080477952755906
0
LINE
8
BLACK
6
CONTINUOUS
10
4.4409469685039369
20
-4.5080477952755906
11
4.4409457874015743
21
-4.5080494881889761
0
LINE
8
BLACK
6
CONTINUOUS
10
4.4409457874015743
20
-4.5080494881889761
11
4.4409446850393701
21
-4.5080552362204722
0
LINE
8
BLACK
6
CONTINUOUS
10
4.4409446850393701
20
-4.5080552362204722
11
4.4409366141732285
21
-4.5080632677165351
0
LINE
8
BLACK
6
CONTINUOUS
10
4.4409366141732285
20
-4.5080632677165351
11
4.4409302362204723
21
-4.5080728740157481
0
LINE
8
BLACK
6
CONTINUOUS
10
4.4409302362204723
20
-4.5080728740157481
11
4.4409247637795275
21
-4.5080751181102361
0
LINE
8
BLACK
6
CONTINUOUS
10
4.4409247637795275
20
-4.5080751181102361
11
4.4409233858267712
21
-4.5080765354330712
0
LINE
8
BLACK
6
CONTINUOUS
10
4.4409233858267712
20
-4.5080765354330712
11
4.4409214173228344
21
-4.5080765354330712
0
LINE
8
BLACK
6
CONTINUOUS
10
4.4409214173228344
20
-4.5080765354330712
11
4.4409160236220471
21
-4.5080787795275592
0
LINE
8
BLACK
6
CONTINUOUS
10
4.4409160236220471
20
-4.5080787795275592
11
4.4385667322834648
21
-4.5085486220472442
0
LINE
8
BLACK
6
CONTINUOUS
10
4.4385667322834648
20
-4.5085486220472442
11
4.4385667322834648
21
-4.5094594094488185
0
LINE
8
BLACK
6
CONTINUOUS
10
4.4385667322834648
20
-4.5094594094488185
11
4.4387948425196848
21
-4.5099155905511807
0
LINE
8
BLACK
6
CONTINUOUS
10
4.4387948425196848
20
-4.5099155905511807
11
4.4392509842519683
21
-4.5101436220472442
0
LINE
8
BLACK
6
CONTINUOUS
10
4.4392509842519683
20
-4.5101436220472442
11
4.4401847637795271
21
-4.5101436220472442
0
LINE
8
BLACK
6
CONTINUOUS
10
4.4401847637795271
20
-4.5101436220472442
11
4.4406526377952753
21
-4.5099097244094484
0
LINE
8
BLACK
6
CONTINUOUS
10
4.4406526377952753
20
-4.5099097244094484
11
4.4406674409448819
21
-4.5099056299212599
0
LINE
8
BLACK
6
CONTINUOUS
10
4.4406674409448819
20
-4.5099056299212599
11
4.4406960236220474
21
-4.5099151574803145
0
LINE
8
BLACK
6
CONTINUOUS
10
4.4406960236220474
20
-4.5099151574803145
11
4.4407094881889764
21
-4.5099421653543308
0
LINE
8
BLACK
6
CONTINUOUS
10
4.4407094881889764
20
-4.5099421653543308
11
4.4406999606299209
21
-4.5099707086614176
0
LINE
8
BLACK
6
CONTINUOUS
10
4.4406999606299209
20
-4.5099707086614176
11
4.4406878346456695
21
-4.5099801574803147
0
LINE
8
BLACK
6
CONTINUOUS
10
4.4406878346456695
20
-4.5099801574803147
11
4.4402116141732284
21
-4.5102181889763777
0
LINE
8
BLACK
6
CONTINUOUS
10
4.4402116141732284
20
-4.5102181889763777
11
4.440209763779527
21
-4.5102187007874015
0
LINE
8
BLACK
6
CONTINUOUS
10
4.440209763779527
20
-4.5102187007874015
11
4.4402090944881891
21
-4.5102193700787403
0
LINE
8
BLACK
6
CONTINUOUS
10
4.4402090944881891
20
-4.5102193700787403
11
4.440202874015748
21
-4.5102205905511807
0
LINE
8
BLACK
6
CONTINUOUS
10
4.440202874015748
20
-4.5102205905511807
11
4.4401968110236218
21
-4.5102222834645671
0
LINE
8
BLACK
6
CONTINUOUS
10
4.4401968110236218
20
-4.5102222834645671
11
4.4401959055118105
21
-4.5102219685039371
0
LINE
8
BLACK
6
CONTINUOUS
10
4.4401959055118105
20
-4.5102219685039371
11
4.4401940157480313
21
-4.5102223622047246
0
LINE
8
BLACK
6
CONTINUOUS
10
4.4401940157480313
20
-4.5102223622047246
11
4.4392416535433066
21
-4.5102223622047246
0
LINE
8
BLACK
6
CONTINUOUS
10
4.4392416535433066
20
-4.5102223622047246
11
4.4392397244094486
21
-4.5102219685039371
0
LINE
8
BLACK
6
CONTINUOUS
10
4.4392397244094486
20
-4.5102219685039371
11
4.439238858267716
21
-4.5102222834645671
0
LINE
8
BLACK
6
CONTINUOUS
10
4.439238858267716
20
-4.5102222834645671
11
4.4392326771653545
21
-4.510220551181102
0
LINE
8
BLACK
6
CONTINUOUS
10
4.4392326771653545
20
-4.510220551181102
11
4.4392265748031496
21
-4.5102193700787403
0
LINE
8
BLACK
6
CONTINUOUS
10
4.4392265748031496
20
-4.5102193700787403
11
4.4392259055118108
21
-4.5102187007874015
0
LINE
8
BLACK
6
CONTINUOUS
10
4.4392259055118108
20
-4.5102187007874015
11
4.4392240157480316
21
-4.5102181889763777
0
LINE
8
BLACK
6
CONTINUOUS
10
4.4392240157480316
20
-4.5102181889763777
11
4.438747874015748
21
-4.5099801181102359
0
LINE
8
BLACK
6
CONTINUOUS
10
4.438747874015748
20
-4.5099801181102359
11
4.4387416929133856
21
-4.5099753543307086
0
LINE
8
BLACK
6
CONTINUOUS
10
4.4387416929133856
20
-4.5099753543307086
11
4.4387396850393701
21
-4.5099746850393698
0
LINE
8
BLACK
6
CONTINUOUS
10
4.4387396850393701
20
-4.5099746850393698
11
4.4387379133858262
21
-4.5099724409448818
0
LINE
8
BLACK
6
CONTINUOUS
10
4.4387379133858262
20
-4.5099724409448818
11
4.438735708661417
21
-4.5099707086614176
0
LINE
8
BLACK
6
CONTINUOUS
10
4.438735708661417
20
-4.5099707086614176
11
4.4387350000000003
21
-4.5099686614173224
0
LINE
8
BLACK
6
CONTINUOUS
10
4.4387350000000003
20
-4.5099686614173224
11
4.4387302755905509
21
-4.5099625196850397
0
LINE
8
BLACK
6
CONTINUOUS
10
4.4387302755905509
20
-4.5099625196850397
11
4.4384921653543303
21
-4.5094862992125986
0
LINE
8
BLACK
6
CONTINUOUS
10
4.4384921653543303
20
-4.5094862992125986
11
4.4384916535433065
21
-4.5094844488188972
0
LINE
8
BLACK
6
CONTINUOUS
10
4.4384916535433065
20
-4.5094844488188972
11
4.4384909842519686
21
-4.5094837795275593
0
LINE
8
BLACK
6
CONTINUOUS
10
4.4384909842519686
20
-4.5094837795275593
11
4.4384897244094486
21
-4.5094775590551182
0
LINE
8
BLACK
6
CONTINUOUS
10
4.4384897244094486
20
-4.5094775590551182
11
4.4384880708661418
21
-4.509471496062992
0
LINE
8
BLACK
6
CONTINUOUS
10
4.4384880708661418
20
-4.509471496062992
11
4.4384883464566931
21
-4.5094705905511807
0
LINE
8
BLACK
6
CONTINUOUS
10
4.4384883464566931
20
-4.5094705905511807
11
4.4384879921259843
21
-4.5094687007874015
0
LINE
8
BLACK
6
CONTINUOUS
10
4.4384879921259843
20
-4.5094687007874015
11
4.4384879921259843
21
-4.5075639370078742
0
LINE
8
BLACK
6
CONTINUOUS
10
4.4384879921259843
20
-4.5075639370078742
11
4.4384883464566931
21
-4.5075620078740153
0
LINE
8
BLACK
6
CONTINUOUS
10
4.4384883464566931
20
-4.5075620078740153
11
4.4384880708661418
21
-4.5075611417322836
0
LINE
8
BLACK
6
CONTINUOUS
10
4.4384880708661418
20
-4.5075611417322836
11
4.4384897244094486
21
-4.5075550393700787
0
LINE
8
BLACK
6
CONTINUOUS
10
4.4384897244094486
20
-4.5075550393700787
11
4.4384909842519686
21
-4.5075488582677163
0
LINE
8
BLACK
6
CONTINUOUS
10
4.4384909842519686
20
-4.5075488582677163
11
4.4384916535433065
21
-4.5075481889763775
0
LINE
8
BLACK
6
CONTINUOUS
10
4.4384916535433065
20
-4.5075481889763775
11
4.4384921653543303
21
-4.5075463385826771
0
LINE
8
BLACK
6
CONTINUOUS
10
4.4384921653543303
20
-4.5075463385826771
11
4.4387302755905509
21
-4.5070701574803147
0
LINE
8
BLACK
6
CONTINUOUS
10
4.4387302755905509
20
-4.5070701574803147
11
4.4387350000000003
21
-4.5070639763779523
0
LINE
8
BLACK
6
CONTINUOUS
10
4.4387350000000003
20
-4.5070639763779523
11
4.438735708661417
21
-4.5070619685039368
0
LINE
8
BLACK
6
CONTINUOUS
10
4.438735708661417
20
-4.5070619685039368
11
4.4387379133858262
21
-4.5070601968503938
0
LINE
8
BLACK
6
CONTINUOUS
10
4.4387379133858262
20
-4.5070601968503938
11
4.4387396850393701
21
-4.5070579921259846
0
LINE
8
BLACK
6
CONTINUOUS
10
4.4387396850393701
20
-4.5070579921259846
11
4.4387416929133856
21
-4.507057283464567
0
LINE
8
BLACK
6
CONTINUOUS
10
4.4387416929133856
20
-4.507057283464567
11
4.438747874015748
21
-4.5070525590551176
0
LINE
8
BLACK
6
CONTINUOUS
10
4.438747874015748
20
-4.5070525590551176
11
4.4392240551181104
21
-4.5068144488188979
0
LINE
8
BLACK
6
CONTINUOUS
10
4.4392240551181104
20
-4.5068144488188979
11
4.4392259055118108
21
-4.5068139370078741
0
LINE
8
BLACK
6
CONTINUOUS
10
4.4392259055118108
20
-4.5068139370078741
11
4.4392265748031496
21
-4.5068132677165353
0
LINE
8
BLACK
6
CONTINUOUS
10
4.4392265748031496
20
-4.5068132677165353
11
4.439232755905512
21
-4.5068120078740153
0
LINE
8
BLACK
6
CONTINUOUS
10
4.439232755905512
20
-4.5068120078740153
11
4.439238858267716
21
-4.5068103543307085
0
LINE
8
BLACK
6
CONTINUOUS
10
4.439238858267716
20
-4.5068103543307085
11
4.4392397244094486
21
-4.5068106299212598
0
LINE
8
BLACK
6
CONTINUOUS
10
4.4392397244094486
20
-4.5068106299212598
11
4.4392416535433066
21
-4.506810275590551
0
LINE
8
BLACK
6
CONTINUOUS
10
4.4392416535433066
20
-4.506810275590551
11
4.4401940157480313
21
-4.506810275590551
0
LINE
8
BLACK
6
CONTINUOUS
10
4.4401940157480313
20
-4.506810275590551
11
4.4401959055118105
21
-4.5068106299212598
0
LINE
8
BLACK
6
CONTINUOUS
10
4.4387947637795273
20
-4.507117047244094
11
4.4385667322834648
21
-4.5075731889763775
0
LINE
8
BLACK
6
CONTINUOUS
10
4.4385667322834648
20
-4.5075731889763775
11
4.4385667322834648
21
-4.5084682677165357
0
LINE
8
BLACK
6
CONTINUOUS
10
4.4385667322834648
20
-4.5084682677165357
11
4.440868937007874
21
-4.5080078346456691
0
LINE
8
BLACK
6
CONTINUOUS
10
4.440868937007874
20
-4.5080078346456691
11
4.440868937007874
21
-4.5075732283464562
0
LINE
8
BLACK
6
CONTINUOUS
10
4.440868937007874
20
-4.5075732283464562
11
4.4406409055118106
21
-4.5071171259842515
0
LINE
8
BLACK
6
CONTINUOUS
10
4.4406409055118106
20
-4.5071171259842515
11
4.4401847637795271
21
-4.5068890157480315
0
LINE
8
BLACK
6
CONTINUOUS
10
4.4401847637795271
20
-4.5068890157480315
11
4.4392509055118108
21
-4.5068890157480315
0
LINE
8
BLACK
6
CONTINUOUS
10
4.4392509055118108
20
-4.5068890157480315
11
4.4387947637795273
21
-4.507117047244094
0
LINE
8
BLACK
6
CONTINUOUS
10
4.4452303937007871
20
-4.5051679133858267
11
4.4452333858267714
21
-4.5051829921259845
0
LINE
8
BLACK
6
CONTINUOUS
10
4.4452333858267714
20
-4.5051829921259845
11
4.4452333858267714
21
-4.5101829921259844
0
LINE
8
BLACK
6
CONTINUOUS
10
4.4452333858267714
20
-4.5101829921259844
11
4.4452303937007871
21
-4.5101980708661413
0
LINE
8
BLACK
6
CONTINUOUS
10
4.4452303937007871
20
-4.5101980708661413
11
4.445209094488189
21
-4.5102193700787403
0
LINE
8
BLACK
6
CONTINUOUS
10
4.445209094488189
20
-4.5102193700787403
11
4.4451789370078743
21
-4.5102193700787403
0
LINE
8
BLACK
6
CONTINUOUS
10
4.4451789370078743
20
-4.5102193700787403
11
4.4451576377952753
21
-4.5101980708661413
0
LINE
8
BLACK
6
CONTINUOUS
10
4.4451576377952753
20
-4.5101980708661413
11
4.445154645669291
21
-4.5101829921259844
0
LINE
8
BLACK
6
CONTINUOUS
10
4.445154645669291
20
-4.5101829921259844
11
4.445154645669291
21
-4.510008622047244
0
LINE
8
BLACK
6
CONTINUOUS
10
4.445154645669291
20
-4.510008622047244
11
4.4447354330708659
21
-4.5102181889763777
0
LINE
8
BLACK
6
CONTINUOUS
10
4.4447354330708659
20
-4.5102181889763777
11
4.4447335826771655
21
-4.5102187007874015
0
LINE
8
BLACK
6
CONTINUOUS
10
4.4447335826771655
20
-4.5102187007874015
11
4.4447329133858267
21
-4.5102193700787403
0
LINE
8
BLACK
6
CONTINUOUS
10
4.4447329133858267
20
-4.5102193700787403
11
4.4447266929133855
21
-4.5102205905511807
0
LINE
8
BLACK
6
CONTINUOUS
10
4.4447266929133855
20
-4.5102205905511807
11
4.4447206299212594
21
-4.5102222834645671
0
LINE
8
BLACK
6
CONTINUOUS
10
4.4447206299212594
20
-4.5102222834645671
11
4.444719724409449
21
-4.5102219685039371
0
LINE
8
BLACK
6
CONTINUOUS
10
4.444719724409449
20
-4.5102219685039371
11
4.4447178346456688
21
-4.5102223622047246
0
LINE
8
BLACK
6
CONTINUOUS
10
4.4447178346456688
20
-4.5102223622047246
11
4.4437654330708662
21
-4.5102223622047246
0
LINE
8
BLACK
6
CONTINUOUS
10
4.4437654330708662
20
-4.5102223622047246
11
4.4437635039370074
21
-4.5102219685039371
0
LINE
8
BLACK
6
CONTINUOUS
10
4.4437635039370074
20
-4.5102219685039371
11
4.4437626377952757
21
-4.5102222834645671
0
LINE
8
BLACK
6
CONTINUOUS
10
4.4437626377952757
20
-4.5102222834645671
11
4.4437564566929133
21
-4.510220551181102
0
LINE
8
BLACK
6
CONTINUOUS
10
4.4437564566929133
20
-4.510220551181102
11
4.4437503543307084
21
-4.5102193700787403
0
LINE
8
BLACK
6
CONTINUOUS
10
4.4437503543307084
20
-4.5102193700787403
11
4.4437496850393696
21
-4.5102187007874015
0
LINE
8
BLACK
6
CONTINUOUS
10
4.4437496850393696
20
-4.5102187007874015
11
4.4437477952755904
21
-4.5102181889763777
0
LINE
8
BLACK
6
CONTINUOUS
10
4.4437477952755904
20
-4.5102181889763777
11
4.4432716535433068
21
-4.5099801181102359
0
LINE
8
BLACK
6
CONTINUOUS
10
4.4432716535433068
20
-4.5099801181102359
11
4.4432667322834645
21
-4.5099763385826774
0
LINE
8
BLACK
6
CONTINUOUS
10
4.4432667322834645
20
-4.5099763385826774
11
4.4432614173228346
21
-4.5099727559055118
0
LINE
8
BLACK
6
CONTINUOUS
10
4.4432614173228346
20
-4.5099727559055118
11
4.4430233464566928
21
-4.5097346456692913
0
LINE
8
BLACK
6
CONTINUOUS
10
4.4430233464566928
20
-4.5097346456692913
11
4.443019803149606
21
-4.5097293700787402
0
LINE
8
BLACK
6
CONTINUOUS
10
4.443019803149606
20
-4.5097293700787402
11
4.4430159842519688
21
-4.5097244094488191
0
LINE
8
BLACK
6
CONTINUOUS
10
4.4430159842519688
20
-4.5097244094488191
11
4.4427778740157482
21
-4.5092482283464568
0
LINE
8
BLACK
6
CONTINUOUS
10
4.4427778740157482
20
-4.5092482283464568
11
4.4427773622047244
21
-4.5092463779527554
0
LINE
8
BLACK
6
CONTINUOUS
10
4.4427773622047244
20
-4.5092463779527554
11
4.4427766929133856
21
-4.5092457086614175
0
LINE
8
BLACK
6
CONTINUOUS
10
4.4427766929133856
20
-4.5092457086614175
11
4.4427754330708664
21
-4.5092394881889764
0
LINE
8
BLACK
6
CONTINUOUS
10
4.4427754330708664
20
-4.5092394881889764
11
4.4427737795275588
21
-4.5092334251968502
0
LINE
8
BLACK
6
CONTINUOUS
10
4.4427737795275588
20
-4.5092334251968502
11
4.4427740551181101
21
-4.5092325196850389
0
LINE
8
BLACK
6
CONTINUOUS
10
4.4427740551181101
20
-4.5092325196850389
11
4.4427737007874013
21
-4.5092306299212597
0
LINE
8
BLACK
6
CONTINUOUS
10
4.4427737007874013
20
-4.5092306299212597
11
4.4427737007874013
21
-4.5078020472440947
0
LINE
8
BLACK
6
CONTINUOUS
10
4.4427737007874013
20
-4.5078020472440947
11
4.4427740551181101
21
-4.5078001181102358
0
LINE
8
BLACK
6
CONTINUOUS
10
4.4427740551181101
20
-4.5078001181102358
11
4.4427737795275588
21
-4.5077992519685042
0
LINE
8
BLACK
6
CONTINUOUS
10
4.4427737795275588
20
-4.5077992519685042
11
4.4427754330708664
21
-4.5077931496062993
0
LINE
8
BLACK
6
CONTINUOUS
10
4.4427754330708664
20
-4.5077931496062993
11
4.4427766929133856
21
-4.5077869685039369
0
LINE
8
BLACK
6
CONTINUOUS
10
4.4427766929133856
20
-4.5077869685039369
11
4.4427773622047244
21
-4.5077862992125981
0
LINE
8
BLACK
6
CONTINUOUS
10
4.4427773622047244
20
-4.5077862992125981
11
4.4427778740157482
21
-4.5077844488188976
0
LINE
8
BLACK
6
CONTINUOUS
10
4.4427778740157482
20
-4.5077844488188976
11
4.4430159842519688
21
-4.5073082677165353
0
LINE
8
BLACK
6
CONTINUOUS
10
4.4430159842519688
20
-4.5073082677165353
11
4.443019803149606
21
-4.5073032677165354
0
LINE
8
BLACK
6
CONTINUOUS
10
4.443019803149606
20
-4.5073032677165354
11
4.4430233464566928
21
-4.5072980314960631
0
LINE
8
BLACK
6
CONTINUOUS
10
4.4430233464566928
20
-4.5072980314960631
11
4.4432614173228346
21
-4.5070599212598426
0
LINE
8
BLACK
6
CONTINUOUS
10
4.4432614173228346
20
-4.5070599212598426
11
4.4432667322834645
21
-4.5070562992125982
0
LINE
8
BLACK
6
CONTINUOUS
10
4.4432667322834645
20
-4.5070562992125982
11
4.4432716535433068
21
-4.5070525590551176
0
LINE
8
BLACK
6
CONTINUOUS
10
4.4432716535433068
20
-4.5070525590551176
11
4.4437478346456691
21
-4.5068144488188979
0
LINE
8
BLACK
6
CONTINUOUS
10
4.4437478346456691
20
-4.5068144488188979
11
4.4437496850393696
21
-4.5068139370078741
0
LINE
8
BLACK
6
CONTINUOUS
10
4.4437496850393696
20
-4.5068139370078741
11
4.4437503543307084
21
-4.5068132677165353
0
LINE
8
BLACK
6
CONTINUOUS
10
4.4437503543307084
20
-4.5068132677165353
11
4.4437565354330708
21
-4.5068120078740153
0
LINE
8
BLACK
6
CONTINUOUS
10
4.4437565354330708
20
-4.5068120078740153
11
4.4437626377952757
21
-4.5068103543307085
0
LINE
8
BLACK
6
CONTINUOUS
10
4.4437626377952757
20
-4.5068103543307085
11
4.4437635039370074
21
-4.5068106299212598
0
LINE
8
BLACK
6
CONTINUOUS
10
4.4437635039370074
20
-4.5068106299212598
11
4.4437654330708662
21
-4.506810275590551
0
LINE
8
BLACK
6
CONTINUOUS
10
4.4437654330708662
20
-4.506810275590551
11
4.4447178346456688
21
-4.506810275590551
0
LINE
8
BLACK
6
CONTINUOUS
10
4.4447178346456688
20
-4.506810275590551
11
4.444719724409449
21
-4.5068106299212598
0
LINE
8
BLACK
6
CONTINUOUS
10
4.444719724409449
20
-4.5068106299212598
11
4.4447206299212594
21
-4.5068103543307085
0
LINE
8
BLACK
6
CONTINUOUS
10
4.4447206299212594
20
-4.5068103543307085
11
4.4447266929133855
21
-4.5068120078740153
0
LINE
8
BLACK
6
CONTINUOUS
10
4.4447266929133855
20
-4.5068120078740153
11
4.4447329133858267
21
-4.5068132677165353
0
LINE
8
BLACK
6
CONTINUOUS
10
4.4447329133858267
20
-4.5068132677165353
11
4.4447335826771655
21
-4.5068139370078741
0
LINE
8
BLACK
6
CONTINUOUS
10
4.4447335826771655
20
-4.5068139370078741
11
4.4447354330708659
21
-4.5068144488188979
0
LINE
8
BLACK
6
CONTINUOUS
10
4.4447354330708659
20
-4.5068144488188979
11
4.445154645669291
21
-4.5070240551181104
0
LINE
8
BLACK
6
CONTINUOUS
10
4.445154645669291
20
-4.5070240551181104
11
4.445154645669291
21
-4.5051829921259845
0
LINE
8
BLACK
6
CONTINUOUS
10
4.445154645669291
20
-4.5051829921259845
11
4.4451576377952753
21
-4.5051679133858267
0
LINE
8
BLACK
6
CONTINUOUS
10
4.4451576377952753
20
-4.5051679133858267
11
4.4451789370078743
21
-4.5051466141732286
0
LINE
8
BLACK
6
CONTINUOUS
10
4.4451789370078743
20
-4.5051466141732286
11
4.445209094488189
21
-4.5051466141732286
0
LINE
8
BLACK
6
CONTINUOUS
10
4.445209094488189
20
-4.5051466141732286
11
4.4452303937007871
21
-4.5051679133858267
0
LINE
8
BLACK
6
CONTINUOUS
10
4.4433125984251971
20
-4.5071200393700783
11
4.4430835039370074
21
-4.5073491732283459
0
LINE
8
BLACK
6
CONTINUOUS
10
4.4430835039370074
20
-4.5073491732283459
11
4.4428524409448817
21
-4.507811299212598
0
LINE
8
BLACK
6
CONTINUOUS
10
4.4428524409448817
20
-4.507811299212598
11
4.4428524409448817
21
-4.5092213385826767
0
LINE
8
BLACK
6
CONTINUOUS
10
4.4428524409448817
20
-4.5092213385826767
11
4.4430835039370074
21
-4.5096834645669288
0
LINE
8
BLACK
6
CONTINUOUS
10
4.4430835039370074
20
-4.5096834645669288
11
4.4433125984251971
21
-4.5099125590551177
0
LINE
8
BLACK
6
CONTINUOUS
10
4.4433125984251971
20
-4.5099125590551177
11
4.4437747637795271
21
-4.5101436220472442
0
LINE
8
BLACK
6
CONTINUOUS
10
4.4437747637795271
20
-4.5101436220472442
11
4.4447085826771655
21
-4.5101436220472442
0
LINE
8
BLACK
6
CONTINUOUS
10
4.4447085826771655
20
-4.5101436220472442
11
4.445154645669291
21
-4.5099205905511814
0
LINE
8
BLACK
6
CONTINUOUS
10
4.445154645669291
20
-4.5099205905511814
11
4.445154645669291
21
-4.5071120472440942
0
LINE
8
BLACK
6
CONTINUOUS
10
4.445154645669291
20
-4.5071120472440942
11
4.4447085826771655
21
-4.5068890157480315
0
LINE
8
BLACK
6
CONTINUOUS
10
4.4447085826771655
20
-4.5068890157480315
11
4.4437746850393696
21
-4.5068890157480315
0
LINE
8
BLACK
6
CONTINUOUS
10
4.4437746850393696
20
-4.5068890157480315
11
4.4433125984251971
21
-4.5071200393700783
0
LINE
8
BLACK
6
CONTINUOUS
10
4.4368871259842519
20
-4.5068204724409444
11
4.4369000393700784
21
-4.5068476771653545
0
LINE
8
BLACK
6
CONTINUOUS
10
4.4369000393700784
20
-4.5068476771653545
11
4.4368977952755904
21
-4.5068628740157477
0
LINE
8
BLACK
6
CONTINUOUS
10
4.4368977952755904
20
-4.5068628740157477
11
4.4357072834645672
21
-4.5101962204724408
0
LINE
8
BLACK
6
CONTINUOUS
10
4.4357072834645672
20
-4.5101962204724408
11
4.4356993700787397
21
-4.5102094094488185
0
LINE
8
BLACK
6
CONTINUOUS
10
4.4356993700787397
20
-4.5102094094488185
11
4.435697559055118
21
-4.5102102362204723
0
LINE
8
BLACK
6
CONTINUOUS
10
4.435697559055118
20
-4.5102102362204723
11
4.4356966535433067
21
-4.5102122047244091
0
LINE
8
BLACK
6
CONTINUOUS
10
4.4356966535433067
20
-4.5102122047244091
11
4.435683937007874
21
-4.510216692913386
0
LINE
8
BLACK
6
CONTINUOUS
10
4.435683937007874
20
-4.510216692913386
11
4.4356721653543305
21
-4.5102223228346459
0
LINE
8
BLACK
6
CONTINUOUS
10
4.4356721653543305
20
-4.5102223228346459
11
4.4356701968503938
21
-4.5102216141732283
0
LINE
8
BLACK
6
CONTINUOUS
10
4.4356701968503938
20
-4.5102216141732283
11
4.435668228346457
21
-4.5102223228346459
0
LINE
8
BLACK
6
CONTINUOUS
10
4.435668228346457
20
-4.5102223228346459
11
4.4356559842519685
21
-4.510216535433071
0
LINE
8
BLACK
6
CONTINUOUS
10
4.4356559842519685
20
-4.510216535433071
11
4.4356437795275587
21
-4.5102121653543303
0
LINE
8
BLACK
6
CONTINUOUS
10
4.4356437795275587
20
-4.5102121653543303
11
4.4356429133858271
21
-4.5102103149606299
0
LINE
8
BLACK
6
CONTINUOUS
10
4.4356429133858271
20
-4.5102103149606299
11
4.4356410236220469
21
-4.5102094488188973
0
LINE
8
BLACK
6
CONTINUOUS
10
4.4356410236220469
20
-4.5102094488188973
11
4.4356331102362203
21
-4.5101962598425196
0
LINE
8
BLACK
6
CONTINUOUS
10
4.4356331102362203
20
-4.5101962598425196
11
4.4344426377952759
21
-4.5068628740157477
0
LINE
8
BLACK
6
CONTINUOUS
10
4.4344426377952759
20
-4.5068628740157477
11
4.434440393700787
21
-4.5068476771653545
0
LINE
8
BLACK
6
CONTINUOUS
10
4.434440393700787
20
-4.5068476771653545
11
4.4344533070866143
21
-4.5068204724409444
0
LINE
8
BLACK
6
CONTINUOUS
10
4.4344533070866143
20
-4.5068204724409444
11
4.4344816929133861
21
-4.5068103149606298
0
LINE
8
BLACK
6
CONTINUOUS
10
4.4344816929133861
20
-4.5068103149606298
11
4.4345088976377953
21
-4.5068232283464562
0
LINE
8
BLACK
6
CONTINUOUS
10
4.4345088976377953
20
-4.5068232283464562
11
4.4345168110236219
21
-4.5068364173228348
0
LINE
8
BLACK
6
CONTINUOUS
10
4.4345168110236219
20
-4.5068364173228348
11
4.4356701968503938
21
-4.5100659055118113
0
LINE
8
BLACK
6
CONTINUOUS
10
4.4356701968503938
20
-4.5100659055118113
11
4.4368236220472443
21
-4.5068364173228348
0
LINE
8
BLACK
6
CONTINUOUS
10
4.4368236220472443
20
-4.5068364173228348
11
4.436831535433071
21
-4.5068231889763775
0
LINE
8
BLACK
6
CONTINUOUS
10
4.436831535433071
20
-4.5068231889763775
11
4.4368587401574802
21
-4.5068103149606298
0
LINE
8
BLACK
6
CONTINUOUS
10
4.4368587401574802
20
-4.5068103149606298
11
4.4368871259842519
21
-4.5068204724409444
0
LINE
8
BLACK
6
CONTINUOUS
10
4.2963983464566926
20
-4.5051492519685041
11
4.2964102755905511
21
-4.5051532283464564
0
LINE
8
BLACK
6
CONTINUOUS
10
4.2964102755905511
20
-4.5051532283464564
11
4.2964115748031499
21
-4.5051558661417319
0
LINE
8
BLACK
6
CONTINUOUS
10
4.2964115748031499
20
-4.5051558661417319
11
4.2964141732283467
21
-4.5051571653543308
0
LINE
8
BLACK
6
CONTINUOUS
10
4.2964141732283467
20
-4.5051571653543308
11
4.2964218110236221
21
-4.5051705511811022
0
LINE
8
BLACK
6
CONTINUOUS
10
4.2964218110236221
20
-4.5051705511811022
11
4.2980884645669288
21
-4.5101705511811021
0
LINE
8
BLACK
6
CONTINUOUS
10
4.2980884645669288
20
-4.5101705511811021
11
4.2980903937007877
21
-4.5101857874015749
0
LINE
8
BLACK
6
CONTINUOUS
10
4.2980903937007877
20
-4.5101857874015749
11
4.2980769291338579
21
-4.5102127559055116
0
LINE
8
BLACK
6
CONTINUOUS
10
4.2980769291338579
20
-4.5102127559055116
11
4.2980483070866145
21
-4.5102222834645671
0
LINE
8
BLACK
6
CONTINUOUS
10
4.2980483070866145
20
-4.5102222834645671
11
4.2980213779527556
21
-4.5102088188976373
0
LINE
8
BLACK
6
CONTINUOUS
10
4.2980213779527556
20
-4.5102088188976373
11
4.2980137401574803
21
-4.5101954724409445
0
LINE
8
BLACK
6
CONTINUOUS
10
4.2980137401574803
20
-4.5101954724409445
11
4.2975465354330709
21
-4.5087937795275588
0
LINE
8
BLACK
6
CONTINUOUS
10
4.2975465354330709
20
-4.5087937795275588
11
4.2952223622047248
21
-4.5087937795275588
0
LINE
8
BLACK
6
CONTINUOUS
10
4.2952223622047248
20
-4.5087937795275588
11
4.2947551574803144
21
-4.5101954330708658
0
LINE
8
BLACK
6
CONTINUOUS
10
4.2947551574803144
20
-4.5101954330708658
11
4.2947475196850391
21
-4.5102088188976373
0
LINE
8
BLACK
6
CONTINUOUS
10
4.2947475196850391
20
-4.5102088188976373
11
4.2947205905511812
21
-4.5102222834645671
0
LINE
8
BLACK
6
CONTINUOUS
10
4.2947205905511812
20
-4.5102222834645671
11
4.2946919685039369
21
-4.5102127165354329
0
LINE
8
BLACK
6
CONTINUOUS
10
4.2946919685039369
20
-4.5102127165354329
11
4.2946785039370079
21
-4.5101857874015749
0
LINE
8
BLACK
6
CONTINUOUS
10
4.2946785039370079
20
-4.5101857874015749
11
4.2946804330708659
21
-4.5101705511811021
0
LINE
8
BLACK
6
CONTINUOUS
10
4.2946804330708659
20
-4.5101705511811021
11
4.2963470866141735
21
-4.5051705118110235
0
LINE
8
BLACK
6
CONTINUOUS
10
4.2963470866141735
20
-4.5051705118110235
11
4.2963547244094489
21
-4.5051571653543308
0
LINE
8
BLACK
6
CONTINUOUS
10
4.2963547244094489
20
-4.5051571653543308
11
4.2963573228346457
21
-4.5051558661417319
0
LINE
8
BLACK
6
CONTINUOUS
10
4.2963573228346457
20
-4.5051558661417319
11
4.2963586220472436
21
-4.5051532677165351
0
LINE
8
BLACK
6
CONTINUOUS
10
4.2963586220472436
20
-4.5051532677165351
11
4.2963703543307084
21
-4.5051493307086616
0
LINE
8
BLACK
6
CONTINUOUS
10
4.2963703543307084
20
-4.5051493307086616
11
4.2963816535433068
21
-4.5051437007874018
0
LINE
8
BLACK
6
CONTINUOUS
10
4.2963816535433068
20
-4.5051437007874018
11
4.2963844488188974
21
-4.5051446062992122
0
LINE
8
BLACK
6
CONTINUOUS
10
4.2963844488188974
20
-4.5051446062992122
11
4.2963872440944879
21
-4.5051437007874018
0
LINE
8
BLACK
6
CONTINUOUS
10
4.2963872440944879
20
-4.5051437007874018
11
4.2963983464566926
21
-4.5051492519685041
0
LINE
8
BLACK
6
CONTINUOUS
10
4.2952486220472439
20
-4.5087150393700783
11
4.2975202755905508
21
-4.5087150393700783
0
LINE
8
BLACK
6
CONTINUOUS
10
4.2975202755905508
20
-4.5087150393700783
11
4.2963844094488186
21
-4.5053075196850392
0
LINE
8
BLACK
6
CONTINUOUS
10
4.2963844094488186
20
-4.5053075196850392
11
4.2952486220472439
21
-4.5087150393700783
0
LINE
8
BLACK
6
CONTINUOUS
10
4.3126112992125982
20
-4.5051679133858267
11
4.3126142913385825
21
-4.5051829921259845
0
LINE
8
BLACK
6
CONTINUOUS
10
4.3126142913385825
20
-4.5051829921259845
11
4.3126142913385825
21
-4.5094594488188973
0
LINE
8
BLACK
6
CONTINUOUS
10
4.3126142913385825
20
-4.5094594488188973
11
4.312842322834646
21
-4.509915551181102
0
LINE
8
BLACK
6
CONTINUOUS
10
4.312842322834646
20
-4.509915551181102
11
4.3133067716535436
21
-4.5101477559055114
0
LINE
8
BLACK
6
CONTINUOUS
10
4.3133067716535436
20
-4.5101477559055114
11
4.313318897637795
21
-4.5101572047244094
0
LINE
8
BLACK
6
CONTINUOUS
10
4.313318897637795
20
-4.5101572047244094
11
4.3133284251968504
21
-4.5101857480314962
0
LINE
8
BLACK
6
CONTINUOUS
10
4.3133284251968504
20
-4.5101857480314962
11
4.3133149606299215
21
-4.5102127559055116
0
LINE
8
BLACK
6
CONTINUOUS
10
4.3133149606299215
20
-4.5102127559055116
11
4.3132863779527559
21
-4.5102222834645671
0
LINE
8
BLACK
6
CONTINUOUS
10
4.3132863779527559
20
-4.5102222834645671
11
4.3132715354330706
21
-4.5102181889763777
0
LINE
8
BLACK
6
CONTINUOUS
10
4.3132715354330706
20
-4.5102181889763777
11
4.312795393700787
21
-4.5099801181102359
0
LINE
8
BLACK
6
CONTINUOUS
10
4.312795393700787
20
-4.5099801181102359
11
4.312789133858268
21
-4.5099752755905511
0
LINE
8
BLACK
6
CONTINUOUS
10
4.312789133858268
20
-4.5099752755905511
11
4.3127872047244091
21
-4.5099746456692911
0
LINE
8
BLACK
6
CONTINUOUS
10
4.3127872047244091
20
-4.5099746456692911
11
4.3127855118110237
21
-4.5099724409448818
0
LINE
8
BLACK
6
CONTINUOUS
10
4.3127855118110237
20
-4.5099724409448818
11
4.3127832283464569
21
-4.5099707086614176
0
LINE
8
BLACK
6
CONTINUOUS
10
4.3127832283464569
20
-4.5099707086614176
11
4.3127825196850393
21
-4.5099686614173224
0
LINE
8
BLACK
6
CONTINUOUS
10
4.3127825196850393
20
-4.5099686614173224
11
4.312777755905512
21
-4.5099625196850397
0
LINE
8
BLACK
6
CONTINUOUS
10
4.312777755905512
20
-4.5099625196850397
11
4.312539724409449
21
-4.5094862992125986
0
LINE
8
BLACK
6
CONTINUOUS
10
4.312539724409449
20
-4.5094862992125986
11
4.3125392125984252
21
-4.5094844488188972
0
LINE
8
BLACK
6
CONTINUOUS
10
4.3125392125984252
20
-4.5094844488188972
11
4.3125385433070864
21
-4.5094837795275593
0
LINE
8
BLACK
6
CONTINUOUS
10
4.3125385433070864
20
-4.5094837795275593
11
4.3125372834645672
21
-4.5094775590551182
0
LINE
8
BLACK
6
CONTINUOUS
10
4.3125372834645672
20
-4.5094775590551182
11
4.3125356299212596
21
-4.509471496062992
0
LINE
8
BLACK
6
CONTINUOUS
10
4.3125356299212596
20
-4.509471496062992
11
4.3125359055118109
21
-4.5094705905511807
0
LINE
8
BLACK
6
CONTINUOUS
10
4.3125359055118109
20
-4.5094705905511807
11
4.3125355511811021
21
-4.5094687007874015
0
LINE
8
BLACK
6
CONTINUOUS
10
4.3125355511811021
20
-4.5094687007874015
11
4.3125355511811021
21
-4.5051829921259845
0
LINE
8
BLACK
6
CONTINUOUS
10
4.3125355511811021
20
-4.5051829921259845
11
4.3125385433070864
21
-4.5051679133858267
0
LINE
8
BLACK
6
CONTINUOUS
10
4.3125385433070864
20
-4.5051679133858267
11
4.3125598425196854
21
-4.5051466141732286
0
LINE
8
BLACK
6
CONTINUOUS
10
4.3125598425196854
20
-4.5051466141732286
11
4.3125900000000001
21
-4.5051466141732286
0
LINE
8
BLACK
6
CONTINUOUS
10
4.3125900000000001
20
-4.5051466141732286
11
4.3126112992125982
21
-4.5051679133858267
0
LINE
8
BLACK
6
CONTINUOUS
10
4.3785412204724405
20
-4.5051492519685041
11
4.378553149606299
21
-4.5051532283464564
0
LINE
8
BLACK
6
CONTINUOUS
10
4.378553149606299
20
-4.5051532283464564
11
4.3785544488188979
21
-4.5051558661417319
0
LINE
8
BLACK
6
CONTINUOUS
10
4.3785544488188979
20
-4.5051558661417319
11
4.3785570472440947
21
-4.5051571653543308
0
LINE
8
BLACK
6
CONTINUOUS
10
4.3785570472440947
20
-4.5051571653543308
11
4.37856468503937
21
-4.5051705511811022
0
LINE
8
BLACK
6
CONTINUOUS
10
4.37856468503937
20
-4.5051705511811022
11
4.3802313385826768
21
-4.5101705511811021
0
LINE
8
BLACK
6
CONTINUOUS
10
4.3802313385826768
20
-4.5101705511811021
11
4.3802332677165357
21
-4.5101857874015749
0
LINE
8
BLACK
6
CONTINUOUS
10
4.3802332677165357
20
-4.5101857874015749
11
4.3802198031496058
21
-4.5102127559055116
0
LINE
8
BLACK
6
CONTINUOUS
10
4.3802198031496058
20
-4.5102127559055116
11
4.3801911811023624
21
-4.5102222834645671
0
LINE
8
BLACK
6
CONTINUOUS
10
4.3801911811023624
20
-4.5102222834645671
11
4.3801642519685036
21
-4.5102088188976373
0
LINE
8
BLACK
6
CONTINUOUS
10
4.3801642519685036
20
-4.5102088188976373
11
4.3801566141732282
21
-4.5101954724409445
0
LINE
8
BLACK
6
CONTINUOUS
10
4.3801566141732282
20
-4.5101954724409445
11
4.3796894094488188
21
-4.5087937795275588
0
LINE
8
BLACK
6
CONTINUOUS
10
4.3796894094488188
20
-4.5087937795275588
11
4.3773652362204727
21
-4.5087937795275588
0
LINE
8
BLACK
6
CONTINUOUS
10
4.3773652362204727
20
-4.5087937795275588
11
4.3768980314960633
21
-4.5101954330708658
0
LINE
8
BLACK
6
CONTINUOUS
10
4.3768980314960633
20
-4.5101954330708658
11
4.376890393700787
21
-4.5102088188976373
0
LINE
8
BLACK
6
CONTINUOUS
10
4.376890393700787
20
-4.5102088188976373
11
4.3768634645669291
21
-4.5102222834645671
0
LINE
8
BLACK
6
CONTINUOUS
10
4.3768634645669291
20
-4.5102222834645671
11
4.3768348425196848
21
-4.5102127165354329
0
LINE
8
BLACK
6
CONTINUOUS
10
4.3768348425196848
20
-4.5102127165354329
11
4.3768213779527558
21
-4.5101857874015749
0
LINE
8
BLACK
6
CONTINUOUS
10
4.3768213779527558
20
-4.5101857874015749
11
4.3768233070866138
21
-4.5101705511811021
0
LINE
8
BLACK
6
CONTINUOUS
10
4.3768233070866138
20
-4.5101705511811021
11
4.3784899606299215
21
-4.5051705118110235
0
LINE
8
BLACK
6
CONTINUOUS
10
4.3784899606299215
20
-4.5051705118110235
11
4.3784975984251968
21
-4.5051571653543308
0
LINE
8
BLACK
6
CONTINUOUS
10
4.3784975984251968
20
-4.5051571653543308
11
4.3785001968503936
21
-4.5051558661417319
0
LINE
8
BLACK
6
CONTINUOUS
10
4.3785001968503936
20
-4.5051558661417319
11
4.3785014960629924
21
-4.5051532677165351
0
LINE
8
BLACK
6
CONTINUOUS
10
4.3785014960629924
20
-4.5051532677165351
11
4.3785132283464563
21
-4.5051493307086616
0
LINE
8
BLACK
6
CONTINUOUS
10
4.3785132283464563
20
-4.5051493307086616
11
4.3785245275590547
21
-4.5051437007874018
0
LINE
8
BLACK
6
CONTINUOUS
10
4.3785245275590547
20
-4.5051437007874018
11
4.3785273228346453
21
-4.5051446062992122
0
LINE
8
BLACK
6
CONTINUOUS
10
4.3785273228346453
20
-4.5051446062992122
11
4.3785301181102358
21
-4.5051437007874018
0
LINE
8
BLACK
6
CONTINUOUS
10
4.3785301181102358
20
-4.5051437007874018
11
4.3785412204724405
21
-4.5051492519685041
0
LINE
8
BLACK
6
CONTINUOUS
10
4.3773914960629918
20
-4.5087150393700783
11
4.3796631496062988
21
-4.5087150393700783
0
LINE
8
BLACK
6
CONTINUOUS
10
4.3796631496062988
20
-4.5087150393700783
11
4.3785272834645665
21
-4.5053075196850392
0
LINE
8
BLACK
6
CONTINUOUS
10
4.3785272834645665
20
-4.5053075196850392
11
4.3773914960629918
21
-4.5087150393700783
0
LINE
8
BLACK
6
CONTINUOUS
10
4.3818970472440943
20
-4.5051679133858267
11
4.3819000393700787
21
-4.5051829921259845
0
LINE
8
BLACK
6
CONTINUOUS
10
4.3819000393700787
20
-4.5051829921259845
11
4.3819000393700787
21
-4.5094594488188973
0
LINE
8
BLACK
6
CONTINUOUS
10
4.3819000393700787
20
-4.5094594488188973
11
4.3821280708661412
21
-4.509915551181102
0
LINE
8
BLACK
6
CONTINUOUS
10
4.3821280708661412
20
-4.509915551181102
11
4.3825925196850397
21
-4.5101477559055114
0
LINE
8
BLACK
6
CONTINUOUS
10
4.3825925196850397
20
-4.5101477559055114
11
4.3826046456692911
21
-4.5101572047244094
0
LINE
8
BLACK
6
CONTINUOUS
10
4.3826046456692911
20
-4.5101572047244094
11
4.3826141732283466
21
-4.5101857480314962
0
LINE
8
BLACK
6
CONTINUOUS
10
4.3826141732283466
20
-4.5101857480314962
11
4.3826007086614176
21
-4.5102127559055116
0
LINE
8
BLACK
6
CONTINUOUS
10
4.3826007086614176
20
-4.5102127559055116
11
4.3825721259842521
21
-4.5102222834645671
0
LINE
8
BLACK
6
CONTINUOUS
10
4.3825721259842521
20
-4.5102222834645671
11
4.3825572834645667
21
-4.5102181889763777
0
LINE
8
BLACK
6
CONTINUOUS
10
4.3825572834645667
20
-4.5102181889763777
11
4.3820811417322831
21
-4.5099801181102359
0
LINE
8
BLACK
6
CONTINUOUS
10
4.3820811417322831
20
-4.5099801181102359
11
4.3820748818897632
21
-4.5099752755905511
0
LINE
8
BLACK
6
CONTINUOUS
10
4.3820748818897632
20
-4.5099752755905511
11
4.3820729527559052
21
-4.5099746456692911
0
LINE
8
BLACK
6
CONTINUOUS
10
4.3820729527559052
20
-4.5099746456692911
11
4.3820712598425198
21
-4.5099724409448818
0
LINE
8
BLACK
6
CONTINUOUS
10
4.3820712598425198
20
-4.5099724409448818
11
4.382068976377953
21
-4.5099707086614176
0
LINE
8
BLACK
6
CONTINUOUS
10
4.382068976377953
20
-4.5099707086614176
11
4.3820682677165355
21
-4.5099686614173224
0
LINE
8
BLACK
6
CONTINUOUS
10
4.3820682677165355
20
-4.5099686614173224
11
4.3820635039370082
21
-4.5099625196850397
0
LINE
8
BLACK
6
CONTINUOUS
10
4.3820635039370082
20
-4.5099625196850397
11
4.3818254724409451
21
-4.5094862992125986
0
LINE
8
BLACK
6
CONTINUOUS
10
4.3818254724409451
20
-4.5094862992125986
11
4.3818249606299213
21
-4.5094844488188972
0
LINE
8
BLACK
6
CONTINUOUS
10
4.3818249606299213
20
-4.5094844488188972
11
4.3818242913385825
21
-4.5094837795275593
0
LINE
8
BLACK
6
CONTINUOUS
10
4.3818242913385825
20
-4.5094837795275593
11
4.3818230314960633
21
-4.5094775590551182
0
LINE
8
BLACK
6
CONTINUOUS
10
4.3818230314960633
20
-4.5094775590551182
11
4.3818213779527557
21
-4.509471496062992
0
LINE
8
BLACK
6
CONTINUOUS
10
4.3818213779527557
20
-4.509471496062992
11
4.381821653543307
21
-4.5094705905511807
0
LINE
8
BLACK
6
CONTINUOUS
10
4.381821653543307
20
-4.5094705905511807
11
4.3818212992125982
21
-4.5094687007874015
0
LINE
8
BLACK
6
CONTINUOUS
10
4.3818212992125982
20
-4.5094687007874015
11
4.3818212992125982
21
-4.5051829921259845
0
LINE
8
BLACK
6
CONTINUOUS
10
4.3818212992125982
20
-4.5051829921259845
11
4.3818242913385825
21
-4.5051679133858267
0
LINE
8
BLACK
6
CONTINUOUS
10
4.3818242913385825
20
-4.5051679133858267
11
4.3818455905511806
21
-4.5051466141732286
0
LINE
8
BLACK
6
CONTINUOUS
10
4.3818455905511806
20
-4.5051466141732286
11
4.3818757480314963
21
-4.5051466141732286
0
LINE
8
BLACK
6
CONTINUOUS
10
4.3818757480314963
20
-4.5051466141732286
11
4.3818970472440943
21
-4.5051679133858267
0
LINE
8
BLACK
6
CONTINUOUS
10
4.3845161023622046
20
-4.5051679133858267
11
4.3845190944881889
21
-4.5051829921259845
0
LINE
8
BLACK
6
CONTINUOUS
10
4.3845190944881889
20
-4.5051829921259845
11
4.3845190944881889
21
-4.5094594488188973
0
LINE
8
BLACK
6
CONTINUOUS
10
4.3845190944881889
20
-4.5094594488188973
11
4.3847471259842514
21
-4.509915551181102
0
LINE
8
BLACK
6
CONTINUOUS
10
4.3847471259842514
20
-4.509915551181102
11
4.3852115748031499
21
-4.5101477559055114
0
LINE
8
BLACK
6
CONTINUOUS
10
4.3852115748031499
20
-4.5101477559055114
11
4.3852237007874013
21
-4.5101572047244094
0
LINE
8
BLACK
6
CONTINUOUS
10
4.3852237007874013
20
-4.5101572047244094
11
4.3852332283464568
21
-4.5101857480314962
0
LINE
8
BLACK
6
CONTINUOUS
10
4.3852332283464568
20
-4.5101857480314962
11
4.3852197637795278
21
-4.5102127559055116
0
LINE
8
BLACK
6
CONTINUOUS
10
4.3852197637795278
20
-4.5102127559055116
11
4.3851911811023623
21
-4.5102222834645671
0
LINE
8
BLACK
6
CONTINUOUS
10
4.3851911811023623
20
-4.5102222834645671
11
4.385176338582677
21
-4.5102181889763777
0
LINE
8
BLACK
6
CONTINUOUS
10
4.385176338582677
20
-4.5102181889763777
11
4.3847001968503934
21
-4.5099801181102359
0
LINE
8
BLACK
6
CONTINUOUS
10
4.3847001968503934
20
-4.5099801181102359
11
4.3846939370078744
21
-4.5099752755905511
0
LINE
8
BLACK
6
CONTINUOUS
10
4.3846939370078744
20
-4.5099752755905511
11
4.3846920078740155
21
-4.5099746456692911
0
LINE
8
BLACK
6
CONTINUOUS
10
4.3846920078740155
20
-4.5099746456692911
11
4.38469031496063
21
-4.5099724409448818
0
LINE
8
BLACK
6
CONTINUOUS
10
4.38469031496063
20
-4.5099724409448818
11
4.3846880314960632
21
-4.5099707086614176
0
LINE
8
BLACK
6
CONTINUOUS
10
4.3846880314960632
20
-4.5099707086614176
11
4.3846873228346457
21
-4.5099686614173224
0
LINE
8
BLACK
6
CONTINUOUS
10
4.3846873228346457
20
-4.5099686614173224
11
4.3846825590551184
21
-4.5099625196850397
0
LINE
8
BLACK
6
CONTINUOUS
10
4.3846825590551184
20
-4.5099625196850397
11
4.3844445275590553
21
-4.5094862992125986
0
LINE
8
BLACK
6
CONTINUOUS
10
4.3844445275590553
20
-4.5094862992125986
11
4.3844440157480316
21
-4.5094844488188972
0
LINE
8
BLACK
6
CONTINUOUS
10
4.3844440157480316
20
-4.5094844488188972
11
4.3844433464566928
21
-4.5094837795275593
0
LINE
8
BLACK
6
CONTINUOUS
10
4.3844433464566928
20
-4.5094837795275593
11
4.3844420866141736
21
-4.5094775590551182
0
LINE
8
BLACK
6
CONTINUOUS
10
4.3844420866141736
20
-4.5094775590551182
11
4.384440433070866
21
-4.509471496062992
0
LINE
8
BLACK
6
CONTINUOUS
10
4.384440433070866
20
-4.509471496062992
11
4.3844407086614172
21
-4.5094705905511807
0
LINE
8
BLACK
6
CONTINUOUS
10
4.3844407086614172
20
-4.5094705905511807
11
4.3844403543307084
21
-4.5094687007874015
0
LINE
8
BLACK
6
CONTINUOUS
10
4.3844403543307084
20
-4.5094687007874015
11
4.3844403543307084
21
-4.5051829921259845
0
LINE
8
BLACK
6
CONTINUOUS
10
4.3844403543307084
20
-4.5051829921259845
11
4.3844433464566928
21
-4.5051679133858267
0
LINE
8
BLACK
6
CONTINUOUS
10
4.3844433464566928
20
-4.5051679133858267
11
4.3844646456692908
21
-4.5051466141732286
0
LINE
8
BLACK
6
CONTINUOUS
10
4.3844646456692908
20
-4.5051466141732286
11
4.3844948031496065
21
-4.5051466141732286
0
LINE
8
BLACK
6
CONTINUOUS
10
4.3844948031496065
20
-4.5051466141732286
11
4.3845161023622046
21
-4.5051679133858267
0
LINE
8
BLACK
6
CONTINUOUS
10
4.252828149606299
20
-4.5068132677165353
11
4.2528494488188979
21
-4.5068345669291334
0
LINE
8
BLACK
6
CONTINUOUS
10
4.2528494488188979
20
-4.5068345669291334
11
4.2528494488188979
21
-4.5068647244094491
0
LINE
8
BLACK
6
CONTINUOUS
10
4.2528494488188979
20
-4.5068647244094491
11
4.252828149606299
21
-4.5068860236220472
0
LINE
8
BLACK
6
CONTINUOUS
10
4.252828149606299
20
-4.5068860236220472
11
4.252813070866142
21
-4.5068890157480315
0
LINE
8
BLACK
6
CONTINUOUS
10
4.252813070866142
20
-4.5068890157480315
11
4.252346141732283
21
-4.5068890157480315
0
LINE
8
BLACK
6
CONTINUOUS
10
4.252346141732283
20
-4.5068890157480315
11
4.2518840551181105
21
-4.5071200393700783
0
LINE
8
BLACK
6
CONTINUOUS
10
4.2518840551181105
20
-4.5071200393700783
11
4.2516549606299208
21
-4.5073491732283459
0
LINE
8
BLACK
6
CONTINUOUS
10
4.2516549606299208
20
-4.5073491732283459
11
4.2514238976377952
21
-4.507811299212598
0
LINE
8
BLACK
6
CONTINUOUS
10
4.2514238976377952
20
-4.507811299212598
11
4.2514238976377952
21
-4.5101829921259844
0
LINE
8
BLACK
6
CONTINUOUS
10
4.2514238976377952
20
-4.5101829921259844
11
4.2514209055118108
21
-4.5101980708661413
0
LINE
8
BLACK
6
CONTINUOUS
10
4.2514209055118108
20
-4.5101980708661413
11
4.2513996062992128
21
-4.5102193700787403
0
LINE
8
BLACK
6
CONTINUOUS
10
4.2513996062992128
20
-4.5102193700787403
11
4.2513694488188971
21
-4.5102193700787403
0
LINE
8
BLACK
6
CONTINUOUS
10
4.2513694488188971
20
-4.5102193700787403
11
4.251348149606299
21
-4.5101980708661413
0
LINE
8
BLACK
6
CONTINUOUS
10
4.251348149606299
20
-4.5101980708661413
11
4.2513451574803147
21
-4.5101829921259844
0
LINE
8
BLACK
6
CONTINUOUS
10
4.2513451574803147
20
-4.5101829921259844
11
4.2513451574803147
21
-4.5068496456692912
0
LINE
8
BLACK
6
CONTINUOUS
10
4.2513451574803147
20
-4.5068496456692912
11
4.251348149606299
21
-4.5068345669291334
0
LINE
8
BLACK
6
CONTINUOUS
10
4.251348149606299
20
-4.5068345669291334
11
4.2513694488188971
21
-4.5068132677165353
0
LINE
8
BLACK
6
CONTINUOUS
10
4.2513694488188971
20
-4.5068132677165353
11
4.2513996062992128
21
-4.5068132677165353
0
LINE
8
BLACK
6
CONTINUOUS
10
4.2513996062992128
20
-4.5068132677165353
11
4.2514209055118108
21
-4.5068345669291334
0
LINE
8
BLACK
6
CONTINUOUS
10
4.2514209055118108
20
-4.5068345669291334
11
4.2514238976377952
21
-4.5068496456692912
0
LINE
8
BLACK
6
CONTINUOUS
10
4.2514238976377952
20
-4.5068496456692912
11
4.2514238976377952
21
-4.5076352755905509
0
LINE
8
BLACK
6
CONTINUOUS
10
4.2514238976377952
20
-4.5076352755905509
11
4.2515873622047247
21
-4.5073082677165353
0
LINE
8
BLACK
6
CONTINUOUS
10
4.2515873622047247
20
-4.5073082677165353
11
4.2515912204724406
21
-4.5073032677165354
0
LINE
8
BLACK
6
CONTINUOUS
10
4.2515912204724406
20
-4.5073032677165354
11
4.2515947637795275
21
-4.5072980314960631
0
LINE
8
BLACK
6
CONTINUOUS
10
4.2515947637795275
20
-4.5072980314960631
11
4.2518328740157481
21
-4.5070599212598426
0
LINE
8
BLACK
6
CONTINUOUS
10
4.2518328740157481
20
-4.5070599212598426
11
4.2518381889763779
21
-4.5070562992125982
0
LINE
8
BLACK
6
CONTINUOUS
10
4.2518381889763779
20
-4.5070562992125982
11
4.2518431102362202
21
-4.5070525590551176
0
LINE
8
BLACK
6
CONTINUOUS
10
4.2518431102362202
20
-4.5070525590551176
11
4.2523192913385826
21
-4.5068144488188979
0
LINE
8
BLACK
6
CONTINUOUS
10
4.2523192913385826
20
-4.5068144488188979
11
4.252321141732283
21
-4.5068139370078741
0
LINE
8
BLACK
6
CONTINUOUS
10
4.252321141732283
20
-4.5068139370078741
11
4.2523218110236218
21
-4.5068132677165353
0
LINE
8
BLACK
6
CONTINUOUS
10
4.2523218110236218
20
-4.5068132677165353
11
4.2523279921259842
21
-4.5068120078740153
0
LINE
8
BLACK
6
CONTINUOUS
10
4.2523279921259842
20
-4.5068120078740153
11
4.2523340944881891
21
-4.5068103543307085
0
LINE
8
BLACK
6
CONTINUOUS
10
4.2523340944881891
20
-4.5068103543307085
11
4.2523349606299208
21
-4.5068106299212598
0
LINE
8
BLACK
6
CONTINUOUS
10
4.2523349606299208
20
-4.5068106299212598
11
4.2523368897637797
21
-4.506810275590551
0
LINE
8
BLACK
6
CONTINUOUS
10
4.2523368897637797
20
-4.506810275590551
11
4.252813070866142
21
-4.506810275590551
0
LINE
8
BLACK
6
CONTINUOUS
10
4.252813070866142
20
-4.506810275590551
11
4.252828149606299
21
-4.5068132677165353
0
LINE
8
BLACK
6
CONTINUOUS
10
4.2545161417322834
20
-4.5068345669291334
11
4.2545191338582677
21
-4.5068496456692912
0
LINE
8
BLACK
6
CONTINUOUS
10
4.2545191338582677
20
-4.5068496456692912
11
4.2545191338582677
21
-4.5101829921259844
0
LINE
8
BLACK
6
CONTINUOUS
10
4.2545191338582677
20
-4.5101829921259844
11
4.2545161417322834
21
-4.5101980708661413
0
LINE
8
BLACK
6
CONTINUOUS
10
4.2545161417322834
20
-4.5101980708661413
11
4.2544948425196853
21
-4.5102193700787403
0
LINE
8
BLACK
6
CONTINUOUS
10
4.2544948425196853
20
-4.5102193700787403
11
4.2544646850393697
21
-4.5102193700787403
0
LINE
8
BLACK
6
CONTINUOUS
10
4.2544646850393697
20
-4.5102193700787403
11
4.2544433858267716
21
-4.5101980708661413
0
LINE
8
BLACK
6
CONTINUOUS
10
4.2544433858267716
20
-4.5101980708661413
11
4.2544403937007873
21
-4.5101829921259844
0
LINE
8
BLACK
6
CONTINUOUS
10
4.2544403937007873
20
-4.5101829921259844
11
4.2544403937007873
21
-4.5068496456692912
0
LINE
8
BLACK
6
CONTINUOUS
10
4.2544403937007873
20
-4.5068496456692912
11
4.2544433858267716
21
-4.5068345669291334
0
LINE
8
BLACK
6
CONTINUOUS
10
4.2544433858267716
20
-4.5068345669291334
11
4.2544646850393697
21
-4.5068132677165353
0
LINE
8
BLACK
6
CONTINUOUS
10
4.2544646850393697
20
-4.5068132677165353
11
4.2544948425196853
21
-4.5068132677165353
0
LINE
8
BLACK
6
CONTINUOUS
10
4.2544948425196853
20
-4.5068132677165353
11
4.2545161417322834
21
-4.5068345669291334
0
LINE
8
BLACK
6
CONTINUOUS
10
4.2614209055118106
20
-4.5051679133858267
11
4.2614238976377949
21
-4.5051829921259845
0
LINE
8
BLACK
6
CONTINUOUS
10
4.2614238976377949
20
-4.5051829921259845
11
4.2614238976377949
21
-4.5072307874015749
0
LINE
8
BLACK
6
CONTINUOUS
10
4.2614238976377949
20
-4.5072307874015749
11
4.2615947637795273
21
-4.5070599212598426
0
LINE
8
BLACK
6
CONTINUOUS
10
4.2615947637795273
20
-4.5070599212598426
11
4.2616000787401571
21
-4.5070562992125982
0
LINE
8
BLACK
6
CONTINUOUS
10
4.2616000787401571
20
-4.5070562992125982
11
4.2616050000000003
21
-4.5070525590551176
0
LINE
8
BLACK
6
CONTINUOUS
10
4.2616050000000003
20
-4.5070525590551176
11
4.2620811811023618
21
-4.5068144488188979
0
LINE
8
BLACK
6
CONTINUOUS
10
4.2620811811023618
20
-4.5068144488188979
11
4.2620830314960632
21
-4.5068139370078741
0
LINE
8
BLACK
6
CONTINUOUS
10
4.2620830314960632
20
-4.5068139370078741
11
4.2620837007874011
21
-4.5068132677165353
0
LINE
8
BLACK
6
CONTINUOUS
10
4.2620837007874011
20
-4.5068132677165353
11
4.2620898818897635
21
-4.5068120078740153
0
LINE
8
BLACK
6
CONTINUOUS
10
4.2620898818897635
20
-4.5068120078740153
11
4.2620959842519683
21
-4.5068103543307085
0
LINE
8
BLACK
6
CONTINUOUS
10
4.2620959842519683
20
-4.5068103543307085
11
4.2620968503937009
21
-4.5068106299212598
0
LINE
8
BLACK
6
CONTINUOUS
10
4.2620968503937009
20
-4.5068106299212598
11
4.2620987795275589
21
-4.506810275590551
0
LINE
8
BLACK
6
CONTINUOUS
10
4.2620987795275589
20
-4.506810275590551
11
4.2628130708661418
21
-4.506810275590551
0
LINE
8
BLACK
6
CONTINUOUS
10
4.2628130708661418
20
-4.506810275590551
11
4.262814960629921
21
-4.5068106299212598
0
LINE
8
BLACK
6
CONTINUOUS
10
4.262814960629921
20
-4.5068106299212598
11
4.2628158661417324
21
-4.5068103543307085
0
LINE
8
BLACK
6
CONTINUOUS
10
4.2628158661417324
20
-4.5068103543307085
11
4.2628219291338585
21
-4.5068120078740153
0
LINE
8
BLACK
6
CONTINUOUS
10
4.2628219291338585
20
-4.5068120078740153
11
4.2628281496062987
21
-4.5068132677165353
0
LINE
8
BLACK
6
CONTINUOUS
10
4.2628281496062987
20
-4.5068132677165353
11
4.2628288188976375
21
-4.5068139370078741
0
LINE
8
BLACK
6
CONTINUOUS
10
4.2628288188976375
20
-4.5068139370078741
11
4.2628306692913389
21
-4.5068144488188979
0
LINE
8
BLACK
6
CONTINUOUS
10
4.2628306692913389
20
-4.5068144488188979
11
4.2633068897637791
21
-4.5070525590551176
0
LINE
8
BLACK
6
CONTINUOUS
10
4.2633068897637791
20
-4.5070525590551176
11
4.2633130314960628
21
-4.507057283464567
0
LINE
8
BLACK
6
CONTINUOUS
10
4.2633130314960628
20
-4.507057283464567
11
4.263315078740157
21
-4.5070579921259846
0
LINE
8
BLACK
6
CONTINUOUS
10
4.263315078740157
20
-4.5070579921259846
11
4.2633168110236221
21
-4.5070601968503938
0
LINE
8
BLACK
6
CONTINUOUS
10
4.2633168110236221
20
-4.5070601968503938
11
4.2633190551181102
21
-4.5070619685039368
0
LINE
8
BLACK
6
CONTINUOUS
10
4.2633190551181102
20
-4.5070619685039368
11
4.263319724409449
21
-4.5070639763779523
0
LINE
8
BLACK
6
CONTINUOUS
10
4.263319724409449
20
-4.5070639763779523
11
4.2633244881889762
21
-4.5070701574803147
0
LINE
8
BLACK
6
CONTINUOUS
10
4.2633244881889762
20
-4.5070701574803147
11
4.2635625590551181
21
-4.5075462992125983
0
LINE
8
BLACK
6
CONTINUOUS
10
4.2635625590551181
20
-4.5075462992125983
11
4.2635630708661418
21
-4.5075481889763775
0
LINE
8
BLACK
6
CONTINUOUS
10
4.2635630708661418
20
-4.5075481889763775
11
4.2635637401574806
21
-4.5075488582677163
0
LINE
8
BLACK
6
CONTINUOUS
10
4.2635637401574806
20
-4.5075488582677163
11
4.2635649212598423
21
-4.5075549606299212
0
LINE
8
BLACK
6
CONTINUOUS
10
4.2635649212598423
20
-4.5075549606299212
11
4.2635666535433066
21
-4.5075611417322836
0
LINE
8
BLACK
6
CONTINUOUS
10
4.2635666535433066
20
-4.5075611417322836
11
4.2635663385826774
21
-4.5075620078740153
0
LINE
8
BLACK
6
CONTINUOUS
10
4.2635663385826774
20
-4.5075620078740153
11
4.2635667322834641
21
-4.5075639370078742
0
LINE
8
BLACK
6
CONTINUOUS
10
4.2635667322834641
20
-4.5075639370078742
11
4.2635667322834641
21
-4.5101829921259844
0
LINE
8
BLACK
6
CONTINUOUS
10
4.2635667322834641
20
-4.5101829921259844
11
4.2635637401574806
21
-4.5101980708661413
0
LINE
8
BLACK
6
CONTINUOUS
10
4.2635637401574806
20
-4.5101980708661413
11
4.2635424409448817
21
-4.5102193700787403
0
LINE
8
BLACK
6
CONTINUOUS
10
4.2635424409448817
20
-4.5102193700787403
11
4.2635122834645669
21
-4.5102193700787403
0
LINE
8
BLACK
6
CONTINUOUS
10
4.2635122834645669
20
-4.5102193700787403
11
4.2634909842519688
21
-4.5101980708661413
0
LINE
8
BLACK
6
CONTINUOUS
10
4.2634909842519688
20
-4.5101980708661413
11
4.2634879921259845
21
-4.5101829921259844
0
LINE
8
BLACK
6
CONTINUOUS
10
4.2634879921259845
20
-4.5101829921259844
11
4.2634879921259845
21
-4.5075732283464562
0
LINE
8
BLACK
6
CONTINUOUS
10
4.2634879921259845
20
-4.5075732283464562
11
4.2632599606299211
21
-4.5071171259842515
0
LINE
8
BLACK
6
CONTINUOUS
10
4.2632599606299211
20
-4.5071171259842515
11
4.2628038188976376
21
-4.5068890157480315
0
LINE
8
BLACK
6
CONTINUOUS
10
4.2628038188976376
20
-4.5068890157480315
11
4.2621080314960631
21
-4.5068890157480315
0
LINE
8
BLACK
6
CONTINUOUS
10
4.2621080314960631
20
-4.5068890157480315
11
4.2616459448818897
21
-4.5071200393700783
0
LINE
8
BLACK
6
CONTINUOUS
10
4.2616459448818897
20
-4.5071200393700783
11
4.2614238976377949
21
-4.5073421259842519
0
LINE
8
BLACK
6
CONTINUOUS
10
4.2614238976377949
20
-4.5073421259842519
11
4.2614238976377949
21
-4.5101829921259844
0
LINE
8
BLACK
6
CONTINUOUS
10
4.2614238976377949
20
-4.5101829921259844
11
4.2614209055118106
21
-4.5101980708661413
0
LINE
8
BLACK
6
CONTINUOUS
10
4.2614209055118106
20
-4.5101980708661413
11
4.2613996062992126
21
-4.5102193700787403
0
LINE
8
BLACK
6
CONTINUOUS
10
4.2613996062992126
20
-4.5102193700787403
11
4.2613694488188978
21
-4.5102193700787403
0
LINE
8
BLACK
6
CONTINUOUS
10
4.2613694488188978
20
-4.5102193700787403
11
4.2613481496062988
21
-4.5101980708661413
0
LINE
8
BLACK
6
CONTINUOUS
10
4.2613481496062988
20
-4.5101980708661413
11
4.2613451574803145
21
-4.5101829921259844
0
LINE
8
BLACK
6
CONTINUOUS
10
4.2613451574803145
20
-4.5101829921259844
11
4.2613451574803145
21
-4.5051829921259845
0
LINE
8
BLACK
6
CONTINUOUS
10
4.2613451574803145
20
-4.5051829921259845
11
4.2613481496062988
21
-4.5051679133858267
0
LINE
8
BLACK
6
CONTINUOUS
10
4.2613481496062988
20
-4.5051679133858267
11
4.2613694488188978
21
-4.5051466141732286
0
LINE
8
BLACK
6
CONTINUOUS
10
4.2613694488188978
20
-4.5051466141732286
11
4.2613996062992126
21
-4.5051466141732286
0
LINE
8
BLACK
6
CONTINUOUS
10
4.2613996062992126
20
-4.5051466141732286
11
4.2614209055118106
21
-4.5051679133858267
0
LINE
8
BLACK
6
CONTINUOUS
10
4.3209233070866144
20
-4.5068132677165353
11
4.3209446062992125
21
-4.5068345669291334
0
LINE
8
BLACK
6
CONTINUOUS
10
4.3209446062992125
20
-4.5068345669291334
11
4.3209446062992125
21
-4.5068647244094491
0
LINE
8
BLACK
6
CONTINUOUS
10
4.3209446062992125
20
-4.5068647244094491
11
4.3209233070866144
21
-4.5068860236220472
0
LINE
8
BLACK
6
CONTINUOUS
10
4.3209233070866144
20
-4.5068860236220472
11
4.3209082283464566
21
-4.5068890157480315
0
LINE
8
BLACK
6
CONTINUOUS
10
4.3209082283464566
20
-4.5068890157480315
11
4.3204412992125985
21
-4.5068890157480315
0
LINE
8
BLACK
6
CONTINUOUS
10
4.3204412992125985
20
-4.5068890157480315
11
4.3199792125984251
21
-4.5071200393700783
0
LINE
8
BLACK
6
CONTINUOUS
10
4.3199792125984251
20
-4.5071200393700783
11
4.3197501181102362
21
-4.5073491732283459
0
LINE
8
BLACK
6
CONTINUOUS
10
4.3197501181102362
20
-4.5073491732283459
11
4.3195190551181097
21
-4.507811299212598
0
LINE
8
BLACK
6
CONTINUOUS
10
4.3195190551181097
20
-4.507811299212598
11
4.3195190551181097
21
-4.5101829921259844
0
LINE
8
BLACK
6
CONTINUOUS
10
4.3195190551181097
20
-4.5101829921259844
11
4.3195160629921263
21
-4.5101980708661413
0
LINE
8
BLACK
6
CONTINUOUS
10
4.3195160629921263
20
-4.5101980708661413
11
4.3194947637795273
21
-4.5102193700787403
0
LINE
8
BLACK
6
CONTINUOUS
10
4.3194947637795273
20
-4.5102193700787403
11
4.3194646062992126
21
-4.5102193700787403
0
LINE
8
BLACK
6
CONTINUOUS
10
4.3194646062992126
20
-4.5102193700787403
11
4.3194433070866145
21
-4.5101980708661413
0
LINE
8
BLACK
6
CONTINUOUS
10
4.3194433070866145
20
-4.5101980708661413
11
4.3194403149606302
21
-4.5101829921259844
0
LINE
8
BLACK
6
CONTINUOUS
10
4.3194403149606302
20
-4.5101829921259844
11
4.3194403149606302
21
-4.5068496456692912
0
LINE
8
BLACK
6
CONTINUOUS
10
4.3194403149606302
20
-4.5068496456692912
11
4.3194433070866145
21
-4.5068345669291334
0
LINE
8
BLACK
6
CONTINUOUS
10
4.3194433070866145
20
-4.5068345669291334
11
4.3194646062992126
21
-4.5068132677165353
0
LINE
8
BLACK
6
CONTINUOUS
10
4.3194646062992126
20
-4.5068132677165353
11
4.3194947637795273
21
-4.5068132677165353
0
LINE
8
BLACK
6
CONTINUOUS
10
4.3194947637795273
20
-4.5068132677165353
11
4.3195160629921263
21
-4.5068345669291334
0
LINE
8
BLACK
6
CONTINUOUS
10
4.3195160629921263
20
-4.5068345669291334
11
4.3195190551181097
21
-4.5068496456692912
0
LINE
8
BLACK
6
CONTINUOUS
10
4.3195190551181097
20
-4.5068496456692912
11
4.3195190551181097
21
-4.5076352755905509
0
LINE
8
BLACK
6
CONTINUOUS
10
4.3195190551181097
20
-4.5076352755905509
11
4.3196825196850392
21
-4.5073082677165353
0
LINE
8
BLACK
6
CONTINUOUS
10
4.3196825196850392
20
-4.5073082677165353
11
4.3196863779527561
21
-4.5073032677165354
0
LINE
8
BLACK
6
CONTINUOUS
10
4.3196863779527561
20
-4.5073032677165354
11
4.3196899212598421
21
-4.5072980314960631
0
LINE
8
BLACK
6
CONTINUOUS
10
4.3196899212598421
20
-4.5072980314960631
11
4.3199280314960626
21
-4.5070599212598426
0
LINE
8
BLACK
6
CONTINUOUS
10
4.3199280314960626
20
-4.5070599212598426
11
4.3199333464566925
21
-4.5070562992125982
0
LINE
8
BLACK
6
CONTINUOUS
10
4.3199333464566925
20
-4.5070562992125982
11
4.3199382677165357
21
-4.5070525590551176
0
LINE
8
BLACK
6
CONTINUOUS
10
4.3199382677165357
20
-4.5070525590551176
11
4.3204144488188971
21
-4.5068144488188979
0
LINE
8
BLACK
6
CONTINUOUS
10
4.3204144488188971
20
-4.5068144488188979
11
4.3204162992125985
21
-4.5068139370078741
0
LINE
8
BLACK
6
CONTINUOUS
10
4.3204162992125985
20
-4.5068139370078741
11
4.3204169685039373
21
-4.5068132677165353
0
LINE
8
BLACK
6
CONTINUOUS
10
4.3204169685039373
20
-4.5068132677165353
11
4.3204231496062988
21
-4.5068120078740153
0
LINE
8
BLACK
6
CONTINUOUS
10
4.3204231496062988
20
-4.5068120078740153
11
4.3204292519685037
21
-4.5068103543307085
0
LINE
8
BLACK
6
CONTINUOUS
10
4.3204292519685037
20
-4.5068103543307085
11
4.3204301181102363
21
-4.5068106299212598
0
LINE
8
BLACK
6
CONTINUOUS
10
4.3204301181102363
20
-4.5068106299212598
11
4.3204320472440942
21
-4.506810275590551
0
LINE
8
BLACK
6
CONTINUOUS
10
4.3204320472440942
20
-4.506810275590551
11
4.3209082283464566
21
-4.506810275590551
0
LINE
8
BLACK
6
CONTINUOUS
10
4.3209082283464566
20
-4.506810275590551
11
4.3209233070866144
21
-4.5068132677165353
0
LINE
8
BLACK
6
CONTINUOUS
10
4.3559446456692914
20
-4.5068345669291334
11
4.3559476377952757
21
-4.5068496456692912
0
LINE
8
BLACK
6
CONTINUOUS
10
4.3559476377952757
20
-4.5068496456692912
11
4.3559476377952757
21
-4.5101829921259844
0
LINE
8
BLACK
6
CONTINUOUS
10
4.3559476377952757
20
-4.5101829921259844
11
4.3559446456692914
21
-4.5101980708661413
0
LINE
8
BLACK
6
CONTINUOUS
10
4.3559446456692914
20
-4.5101980708661413
11
4.3559233464566924
21
-4.5102193700787403
0
LINE
8
BLACK
6
CONTINUOUS
10
4.3559233464566924
20
-4.5102193700787403
11
4.3558931889763777
21
-4.5102193700787403
0
LINE
8
BLACK
6
CONTINUOUS
10
4.3558931889763777
20
-4.5102193700787403
11
4.3558718897637796
21
-4.5101980708661413
0
LINE
8
BLACK
6
CONTINUOUS
10
4.3558718897637796
20
-4.5101980708661413
11
4.3558688976377953
21
-4.5101829921259844
0
LINE
8
BLACK
6
CONTINUOUS
10
4.3558688976377953
20
-4.5101829921259844
11
4.3558688976377953
21
-4.5068496456692912
0
LINE
8
BLACK
6
CONTINUOUS
10
4.3558688976377953
20
-4.5068496456692912
11
4.3558718897637796
21
-4.5068345669291334
0
LINE
8
BLACK
6
CONTINUOUS
10
4.3558718897637796
20
-4.5068345669291334
11
4.3558931889763777
21
-4.5068132677165353
0
LINE
8
BLACK
6
CONTINUOUS
10
4.3558931889763777
20
-4.5068132677165353
11
4.3559233464566924
21
-4.5068132677165353
0
LINE
8
BLACK
6
CONTINUOUS
10
4.3559233464566924
20
-4.5068132677165353
11
4.3559446456692914
21
-4.5068345669291334
0
LINE
8
BLACK
6
CONTINUOUS
10
4.364243464566929
20
-4.5068106299212598
11
4.3642443700787403
21
-4.5068103543307085
0
LINE
8
BLACK
6
CONTINUOUS
10
4.3642443700787403
20
-4.5068103543307085
11
4.3642504330708665
21
-4.5068120078740153
0
LINE
8
BLACK
6
CONTINUOUS
10
4.3642504330708665
20
-4.5068120078740153
11
4.3642566535433067
21
-4.5068132677165353
0
LINE
8
BLACK
6
CONTINUOUS
10
4.3642566535433067
20
-4.5068132677165353
11
4.3642573228346455
21
-4.5068139370078741
0
LINE
8
BLACK
6
CONTINUOUS
10
4.3642573228346455
20
-4.5068139370078741
11
4.364259173228346
21
-4.5068144488188979
0
LINE
8
BLACK
6
CONTINUOUS
10
4.364259173228346
20
-4.5068144488188979
11
4.3647353937007871
21
-4.5070525590551176
0
LINE
8
BLACK
6
CONTINUOUS
10
4.3647353937007871
20
-4.5070525590551176
11
4.3647415354330708
21
-4.507057283464567
0
LINE
8
BLACK
6
CONTINUOUS
10
4.3647415354330708
20
-4.507057283464567
11
4.364743582677165
21
-4.5070579921259846
0
LINE
8
BLACK
6
CONTINUOUS
10
4.364743582677165
20
-4.5070579921259846
11
4.3647453149606301
21
-4.5070601968503938
0
LINE
8
BLACK
6
CONTINUOUS
10
4.3647453149606301
20
-4.5070601968503938
11
4.3647475590551181
21
-4.5070619685039368
0
LINE
8
BLACK
6
CONTINUOUS
10
4.3647475590551181
20
-4.5070619685039368
11
4.3647482283464569
21
-4.5070639763779523
0
LINE
8
BLACK
6
CONTINUOUS
10
4.3647482283464569
20
-4.5070639763779523
11
4.3647529921259842
21
-4.5070701574803147
0
LINE
8
BLACK
6
CONTINUOUS
10
4.3647529921259842
20
-4.5070701574803147
11
4.364991062992126
21
-4.5075462992125983
0
LINE
8
BLACK
6
CONTINUOUS
10
4.364991062992126
20
-4.5075462992125983
11
4.3649915748031498
21
-4.5075481889763775
0
LINE
8
BLACK
6
CONTINUOUS
10
4.3649915748031498
20
-4.5075481889763775
11
4.3649922440944877
21
-4.5075488582677163
0
LINE
8
BLACK
6
CONTINUOUS
10
4.3649922440944877
20
-4.5075488582677163
11
4.3649934251968503
21
-4.5075549606299212
0
LINE
8
BLACK
6
CONTINUOUS
10
4.3649934251968503
20
-4.5075549606299212
11
4.3649951574803145
21
-4.5075611417322836
0
LINE
8
BLACK
6
CONTINUOUS
10
4.3649951574803145
20
-4.5075611417322836
11
4.3649948425196845
21
-4.5075620078740153
0
LINE
8
BLACK
6
CONTINUOUS
10
4.3649948425196845
20
-4.5075620078740153
11
4.364995236220472
21
-4.5075639370078742
0
LINE
8
BLACK
6
CONTINUOUS
10
4.364995236220472
20
-4.5075639370078742
11
4.364995236220472
21
-4.5101829921259844
0
LINE
8
BLACK
6
CONTINUOUS
10
4.364995236220472
20
-4.5101829921259844
11
4.3649922440944877
21
-4.5101980708661413
0
LINE
8
BLACK
6
CONTINUOUS
10
4.3649922440944877
20
-4.5101980708661413
11
4.3649709448818896
21
-4.5102193700787403
0
LINE
8
BLACK
6
CONTINUOUS
10
4.3649709448818896
20
-4.5102193700787403
11
4.3649407874015749
21
-4.5102193700787403
0
LINE
8
BLACK
6
CONTINUOUS
10
4.3649407874015749
20
-4.5102193700787403
11
4.3649194881889759
21
-4.5101980708661413
0
LINE
8
BLACK
6
CONTINUOUS
10
4.3649194881889759
20
-4.5101980708661413
11
4.3649164960629916
21
-4.5101829921259844
0
LINE
8
BLACK
6
CONTINUOUS
10
4.3649164960629916
20
-4.5101829921259844
11
4.3649164960629916
21
-4.5075732283464562
0
LINE
8
BLACK
6
CONTINUOUS
10
4.3649164960629916
20
-4.5075732283464562
11
4.364688464566929
21
-4.5071171259842515
0
LINE
8
BLACK
6
CONTINUOUS
10
4.364688464566929
20
-4.5071171259842515
11
4.3642323228346456
21
-4.5068890157480315
0
LINE
8
BLACK
6
CONTINUOUS
10
4.3642323228346456
20
-4.5068890157480315
11
4.3635365354330711
21
-4.5068890157480315
0
LINE
8
BLACK
6
CONTINUOUS
10
4.3635365354330711
20
-4.5068890157480315
11
4.3630744488188977
21
-4.5071200393700783
0
LINE
8
BLACK
6
CONTINUOUS
10
4.3630744488188977
20
-4.5071200393700783
11
4.3628524015748029
21
-4.5073421259842519
0
LINE
8
BLACK
6
CONTINUOUS
10
4.3628524015748029
20
-4.5073421259842519
11
4.3628524015748029
21
-4.5101829921259844
0
LINE
8
BLACK
6
CONTINUOUS
10
4.3628524015748029
20
-4.5101829921259844
11
4.3628494094488186
21
-4.5101980708661413
0
LINE
8
BLACK
6
CONTINUOUS
10
4.3628494094488186
20
-4.5101980708661413
11
4.3628281102362205
21
-4.5102193700787403
0
LINE
8
BLACK
6
CONTINUOUS
10
4.3628281102362205
20
-4.5102193700787403
11
4.3627979527559058
21
-4.5102193700787403
0
LINE
8
BLACK
6
CONTINUOUS
10
4.3627979527559058
20
-4.5102193700787403
11
4.3627766535433068
21
-4.5101980708661413
0
LINE
8
BLACK
6
CONTINUOUS
10
4.3627766535433068
20
-4.5101980708661413
11
4.3627736614173225
21
-4.5101829921259844
0
LINE
8
BLACK
6
CONTINUOUS
10
4.3627736614173225
20
-4.5101829921259844
11
4.3627736614173225
21
-4.5068496456692912
0
LINE
8
BLACK
6
CONTINUOUS
10
4.3627736614173225
20
-4.5068496456692912
11
4.3627766535433068
21
-4.5068345669291334
0
LINE
8
BLACK
6
CONTINUOUS
10
4.3627766535433068
20
-4.5068345669291334
11
4.3627979527559058
21
-4.5068132677165353
0
LINE
8
BLACK
6
CONTINUOUS
10
4.3627979527559058
20
-4.5068132677165353
11
4.3628281102362205
21
-4.5068132677165353
0
LINE
8
BLACK
6
CONTINUOUS
10
4.3628281102362205
20
-4.5068132677165353
11
4.3628494094488186
21
-4.5068345669291334
0
LINE
8
BLACK
6
CONTINUOUS
10
4.3628494094488186
20
-4.5068345669291334
11
4.3628524015748029
21
-4.5068496456692912
0
LINE
8
BLACK
6
CONTINUOUS
10
4.3628524015748029
20
-4.5068496456692912
11
4.3628524015748029
21
-4.5072307874015749
0
LINE
8
BLACK
6
CONTINUOUS
10
4.3628524015748029
20
-4.5072307874015749
11
4.3630232677165353
21
-4.5070599212598426
0
LINE
8
BLACK
6
CONTINUOUS
10
4.3630232677165353
20
-4.5070599212598426
11
4.3630285826771651
21
-4.5070562992125982
0
LINE
8
BLACK
6
CONTINUOUS
10
4.3630285826771651
20
-4.5070562992125982
11
4.3630335039370074
21
-4.5070525590551176
0
LINE
8
BLACK
6
CONTINUOUS
10
4.3630335039370074
20
-4.5070525590551176
11
4.3635096850393698
21
-4.5068144488188979
0
LINE
8
BLACK
6
CONTINUOUS
10
4.3635096850393698
20
-4.5068144488188979
11
4.3635115354330711
21
-4.5068139370078741
0
LINE
8
BLACK
6
CONTINUOUS
10
4.3635115354330711
20
-4.5068139370078741
11
4.363512204724409
21
-4.5068132677165353
0
LINE
8
BLACK
6
CONTINUOUS
10
4.363512204724409
20
-4.5068132677165353
11
4.3635183858267714
21
-4.5068120078740153
0
LINE
8
BLACK
6
CONTINUOUS
10
4.3635183858267714
20
-4.5068120078740153
11
4.3635244881889763
21
-4.5068103543307085
0
LINE
8
BLACK
6
CONTINUOUS
10
4.3635244881889763
20
-4.5068103543307085
11
4.3635253543307089
21
-4.5068106299212598
0
LINE
8
BLACK
6
CONTINUOUS
10
4.3635253543307089
20
-4.5068106299212598
11
4.3635272834645669
21
-4.506810275590551
0
LINE
8
BLACK
6
CONTINUOUS
10
4.3635272834645669
20
-4.506810275590551
11
4.3642415748031498
21
-4.506810275590551
0
LINE
8
BLACK
6
CONTINUOUS
10
4.3642415748031498
20
-4.506810275590551
11
4.364243464566929
21
-4.5068106299212598
0
LINE
8
BLACK
6
CONTINUOUS
10
4.3714123228346455
20
-4.5096789763779528
11
4.3716503937007873
21
-4.5099170866141733
0
LINE
8
BLACK
6
CONTINUOUS
10
4.3716503937007873
20
-4.5099170866141733
11
4.371658937007874
21
-4.5099298425196848
0
LINE
8
BLACK
6
CONTINUOUS
10
4.371658937007874
20
-4.5099298425196848
11
4.371658937007874
21
-4.5099599606299208
0
LINE
8
BLACK
6
CONTINUOUS
10
4.371658937007874
20
-4.5099599606299208
11
4.3716503937007873
21
-4.5099727559055118
0
LINE
8
BLACK
6
CONTINUOUS
10
4.3716503937007873
20
-4.5099727559055118
11
4.3714123228346455
21
-4.5102108267716536
0
LINE
8
BLACK
6
CONTINUOUS
10
4.3714123228346455
20
-4.5102108267716536
11
4.3713995669291341
21
-4.5102193700787403
0
LINE
8
BLACK
6
CONTINUOUS
10
4.3713995669291341
20
-4.5102193700787403
11
4.3713694094488185
21
-4.5102193700787403
0
LINE
8
BLACK
6
CONTINUOUS
10
4.3713694094488185
20
-4.5102193700787403
11
4.371356653543307
21
-4.5102108267716536
0
LINE
8
BLACK
6
CONTINUOUS
10
4.371356653543307
20
-4.5102108267716536
11
4.3711185433070865
21
-4.5099727559055118
0
LINE
8
BLACK
6
CONTINUOUS
10
4.3711185433070865
20
-4.5099727559055118
11
4.3711099999999998
21
-4.5099599999999995
0
LINE
8
BLACK
6
CONTINUOUS
10
4.3711099999999998
20
-4.5099599999999995
11
4.3711099999999998
21
-4.5099298818897635
0
LINE
8
BLACK
6
CONTINUOUS
10
4.3711099999999998
20
-4.5099298818897635
11
4.3711099999999998
21
-4.5099298425196848
0
LINE
8
BLACK
6
CONTINUOUS
10
4.3711099999999998
20
-4.5099298425196848
11
4.3711185433070865
21
-4.5099170866141733
0
LINE
8
BLACK
6
CONTINUOUS
10
4.3711185433070865
20
-4.5099170866141733
11
4.371356653543307
21
-4.5096789763779528
0
LINE
8
BLACK
6
CONTINUOUS
10
4.371356653543307
20
-4.5096789763779528
11
4.3713694094488185
21
-4.5096704330708661
0
LINE
8
BLACK
6
CONTINUOUS
10
4.3713694094488185
20
-4.5096704330708661
11
4.3713995275590554
21
-4.5096704330708661
0
LINE
8
BLACK
6
CONTINUOUS
10
4.3713995275590554
20
-4.5096704330708661
11
4.3713995669291341
21
-4.5096704330708661
0
LINE
8
BLACK
6
CONTINUOUS
10
4.3713995669291341
20
-4.5096704330708661
11
4.3714123228346455
21
-4.5096789763779528
0
LINE
8
BLACK
6
CONTINUOUS
10
4.3712020472440942
20
-4.5099448818897638
11
4.3713451181102361
21
-4.5100879527559057
0
LINE
8
BLACK
6
CONTINUOUS
10
4.3713451181102361
20
-4.5100879527559057
11
4.3713451181102361
21
-4.5098018503937007
0
LINE
8
BLACK
6
CONTINUOUS
10
4.3713451181102361
20
-4.5098018503937007
11
4.3712020472440942
21
-4.5099448818897638
0
LINE
8
BLACK
6
CONTINUOUS
10
4.3714238582677165
20
-4.5100879527559057
11
4.3715668897637796
21
-4.5099448818897638
0
LINE
8
BLACK
6
CONTINUOUS
10
4.3715668897637796
20
-4.5099448818897638
11
4.3714238582677165
21
-4.5098018503937007
0
LINE
8
BLACK
6
CONTINUOUS
10
4.3714238582677165
20
-4.5098018503937007
11
4.3714238582677165
21
-4.5100879527559057
0
LINE
8
BLACK
6
CONTINUOUS
10
4.3923519291338584
20
-4.5068132677165353
11
4.3923732283464565
21
-4.5068345669291334
0
LINE
8
BLACK
6
CONTINUOUS
10
4.3923732283464565
20
-4.5068345669291334
11
4.3923732283464565
21
-4.5068647244094491
0
LINE
8
BLACK
6
CONTINUOUS
10
4.3923732283464565
20
-4.5068647244094491
11
4.3923519291338584
21
-4.5068860236220472
0
LINE
8
BLACK
6
CONTINUOUS
10
4.3923519291338584
20
-4.5068860236220472
11
4.3923368503937006
21
-4.5068890157480315
0
LINE
8
BLACK
6
CONTINUOUS
10
4.3923368503937006
20
-4.5068890157480315
11
4.3918699212598424
21
-4.5068890157480315
0
LINE
8
BLACK
6
CONTINUOUS
10
4.3918699212598424
20
-4.5068890157480315
11
4.3914078346456691
21
-4.5071200393700783
0
LINE
8
BLACK
6
CONTINUOUS
10
4.3914078346456691
20
-4.5071200393700783
11
4.3911787401574802
21
-4.5073491732283459
0
LINE
8
BLACK
6
CONTINUOUS
10
4.3911787401574802
20
-4.5073491732283459
11
4.3909476771653546
21
-4.507811299212598
0
LINE
8
BLACK
6
CONTINUOUS
10
4.3909476771653546
20
-4.507811299212598
11
4.3909476771653546
21
-4.5101829921259844
0
LINE
8
BLACK
6
CONTINUOUS
10
4.3909476771653546
20
-4.5101829921259844
11
4.3909446850393703
21
-4.5101980708661413
0
LINE
8
BLACK
6
CONTINUOUS
10
4.3909446850393703
20
-4.5101980708661413
11
4.3909233858267713
21
-4.5102193700787403
0
LINE
8
BLACK
6
CONTINUOUS
10
4.3909233858267713
20
-4.5102193700787403
11
4.3908932283464566
21
-4.5102193700787403
0
LINE
8
BLACK
6
CONTINUOUS
10
4.3908932283464566
20
-4.5102193700787403
11
4.3908719291338585
21
-4.5101980708661413
0
LINE
8
BLACK
6
CONTINUOUS
10
4.3908719291338585
20
-4.5101980708661413
11
4.3908689370078742
21
-4.5101829921259844
0
LINE
8
BLACK
6
CONTINUOUS
10
4.3908689370078742
20
-4.5101829921259844
11
4.3908689370078742
21
-4.5068496456692912
0
LINE
8
BLACK
6
CONTINUOUS
10
4.3908689370078742
20
-4.5068496456692912
11
4.3908719291338585
21
-4.5068345669291334
0
LINE
8
BLACK
6
CONTINUOUS
10
4.3908719291338585
20
-4.5068345669291334
11
4.3908932283464566
21
-4.5068132677165353
0
LINE
8
BLACK
6
CONTINUOUS
10
4.3908932283464566
20
-4.5068132677165353
11
4.3909233858267713
21
-4.5068132677165353
0
LINE
8
BLACK
6
CONTINUOUS
10
4.3909233858267713
20
-4.5068132677165353
11
4.3909446850393703
21
-4.5068345669291334
0
LINE
8
BLACK
6
CONTINUOUS
10
4.3909446850393703
20
-4.5068345669291334
11
4.3909476771653546
21
-4.5068496456692912
0
LINE
8
BLACK
6
CONTINUOUS
10
4.3909476771653546
20
-4.5068496456692912
11
4.3909476771653546
21
-4.5076352755905509
0
LINE
8
BLACK
6
CONTINUOUS
10
4.3909476771653546
20
-4.5076352755905509
11
4.3911111417322832
21
-4.5073082677165353
0
LINE
8
BLACK
6
CONTINUOUS
10
4.3911111417322832
20
-4.5073082677165353
11
4.3911150000000001
21
-4.5073032677165354
0
LINE
8
BLACK
6
CONTINUOUS
10
4.3911150000000001
20
-4.5073032677165354
11
4.391118543307087
21
-4.5072980314960631
0
LINE
8
BLACK
6
CONTINUOUS
10
4.391118543307087
20
-4.5072980314960631
11
4.3913566535433066
21
-4.5070599212598426
0
LINE
8
BLACK
6
CONTINUOUS
10
4.3913566535433066
20
-4.5070599212598426
11
4.3913619685039373
21
-4.5070562992125982
0
LINE
8
BLACK
6
CONTINUOUS
10
4.3913619685039373
20
-4.5070562992125982
11
4.3913668897637796
21
-4.5070525590551176
0
LINE
8
BLACK
6
CONTINUOUS
10
4.3913668897637796
20
-4.5070525590551176
11
4.391843070866142
21
-4.5068144488188979
0
LINE
8
BLACK
6
CONTINUOUS
10
4.391843070866142
20
-4.5068144488188979
11
4.3918449212598425
21
-4.5068139370078741
0
LINE
8
BLACK
6
CONTINUOUS
10
4.3918449212598425
20
-4.5068139370078741
11
4.3918455905511813
21
-4.5068132677165353
0
LINE
8
BLACK
6
CONTINUOUS
10
4.3918455905511813
20
-4.5068132677165353
11
4.3918517716535428
21
-4.5068120078740153
0
LINE
8
BLACK
6
CONTINUOUS
10
4.3918517716535428
20
-4.5068120078740153
11
4.3918578740157477
21
-4.5068103543307085
0
LINE
8
BLACK
6
CONTINUOUS
10
4.3918578740157477
20
-4.5068103543307085
11
4.3918587401574802
21
-4.5068106299212598
0
LINE
8
BLACK
6
CONTINUOUS
10
4.3918587401574802
20
-4.5068106299212598
11
4.3918606692913382
21
-4.506810275590551
0
LINE
8
BLACK
6
CONTINUOUS
10
4.3918606692913382
20
-4.506810275590551
11
4.3923368503937006
21
-4.506810275590551
0
LINE
8
BLACK
6
CONTINUOUS
10
4.3923368503937006
20
-4.506810275590551
11
4.3923519291338584
21
-4.5068132677165353
0
LINE
8
BLACK
6
CONTINUOUS
10
4.394039921259842
20
-4.5068345669291334
11
4.3940429133858263
21
-4.5068496456692912
0
LINE
8
BLACK
6
CONTINUOUS
10
4.3940429133858263
20
-4.5068496456692912
11
4.3940429133858263
21
-4.5101829921259844
0
LINE
8
BLACK
6
CONTINUOUS
10
4.3940429133858263
20
-4.5101829921259844
11
4.394039921259842
21
-4.5101980708661413
0
LINE
8
BLACK
6
CONTINUOUS
10
4.394039921259842
20
-4.5101980708661413
11
4.3940186220472439
21
-4.5102193700787403
0
LINE
8
BLACK
6
CONTINUOUS
10
4.3940186220472439
20
-4.5102193700787403
11
4.3939884645669292
21
-4.5102193700787403
0
LINE
8
BLACK
6
CONTINUOUS
10
4.3939884645669292
20
-4.5102193700787403
11
4.3939671653543302
21
-4.5101980708661413
0
LINE
8
BLACK
6
CONTINUOUS
10
4.3939671653543302
20
-4.5101980708661413
11
4.3939641732283468
21
-4.5101829921259844
0
LINE
8
BLACK
6
CONTINUOUS
10
4.3939641732283468
20
-4.5101829921259844
11
4.3939641732283468
21
-4.5068496456692912
0
LINE
8
BLACK
6
CONTINUOUS
10
4.3939641732283468
20
-4.5068496456692912
11
4.3939671653543302
21
-4.5068345669291334
0
LINE
8
BLACK
6
CONTINUOUS
10
4.3939671653543302
20
-4.5068345669291334
11
4.3939884645669292
21
-4.5068132677165353
0
LINE
8
BLACK
6
CONTINUOUS
10
4.3939884645669292
20
-4.5068132677165353
11
4.3940186220472439
21
-4.5068132677165353
0
LINE
8
BLACK
6
CONTINUOUS
10
4.3940186220472439
20
-4.5068132677165353
11
4.394039921259842
21
-4.5068345669291334
0
LINE
8
BLACK
6
CONTINUOUS
10
4.4009446850393701
20
-4.5051679133858267
11
4.4009476771653544
21
-4.5051829921259845
0
LINE
8
BLACK
6
CONTINUOUS
10
4.4009476771653544
20
-4.5051829921259845
11
4.4009476771653544
21
-4.5072307874015749
0
LINE
8
BLACK
6
CONTINUOUS
10
4.4009476771653544
20
-4.5072307874015749
11
4.4011185433070867
21
-4.5070599212598426
0
LINE
8
BLACK
6
CONTINUOUS
10
4.4011185433070867
20
-4.5070599212598426
11
4.4011238582677166
21
-4.5070562992125982
0
LINE
8
BLACK
6
CONTINUOUS
10
4.4011238582677166
20
-4.5070562992125982
11
4.4011287795275589
21
-4.5070525590551176
0
LINE
8
BLACK
6
CONTINUOUS
10
4.4011287795275589
20
-4.5070525590551176
11
4.4016049606299212
21
-4.5068144488188979
0
LINE
8
BLACK
6
CONTINUOUS
10
4.4016049606299212
20
-4.5068144488188979
11
4.4016068110236217
21
-4.5068139370078741
0
LINE
8
BLACK
6
CONTINUOUS
10
4.4016068110236217
20
-4.5068139370078741
11
4.4016074803149605
21
-4.5068132677165353
0
LINE
8
BLACK
6
CONTINUOUS
10
4.4016074803149605
20
-4.5068132677165353
11
4.4016136614173229
21
-4.5068120078740153
0
LINE
8
BLACK
6
CONTINUOUS
10
4.4016136614173229
20
-4.5068120078740153
11
4.4016197637795278
21
-4.5068103543307085
0
LINE
8
BLACK
6
CONTINUOUS
10
4.4016197637795278
20
-4.5068103543307085
11
4.4016206299212595
21
-4.5068106299212598
0
LINE
8
BLACK
6
CONTINUOUS
10
4.4016206299212595
20
-4.5068106299212598
11
4.4016225590551183
21
-4.506810275590551
0
LINE
8
BLACK
6
CONTINUOUS
10
4.4016225590551183
20
-4.506810275590551
11
4.4023368503937004
21
-4.506810275590551
0
LINE
8
BLACK
6
CONTINUOUS
10
4.4023368503937004
20
-4.506810275590551
11
4.4023387401574805
21
-4.5068106299212598
0
LINE
8
BLACK
6
CONTINUOUS
10
4.4023387401574805
20
-4.5068106299212598
11
4.4023396456692909
21
-4.5068103543307085
0
LINE
8
BLACK
6
CONTINUOUS
10
4.4023396456692909
20
-4.5068103543307085
11
4.4023457086614171
21
-4.5068120078740153
0
LINE
8
BLACK
6
CONTINUOUS
10
4.4023457086614171
20
-4.5068120078740153
11
4.4023519291338582
21
-4.5068132677165353
0
LINE
8
BLACK
6
CONTINUOUS
10
4.4023519291338582
20
-4.5068132677165353
11
4.402352598425197
21
-4.5068139370078741
0
LINE
8
BLACK
6
CONTINUOUS
10
4.402352598425197
20
-4.5068139370078741
11
4.4023544488188975
21
-4.5068144488188979
0
LINE
8
BLACK
6
CONTINUOUS
10
4.4023544488188975
20
-4.5068144488188979
11
4.4028306692913386
21
-4.5070525590551176
0
LINE
8
BLACK
6
CONTINUOUS
10
4.4028306692913386
20
-4.5070525590551176
11
4.4028368110236222
21
-4.507057283464567
0
LINE
8
BLACK
6
CONTINUOUS
10
4.4028368110236222
20
-4.507057283464567
11
4.4028388582677165
21
-4.5070579921259846
0
LINE
8
BLACK
6
CONTINUOUS
10
4.4028388582677165
20
-4.5070579921259846
11
4.4028405905511807
21
-4.5070601968503938
0
LINE
8
BLACK
6
CONTINUOUS
10
4.4028405905511807
20
-4.5070601968503938
11
4.4028428346456696
21
-4.5070619685039368
0
LINE
8
BLACK
6
CONTINUOUS
10
4.4028428346456696
20
-4.5070619685039368
11
4.4028435039370075
21
-4.5070639763779523
0
LINE
8
BLACK
6
CONTINUOUS
10
4.4028435039370075
20
-4.5070639763779523
11
4.4028482677165357
21
-4.5070701574803147
0
LINE
8
BLACK
6
CONTINUOUS
10
4.4028482677165357
20
-4.5070701574803147
11
4.4030863385826775
21
-4.5075462992125983
0
LINE
8
BLACK
6
CONTINUOUS
10
4.4030863385826775
20
-4.5075462992125983
11
4.4030868503937004
21
-4.5075481889763775
0
LINE
8
BLACK
6
CONTINUOUS
10
4.4030868503937004
20
-4.5075481889763775
11
4.4030875196850392
21
-4.5075488582677163
0
LINE
8
BLACK
6
CONTINUOUS
10
4.4030875196850392
20
-4.5075488582677163
11
4.4030887007874018
21
-4.5075549606299212
0
LINE
8
BLACK
6
CONTINUOUS
10
4.4030887007874018
20
-4.5075549606299212
11
4.403090433070866
21
-4.5075611417322836
0
LINE
8
BLACK
6
CONTINUOUS
10
4.403090433070866
20
-4.5075611417322836
11
4.403090118110236
21
-4.5075620078740153
0
LINE
8
BLACK
6
CONTINUOUS
10
4.403090118110236
20
-4.5075620078740153
11
4.4030905118110235
21
-4.5075639370078742
0
LINE
8
BLACK
6
CONTINUOUS
10
4.4030905118110235
20
-4.5075639370078742
11
4.4030905118110235
21
-4.5101829921259844
0
LINE
8
BLACK
6
CONTINUOUS
10
4.4030905118110235
20
-4.5101829921259844
11
4.4030875196850392
21
-4.5101980708661413
0
LINE
8
BLACK
6
CONTINUOUS
10
4.4030875196850392
20
-4.5101980708661413
11
4.4030662204724411
21
-4.5102193700787403
0
LINE
8
BLACK
6
CONTINUOUS
10
4.4030662204724411
20
-4.5102193700787403
11
4.4030360629921255
21
-4.5102193700787403
0
LINE
8
BLACK
6
CONTINUOUS
10
4.4030360629921255
20
-4.5102193700787403
11
4.4030147637795274
21
-4.5101980708661413
0
LINE
8
BLACK
6
CONTINUOUS
10
4.4030147637795274
20
-4.5101980708661413
11
4.4030117716535431
21
-4.5101829921259844
0
LINE
8
BLACK
6
CONTINUOUS
10
4.4030117716535431
20
-4.5101829921259844
11
4.4030117716535431
21
-4.5075732283464562
0
LINE
8
BLACK
6
CONTINUOUS
10
4.4030117716535431
20
-4.5075732283464562
11
4.4027837401574805
21
-4.5071171259842515
0
LINE
8
BLACK
6
CONTINUOUS
10
4.4027837401574805
20
-4.5071171259842515
11
4.4023275984251971
21
-4.5068890157480315
0
LINE
8
BLACK
6
CONTINUOUS
10
4.4023275984251971
20
-4.5068890157480315
11
4.4016318110236217
21
-4.5068890157480315
0
LINE
8
BLACK
6
CONTINUOUS
10
4.4016318110236217
20
-4.5068890157480315
11
4.4011697244094483
21
-4.5071200393700783
0
LINE
8
BLACK
6
CONTINUOUS
10
4.4011697244094483
20
-4.5071200393700783
11
4.4009476771653544
21
-4.5073421259842519
0
LINE
8
BLACK
6
CONTINUOUS
10
4.4009476771653544
20
-4.5073421259842519
11
4.4009476771653544
21
-4.5101829921259844
0
LINE
8
BLACK
6
CONTINUOUS
10
4.4009476771653544
20
-4.5101829921259844
11
4.4009446850393701
21
-4.5101980708661413
0
LINE
8
BLACK
6
CONTINUOUS
10
4.4009446850393701
20
-4.5101980708661413
11
4.4009233858267711
21
-4.5102193700787403
0
LINE
8
BLACK
6
CONTINUOUS
10
4.4009233858267711
20
-4.5102193700787403
11
4.4008932283464564
21
-4.5102193700787403
0
LINE
8
BLACK
6
CONTINUOUS
10
4.4008932283464564
20
-4.5102193700787403
11
4.4008719291338583
21
-4.5101980708661413
0
LINE
8
BLACK
6
CONTINUOUS
10
4.4008719291338583
20
-4.5101980708661413
11
4.400868937007874
21
-4.5101829921259844
0
LINE
8
BLACK
6
CONTINUOUS
10
4.400868937007874
20
-4.5101829921259844
11
4.400868937007874
21
-4.5051829921259845
0
LINE
8
BLACK
6
CONTINUOUS
10
4.400868937007874
20
-4.5051829921259845
11
4.4008719291338583
21
-4.5051679133858267
0
LINE
8
BLACK
6
CONTINUOUS
10
4.4008719291338583
20
-4.5051679133858267
11
4.4008932283464564
21
-4.5051466141732286
0
LINE
8
BLACK
6
CONTINUOUS
10
4.4008932283464564
20
-4.5051466141732286
11
4.4009233858267711
21
-4.5051466141732286
0
LINE
8
BLACK
6
CONTINUOUS
10
4.4009233858267711
20
-4.5051466141732286
11
4.4009446850393701
21
-4.5051679133858267
0
LINE
8
BLACK
6
CONTINUOUS
10
4.4175900393700784
20
-4.5068132677165353
11
4.4176113385826774
21
-4.5068345669291334
0
LINE
8
BLACK
6
CONTINUOUS
10
4.4176113385826774
20
-4.5068345669291334
11
4.4176113385826774
21
-4.5068647244094491
0
LINE
8
BLACK
6
CONTINUOUS
10
4.4176113385826774
20
-4.5068647244094491
11
4.4175900393700784
21
-4.5068860236220472
0
LINE
8
BLACK
6
CONTINUOUS
10
4.4175900393700784
20
-4.5068860236220472
11
4.4175749606299215
21
-4.5068890157480315
0
LINE
8
BLACK
6
CONTINUOUS
10
4.4175749606299215
20
-4.5068890157480315
11
4.4171080314960625
21
-4.5068890157480315
0
LINE
8
BLACK
6
CONTINUOUS
10
4.4171080314960625
20
-4.5068890157480315
11
4.41664594488189
21
-4.5071200393700783
0
LINE
8
BLACK
6
CONTINUOUS
10
4.41664594488189
20
-4.5071200393700783
11
4.4164168503937002
21
-4.5073491732283459
0
LINE
8
BLACK
6
CONTINUOUS
10
4.4164168503937002
20
-4.5073491732283459
11
4.4161857874015746
21
-4.507811299212598
0
LINE
8
BLACK
6
CONTINUOUS
10
4.4161857874015746
20
-4.507811299212598
11
4.4161857874015746
21
-4.5101829921259844
0
LINE
8
BLACK
6
CONTINUOUS
10
4.4161857874015746
20
-4.5101829921259844
11
4.4161827952755903
21
-4.5101980708661413
0
LINE
8
BLACK
6
CONTINUOUS
10
4.4161827952755903
20
-4.5101980708661413
11
4.4161614960629922
21
-4.5102193700787403
0
LINE
8
BLACK
6
CONTINUOUS
10
4.4161614960629922
20
-4.5102193700787403
11
4.4161313385826775
21
-4.5102193700787403
0
LINE
8
BLACK
6
CONTINUOUS
10
4.4161313385826775
20
-4.5102193700787403
11
4.4161100393700785
21
-4.5101980708661413
0
LINE
8
BLACK
6
CONTINUOUS
10
4.4161100393700785
20
-4.5101980708661413
11
4.4161070472440942
21
-4.5101829921259844
0
LINE
8
BLACK
6
CONTINUOUS
10
4.4161070472440942
20
-4.5101829921259844
11
4.4161070472440942
21
-4.5068496456692912
0
LINE
8
BLACK
6
CONTINUOUS
10
4.4161070472440942
20
-4.5068496456692912
11
4.4161100393700785
21
-4.5068345669291334
0
LINE
8
BLACK
6
CONTINUOUS
10
4.4161100393700785
20
-4.5068345669291334
11
4.4161313385826775
21
-4.5068132677165353
0
LINE
8
BLACK
6
CONTINUOUS
10
4.4161313385826775
20
-4.5068132677165353
11
4.4161614960629922
21
-4.5068132677165353
0
LINE
8
BLACK
6
CONTINUOUS
10
4.4161614960629922
20
-4.5068132677165353
11
4.4161827952755903
21
-4.5068345669291334
0
LINE
8
BLACK
6
CONTINUOUS
10
4.4161827952755903
20
-4.5068345669291334
11
4.4161857874015746
21
-4.5068496456692912
0
LINE
8
BLACK
6
CONTINUOUS
10
4.4161857874015746
20
-4.5068496456692912
11
4.4161857874015746
21
-4.5076352755905509
0
LINE
8
BLACK
6
CONTINUOUS
10
4.4161857874015746
20
-4.5076352755905509
11
4.4163492519685041
21
-4.5073082677165353
0
LINE
8
BLACK
6
CONTINUOUS
10
4.4163492519685041
20
-4.5073082677165353
11
4.4163531102362201
21
-4.5073032677165354
0
LINE
8
BLACK
6
CONTINUOUS
10
4.4163531102362201
20
-4.5073032677165354
11
4.416356653543307
21
-4.5072980314960631
0
LINE
8
BLACK
6
CONTINUOUS
10
4.416356653543307
20
-4.5072980314960631
11
4.4165947637795275
21
-4.5070599212598426
0
LINE
8
BLACK
6
CONTINUOUS
10
4.4165947637795275
20
-4.5070599212598426
11
4.4166000787401574
21
-4.5070562992125982
0
LINE
8
BLACK
6
CONTINUOUS
10
4.4166000787401574
20
-4.5070562992125982
11
4.4166049999999997
21
-4.5070525590551176
0
LINE
8
BLACK
6
CONTINUOUS
10
4.4166049999999997
20
-4.5070525590551176
11
4.417081181102362
21
-4.5068144488188979
0
LINE
8
BLACK
6
CONTINUOUS
10
4.417081181102362
20
-4.5068144488188979
11
4.4170830314960625
21
-4.5068139370078741
0
LINE
8
BLACK
6
CONTINUOUS
10
4.4170830314960625
20
-4.5068139370078741
11
4.4170837007874013
21
-4.5068132677165353
0
LINE
8
BLACK
6
CONTINUOUS
10
4.4170837007874013
20
-4.5068132677165353
11
4.4170898818897637
21
-4.5068120078740153
0
LINE
8
BLACK
6
CONTINUOUS
10
4.4170898818897637
20
-4.5068120078740153
11
4.4170959842519686
21
-4.5068103543307085
0
LINE
8
BLACK
6
CONTINUOUS
10
4.4170959842519686
20
-4.5068103543307085
11
4.4170968503937003
21
-4.5068106299212598
0
LINE
8
BLACK
6
CONTINUOUS
10
4.4170968503937003
20
-4.5068106299212598
11
4.4170987795275591
21
-4.506810275590551
0
LINE
8
BLACK
6
CONTINUOUS
10
4.4170987795275591
20
-4.506810275590551
11
4.4175749606299215
21
-4.506810275590551
0
LINE
8
BLACK
6
CONTINUOUS
10
4.4175749606299215
20
-4.506810275590551
11
4.4175900393700784
21
-4.5068132677165353
0
LINE
8
BLACK
6
CONTINUOUS
10
4.433304330708661
20
-4.5068132677165353
11
4.43332562992126
21
-4.5068345669291334
0
LINE
8
BLACK
6
CONTINUOUS
10
4.43332562992126
20
-4.5068345669291334
11
4.43332562992126
21
-4.5068647244094491
0
LINE
8
BLACK
6
CONTINUOUS
10
4.43332562992126
20
-4.5068647244094491
11
4.433304330708661
21
-4.5068860236220472
0
LINE
8
BLACK
6
CONTINUOUS
10
4.433304330708661
20
-4.5068860236220472
11
4.4332892519685041
21
-4.5068890157480315
0
LINE
8
BLACK
6
CONTINUOUS
10
4.4332892519685041
20
-4.5068890157480315
11
4.4328223228346459
21
-4.5068890157480315
0
LINE
8
BLACK
6
CONTINUOUS
10
4.4328223228346459
20
-4.5068890157480315
11
4.4323602362204726
21
-4.5071200393700783
0
LINE
8
BLACK
6
CONTINUOUS
10
4.4323602362204726
20
-4.5071200393700783
11
4.4321311417322837
21
-4.5073491732283459
0
LINE
8
BLACK
6
CONTINUOUS
10
4.4321311417322837
20
-4.5073491732283459
11
4.4319000787401572
21
-4.507811299212598
0
LINE
8
BLACK
6
CONTINUOUS
10
4.4319000787401572
20
-4.507811299212598
11
4.4319000787401572
21
-4.5101829921259844
0
LINE
8
BLACK
6
CONTINUOUS
10
4.4319000787401572
20
-4.5101829921259844
11
4.4318970866141729
21
-4.5101980708661413
0
LINE
8
BLACK
6
CONTINUOUS
10
4.4318970866141729
20
-4.5101980708661413
11
4.4318757874015748
21
-4.5102193700787403
0
LINE
8
BLACK
6
CONTINUOUS
10
4.4318757874015748
20
-4.5102193700787403
11
4.4318456299212601
21
-4.5102193700787403
0
LINE
8
BLACK
6
CONTINUOUS
10
4.4318456299212601
20
-4.5102193700787403
11
4.4318243307086611
21
-4.5101980708661413
0
LINE
8
BLACK
6
CONTINUOUS
10
4.4318243307086611
20
-4.5101980708661413
11
4.4318213385826768
21
-4.5101829921259844
0
LINE
8
BLACK
6
CONTINUOUS
10
4.4318213385826768
20
-4.5101829921259844
11
4.4318213385826768
21
-4.5068496456692912
0
LINE
8
BLACK
6
CONTINUOUS
10
4.4318213385826768
20
-4.5068496456692912
11
4.4318243307086611
21
-4.5068345669291334
0
LINE
8
BLACK
6
CONTINUOUS
10
4.4318243307086611
20
-4.5068345669291334
11
4.4318456299212601
21
-4.5068132677165353
0
LINE
8
BLACK
6
CONTINUOUS
10
4.4318456299212601
20
-4.5068132677165353
11
4.4318757874015748
21
-4.5068132677165353
0
LINE
8
BLACK
6
CONTINUOUS
10
4.4318757874015748
20
-4.5068132677165353
11
4.4318970866141729
21
-4.5068345669291334
0
LINE
8
BLACK
6
CONTINUOUS
10
4.4318970866141729
20
-4.5068345669291334
11
4.4319000787401572
21
-4.5068496456692912
0
LINE
8
BLACK
6
CONTINUOUS
10
4.4319000787401572
20
-4.5068496456692912
11
4.4319000787401572
21
-4.5076352755905509
0
LINE
8
BLACK
6
CONTINUOUS
10
4.4319000787401572
20
-4.5076352755905509
11
4.4320635433070867
21
-4.5073082677165353
0
LINE
8
BLACK
6
CONTINUOUS
10
4.4320635433070867
20
-4.5073082677165353
11
4.4320674015748027
21
-4.5073032677165354
0
LINE
8
BLACK
6
CONTINUOUS
10
4.4320674015748027
20
-4.5073032677165354
11
4.4320709448818896
21
-4.5072980314960631
0
LINE
8
BLACK
6
CONTINUOUS
10
4.4320709448818896
20
-4.5072980314960631
11
4.4323090551181101
21
-4.5070599212598426
0
LINE
8
BLACK
6
CONTINUOUS
10
4.4323090551181101
20
-4.5070599212598426
11
4.43231437007874
21
-4.5070562992125982
0
LINE
8
BLACK
6
CONTINUOUS
10
4.43231437007874
20
-4.5070562992125982
11
4.4323192913385823
21
-4.5070525590551176
0
LINE
8
BLACK
6
CONTINUOUS
10
4.4323192913385823
20
-4.5070525590551176
11
4.4327954724409446
21
-4.5068144488188979
0
LINE
8
BLACK
6
CONTINUOUS
10
4.4327954724409446
20
-4.5068144488188979
11
4.432797322834646
21
-4.5068139370078741
0
LINE
8
BLACK
6
CONTINUOUS
10
4.432797322834646
20
-4.5068139370078741
11
4.4327979921259839
21
-4.5068132677165353
0
LINE
8
BLACK
6
CONTINUOUS
10
4.4327979921259839
20
-4.5068132677165353
11
4.4328041732283463
21
-4.5068120078740153
0
LINE
8
BLACK
6
CONTINUOUS
10
4.4328041732283463
20
-4.5068120078740153
11
4.4328102755905512
21
-4.5068103543307085
0
LINE
8
BLACK
6
CONTINUOUS
10
4.4328102755905512
20
-4.5068103543307085
11
4.4328111417322837
21
-4.5068106299212598
0
LINE
8
BLACK
6
CONTINUOUS
10
4.4328111417322837
20
-4.5068106299212598
11
4.4328130708661417
21
-4.506810275590551
0
LINE
8
BLACK
6
CONTINUOUS
10
4.4328130708661417
20
-4.506810275590551
11
4.4332892519685041
21
-4.506810275590551
0
LINE
8
BLACK
6
CONTINUOUS
10
4.4332892519685041
20
-4.506810275590551
11
4.433304330708661
21
-4.5068132677165353
0
LINE
8
BLACK
6
CONTINUOUS
10
4.4476028346456689
20
-4.5096789763779528
11
4.4478409055118107
21
-4.5099170866141733
0
LINE
8
BLACK
6
CONTINUOUS
10
4.4478409055118107
20
-4.5099170866141733
11
4.4478494488188973
21
-4.5099298425196848
0
LINE
8
BLACK
6
CONTINUOUS
10
4.4478494488188973
20
-4.5099298425196848
11
4.4478494488188973
21
-4.5099599606299208
0
LINE
8
BLACK
6
CONTINUOUS
10
4.4478494488188973
20
-4.5099599606299208
11
4.4478409055118107
21
-4.5099727559055118
0
LINE
8
BLACK
6
CONTINUOUS
10
4.4478409055118107
20
-4.5099727559055118
11
4.4476028346456689
21
-4.5102108267716536
0
LINE
8
BLACK
6
CONTINUOUS
10
4.4476028346456689
20
-4.5102108267716536
11
4.4475900787401574
21
-4.5102193700787403
0
LINE
8
BLACK
6
CONTINUOUS
10
4.4475900787401574
20
-4.5102193700787403
11
4.4475599212598427
21
-4.5102193700787403
0
LINE
8
BLACK
6
CONTINUOUS
10
4.4475599212598427
20
-4.5102193700787403
11
4.4475471653543304
21
-4.5102108267716536
0
LINE
8
BLACK
6
CONTINUOUS
10
4.4475471653543304
20
-4.5102108267716536
11
4.4473090551181098
21
-4.5099727559055118
0
LINE
8
BLACK
6
CONTINUOUS
10
4.4473090551181098
20
-4.5099727559055118
11
4.4473005118110231
21
-4.5099599999999995
0
LINE
8
BLACK
6
CONTINUOUS
10
4.4473005118110231
20
-4.5099599999999995
11
4.4473005118110231
21
-4.5099298818897635
0
LINE
8
BLACK
6
CONTINUOUS
10
4.4473005118110231
20
-4.5099298818897635
11
4.4473005118110231
21
-4.5099298425196848
0
LINE
8
BLACK
6
CONTINUOUS
10
4.4473005118110231
20
-4.5099298425196848
11
4.4473090551181098
21
-4.5099170866141733
0
LINE
8
BLACK
6
CONTINUOUS
10
4.4473090551181098
20
-4.5099170866141733
11
4.4475471653543304
21
-4.5096789763779528
0
LINE
8
BLACK
6
CONTINUOUS
10
4.4475471653543304
20
-4.5096789763779528
11
4.4475599212598427
21
-4.5096704330708661
0
LINE
8
BLACK
6
CONTINUOUS
10
4.4475599212598427
20
-4.5096704330708661
11
4.4475900393700787
21
-4.5096704330708661
0
LINE
8
BLACK
6
CONTINUOUS
10
4.4475900393700787
20
-4.5096704330708661
11
4.4475900787401574
21
-4.5096704330708661
0
LINE
8
BLACK
6
CONTINUOUS
10
4.4475900787401574
20
-4.5096704330708661
11
4.4476028346456689
21
-4.5096789763779528
0
LINE
8
BLACK
6
CONTINUOUS
10
4.4473925590551184
20
-4.5099448818897638
11
4.4475356299212594
21
-4.5100879527559057
0
LINE
8
BLACK
6
CONTINUOUS
10
4.4475356299212594
20
-4.5100879527559057
11
4.4475356299212594
21
-4.5098018503937007
0
LINE
8
BLACK
6
CONTINUOUS
10
4.4475356299212594
20
-4.5098018503937007
11
4.4473925590551184
21
-4.5099448818897638
0
LINE
8
BLACK
6
CONTINUOUS
10
4.4476143700787398
20
-4.5100879527559057
11
4.4477574015748029
21
-4.5099448818897638
0
LINE
8
BLACK
6
CONTINUOUS
10
4.4477574015748029
20
-4.5099448818897638
11
4.4476143700787398
21
-4.5098018503937007
0
LINE
8
BLACK
6
CONTINUOUS
10
4.4476143700787398
20
-4.5098018503937007
11
4.4476143700787398
21
-4.5100879527559057
0
LINE
8
BLACK
6
CONTINUOUS
10
4.2545075984251968
20
-4.5051551574803153
11
4.2547456692913386
21
-4.5053932677165349
0
LINE
8
BLACK
6
CONTINUOUS
10
4.2547456692913386
20
-4.5053932677165349
11
4.2547542125984252
21
-4.5054060236220472
0
LINE
8
BLACK
6
CONTINUOUS
10
4.2547542125984252
20
-4.5054060236220472
11
4.2547542125984252
21
-4.5054361417322832
0
LINE
8
BLACK
6
CONTINUOUS
10
4.2547542125984252
20
-4.5054361417322832
11
4.2547456692913386
21
-4.5054489370078743
0
LINE
8
BLACK
6
CONTINUOUS
10
4.2547456692913386
20
-4.5054489370078743
11
4.2545075984251968
21
-4.5056870078740152
0
LINE
8
BLACK
6
CONTINUOUS
10
4.2545075984251968
20
-4.5056870078740152
11
4.2544948425196853
21
-4.5056955511811019
0
LINE
8
BLACK
6
CONTINUOUS
10
4.2544948425196853
20
-4.5056955511811019
11
4.2544646850393697
21
-4.5056955511811019
0
LINE
8
BLACK
6
CONTINUOUS
10
4.2544646850393697
20
-4.5056955511811019
11
4.2544519291338583
21
-4.5056870078740152
0
LINE
8
BLACK
6
CONTINUOUS
10
4.2544519291338583
20
-4.5056870078740152
11
4.2542138188976377
21
-4.5054489370078743
0
LINE
8
BLACK
6
CONTINUOUS
10
4.2542138188976377
20
-4.5054489370078743
11
4.2542052755905511
21
-4.505436181102362
0
LINE
8
BLACK
6
CONTINUOUS
10
4.2542052755905511
20
-4.505436181102362
11
4.2542052755905511
21
-4.505406062992126
0
LINE
8
BLACK
6
CONTINUOUS
10
4.2542052755905511
20
-4.505406062992126
11
4.2542052755905511
21
-4.5054060236220472
0
LINE
8
BLACK
6
CONTINUOUS
10
4.2542052755905511
20
-4.5054060236220472
11
4.2542138188976377
21
-4.5053932677165349
0
LINE
8
BLACK
6
CONTINUOUS
10
4.2542138188976377
20
-4.5053932677165349
11
4.2544519291338583
21
-4.5051551574803153
0
LINE
8
BLACK
6
CONTINUOUS
10
4.2544519291338583
20
-4.5051551574803153
11
4.2544646850393697
21
-4.5051466141732286
0
LINE
8
BLACK
6
CONTINUOUS
10
4.2544646850393697
20
-4.5051466141732286
11
4.2544948031496066
21
-4.5051466141732286
0
LINE
8
BLACK
6
CONTINUOUS
10
4.2544948031496066
20
-4.5051466141732286
11
4.2544948425196853
21
-4.5051466141732286
0
LINE
8
BLACK
6
CONTINUOUS
10
4.2544948425196853
20
-4.5051466141732286
11
4.2545075984251968
21
-4.5051551574803153
0
LINE
8
BLACK
6
CONTINUOUS
10
4.2542973228346455
20
-4.5054210629921263
11
4.2544403937007873
21
-4.5055641338582673
0
LINE
8
BLACK
6
CONTINUOUS
10
4.2544403937007873
20
-4.5055641338582673
11
4.2544403937007873
21
-4.5052780314960632
0
LINE
8
BLACK
6
CONTINUOUS
10
4.2544403937007873
20
-4.5052780314960632
11
4.2542973228346455
21
-4.5054210629921263
0
LINE
8
BLACK
6
CONTINUOUS
10
4.2545191338582677
20
-4.5055641338582673
11
4.2546621653543308
21
-4.5054210629921263
0
LINE
8
BLACK
6
CONTINUOUS
10
4.2546621653543308
20
-4.5054210629921263
11
4.2545191338582677
21
-4.5052780314960632
0
LINE
8
BLACK
6
CONTINUOUS
10
4.2545191338582677
20
-4.5052780314960632
11
4.2545191338582677
21
-4.5055641338582673
0
LINE
8
BLACK
6
CONTINUOUS
10
4.3559361023622047
20
-4.5051551574803153
11
4.3561741732283465
21
-4.5053932677165349
0
LINE
8
BLACK
6
CONTINUOUS
10
4.3561741732283465
20
-4.5053932677165349
11
4.3561827165354332
21
-4.5054060236220472
0
LINE
8
BLACK
6
CONTINUOUS
10
4.3561827165354332
20
-4.5054060236220472
11
4.3561827165354332
21
-4.5054361417322832
0
LINE
8
BLACK
6
CONTINUOUS
10
4.3561827165354332
20
-4.5054361417322832
11
4.3561741732283465
21
-4.5054489370078743
0
LINE
8
BLACK
6
CONTINUOUS
10
4.3561741732283465
20
-4.5054489370078743
11
4.3559361023622047
21
-4.5056870078740152
0
LINE
8
BLACK
6
CONTINUOUS
10
4.3559361023622047
20
-4.5056870078740152
11
4.3559233464566924
21
-4.5056955511811019
0
LINE
8
BLACK
6
CONTINUOUS
10
4.3559233464566924
20
-4.5056955511811019
11
4.3558931889763777
21
-4.5056955511811019
0
LINE
8
BLACK
6
CONTINUOUS
10
4.3558931889763777
20
-4.5056955511811019
11
4.3558804330708663
21
-4.5056870078740152
0
LINE
8
BLACK
6
CONTINUOUS
10
4.3558804330708663
20
-4.5056870078740152
11
4.3556423228346457
21
-4.5054489370078743
0
LINE
8
BLACK
6
CONTINUOUS
10
4.3556423228346457
20
-4.5054489370078743
11
4.355633779527559
21
-4.505436181102362
0
LINE
8
BLACK
6
CONTINUOUS
10
4.355633779527559
20
-4.505436181102362
11
4.355633779527559
21
-4.505406062992126
0
LINE
8
BLACK
6
CONTINUOUS
10
4.355633779527559
20
-4.505406062992126
11
4.355633779527559
21
-4.5054060236220472
0
LINE
8
BLACK
6
CONTINUOUS
10
4.355633779527559
20
-4.5054060236220472
11
4.3556423228346457
21
-4.5053932677165349
0
LINE
8
BLACK
6
CONTINUOUS
10
4.3556423228346457
20
-4.5053932677165349
11
4.3558804330708663
21
-4.5051551574803153
0
LINE
8
BLACK
6
CONTINUOUS
10
4.3558804330708663
20
-4.5051551574803153
11
4.3558931889763777
21
-4.5051466141732286
0
LINE
8
BLACK
6
CONTINUOUS
10
4.3558931889763777
20
-4.5051466141732286
11
4.3559233070866137
21
-4.5051466141732286
0
LINE
8
BLACK
6
CONTINUOUS
10
4.3559233070866137
20
-4.5051466141732286
11
4.3559233464566924
21
-4.5051466141732286
0
LINE
8
BLACK
6
CONTINUOUS
10
4.3559233464566924
20
-4.5051466141732286
11
4.3559361023622047
21
-4.5051551574803153
0
LINE
8
BLACK
6
CONTINUOUS
10
4.3557258267716534
20
-4.5054210629921263
11
4.3558688976377953
21
-4.5055641338582673
0
LINE
8
BLACK
6
CONTINUOUS
10
4.3558688976377953
20
-4.5055641338582673
11
4.3558688976377953
21
-4.5052780314960632
0
LINE
8
BLACK
6
CONTINUOUS
10
4.3558688976377953
20
-4.5052780314960632
11
4.3557258267716534
21
-4.5054210629921263
0
LINE
8
BLACK
6
CONTINUOUS
10
4.3559476377952757
20
-4.5055641338582673
11
4.3560906692913388
21
-4.5054210629921263
0
LINE
8
BLACK
6
CONTINUOUS
10
4.3560906692913388
20
-4.5054210629921263
11
4.3559476377952757
21
-4.5052780314960632
0
LINE
8
BLACK
6
CONTINUOUS
10
4.3559476377952757
20
-4.5052780314960632
11
4.3559476377952757
21
-4.5055641338582673
0
LINE
8
BLACK
6
CONTINUOUS
10
4.3940313779527562
20
-4.5051551574803153
11
4.3942694488188971
21
-4.5053932677165349
0
LINE
8
BLACK
6
CONTINUOUS
10
4.3942694488188971
20
-4.5053932677165349
11
4.3942779921259838
21
-4.5054060236220472
0
LINE
8
BLACK
6
CONTINUOUS
10
4.3942779921259838
20
-4.5054060236220472
11
4.3942779921259838
21
-4.5054361417322832
0
LINE
8
BLACK
6
CONTINUOUS
10
4.3942779921259838
20
-4.5054361417322832
11
4.3942694488188971
21
-4.5054489370078743
0
LINE
8
BLACK
6
CONTINUOUS
10
4.3942694488188971
20
-4.5054489370078743
11
4.3940313779527562
21
-4.5056870078740152
0
LINE
8
BLACK
6
CONTINUOUS
10
4.3940313779527562
20
-4.5056870078740152
11
4.3940186220472439
21
-4.5056955511811019
0
LINE
8
BLACK
6
CONTINUOUS
10
4.3940186220472439
20
-4.5056955511811019
11
4.3939884645669292
21
-4.5056955511811019
0
LINE
8
BLACK
6
CONTINUOUS
10
4.3939884645669292
20
-4.5056955511811019
11
4.3939757086614168
21
-4.5056870078740152
0
LINE
8
BLACK
6
CONTINUOUS
10
4.3939757086614168
20
-4.5056870078740152
11
4.3937375984251972
21
-4.5054489370078743
0
LINE
8
BLACK
6
CONTINUOUS
10
4.3937375984251972
20
-4.5054489370078743
11
4.3937290551181105
21
-4.505436181102362
0
LINE
8
BLACK
6
CONTINUOUS
10
4.3937290551181105
20
-4.505436181102362
11
4.3937290551181105
21
-4.505406062992126
0
LINE
8
BLACK
6
CONTINUOUS
10
4.3937290551181105
20
-4.505406062992126
11
4.3937290551181105
21
-4.5054060236220472
0
LINE
8
BLACK
6
CONTINUOUS
10
4.3937290551181105
20
-4.5054060236220472
11
4.3937375984251972
21
-4.5053932677165349
0
LINE
8
BLACK
6
CONTINUOUS
10
4.3937375984251972
20
-4.5053932677165349
11
4.3939757086614168
21
-4.5051551574803153
0
LINE
8
BLACK
6
CONTINUOUS
10
4.3939757086614168
20
-4.5051551574803153
11
4.3939884645669292
21
-4.5051466141732286
0
LINE
8
BLACK
6
CONTINUOUS
10
4.3939884645669292
20
-4.5051466141732286
11
4.3940185826771652
21
-4.5051466141732286
0
LINE
8
BLACK
6
CONTINUOUS
10
4.3940185826771652
20
-4.5051466141732286
11
4.3940186220472439
21
-4.5051466141732286
0
LINE
8
BLACK
6
CONTINUOUS
10
4.3940186220472439
20
-4.5051466141732286
11
4.3940313779527562
21
-4.5051551574803153
0
LINE
8
BLACK
6
CONTINUOUS
10
4.3938211023622049
20
-4.5054210629921263
11
4.3939641732283468
21
-4.5055641338582673
0
LINE
8
BLACK
6
CONTINUOUS
10
4.3939641732283468
20
-4.5055641338582673
11
4.3939641732283468
21
-4.5052780314960632
0
LINE
8
BLACK
6
CONTINUOUS
10
4.3939641732283468
20
-4.5052780314960632
11
4.3938211023622049
21
-4.5054210629921263
0
LINE
8
BLACK
6
CONTINUOUS
10
4.3940429133858263
20
-4.5055641338582673
11
4.3941859448818894
21
-4.5054210629921263
0
LINE
8
BLACK
6
CONTINUOUS
10
4.3941859448818894
20
-4.5054210629921263
11
4.3940429133858263
21
-4.5052780314960632
0
LINE
8
BLACK
6
CONTINUOUS
10
4.3940429133858263
20
-4.5052780314960632
11
4.3940429133858263
21
-4.5055641338582673
0
CIRCLE
8
BLACK
10
2.4921259842519685
20
-4.0639763779527556
40
0.0068897637795276
0
CIRCLE
8
BLACK
10
2.4921259842519685
20
-3.9639763779527559
40
0.0068897637795276
0
CIRCLE
8
BLACK
10
2.4921259842519685
20
-3.8639763779527558
40
0.0068897637795276
0
CIRCLE
8
BLACK
10
4.3700787401574805
20
-3.2598425196850394
40
0.0068897637795276
0
CIRCLE
8
BLACK
10
4.3700787401574805
20
-3.3598425196850394
40
0.0068897637795276
0
CIRCLE
8
BLACK
10
4.3700787401574805
20
-3.4598425196850391
40
0.0068897637795276
0
CIRCLE
8
BLACK
10
4.3700787401574805
20
-3.5598425196850392
40
0.0068897637795276
0
CIRCLE
8
BLACK
10
4.3700787401574805
20
-3.6598425196850393
40
0.0068897637795276
0
CIRCLE
8
BLACK
10
4.3700787401574805
20
-3.7598425196850394
40
0.0068897637795276
0
CIRCLE
8
BLACK
10
4.3700787401574805
20
-3.8598425196850394
40
0.0068897637795276
0
CIRCLE
8
BLACK
10
4.3700787401574805
20
-3.9598425196850391
40
0.0068897637795276
0
CIRCLE
8
BLACK
10
4.3700787401574805
20
-4.0598425196850396
40
0.0068897637795276
0
CIRCLE
8
BLACK
10
4.3700787401574805
20
-4.1598425196850393
40
0.0068897637795276
0
CIRCLE
8
BLACK
10
4.3700787401574805
20
-4.2598425196850389
40
0.0068897637795276
0
CIRCLE
8
BLACK
10
4.3700787401574805
20
-4.3598425196850394
40
0.0068897637795276
0
CIRCLE
8
BLACK
10
2.3399677952755904
20
-4.1555118110236222
40
0.0068897637795276
0
CIRCLE
8
BLACK
10
2.3399677952755904
20
-4.4507874015748028
40
0.0068897637795276
0
LINE
8
BLACK
6
CONTINUOUS
10
2.3611793307086613
20
-4.0738111811023625
11
2.3647273622047242
21
-4.0752808267716532
0
LINE
8
BLACK
6
CONTINUOUS
10
2.3647273622047242
20
-4.0752808267716532
11
2.3674428740157478
21
-4.0779963385826772
0
LINE
8
BLACK
6
CONTINUOUS
10
2.3674428740157478
20
-4.0779963385826772
11
2.3689125196850394
21
-4.0815443700787402
0
LINE
8
BLACK
6
CONTINUOUS
10
2.3689125196850394
20
-4.0815443700787402
11
2.3689125196850394
21
-4.0853847637795271
0
LINE
8
BLACK
6
CONTINUOUS
10
2.3689125196850394
20
-4.0853847637795271
11
2.3674428740157478
21
-4.0889327952755901
0
LINE
8
BLACK
6
CONTINUOUS
10
2.3674428740157478
20
-4.0889327952755901
11
2.3647273622047242
21
-4.0916483070866141
0
LINE
8
BLACK
6
CONTINUOUS
10
2.3647273622047242
20
-4.0916483070866141
11
2.3611793307086613
21
-4.0931179527559056
0
LINE
8
BLACK
6
CONTINUOUS
10
2.3611793307086613
20
-4.0931179527559056
11
2.3592591338582678
21
-4.093307086614173
0
LINE
8
BLACK
6
CONTINUOUS
10
2.3592591338582678
20
-4.093307086614173
11
2.3139835433070868
21
-4.093307086614173
0
LINE
8
BLACK
6
CONTINUOUS
10
2.3139835433070868
20
-4.093307086614173
11
2.3120633464566929
21
-4.0931179527559056
0
LINE
8
BLACK
6
CONTINUOUS
10
2.3120633464566929
20
-4.0931179527559056
11
2.3085153149606299
21
-4.0916483070866141
0
LINE
8
BLACK
6
CONTINUOUS
10
2.3085153149606299
20
-4.0916483070866141
11
2.3057998031496063
21
-4.0889327952755901
0
LINE
8
BLACK
6
CONTINUOUS
10
2.3057998031496063
20
-4.0889327952755901
11
2.3043301574803148
21
-4.0853847637795271
0
LINE
8
BLACK
6
CONTINUOUS
10
2.3043301574803148
20
-4.0853847637795271
11
2.3043301574803148
21
-4.0815443700787402
0
LINE
8
BLACK
6
CONTINUOUS
10
2.3043301574803148
20
-4.0815443700787402
11
2.3057998031496063
21
-4.0779963385826772
0
LINE
8
BLACK
6
CONTINUOUS
10
2.3057998031496063
20
-4.0779963385826772
11
2.3085153149606299
21
-4.0752808267716532
0
LINE
8
BLACK
6
CONTINUOUS
10
2.3085153149606299
20
-4.0752808267716532
11
2.3120633464566929
21
-4.0738111811023625
0
LINE
8
BLACK
6
CONTINUOUS
10
2.3120633464566929
20
-4.0738111811023625
11
2.3139835433070868
21
-4.0736220472440943
0
LINE
8
BLACK
6
CONTINUOUS
10
2.3139835433070868
20
-4.0736220472440943
11
2.3592591338582678
21
-4.0736220472440943
0
LINE
8
BLACK
6
CONTINUOUS
10
2.3592591338582678
20
-4.0736220472440943
11
2.3611793307086613
21
-4.0738111811023625
0
LINE
8
BLACK
6
CONTINUOUS
10
2.1773210629921258
20
-4.0738111811023625
11
2.1808690944881888
21
-4.0752808267716532
0
LINE
8
BLACK
6
CONTINUOUS
10
2.1808690944881888
20
-4.0752808267716532
11
2.1835846062992124
21
-4.0779963385826772
0
LINE
8
BLACK
6
CONTINUOUS
10
2.1835846062992124
20
-4.0779963385826772
11
2.1850542519685039
21
-4.0815443700787402
0
LINE
8
BLACK
6
CONTINUOUS
10
2.1850542519685039
20
-4.0815443700787402
11
2.1850542519685039
21
-4.0853847637795271
0
LINE
8
BLACK
6
CONTINUOUS
10
2.1850542519685039
20
-4.0853847637795271
11
2.1835846062992124
21
-4.0889327952755901
0
LINE
8
BLACK
6
CONTINUOUS
10
2.1835846062992124
20
-4.0889327952755901
11
2.1808690944881888
21
-4.0916483070866141
0
LINE
8
BLACK
6
CONTINUOUS
10
2.1808690944881888
20
-4.0916483070866141
11
2.1773210629921258
21
-4.0931179527559056
0
LINE
8
BLACK
6
CONTINUOUS
10
2.1773210629921258
20
-4.0931179527559056
11
2.1754008661417323
21
-4.093307086614173
0
LINE
8
BLACK
6
CONTINUOUS
10
2.1754008661417323
20
-4.093307086614173
11
2.1301252755905513
21
-4.093307086614173
0
LINE
8
BLACK
6
CONTINUOUS
10
2.1301252755905513
20
-4.093307086614173
11
2.1282050787401574
21
-4.0931179527559056
0
LINE
8
BLACK
6
CONTINUOUS
10
2.1282050787401574
20
-4.0931179527559056
11
2.1246570472440944
21
-4.0916483070866141
0
LINE
8
BLACK
6
CONTINUOUS
10
2.1246570472440944
20
-4.0916483070866141
11
2.1219415354330708
21
-4.0889327952755901
0
LINE
8
BLACK
6
CONTINUOUS
10
2.1219415354330708
20
-4.0889327952755901
11
2.1204718897637793
21
-4.0853847637795271
0
LINE
8
BLACK
6
CONTINUOUS
10
2.1204718897637793
20
-4.0853847637795271
11
2.1204718897637793
21
-4.0815443700787402
0
LINE
8
BLACK
6
CONTINUOUS
10
2.1204718897637793
20
-4.0815443700787402
11
2.1219415354330708
21
-4.0779963385826772
0
LINE
8
BLACK
6
CONTINUOUS
10
2.1219415354330708
20
-4.0779963385826772
11
2.1246570472440944
21
-4.0752808267716532
0
LINE
8
BLACK
6
CONTINUOUS
10
2.1246570472440944
20
-4.0752808267716532
11
2.1282050787401574
21
-4.0738111811023625
0
LINE
8
BLACK
6
CONTINUOUS
10
2.1282050787401574
20
-4.0738111811023625
11
2.1301252755905513
21
-4.0736220472440943
0
LINE
8
BLACK
6
CONTINUOUS
10
2.1301252755905513
20
-4.0736220472440943
11
2.1754008661417323
21
-4.0736220472440943
0
LINE
8
BLACK
6
CONTINUOUS
10
2.1754008661417323
20
-4.0736220472440943
11
2.1773210629921258
21
-4.0738111811023625
0
LINE
8
BLACK
6
CONTINUOUS
10
2.3611793307086613
20
-4.5131812598425194
11
2.3647273622047242
21
-4.5146509055118109
0
LINE
8
BLACK
6
CONTINUOUS
10
2.3647273622047242
20
-4.5146509055118109
11
2.3674428740157478
21
-4.5173664173228349
0
LINE
8
BLACK
6
CONTINUOUS
10
2.3674428740157478
20
-4.5173664173228349
11
2.3689125196850394
21
-4.5209144488188979
0
LINE
8
BLACK
6
CONTINUOUS
10
2.3689125196850394
20
-4.5209144488188979
11
2.3689125196850394
21
-4.5247548425196848
0
LINE
8
BLACK
6
CONTINUOUS
10
2.3689125196850394
20
-4.5247548425196848
11
2.3674428740157478
21
-4.5283028740157478
0
LINE
8
BLACK
6
CONTINUOUS
10
2.3674428740157478
20
-4.5283028740157478
11
2.3647273622047242
21
-4.5310183858267719
0
LINE
8
BLACK
6
CONTINUOUS
10
2.3647273622047242
20
-4.5310183858267719
11
2.3611793307086613
21
-4.5324880314960625
0
LINE
8
BLACK
6
CONTINUOUS
10
2.3611793307086613
20
-4.5324880314960625
11
2.3592591338582678
21
-4.5326771653543307
0
LINE
8
BLACK
6
CONTINUOUS
10
2.3592591338582678
20
-4.5326771653543307
11
2.3139835433070868
21
-4.5326771653543307
0
LINE
8
BLACK
6
CONTINUOUS
10
2.3139835433070868
20
-4.5326771653543307
11
2.3120633464566929
21
-4.5324880314960625
0
LINE
8
BLACK
6
CONTINUOUS
10
2.3120633464566929
20
-4.5324880314960625
11
2.3085153149606299
21
-4.5310183858267719
0
LINE
8
BLACK
6
CONTINUOUS
10
2.3085153149606299
20
-4.5310183858267719
11
2.3057998031496063
21
-4.5283028740157478
0
LINE
8
BLACK
6
CONTINUOUS
10
2.3057998031496063
20
-4.5283028740157478
11
2.3043301574803148
21
-4.5247548425196848
0
LINE
8
BLACK
6
CONTINUOUS
10
2.3043301574803148
20
-4.5247548425196848
11
2.3043301574803148
21
-4.5209144488188979
0
LINE
8
BLACK
6
CONTINUOUS
10
2.3043301574803148
20
-4.5209144488188979
11
2.3057998031496063
21
-4.5173664173228349
0
LINE
8
BLACK
6
CONTINUOUS
10
2.3057998031496063
20
-4.5173664173228349
11
2.3085153149606299
21
-4.5146509055118109
0
LINE
8
BLACK
6
CONTINUOUS
10
2.3085153149606299
20
-4.5146509055118109
11
2.3120633464566929
21
-4.5131812598425194
0
LINE
8
BLACK
6
CONTINUOUS
10
2.3120633464566929
20
-4.5131812598425194
11
2.3139835433070868
21
-4.512992125984252
0
LINE
8
BLACK
6
CONTINUOUS
10
2.3139835433070868
20
-4.512992125984252
11
2.3592591338582678
21
-4.512992125984252
0
LINE
8
BLACK
6
CONTINUOUS
10
2.3592591338582678
20
-4.512992125984252
11
2.3611793307086613
21
-4.5131812598425194
0
LINE
8
BLACK
6
CONTINUOUS
10
2.1769273622047245
20
-4.5131812598425194
11
2.1804753937007875
21
-4.5146509055118109
0
LINE
8
BLACK
6
CONTINUOUS
10
2.1804753937007875
20
-4.5146509055118109
11
2.1831909055118111
21
-4.5173664173228349
0
LINE
8
BLACK
6
CONTINUOUS
10
2.1831909055118111
20
-4.5173664173228349
11
2.1846605511811021
21
-4.5209144488188979
0
LINE
8
BLACK
6
CONTINUOUS
10
2.1846605511811021
20
-4.5209144488188979
11
2.1846605511811021
21
-4.5247548425196848
0
LINE
8
BLACK
6
CONTINUOUS
10
2.1846605511811021
20
-4.5247548425196848
11
2.1831909055118111
21
-4.5283028740157478
0
LINE
8
BLACK
6
CONTINUOUS
10
2.1831909055118111
20
-4.5283028740157478
11
2.1804753937007875
21
-4.5310183858267719
0
LINE
8
BLACK
6
CONTINUOUS
10
2.1804753937007875
20
-4.5310183858267719
11
2.1769273622047245
21
-4.5324880314960625
0
LINE
8
BLACK
6
CONTINUOUS
10
2.1769273622047245
20
-4.5324880314960625
11
2.1750071653543306
21
-4.5326771653543307
0
LINE
8
BLACK
6
CONTINUOUS
10
2.1750071653543306
20
-4.5326771653543307
11
2.1297315748031496
21
-4.5326771653543307
0
LINE
8
BLACK
6
CONTINUOUS
10
2.1297315748031496
20
-4.5326771653543307
11
2.1278113779527557
21
-4.5324880314960625
0
LINE
8
BLACK
6
CONTINUOUS
10
2.1278113779527557
20
-4.5324880314960625
11
2.1242633464566927
21
-4.5310183858267719
0
LINE
8
BLACK
6
CONTINUOUS
10
2.1242633464566927
20
-4.5310183858267719
11
2.1215478346456691
21
-4.5283028740157478
0
LINE
8
BLACK
6
CONTINUOUS
10
2.1215478346456691
20
-4.5283028740157478
11
2.120078188976378
21
-4.5247548425196848
0
LINE
8
BLACK
6
CONTINUOUS
10
2.120078188976378
20
-4.5247548425196848
11
2.120078188976378
21
-4.5209144488188979
0
LINE
8
BLACK
6
CONTINUOUS
10
2.120078188976378
20
-4.5209144488188979
11
2.1215478346456691
21
-4.5173664173228349
0
LINE
8
BLACK
6
CONTINUOUS
10
2.1215478346456691
20
-4.5173664173228349
11
2.1242633464566927
21
-4.5146509055118109
0
LINE
8
BLACK
6
CONTINUOUS
10
2.1242633464566927
20
-4.5146509055118109
11
2.1278113779527557
21
-4.5131812598425194
0
LINE
8
BLACK
6
CONTINUOUS
10
2.1278113779527557
20
-4.5131812598425194
11
2.1297315748031496
21
-4.512992125984252
0
LINE
8
BLACK
6
CONTINUOUS
10
2.1297315748031496
20
-4.512992125984252
11
2.1750071653543306
21
-4.512992125984252
0
LINE
8
BLACK
6
CONTINUOUS
10
2.1750071653543306
20
-4.512992125984252
11
2.1769273622047245
21
-4.5131812598425194
0
CIRCLE
8
BLACK
10
2.34015
20
-3.405574803149606
40
0.0068897637795276
0
CIRCLE
8
BLACK
10
2.34015
20
-3.7008503937007875
40
0.0068897637795276
0
LINE
8
BLACK
6
CONTINUOUS
10
2.3613615354330708
20
-3.3238741732283463
11
2.3649095669291338
21
-3.3253438188976379
0
LINE
8
BLACK
6
CONTINUOUS
10
2.3649095669291338
20
-3.3253438188976379
11
2.3676250787401574
21
-3.3280593307086614
0
LINE
8
BLACK
6
CONTINUOUS
10
2.3676250787401574
20
-3.3280593307086614
11
2.3690947244094489
21
-3.3316073622047244
0
LINE
8
BLACK
6
CONTINUOUS
10
2.3690947244094489
20
-3.3316073622047244
11
2.3690947244094489
21
-3.3354477559055118
0
LINE
8
BLACK
6
CONTINUOUS
10
2.3690947244094489
20
-3.3354477559055118
11
2.3676250787401574
21
-3.3389957874015748
0
LINE
8
BLACK
6
CONTINUOUS
10
2.3676250787401574
20
-3.3389957874015748
11
2.3649095669291338
21
-3.3417112992125984
0
LINE
8
BLACK
6
CONTINUOUS
10
2.3649095669291338
20
-3.3417112992125984
11
2.3613615354330708
21
-3.3431809448818899
0
LINE
8
BLACK
6
CONTINUOUS
10
2.3613615354330708
20
-3.3431809448818899
11
2.3594413385826769
21
-3.3433700787401572
0
LINE
8
BLACK
6
CONTINUOUS
10
2.3594413385826769
20
-3.3433700787401572
11
2.3141657480314959
21
-3.3433700787401572
0
LINE
8
BLACK
6
CONTINUOUS
10
2.3141657480314959
20
-3.3433700787401572
11
2.3122455511811024
21
-3.3431809448818899
0
LINE
8
BLACK
6
CONTINUOUS
10
2.3122455511811024
20
-3.3431809448818899
11
2.3086975196850394
21
-3.3417112992125984
0
LINE
8
BLACK
6
CONTINUOUS
10
2.3086975196850394
20
-3.3417112992125984
11
2.3059820078740159
21
-3.3389957874015748
0
LINE
8
BLACK
6
CONTINUOUS
10
2.3059820078740159
20
-3.3389957874015748
11
2.3045123622047243
21
-3.3354477559055118
0
LINE
8
BLACK
6
CONTINUOUS
10
2.3045123622047243
20
-3.3354477559055118
11
2.3045123622047243
21
-3.3316073622047244
0
LINE
8
BLACK
6
CONTINUOUS
10
2.3045123622047243
20
-3.3316073622047244
11
2.3059820078740159
21
-3.3280593307086614
0
LINE
8
BLACK
6
CONTINUOUS
10
2.3059820078740159
20
-3.3280593307086614
11
2.3086975196850394
21
-3.3253438188976379
0
LINE
8
BLACK
6
CONTINUOUS
10
2.3086975196850394
20
-3.3253438188976379
11
2.3122455511811024
21
-3.3238741732283463
0
LINE
8
BLACK
6
CONTINUOUS
10
2.3122455511811024
20
-3.3238741732283463
11
2.3141657480314959
21
-3.3236850393700785
0
LINE
8
BLACK
6
CONTINUOUS
10
2.3141657480314959
20
-3.3236850393700785
11
2.3594413385826769
21
-3.3236850393700785
0
LINE
8
BLACK
6
CONTINUOUS
10
2.3594413385826769
20
-3.3236850393700785
11
2.3613615354330708
21
-3.3238741732283463
0
LINE
8
BLACK
6
CONTINUOUS
10
2.1775032677165354
20
-3.3238741732283463
11
2.1810512992125983
21
-3.3253438188976379
0
LINE
8
BLACK
6
CONTINUOUS
10
2.1810512992125983
20
-3.3253438188976379
11
2.1837668110236219
21
-3.3280593307086614
0
LINE
8
BLACK
6
CONTINUOUS
10
2.1837668110236219
20
-3.3280593307086614
11
2.1852364566929134
21
-3.3316073622047244
0
LINE
8
BLACK
6
CONTINUOUS
10
2.1852364566929134
20
-3.3316073622047244
11
2.1852364566929134
21
-3.3354477559055118
0
LINE
8
BLACK
6
CONTINUOUS
10
2.1852364566929134
20
-3.3354477559055118
11
2.1837668110236219
21
-3.3389957874015748
0
LINE
8
BLACK
6
CONTINUOUS
10
2.1837668110236219
20
-3.3389957874015748
11
2.1810512992125983
21
-3.3417112992125984
0
LINE
8
BLACK
6
CONTINUOUS
10
2.1810512992125983
20
-3.3417112992125984
11
2.1775032677165354
21
-3.3431809448818899
0
LINE
8
BLACK
6
CONTINUOUS
10
2.1775032677165354
20
-3.3431809448818899
11
2.1755830708661419
21
-3.3433700787401572
0
LINE
8
BLACK
6
CONTINUOUS
10
2.1755830708661419
20
-3.3433700787401572
11
2.1303074803149604
21
-3.3433700787401572
0
LINE
8
BLACK
6
CONTINUOUS
10
2.1303074803149604
20
-3.3433700787401572
11
2.128387283464567
21
-3.3431809448818899
0
LINE
8
BLACK
6
CONTINUOUS
10
2.128387283464567
20
-3.3431809448818899
11
2.124839251968504
21
-3.3417112992125984
0
LINE
8
BLACK
6
CONTINUOUS
10
2.124839251968504
20
-3.3417112992125984
11
2.1221237401574804
21
-3.3389957874015748
0
LINE
8
BLACK
6
CONTINUOUS
10
2.1221237401574804
20
-3.3389957874015748
11
2.1206540944881889
21
-3.3354477559055118
0
LINE
8
BLACK
6
CONTINUOUS
10
2.1206540944881889
20
-3.3354477559055118
11
2.1206540944881889
21
-3.3316073622047244
0
LINE
8
BLACK
6
CONTINUOUS
10
2.1206540944881889
20
-3.3316073622047244
11
2.1221237401574804
21
-3.3280593307086614
0
LINE
8
BLACK
6
CONTINUOUS
10
2.1221237401574804
20
-3.3280593307086614
11
2.124839251968504
21
-3.3253438188976379
0
LINE
8
BLACK
6
CONTINUOUS
10
2.124839251968504
20
-3.3253438188976379
11
2.128387283464567
21
-3.3238741732283463
0
LINE
8
BLACK
6
CONTINUOUS
10
2.128387283464567
20
-3.3238741732283463
11
2.1303074803149604
21
-3.3236850393700785
0
LINE
8
BLACK
6
CONTINUOUS
10
2.1303074803149604
20
-3.3236850393700785
11
2.1755830708661419
21
-3.3236850393700785
0
LINE
8
BLACK
6
CONTINUOUS
10
2.1755830708661419
20
-3.3236850393700785
11
2.1775032677165354
21
-3.3238741732283463
0
LINE
8
BLACK
6
CONTINUOUS
10
2.3613615354330708
20
-3.7632442519685037
11
2.3649095669291338
21
-3.7647138976377952
0
LINE
8
BLACK
6
CONTINUOUS
10
2.3649095669291338
20
-3.7647138976377952
11
2.3676250787401574
21
-3.7674294094488188
0
LINE
8
BLACK
6
CONTINUOUS
10
2.3676250787401574
20
-3.7674294094488188
11
2.3690947244094489
21
-3.7709774409448817
0
LINE
8
BLACK
6
CONTINUOUS
10
2.3690947244094489
20
-3.7709774409448817
11
2.3690947244094489
21
-3.7748178346456691
0
LINE
8
BLACK
6
CONTINUOUS
10
2.3690947244094489
20
-3.7748178346456691
11
2.3676250787401574
21
-3.7783658661417321
0
LINE
8
BLACK
6
CONTINUOUS
10
2.3676250787401574
20
-3.7783658661417321
11
2.3649095669291338
21
-3.7810813779527557
0
LINE
8
BLACK
6
CONTINUOUS
10
2.3649095669291338
20
-3.7810813779527557
11
2.3613615354330708
21
-3.7825510236220472
0
LINE
8
BLACK
6
CONTINUOUS
10
2.3613615354330708
20
-3.7825510236220472
11
2.3594413385826769
21
-3.782740157480315
0
LINE
8
BLACK
6
CONTINUOUS
10
2.3594413385826769
20
-3.782740157480315
11
2.3141657480314959
21
-3.782740157480315
0
LINE
8
BLACK
6
CONTINUOUS
10
2.3141657480314959
20
-3.782740157480315
11
2.3122455511811024
21
-3.7825510236220472
0
LINE
8
BLACK
6
CONTINUOUS
10
2.3122455511811024
20
-3.7825510236220472
11
2.3086975196850394
21
-3.7810813779527557
0
LINE
8
BLACK
6
CONTINUOUS
10
2.3086975196850394
20
-3.7810813779527557
11
2.3059820078740159
21
-3.7783658661417321
0
LINE
8
BLACK
6
CONTINUOUS
10
2.3059820078740159
20
-3.7783658661417321
11
2.3045123622047243
21
-3.7748178346456691
0
LINE
8
BLACK
6
CONTINUOUS
10
2.3045123622047243
20
-3.7748178346456691
11
2.3045123622047243
21
-3.7709774409448817
0
LINE
8
BLACK
6
CONTINUOUS
10
2.3045123622047243
20
-3.7709774409448817
11
2.3059820078740159
21
-3.7674294094488188
0
LINE
8
BLACK
6
CONTINUOUS
10
2.3059820078740159
20
-3.7674294094488188
11
2.3086975196850394
21
-3.7647138976377952
0
LINE
8
BLACK
6
CONTINUOUS
10
2.3086975196850394
20
-3.7647138976377952
11
2.3122455511811024
21
-3.7632442519685037
0
LINE
8
BLACK
6
CONTINUOUS
10
2.3122455511811024
20
-3.7632442519685037
11
2.3141657480314959
21
-3.7630551181102363
0
LINE
8
BLACK
6
CONTINUOUS
10
2.3141657480314959
20
-3.7630551181102363
11
2.3594413385826769
21
-3.7630551181102363
0
LINE
8
BLACK
6
CONTINUOUS
10
2.3594413385826769
20
-3.7630551181102363
11
2.3613615354330708
21
-3.7632442519685037
0
LINE
8
BLACK
6
CONTINUOUS
10
2.1771095669291336
20
-3.7632442519685037
11
2.180657598425197
21
-3.7647138976377952
0
LINE
8
BLACK
6
CONTINUOUS
10
2.180657598425197
20
-3.7647138976377952
11
2.1833731102362206
21
-3.7674294094488188
0
LINE
8
BLACK
6
CONTINUOUS
10
2.1833731102362206
20
-3.7674294094488188
11
2.1848427559055117
21
-3.7709774409448817
0
LINE
8
BLACK
6
CONTINUOUS
10
2.1848427559055117
20
-3.7709774409448817
11
2.1848427559055117
21
-3.7748178346456691
0
LINE
8
BLACK
6
CONTINUOUS
10
2.1848427559055117
20
-3.7748178346456691
11
2.1833731102362206
21
-3.7783658661417321
0
LINE
8
BLACK
6
CONTINUOUS
10
2.1833731102362206
20
-3.7783658661417321
11
2.180657598425197
21
-3.7810813779527557
0
LINE
8
BLACK
6
CONTINUOUS
10
2.180657598425197
20
-3.7810813779527557
11
2.1771095669291336
21
-3.7825510236220472
0
LINE
8
BLACK
6
CONTINUOUS
10
2.1771095669291336
20
-3.7825510236220472
11
2.1751893700787401
21
-3.782740157480315
0
LINE
8
BLACK
6
CONTINUOUS
10
2.1751893700787401
20
-3.782740157480315
11
2.1299137795275591
21
-3.782740157480315
0
LINE
8
BLACK
6
CONTINUOUS
10
2.1299137795275591
20
-3.782740157480315
11
2.1279935826771652
21
-3.7825510236220472
0
LINE
8
BLACK
6
CONTINUOUS
10
2.1279935826771652
20
-3.7825510236220472
11
2.1244455511811022
21
-3.7810813779527557
0
LINE
8
BLACK
6
CONTINUOUS
10
2.1244455511811022
20
-3.7810813779527557
11
2.1217300393700786
21
-3.7783658661417321
0
LINE
8
BLACK
6
CONTINUOUS
10
2.1217300393700786
20
-3.7783658661417321
11
2.1202603937007876
21
-3.7748178346456691
0
LINE
8
BLACK
6
CONTINUOUS
10
2.1202603937007876
20
-3.7748178346456691
11
2.1202603937007876
21
-3.7709774409448817
0
LINE
8
BLACK
6
CONTINUOUS
10
2.1202603937007876
20
-3.7709774409448817
11
2.1217300393700786
21
-3.7674294094488188
0
LINE
8
BLACK
6
CONTINUOUS
10
2.1217300393700786
20
-3.7674294094488188
11
2.1244455511811022
21
-3.7647138976377952
0
LINE
8
BLACK
6
CONTINUOUS
10
2.1244455511811022
20
-3.7647138976377952
11
2.1279935826771652
21
-3.7632442519685037
0
LINE
8
BLACK
6
CONTINUOUS
10
2.1279935826771652
20
-3.7632442519685037
11
2.1299137795275591
21
-3.7630551181102363
0
LINE
8
BLACK
6
CONTINUOUS
10
2.1299137795275591
20
-3.7630551181102363
11
2.1751893700787401
21
-3.7630551181102363
0
LINE
8
BLACK
6
CONTINUOUS
10
2.1751893700787401
20
-3.7630551181102363
11
2.1771095669291336
21
-3.7632442519685037
0
CIRCLE
8
BLACK
10
4.3661417322834648
20
-4.6653543307086611
40
0.0068897637795276
0
CIRCLE
8
BLACK
10
4.2661417322834643
20
-4.6653543307086611
40
0.0068897637795276
0
CIRCLE
8
BLACK
10
4.1661417322834646
20
-4.6653543307086611
40
0.0068897637795276
0
CIRCLE
8
BLACK
10
4.0661417322834641
20
-4.6653543307086611
40
0.0068897637795276
0
CIRCLE
8
BLACK
10
3.9661417322834644
20
-4.6653543307086611
40
0.0068897637795276
0
CIRCLE
8
BLACK
10
3.8661417322834644
20
-4.6653543307086611
40
0.0068897637795276
0
CIRCLE
8
BLACK
10
3.7661417322834643
20
-4.6653543307086611
40
0.0068897637795276
0
CIRCLE
8
BLACK
10
3.6661417322834646
20
-4.6653543307086611
40
0.0068897637795276
0
CIRCLE
8
BLACK
10
3.5661417322834645
20
-4.6653543307086611
40
0.0068897637795276
0
CIRCLE
8
BLACK
10
3.4661417322834644
20
-4.6653543307086611
40
0.0068897637795276
0
CIRCLE
8
BLACK
10
3.3661417322834644
20
-4.6653543307086611
40
0.0068897637795276
0
CIRCLE
8
BLACK
10
3.6102362204724407
20
-4.5511811023622046
40
0.0068897637795276
0
CIRCLE
8
BLACK
10
3.276574803149606
20
-4.5196850393700787
40
0.0068897637795276
0
CIRCLE
8
BLACK
10
3.1765748031496064
20
-4.5196850393700787
40
0.0068897637795276
0
CIRCLE
8
BLACK
10
3.0765748031496063
20
-4.5196850393700787
40
0.0068897637795276
0
CIRCLE
8
BLACK
10
3.1968503937007875
20
-4.6653543307086611
40
0.0068897637795276
0
CIRCLE
8
BLACK
10
3.0968503937007874
20
-4.6653543307086611
40
0.0068897637795276
0
CIRCLE
8
BLACK
10
2.9968503937007873
20
-4.6653543307086611
40
0.0068897637795276
0
CIRCLE
8
BLACK
10
2.8968503937007872
20
-4.6653543307086611
40
0.0068897637795276
0
CIRCLE
8
BLACK
10
2.7968503937007871
20
-4.6653543307086611
40
0.0068897637795276
0
CIRCLE
8
BLACK
10
2.6968503937007875
20
-4.6653543307086611
40
0.0068897637795276
0
CIRCLE
8
BLACK
10
2.5968503937007874
20
-4.6653543307086611
40
0.0068897637795276
0
CIRCLE
8
BLACK
10
2.4968503937007873
20
-4.6653543307086611
40
0.0068897637795276
0
CIRCLE
8
BLACK
10
2.3968503937007872
20
-4.6653543307086611
40
0.0068897637795276
0
CIRCLE
8
BLACK
10
2.2968503937007871
20
-4.6653543307086611
40
0.0068897637795276
0
CIRCLE
8
BLACK
10
2.1968503937007875
20
-4.6653543307086611
40
0.0068897637795276
0
CIRCLE
8
BLACK
10
4.0394160236220475
20
-4.497047244094488
40
0.0068897637795276
0
CIRCLE
8
BLACK
10
4.0394160236220475
20
-4.4470472440944881
40
0.0068897637795276
0
CIRCLE
8
BLACK
10
4.0394160236220475
20
-4.3970472440944883
40
0.0068897637795276
0
CIRCLE
8
BLACK
10
4.0394160236220475
20
-4.3470472440944885
40
0.0068897637795276
0
CIRCLE
8
BLACK
10
4.0394160236220475
20
-4.2970472440944878
40
0.0068897637795276
0
CIRCLE
8
BLACK
10
4.0394160236220475
20
-4.247047244094488
40
0.0068897637795276
0
CIRCLE
8
BLACK
10
4.0394160236220475
20
-4.1970472440944881
40
0.0068897637795276
0
CIRCLE
8
BLACK
10
3.1968503937007875
20
-3.0708661417322833
40
0.0068897637795276
0
CIRCLE
8
BLACK
10
3.0968503937007874
20
-3.0708661417322833
40
0.0068897637795276
0
CIRCLE
8
BLACK
10
2.9968503937007873
20
-3.0708661417322833
40
0.0068897637795276
0
CIRCLE
8
BLACK
10
2.8968503937007872
20
-3.0708661417322833
40
0.0068897637795276
0
CIRCLE
8
BLACK
10
2.7968503937007871
20
-3.0708661417322833
40
0.0068897637795276
0
CIRCLE
8
BLACK
10
2.6968503937007875
20
-3.0708661417322833
40
0.0068897637795276
0
CIRCLE
8
BLACK
10
2.5968503937007874
20
-3.0708661417322833
40
0.0068897637795276
0
CIRCLE
8
BLACK
10
2.4968503937007873
20
-3.0708661417322833
40
0.0068897637795276
0
CIRCLE
8
BLACK
10
2.3968503937007872
20
-3.0708661417322833
40
0.0068897637795276
0
CIRCLE
8
BLACK
10
2.2968503937007871
20
-3.0708661417322833
40
0.0068897637795276
0
CIRCLE
8
BLACK
10
2.1968503937007875
20
-3.0708661417322833
40
0.0068897637795276
0
CIRCLE
8
BLACK
10
4.3582677165354333
20
-3.0708661417322833
40
0.0068897637795276
0
CIRCLE
8
BLACK
10
4.2582677165354328
20
-3.0708661417322833
40
0.0068897637795276
0
CIRCLE
8
BLACK
10
4.1582677165354331
20
-3.0708661417322833
40
0.0068897637795276
0
CIRCLE
8
BLACK
10
4.0582677165354326
20
-3.0708661417322833
40
0.0068897637795276
0
CIRCLE
8
BLACK
10
3.958267716535433
20
-3.0708661417322833
40
0.0068897637795276
0
CIRCLE
8
BLACK
10
3.8582677165354329
20
-3.0708661417322833
40
0.0068897637795276
0
CIRCLE
8
BLACK
10
3.7582677165354328
20
-3.0708661417322833
40
0.0068897637795276
0
CIRCLE
8
BLACK
10
3.6582677165354331
20
-3.0708661417322833
40
0.0068897637795276
0
CIRCLE
8
BLACK
10
3.5582677165354331
20
-3.0708661417322833
40
0.0068897637795276
0
CIRCLE
8
BLACK
10
3.458267716535433
20
-3.0708661417322833
40
0.0068897637795276
0
CIRCLE
8
BLACK
10
3.3582677165354329
20
-3.0708661417322833
40
0.0068897637795276
0
CIRCLE
8
BLACK
10
2.4921259842519685
20
-4.0639763779527556
40
0.0068897637795276
0
CIRCLE
8
BLACK
10
2.4921259842519685
20
-3.9639763779527559
40
0.0068897637795276
0
CIRCLE
8
BLACK
10
2.4921259842519685
20
-3.8639763779527558
40
0.0068897637795276
0
CIRCLE
8
BLACK
10
4.3700787401574805
20
-3.2598425196850394
40
0.0068897637795276
0
CIRCLE
8
BLACK
10
4.3700787401574805
20
-3.3598425196850394
40
0.0068897637795276
0
CIRCLE
8
BLACK
10
4.3700787401574805
20
-3.4598425196850391
40
0.0068897637795276
0
CIRCLE
8
BLACK
10
4.3700787401574805
20
-3.5598425196850392
40
0.0068897637795276
0
CIRCLE
8
BLACK
10
4.3700787401574805
20
-3.6598425196850393
40
0.0068897637795276
0
CIRCLE
8
BLACK
10
4.3700787401574805
20
-3.7598425196850394
40
0.0068897637795276
0
CIRCLE
8
BLACK
10
4.3700787401574805
20
-3.8598425196850394
40
0.0068897637795276
0
CIRCLE
8
BLACK
10
4.3700787401574805
20
-3.9598425196850391
40
0.0068897637795276
0
CIRCLE
8
BLACK
10
4.3700787401574805
20
-4.0598425196850396
40
0.0068897637795276
0
CIRCLE
8
BLACK
10
4.3700787401574805
20
-4.1598425196850393
40
0.0068897637795276
0
CIRCLE
8
BLACK
10
4.3700787401574805
20
-4.2598425196850389
40
0.0068897637795276
0
CIRCLE
8
BLACK
10
4.3700787401574805
20
-4.3598425196850394
40
0.0068897637795276
0
CIRCLE
8
BLACK
10
2.3399677952755904
20
-4.1555118110236222
40
0.0068897637795276
0
CIRCLE
8
BLACK
10
2.3399677952755904
20
-4.4507874015748028
40
0.0068897637795276
0
LINE
8
BLACK
6
CONTINUOUS
10
2.3592591338582678
20
-4.0736220472440943
11
2.3139835433070868
21
-4.0736220472440943
0
ARC
8
BLACK
10
2.3139835433070868
20
-4.0834645669291341
40
0.0098425196850394
50
90.00000000
51
270.00000000
0
LINE
8
BLACK
6
CONTINUOUS
10
2.3139835433070868
20
-4.093307086614173
11
2.3592591338582678
21
-4.093307086614173
0
ARC
8
BLACK
10
2.3592591338582678
20
-4.0834645669291341
40
0.0098425196850394
50
270.00000000
51
450.00000000
0
LINE
8
BLACK
6
CONTINUOUS
10
2.1754008661417323
20
-4.0736220472440943
11
2.1301252755905513
21
-4.0736220472440943
0
ARC
8
BLACK
10
2.1301252755905513
20
-4.0834645669291341
40
0.0098425196850394
50
90.00000000
51
270.00000000
0
LINE
8
BLACK
6
CONTINUOUS
10
2.1301252755905513
20
-4.093307086614173
11
2.1754008661417323
21
-4.093307086614173
0
ARC
8
BLACK
10
2.1754008661417323
20
-4.0834645669291341
40
0.0098425196850394
50
270.00000000
51
450.00000000
0
LINE
8
BLACK
6
CONTINUOUS
10
2.3592591338582678
20
-4.512992125984252
11
2.3139835433070868
21
-4.512992125984252
0
ARC
8
BLACK
10
2.3139835433070868
20
-4.5228346456692909
40
0.0098425196850394
50
90.00000000
51
270.00000000
0
LINE
8
BLACK
6
CONTINUOUS
10
2.3139835433070868
20
-4.5326771653543307
11
2.3592591338582678
21
-4.5326771653543307
0
ARC
8
BLACK
10
2.3592591338582678
20
-4.5228346456692909
40
0.0098425196850394
50
270.00000000
51
450.00000000
0
LINE
8
BLACK
6
CONTINUOUS
10
2.1750071653543306
20
-4.512992125984252
11
2.1297315748031496
21
-4.512992125984252
0
ARC
8
BLACK
10
2.1297315748031496
20
-4.5228346456692909
40
0.0098425196850394
50
90.00000000
51
270.00000000
0
LINE
8
BLACK
6
CONTINUOUS
10
2.1297315748031496
20
-4.5326771653543307
11
2.1750071653543306
21
-4.5326771653543307
0
ARC
8
BLACK
10
2.1750071653543306
20
-4.5228346456692909
40
0.0098425196850394
50
270.00000000
51
450.00000000
0
CIRCLE
8
BLACK
10
2.34015
20
-3.405574803149606
40
0.0068897637795276
0
CIRCLE
8
BLACK
10
2.34015
20
-3.7008503937007875
40
0.0068897637795276
0
LINE
8
BLACK
6
CONTINUOUS
10
2.3594413385826769
20
-3.3236850393700785
11
2.3141657480314959
21
-3.3236850393700785
0
ARC
8
BLACK
10
2.3141657480314959
20
-3.3335275590551179
40
0.0098425196850394
50
90.00000000
51
270.00000000
0
LINE
8
BLACK
6
CONTINUOUS
10
2.3141657480314959
20
-3.3433700787401572
11
2.3594413385826769
21
-3.3433700787401572
0
ARC
8
BLACK
10
2.3594413385826769
20
-3.3335275590551179
40
0.0098425196850394
50
270.00000000
51
450.00000000
0
LINE
8
BLACK
6
CONTINUOUS
10
2.1755830708661419
20
-3.3236850393700785
11
2.1303074803149604
21
-3.3236850393700785
0
ARC
8
BLACK
10
2.1303074803149604
20
-3.3335275590551179
40
0.0098425196850394
50
90.00000000
51
270.00000000
0
LINE
8
BLACK
6
CONTINUOUS
10
2.1303074803149604
20
-3.3433700787401572
11
2.1755830708661419
21
-3.3433700787401572
0
ARC
8
BLACK
10
2.1755830708661419
20
-3.3335275590551179
40
0.0098425196850394
50
270.00000000
51
450.00000000
0
LINE
8
BLACK
6
CONTINUOUS
10
2.3594413385826769
20
-3.7630551181102363
11
2.3141657480314959
21
-3.7630551181102363
0
ARC
8
BLACK
10
2.3141657480314959
20
-3.7728976377952756
40
0.0098425196850394
50
90.00000000
51
270.00000000
0
LINE
8
BLACK
6
CONTINUOUS
10
2.3141657480314959
20
-3.782740157480315
11
2.3594413385826769
21
-3.782740157480315
0
ARC
8
BLACK
10
2.3594413385826769
20
-3.7728976377952756
40
0.0098425196850394
50
270.00000000
51
450.00000000
0
LINE
8
BLACK
6
CONTINUOUS
10
2.1751893700787401
20
-3.7630551181102363
11
2.1299137795275591
21
-3.7630551181102363
0
ARC
8
BLACK
10
2.1299137795275591
20
-3.7728976377952756
40
0.0098425196850394
50
90.00000000
51
270.00000000
0
LINE
8
BLACK
6
CONTINUOUS
10
2.1299137795275591
20
-3.782740157480315
11
2.1751893700787401
21
-3.782740157480315
0
ARC
8
BLACK
10
2.1751893700787401
20
-3.7728976377952756
40
0.0098425196850394
50
270.00000000
51
450.00000000
0
CIRCLE
8
BLACK
10
4.3661417322834648
20
-4.6653543307086611
40
0.0068897637795276
0
CIRCLE
8
BLACK
10
4.2661417322834643
20
-4.6653543307086611
40
0.0068897637795276
0
CIRCLE
8
BLACK
10
4.1661417322834646
20
-4.6653543307086611
40
0.0068897637795276
0
CIRCLE
8
BLACK
10
4.0661417322834641
20
-4.6653543307086611
40
0.0068897637795276
0
CIRCLE
8
BLACK
10
3.9661417322834644
20
-4.6653543307086611
40
0.0068897637795276
0
CIRCLE
8
BLACK
10
3.8661417322834644
20
-4.6653543307086611
40
0.0068897637795276
0
CIRCLE
8
BLACK
10
3.7661417322834643
20
-4.6653543307086611
40
0.0068897637795276
0
CIRCLE
8
BLACK
10
3.6661417322834646
20
-4.6653543307086611
40
0.0068897637795276
0
CIRCLE
8
BLACK
10
3.5661417322834645
20
-4.6653543307086611
40
0.0068897637795276
0
CIRCLE
8
BLACK
10
3.4661417322834644
20
-4.6653543307086611
40
0.0068897637795276
0
CIRCLE
8
BLACK
10
3.3661417322834644
20
-4.6653543307086611
40
0.0068897637795276
0
CIRCLE
8
BLACK
10
3.6102362204724407
20
-4.5511811023622046
40
0.0068897637795276
0
CIRCLE
8
BLACK
10
3.276574803149606
20
-4.5196850393700787
40
0.0068897637795276
0
CIRCLE
8
BLACK
10
3.1765748031496064
20
-4.5196850393700787
40
0.0068897637795276
0
CIRCLE
8
BLACK
10
3.0765748031496063
20
-4.5196850393700787
40
0.0068897637795276
0
CIRCLE
8
BLACK
10
3.1968503937007875
20
-4.6653543307086611
40
0.0068897637795276
0
CIRCLE
8
BLACK
10
3.0968503937007874
20
-4.6653543307086611
40
0.0068897637795276
0
CIRCLE
8
BLACK
10
2.9968503937007873
20
-4.6653543307086611
40
0.0068897637795276
0
CIRCLE
8
BLACK
10
2.8968503937007872
20
-4.6653543307086611
40
0.0068897637795276
0
CIRCLE
8
BLACK
10
2.7968503937007871
20
-4.6653543307086611
40
0.0068897637795276
0
CIRCLE
8
BLACK
10
2.6968503937007875
20
-4.6653543307086611
40
0.0068897637795276
0
CIRCLE
8
BLACK
10
2.5968503937007874
20
-4.6653543307086611
40
0.0068897637795276
0
CIRCLE
8
BLACK
10
2.4968503937007873
20
-4.6653543307086611
40
0.0068897637795276
0
CIRCLE
8
BLACK
10
2.3968503937007872
20
-4.6653543307086611
40
0.0068897637795276
0
CIRCLE
8
BLACK
10
2.2968503937007871
20
-4.6653543307086611
40
0.0068897637795276
0
CIRCLE
8
BLACK
10
2.1968503937007875
20
-4.6653543307086611
40
0.0068897637795276
0
CIRCLE
8
BLACK
10
4.0394160236220475
20
-4.497047244094488
40
0.0068897637795276
0
CIRCLE
8
BLACK
10
4.0394160236220475
20
-4.4470472440944881
40
0.0068897637795276
0
CIRCLE
8
BLACK
10
4.0394160236220475
20
-4.3970472440944883
40
0.0068897637795276
0
CIRCLE
8
BLACK
10
4.0394160236220475
20
-4.3470472440944885
40
0.0068897637795276
0
CIRCLE
8
BLACK
10
4.0394160236220475
20
-4.2970472440944878
40
0.0068897637795276
0
CIRCLE
8
BLACK
10
4.0394160236220475
20
-4.247047244094488
40
0.0068897637795276
0
CIRCLE
8
BLACK
10
4.0394160236220475
20
-4.1970472440944881
40
0.0068897637795276
0
CIRCLE
8
BLACK
10
3.1968503937007875
20
-3.0708661417322833
40
0.0068897637795276
0
CIRCLE
8
BLACK
10
3.0968503937007874
20
-3.0708661417322833
40
0.0068897637795276
0
CIRCLE
8
BLACK
10
2.9968503937007873
20
-3.0708661417322833
40
0.0068897637795276
0
CIRCLE
8
BLACK
10
2.8968503937007872
20
-3.0708661417322833
40
0.0068897637795276
0
CIRCLE
8
BLACK
10
2.7968503937007871
20
-3.0708661417322833
40
0.0068897637795276
0
CIRCLE
8
BLACK
10
2.6968503937007875
20
-3.0708661417322833
40
0.0068897637795276
0
CIRCLE
8
BLACK
10
2.5968503937007874
20
-3.0708661417322833
40
0.0068897637795276
0
CIRCLE
8
BLACK
10
2.4968503937007873
20
-3.0708661417322833
40
0.0068897637795276
0
CIRCLE
8
BLACK
10
2.3968503937007872
20
-3.0708661417322833
40
0.0068897637795276
0
CIRCLE
8
BLACK
10
2.2968503937007871
20
-3.0708661417322833
40
0.0068897637795276
0
CIRCLE
8
BLACK
10
2.1968503937007875
20
-3.0708661417322833
40
0.0068897637795276
0
CIRCLE
8
BLACK
10
4.3582677165354333
20
-3.0708661417322833
40
0.0068897637795276
0
CIRCLE
8
BLACK
10
4.2582677165354328
20
-3.0708661417322833
40
0.0068897637795276
0
CIRCLE
8
BLACK
10
4.1582677165354331
20
-3.0708661417322833
40
0.0068897637795276
0
CIRCLE
8
BLACK
10
4.0582677165354326
20
-3.0708661417322833
40
0.0068897637795276
0
CIRCLE
8
BLACK
10
3.958267716535433
20
-3.0708661417322833
40
0.0068897637795276
0
CIRCLE
8
BLACK
10
3.8582677165354329
20
-3.0708661417322833
40
0.0068897637795276
0
CIRCLE
8
BLACK
10
3.7582677165354328
20
-3.0708661417322833
40
0.0068897637795276
0
CIRCLE
8
BLACK
10
3.6582677165354331
20
-3.0708661417322833
40
0.0068897637795276
0
CIRCLE
8
BLACK
10
3.5582677165354331
20
-3.0708661417322833
40
0.0068897637795276
0
CIRCLE
8
BLACK
10
3.458267716535433
20
-3.0708661417322833
40
0.0068897637795276
0
CIRCLE
8
BLACK
10
3.3582677165354329
20
-3.0708661417322833
40
0.0068897637795276
  0
ENDSEC
  0
EOF
