ISO-10303-21;
HEADER;
FILE_DESCRIPTION(('KiCad electronic assembly'),'2;1');
FILE_NAME('TFPILOT01.step','2026-03-30T02:43:41',('Pcbnew'),('Kicad'),
  'Open CASCADE STEP processor 7.8','KiCad to STEP converter','Unknown'
  );
FILE_SCHEMA(('AUTOMOTIVE_DESIGN { 1 0 10303 214 1 1 1 1 }'));
ENDSEC;
DATA;
#1 = APPLICATION_PROTOCOL_DEFINITION('international standard',
  'automotive_design',2000,#2);
#2 = APPLICATION_CONTEXT(
  'core data for automotive mechanical design processes');
#3 = SHAPE_DEFINITION_REPRESENTATION(#4,#10);
#4 = PRODUCT_DEFINITION_SHAPE('','',#5);
#5 = PRODUCT_DEFINITION('design','',#6,#9);
#6 = PRODUCT_DEFINITION_FORMATION('','',#7);
#7 = PRODUCT('TFPILOT01 1','TFPILOT01 1','',(#8));
#8 = PRODUCT_CONTEXT('',#2,'mechanical');
#9 = PRODUCT_DEFINITION_CONTEXT('part definition',#2,'design');
#10 = SHAPE_REPRESENTATION('',(#11,#15),#19);
#11 = AXIS2_PLACEMENT_3D('',#12,#13,#14);
#12 = CARTESIAN_POINT('',(0.,0.,0.));
#13 = DIRECTION('',(0.,0.,1.));
#14 = DIRECTION('',(1.,0.,-0.));
#15 = AXIS2_PLACEMENT_3D('',#16,#17,#18);
#16 = CARTESIAN_POINT('',(0.,0.,0.));
#17 = DIRECTION('',(0.,0.,1.));
#18 = DIRECTION('',(1.,0.,-0.));
#19 = ( GEOMETRIC_REPRESENTATION_CONTEXT(3) 
GLOBAL_UNCERTAINTY_ASSIGNED_CONTEXT((#23)) GLOBAL_UNIT_ASSIGNED_CONTEXT(
(#20,#21,#22)) REPRESENTATION_CONTEXT('Context #1',
  '3D Context with UNIT and UNCERTAINTY') );
#20 = ( LENGTH_UNIT() NAMED_UNIT(*) SI_UNIT(.MILLI.,.METRE.) );
#21 = ( NAMED_UNIT(*) PLANE_ANGLE_UNIT() SI_UNIT($,.RADIAN.) );
#22 = ( NAMED_UNIT(*) SI_UNIT($,.STERADIAN.) SOLID_ANGLE_UNIT() );
#23 = UNCERTAINTY_MEASURE_WITH_UNIT(LENGTH_MEASURE(1.E-07),#20,
  'distance_accuracy_value','confusion accuracy');
#24 = PRODUCT_RELATED_PRODUCT_CATEGORY('part',$,(#7));
#25 = SHAPE_DEFINITION_REPRESENTATION(#26,#32);
#26 = PRODUCT_DEFINITION_SHAPE('','',#27);
#27 = PRODUCT_DEFINITION('design','',#28,#31);
#28 = PRODUCT_DEFINITION_FORMATION('','',#29);
#29 = PRODUCT('TFPILOT01_PCB','TFPILOT01_PCB','',(#30));
#30 = PRODUCT_CONTEXT('',#2,'mechanical');
#31 = PRODUCT_DEFINITION_CONTEXT('part definition',#2,'design');
#32 = ADVANCED_BREP_SHAPE_REPRESENTATION('',(#11,#33),#4857);
#33 = MANIFOLD_SOLID_BREP('',#34);
#34 = CLOSED_SHELL('',(#35,#77,#108,#139,#1421,#2703,#2720,#2737,#2754,
    #2771,#2788,#2805,#2822,#2839,#2856,#2873,#2890,#2907,#2924,#2941,
    #2958,#2975,#2992,#3009,#3026,#3043,#3055,#3072,#3089,#3106,#3128,
    #3145,#3162,#3174,#3196,#3213,#3230,#3242,#3259,#3276,#3293,#3310,
    #3327,#3344,#3361,#3378,#3395,#3412,#3429,#3451,#3468,#3485,#3497,
    #3514,#3536,#3553,#3570,#3582,#3599,#3616,#3633,#3650,#3667,#3684,
    #3701,#3718,#3735,#3752,#3769,#3786,#3803,#3820,#3837,#3854,#3871,
    #3888,#3905,#3922,#3939,#3956,#3973,#3990,#4007,#4024,#4041,#4063,
    #4080,#4097,#4109,#4131,#4148,#4165,#4177,#4194,#4211,#4228,#4250,
    #4267,#4284,#4296,#4318,#4335,#4352,#4364,#4381,#4398,#4415,#4432,
    #4449,#4466,#4483,#4500,#4517,#4534,#4551,#4568,#4585,#4602,#4619,
    #4636,#4653,#4670,#4687,#4704,#4721,#4738,#4755,#4772,#4789,#4806,
    #4823,#4840));
#35 = ADVANCED_FACE('',(#36),#72,.T.);
#36 = FACE_BOUND('',#37,.T.);
#37 = EDGE_LOOP('',(#38,#48,#57,#65));
#38 = ORIENTED_EDGE('',*,*,#39,.T.);
#39 = EDGE_CURVE('',#40,#42,#44,.T.);
#40 = VERTEX_POINT('',#41);
#41 = CARTESIAN_POINT('',(112.5,-74.5,0.));
#42 = VERTEX_POINT('',#43);
#43 = CARTESIAN_POINT('',(112.5,-74.5,4.6));
#44 = LINE('',#45,#46);
#45 = CARTESIAN_POINT('',(112.5,-74.5,0.));
#46 = VECTOR('',#47,1.);
#47 = DIRECTION('',(0.,0.,1.));
#48 = ORIENTED_EDGE('',*,*,#49,.T.);
#49 = EDGE_CURVE('',#42,#50,#52,.T.);
#50 = VERTEX_POINT('',#51);
#51 = CARTESIAN_POINT('',(114.5,-76.5,4.6));
#52 = CIRCLE('',#53,1.99999850585);
#53 = AXIS2_PLACEMENT_3D('',#54,#55,#56);
#54 = CARTESIAN_POINT('',(112.50000149415,-76.49999850585,4.6));
#55 = DIRECTION('',(0.,0.,-1.));
#56 = DIRECTION('',(-7.470757491648E-07,1.,0.));
#57 = ORIENTED_EDGE('',*,*,#58,.F.);
#58 = EDGE_CURVE('',#59,#50,#61,.T.);
#59 = VERTEX_POINT('',#60);
#60 = CARTESIAN_POINT('',(114.5,-76.5,0.));
#61 = LINE('',#62,#63);
#62 = CARTESIAN_POINT('',(114.5,-76.5,0.));
#63 = VECTOR('',#64,1.);
#64 = DIRECTION('',(0.,0.,1.));
#65 = ORIENTED_EDGE('',*,*,#66,.F.);
#66 = EDGE_CURVE('',#40,#59,#67,.T.);
#67 = CIRCLE('',#68,1.99999850585);
#68 = AXIS2_PLACEMENT_3D('',#69,#70,#71);
#69 = CARTESIAN_POINT('',(112.50000149415,-76.49999850585,0.));
#70 = DIRECTION('',(0.,0.,-1.));
#71 = DIRECTION('',(-7.470757491648E-07,1.,0.));
#72 = CYLINDRICAL_SURFACE('',#73,1.99999850585);
#73 = AXIS2_PLACEMENT_3D('',#74,#75,#76);
#74 = CARTESIAN_POINT('',(112.50000149415,-76.49999850585,0.));
#75 = DIRECTION('',(0.,0.,-1.));
#76 = DIRECTION('',(-7.470757491648E-07,1.,0.));
#77 = ADVANCED_FACE('',(#78),#103,.T.);
#78 = FACE_BOUND('',#79,.T.);
#79 = EDGE_LOOP('',(#80,#90,#96,#97));
#80 = ORIENTED_EDGE('',*,*,#81,.T.);
#81 = EDGE_CURVE('',#82,#84,#86,.T.);
#82 = VERTEX_POINT('',#83);
#83 = CARTESIAN_POINT('',(54.999999,-74.5,0.));
#84 = VERTEX_POINT('',#85);
#85 = CARTESIAN_POINT('',(54.999999,-74.5,4.6));
#86 = LINE('',#87,#88);
#87 = CARTESIAN_POINT('',(54.999999,-74.5,0.));
#88 = VECTOR('',#89,1.);
#89 = DIRECTION('',(0.,0.,1.));
#90 = ORIENTED_EDGE('',*,*,#91,.T.);
#91 = EDGE_CURVE('',#84,#42,#92,.T.);
#92 = LINE('',#93,#94);
#93 = CARTESIAN_POINT('',(54.999999,-74.5,4.6));
#94 = VECTOR('',#95,1.);
#95 = DIRECTION('',(1.,0.,0.));
#96 = ORIENTED_EDGE('',*,*,#39,.F.);
#97 = ORIENTED_EDGE('',*,*,#98,.F.);
#98 = EDGE_CURVE('',#82,#40,#99,.T.);
#99 = LINE('',#100,#101);
#100 = CARTESIAN_POINT('',(54.999999,-74.5,0.));
#101 = VECTOR('',#102,1.);
#102 = DIRECTION('',(1.,0.,0.));
#103 = PLANE('',#104);
#104 = AXIS2_PLACEMENT_3D('',#105,#106,#107);
#105 = CARTESIAN_POINT('',(54.999999,-74.5,0.));
#106 = DIRECTION('',(0.,1.,0.));
#107 = DIRECTION('',(1.,0.,0.));
#108 = ADVANCED_FACE('',(#109),#134,.T.);
#109 = FACE_BOUND('',#110,.T.);
#110 = EDGE_LOOP('',(#111,#112,#120,#128));
#111 = ORIENTED_EDGE('',*,*,#58,.T.);
#112 = ORIENTED_EDGE('',*,*,#113,.T.);
#113 = EDGE_CURVE('',#50,#114,#116,.T.);
#114 = VERTEX_POINT('',#115);
#115 = CARTESIAN_POINT('',(114.5,-120.,4.6));
#116 = LINE('',#117,#118);
#117 = CARTESIAN_POINT('',(114.5,-76.5,4.6));
#118 = VECTOR('',#119,1.);
#119 = DIRECTION('',(0.,-1.,0.));
#120 = ORIENTED_EDGE('',*,*,#121,.F.);
#121 = EDGE_CURVE('',#122,#114,#124,.T.);
#122 = VERTEX_POINT('',#123);
#123 = CARTESIAN_POINT('',(114.5,-120.,0.));
#124 = LINE('',#125,#126);
#125 = CARTESIAN_POINT('',(114.5,-120.,0.));
#126 = VECTOR('',#127,1.);
#127 = DIRECTION('',(0.,0.,1.));
#128 = ORIENTED_EDGE('',*,*,#129,.F.);
#129 = EDGE_CURVE('',#59,#122,#130,.T.);
#130 = LINE('',#131,#132);
#131 = CARTESIAN_POINT('',(114.5,-76.5,0.));
#132 = VECTOR('',#133,1.);
#133 = DIRECTION('',(0.,-1.,0.));
#134 = PLANE('',#135);
#135 = AXIS2_PLACEMENT_3D('',#136,#137,#138);
#136 = CARTESIAN_POINT('',(114.5,-76.5,0.));
#137 = DIRECTION('',(1.,0.,-0.));
#138 = DIRECTION('',(0.,-1.,0.));
#139 = ADVANCED_FACE('',(#140,#314,#325,#336,#347,#383,#419,#430,#441,
    #452,#463,#474,#485,#496,#507,#518,#529,#540,#576,#587,#623,#634,
    #645,#656,#667,#678,#689,#700,#711,#722,#733,#744,#755,#766,#777,
    #788,#799,#810,#821,#832,#843,#854,#865,#876,#887,#898,#909,#920,
    #956,#992,#1003,#1014,#1025,#1061,#1097,#1108,#1119,#1130,#1141,
    #1152,#1163,#1174,#1185,#1196,#1207,#1218,#1229,#1240,#1251,#1262,
    #1273,#1284,#1295,#1306,#1317,#1328,#1339,#1350,#1361,#1372,#1383,
    #1394,#1405),#1416,.F.);
#140 = FACE_BOUND('',#141,.F.);
#141 = EDGE_LOOP('',(#142,#143,#144,#153,#161,#169,#177,#185,#193,#201,
    #209,#217,#225,#233,#241,#249,#257,#265,#273,#281,#289,#298,#306,
    #313));
#142 = ORIENTED_EDGE('',*,*,#66,.F.);
#143 = ORIENTED_EDGE('',*,*,#98,.F.);
#144 = ORIENTED_EDGE('',*,*,#145,.F.);
#145 = EDGE_CURVE('',#146,#82,#148,.T.);
#146 = VERTEX_POINT('',#147);
#147 = CARTESIAN_POINT('',(53.,-76.5,0.));
#148 = CIRCLE('',#149,2.000000212955);
#149 = AXIS2_PLACEMENT_3D('',#150,#151,#152);
#150 = CARTESIAN_POINT('',(55.000000212955,-76.50000021295,0.));
#151 = DIRECTION('',(0.,0.,-1.));
#152 = DIRECTION('',(-1.,1.064775034677E-07,0.));
#153 = ORIENTED_EDGE('',*,*,#154,.F.);
#154 = EDGE_CURVE('',#155,#146,#157,.T.);
#155 = VERTEX_POINT('',#156);
#156 = CARTESIAN_POINT('',(53.01481,-85.6516,0.));
#157 = LINE('',#158,#159);
#158 = CARTESIAN_POINT('',(53.01481,-85.6516,0.));
#159 = VECTOR('',#160,1.);
#160 = DIRECTION('',(-1.618294135147E-03,0.999998690561,0.));
#161 = ORIENTED_EDGE('',*,*,#162,.F.);
#162 = EDGE_CURVE('',#163,#155,#165,.T.);
#163 = VERTEX_POINT('',#164);
#164 = CARTESIAN_POINT('',(58.91481,-85.6516,0.));
#165 = LINE('',#166,#167);
#166 = CARTESIAN_POINT('',(58.91481,-85.6516,0.));
#167 = VECTOR('',#168,1.);
#168 = DIRECTION('',(-1.,0.,0.));
#169 = ORIENTED_EDGE('',*,*,#170,.F.);
#170 = EDGE_CURVE('',#171,#163,#173,.T.);
#171 = VERTEX_POINT('',#172);
#172 = CARTESIAN_POINT('',(58.91481,-87.1516,0.));
#173 = LINE('',#174,#175);
#174 = CARTESIAN_POINT('',(58.91481,-87.1516,0.));
#175 = VECTOR('',#176,1.);
#176 = DIRECTION('',(0.,1.,0.));
#177 = ORIENTED_EDGE('',*,*,#178,.F.);
#178 = EDGE_CURVE('',#179,#171,#181,.T.);
#179 = VERTEX_POINT('',#180);
#180 = CARTESIAN_POINT('',(59.51481,-87.1516,0.));
#181 = LINE('',#182,#183);
#182 = CARTESIAN_POINT('',(59.51481,-87.1516,0.));
#183 = VECTOR('',#184,1.);
#184 = DIRECTION('',(-1.,0.,0.));
#185 = ORIENTED_EDGE('',*,*,#186,.F.);
#186 = EDGE_CURVE('',#187,#179,#189,.T.);
#187 = VERTEX_POINT('',#188);
#188 = CARTESIAN_POINT('',(59.51481,-93.4516,0.));
#189 = LINE('',#190,#191);
#190 = CARTESIAN_POINT('',(59.51481,-93.4516,0.));
#191 = VECTOR('',#192,1.);
#192 = DIRECTION('',(0.,1.,0.));
#193 = ORIENTED_EDGE('',*,*,#194,.F.);
#194 = EDGE_CURVE('',#195,#187,#197,.T.);
#195 = VERTEX_POINT('',#196);
#196 = CARTESIAN_POINT('',(58.91481,-93.4516,0.));
#197 = LINE('',#198,#199);
#198 = CARTESIAN_POINT('',(58.91481,-93.4516,0.));
#199 = VECTOR('',#200,1.);
#200 = DIRECTION('',(1.,0.,0.));
#201 = ORIENTED_EDGE('',*,*,#202,.F.);
#202 = EDGE_CURVE('',#203,#195,#205,.T.);
#203 = VERTEX_POINT('',#204);
#204 = CARTESIAN_POINT('',(58.91481,-94.8516,0.));
#205 = LINE('',#206,#207);
#206 = CARTESIAN_POINT('',(58.91481,-94.8516,0.));
#207 = VECTOR('',#208,1.);
#208 = DIRECTION('',(0.,1.,0.));
#209 = ORIENTED_EDGE('',*,*,#210,.F.);
#210 = EDGE_CURVE('',#211,#203,#213,.T.);
#211 = VERTEX_POINT('',#212);
#212 = CARTESIAN_POINT('',(53.01481,-94.8516,0.));
#213 = LINE('',#214,#215);
#214 = CARTESIAN_POINT('',(53.01481,-94.8516,0.));
#215 = VECTOR('',#216,1.);
#216 = DIRECTION('',(1.,0.,0.));
#217 = ORIENTED_EDGE('',*,*,#218,.F.);
#218 = EDGE_CURVE('',#219,#211,#221,.T.);
#219 = VERTEX_POINT('',#220);
#220 = CARTESIAN_POINT('',(53.010182,-104.7,0.));
#221 = LINE('',#222,#223);
#222 = CARTESIAN_POINT('',(53.010182,-104.7,0.));
#223 = VECTOR('',#224,1.);
#224 = DIRECTION('',(4.699239966898E-04,0.999999889586,0.));
#225 = ORIENTED_EDGE('',*,*,#226,.F.);
#226 = EDGE_CURVE('',#227,#219,#229,.T.);
#227 = VERTEX_POINT('',#228);
#228 = CARTESIAN_POINT('',(58.910182,-104.7,0.));
#229 = LINE('',#230,#231);
#230 = CARTESIAN_POINT('',(58.910182,-104.7,0.));
#231 = VECTOR('',#232,1.);
#232 = DIRECTION('',(-1.,0.,0.));
#233 = ORIENTED_EDGE('',*,*,#234,.F.);
#234 = EDGE_CURVE('',#235,#227,#237,.T.);
#235 = VERTEX_POINT('',#236);
#236 = CARTESIAN_POINT('',(58.910182,-106.2,0.));
#237 = LINE('',#238,#239);
#238 = CARTESIAN_POINT('',(58.910182,-106.2,0.));
#239 = VECTOR('',#240,1.);
#240 = DIRECTION('',(0.,1.,0.));
#241 = ORIENTED_EDGE('',*,*,#242,.F.);
#242 = EDGE_CURVE('',#243,#235,#245,.T.);
#243 = VERTEX_POINT('',#244);
#244 = CARTESIAN_POINT('',(59.510182,-106.2,0.));
#245 = LINE('',#246,#247);
#246 = CARTESIAN_POINT('',(59.510182,-106.2,0.));
#247 = VECTOR('',#248,1.);
#248 = DIRECTION('',(-1.,0.,0.));
#249 = ORIENTED_EDGE('',*,*,#250,.F.);
#250 = EDGE_CURVE('',#251,#243,#253,.T.);
#251 = VERTEX_POINT('',#252);
#252 = CARTESIAN_POINT('',(59.510182,-112.5,0.));
#253 = LINE('',#254,#255);
#254 = CARTESIAN_POINT('',(59.510182,-112.5,0.));
#255 = VECTOR('',#256,1.);
#256 = DIRECTION('',(0.,1.,0.));
#257 = ORIENTED_EDGE('',*,*,#258,.F.);
#258 = EDGE_CURVE('',#259,#251,#261,.T.);
#259 = VERTEX_POINT('',#260);
#260 = CARTESIAN_POINT('',(58.910182,-112.5,0.));
#261 = LINE('',#262,#263);
#262 = CARTESIAN_POINT('',(58.910182,-112.5,0.));
#263 = VECTOR('',#264,1.);
#264 = DIRECTION('',(1.,0.,0.));
#265 = ORIENTED_EDGE('',*,*,#266,.F.);
#266 = EDGE_CURVE('',#267,#259,#269,.T.);
#267 = VERTEX_POINT('',#268);
#268 = CARTESIAN_POINT('',(58.910182,-113.9,0.));
#269 = LINE('',#270,#271);
#270 = CARTESIAN_POINT('',(58.910182,-113.9,0.));
#271 = VECTOR('',#272,1.);
#272 = DIRECTION('',(0.,1.,0.));
#273 = ORIENTED_EDGE('',*,*,#274,.F.);
#274 = EDGE_CURVE('',#275,#267,#277,.T.);
#275 = VERTEX_POINT('',#276);
#276 = CARTESIAN_POINT('',(53.010182,-113.9,0.));
#277 = LINE('',#278,#279);
#278 = CARTESIAN_POINT('',(53.010182,-113.9,0.));
#279 = VECTOR('',#280,1.);
#280 = DIRECTION('',(1.,0.,0.));
#281 = ORIENTED_EDGE('',*,*,#282,.F.);
#282 = EDGE_CURVE('',#283,#275,#285,.T.);
#283 = VERTEX_POINT('',#284);
#284 = CARTESIAN_POINT('',(53.,-120.,0.));
#285 = LINE('',#286,#287);
#286 = CARTESIAN_POINT('',(53.,-120.,0.));
#287 = VECTOR('',#288,1.);
#288 = DIRECTION('',(1.66917800257E-03,0.999998606921,0.));
#289 = ORIENTED_EDGE('',*,*,#290,.F.);
#290 = EDGE_CURVE('',#291,#283,#293,.T.);
#291 = VERTEX_POINT('',#292);
#292 = CARTESIAN_POINT('',(55.,-122.,0.));
#293 = CIRCLE('',#294,1.99999850585);
#294 = AXIS2_PLACEMENT_3D('',#295,#296,#297);
#295 = CARTESIAN_POINT('',(54.99999850585,-120.0000014941,0.));
#296 = DIRECTION('',(0.,0.,-1.));
#297 = DIRECTION('',(7.470757420593E-07,-1.,0.));
#298 = ORIENTED_EDGE('',*,*,#299,.F.);
#299 = EDGE_CURVE('',#300,#291,#302,.T.);
#300 = VERTEX_POINT('',#301);
#301 = CARTESIAN_POINT('',(112.5,-122.,0.));
#302 = LINE('',#303,#304);
#303 = CARTESIAN_POINT('',(112.5,-122.,0.));
#304 = VECTOR('',#305,1.);
#305 = DIRECTION('',(-1.,0.,0.));
#306 = ORIENTED_EDGE('',*,*,#307,.F.);
#307 = EDGE_CURVE('',#122,#300,#308,.T.);
#308 = CIRCLE('',#309,1.99999850585);
#309 = AXIS2_PLACEMENT_3D('',#310,#311,#312);
#310 = CARTESIAN_POINT('',(112.50000149415,-120.0000014941,0.));
#311 = DIRECTION('',(0.,0.,-1.));
#312 = DIRECTION('',(1.,7.470757491648E-07,0.));
#313 = ORIENTED_EDGE('',*,*,#129,.F.);
#314 = FACE_BOUND('',#315,.F.);
#315 = EDGE_LOOP('',(#316));
#316 = ORIENTED_EDGE('',*,*,#317,.T.);
#317 = EDGE_CURVE('',#318,#318,#320,.T.);
#318 = VERTEX_POINT('',#319);
#319 = CARTESIAN_POINT('',(55.8,-119.,0.));
#320 = CIRCLE('',#321,0.5);
#321 = AXIS2_PLACEMENT_3D('',#322,#323,#324);
#322 = CARTESIAN_POINT('',(55.8,-118.5,0.));
#323 = DIRECTION('',(-0.,0.,-1.));
#324 = DIRECTION('',(-0.,-1.,0.));
#325 = FACE_BOUND('',#326,.F.);
#326 = EDGE_LOOP('',(#327));
#327 = ORIENTED_EDGE('',*,*,#328,.T.);
#328 = EDGE_CURVE('',#329,#329,#331,.T.);
#329 = VERTEX_POINT('',#330);
#330 = CARTESIAN_POINT('',(58.34,-119.,0.));
#331 = CIRCLE('',#332,0.5);
#332 = AXIS2_PLACEMENT_3D('',#333,#334,#335);
#333 = CARTESIAN_POINT('',(58.34,-118.5,0.));
#334 = DIRECTION('',(-0.,0.,-1.));
#335 = DIRECTION('',(-0.,-1.,0.));
#336 = FACE_BOUND('',#337,.F.);
#337 = EDGE_LOOP('',(#338));
#338 = ORIENTED_EDGE('',*,*,#339,.T.);
#339 = EDGE_CURVE('',#340,#340,#342,.T.);
#340 = VERTEX_POINT('',#341);
#341 = CARTESIAN_POINT('',(60.88,-119.,0.));
#342 = CIRCLE('',#343,0.5);
#343 = AXIS2_PLACEMENT_3D('',#344,#345,#346);
#344 = CARTESIAN_POINT('',(60.88,-118.5,0.));
#345 = DIRECTION('',(-0.,0.,-1.));
#346 = DIRECTION('',(-0.,-1.,0.));
#347 = FACE_BOUND('',#348,.F.);
#348 = EDGE_LOOP('',(#349,#360,#368,#377));
#349 = ORIENTED_EDGE('',*,*,#350,.T.);
#350 = EDGE_CURVE('',#351,#353,#355,.T.);
#351 = VERTEX_POINT('',#352);
#352 = CARTESIAN_POINT('',(54.095182,-115.13,0.));
#353 = VERTEX_POINT('',#354);
#354 = CARTESIAN_POINT('',(54.095182,-114.63,0.));
#355 = CIRCLE('',#356,0.25);
#356 = AXIS2_PLACEMENT_3D('',#357,#358,#359);
#357 = CARTESIAN_POINT('',(54.095182,-114.88,0.));
#358 = DIRECTION('',(-0.,0.,-1.));
#359 = DIRECTION('',(0.,1.,0.));
#360 = ORIENTED_EDGE('',*,*,#361,.T.);
#361 = EDGE_CURVE('',#353,#362,#364,.T.);
#362 = VERTEX_POINT('',#363);
#363 = CARTESIAN_POINT('',(55.245182,-114.63,0.));
#364 = LINE('',#365,#366);
#365 = CARTESIAN_POINT('',(27.622591,-114.63,0.));
#366 = VECTOR('',#367,1.);
#367 = DIRECTION('',(1.,0.,-0.));
#368 = ORIENTED_EDGE('',*,*,#369,.T.);
#369 = EDGE_CURVE('',#362,#370,#372,.T.);
#370 = VERTEX_POINT('',#371);
#371 = CARTESIAN_POINT('',(55.245182,-115.13,0.));
#372 = CIRCLE('',#373,0.25);
#373 = AXIS2_PLACEMENT_3D('',#374,#375,#376);
#374 = CARTESIAN_POINT('',(55.245182,-114.88,0.));
#375 = DIRECTION('',(-0.,0.,-1.));
#376 = DIRECTION('',(-0.,-1.,0.));
#377 = ORIENTED_EDGE('',*,*,#378,.T.);
#378 = EDGE_CURVE('',#370,#351,#379,.T.);
#379 = LINE('',#380,#381);
#380 = CARTESIAN_POINT('',(27.047591,-115.13,0.));
#381 = VECTOR('',#382,1.);
#382 = DIRECTION('',(-1.,0.,0.));
#383 = FACE_BOUND('',#384,.F.);
#384 = EDGE_LOOP('',(#385,#396,#404,#413));
#385 = ORIENTED_EDGE('',*,*,#386,.T.);
#386 = EDGE_CURVE('',#387,#389,#391,.T.);
#387 = VERTEX_POINT('',#388);
#388 = CARTESIAN_POINT('',(58.775182,-115.13,0.));
#389 = VERTEX_POINT('',#390);
#390 = CARTESIAN_POINT('',(58.775182,-114.63,0.));
#391 = CIRCLE('',#392,0.25);
#392 = AXIS2_PLACEMENT_3D('',#393,#394,#395);
#393 = CARTESIAN_POINT('',(58.775182,-114.88,0.));
#394 = DIRECTION('',(-0.,0.,-1.));
#395 = DIRECTION('',(0.,1.,0.));
#396 = ORIENTED_EDGE('',*,*,#397,.T.);
#397 = EDGE_CURVE('',#389,#398,#400,.T.);
#398 = VERTEX_POINT('',#399);
#399 = CARTESIAN_POINT('',(59.925182,-114.63,0.));
#400 = LINE('',#401,#402);
#401 = CARTESIAN_POINT('',(29.962591,-114.63,0.));
#402 = VECTOR('',#403,1.);
#403 = DIRECTION('',(1.,0.,-0.));
#404 = ORIENTED_EDGE('',*,*,#405,.T.);
#405 = EDGE_CURVE('',#398,#406,#408,.T.);
#406 = VERTEX_POINT('',#407);
#407 = CARTESIAN_POINT('',(59.925182,-115.13,0.));
#408 = CIRCLE('',#409,0.25);
#409 = AXIS2_PLACEMENT_3D('',#410,#411,#412);
#410 = CARTESIAN_POINT('',(59.925182,-114.88,0.));
#411 = DIRECTION('',(-0.,0.,-1.));
#412 = DIRECTION('',(-0.,-1.,0.));
#413 = ORIENTED_EDGE('',*,*,#414,.T.);
#414 = EDGE_CURVE('',#406,#387,#415,.T.);
#415 = LINE('',#416,#417);
#416 = CARTESIAN_POINT('',(29.387591,-115.13,0.));
#417 = VECTOR('',#418,1.);
#418 = DIRECTION('',(-1.,0.,0.));
#419 = FACE_BOUND('',#420,.F.);
#420 = EDGE_LOOP('',(#421));
#421 = ORIENTED_EDGE('',*,*,#422,.T.);
#422 = EDGE_CURVE('',#423,#423,#425,.T.);
#423 = VERTEX_POINT('',#424);
#424 = CARTESIAN_POINT('',(63.42,-119.,0.));
#425 = CIRCLE('',#426,0.5);
#426 = AXIS2_PLACEMENT_3D('',#427,#428,#429);
#427 = CARTESIAN_POINT('',(63.42,-118.5,0.));
#428 = DIRECTION('',(-0.,0.,-1.));
#429 = DIRECTION('',(-0.,-1.,0.));
#430 = FACE_BOUND('',#431,.F.);
#431 = EDGE_LOOP('',(#432));
#432 = ORIENTED_EDGE('',*,*,#433,.T.);
#433 = EDGE_CURVE('',#434,#434,#436,.T.);
#434 = VERTEX_POINT('',#435);
#435 = CARTESIAN_POINT('',(65.96,-119.,0.));
#436 = CIRCLE('',#437,0.5);
#437 = AXIS2_PLACEMENT_3D('',#438,#439,#440);
#438 = CARTESIAN_POINT('',(65.96,-118.5,0.));
#439 = DIRECTION('',(-0.,0.,-1.));
#440 = DIRECTION('',(-0.,-1.,0.));
#441 = FACE_BOUND('',#442,.F.);
#442 = EDGE_LOOP('',(#443));
#443 = ORIENTED_EDGE('',*,*,#444,.T.);
#444 = EDGE_CURVE('',#445,#445,#447,.T.);
#445 = VERTEX_POINT('',#446);
#446 = CARTESIAN_POINT('',(59.435182,-113.375,0.));
#447 = CIRCLE('',#448,0.325);
#448 = AXIS2_PLACEMENT_3D('',#449,#450,#451);
#449 = CARTESIAN_POINT('',(59.435182,-113.05,0.));
#450 = DIRECTION('',(-0.,0.,-1.));
#451 = DIRECTION('',(-0.,-1.,0.));
#452 = FACE_BOUND('',#453,.F.);
#453 = EDGE_LOOP('',(#454));
#454 = ORIENTED_EDGE('',*,*,#455,.T.);
#455 = EDGE_CURVE('',#456,#456,#458,.T.);
#456 = VERTEX_POINT('',#457);
#457 = CARTESIAN_POINT('',(68.5,-119.,0.));
#458 = CIRCLE('',#459,0.5);
#459 = AXIS2_PLACEMENT_3D('',#460,#461,#462);
#460 = CARTESIAN_POINT('',(68.5,-118.5,0.));
#461 = DIRECTION('',(-0.,0.,-1.));
#462 = DIRECTION('',(-0.,-1.,0.));
#463 = FACE_BOUND('',#464,.F.);
#464 = EDGE_LOOP('',(#465));
#465 = ORIENTED_EDGE('',*,*,#466,.T.);
#466 = EDGE_CURVE('',#467,#467,#469,.T.);
#467 = VERTEX_POINT('',#468);
#468 = CARTESIAN_POINT('',(71.04,-119.,0.));
#469 = CIRCLE('',#470,0.5);
#470 = AXIS2_PLACEMENT_3D('',#471,#472,#473);
#471 = CARTESIAN_POINT('',(71.04,-118.5,0.));
#472 = DIRECTION('',(-0.,0.,-1.));
#473 = DIRECTION('',(-0.,-1.,0.));
#474 = FACE_BOUND('',#475,.F.);
#475 = EDGE_LOOP('',(#476));
#476 = ORIENTED_EDGE('',*,*,#477,.T.);
#477 = EDGE_CURVE('',#478,#478,#480,.T.);
#478 = VERTEX_POINT('',#479);
#479 = CARTESIAN_POINT('',(73.58,-119.,0.));
#480 = CIRCLE('',#481,0.5);
#481 = AXIS2_PLACEMENT_3D('',#482,#483,#484);
#482 = CARTESIAN_POINT('',(73.58,-118.5,0.));
#483 = DIRECTION('',(-0.,0.,-1.));
#484 = DIRECTION('',(-0.,-1.,0.));
#485 = FACE_BOUND('',#486,.F.);
#486 = EDGE_LOOP('',(#487));
#487 = ORIENTED_EDGE('',*,*,#488,.T.);
#488 = EDGE_CURVE('',#489,#489,#491,.T.);
#489 = VERTEX_POINT('',#490);
#490 = CARTESIAN_POINT('',(76.12,-119.,0.));
#491 = CIRCLE('',#492,0.5);
#492 = AXIS2_PLACEMENT_3D('',#493,#494,#495);
#493 = CARTESIAN_POINT('',(76.12,-118.5,0.));
#494 = DIRECTION('',(-0.,0.,-1.));
#495 = DIRECTION('',(-0.,-1.,0.));
#496 = FACE_BOUND('',#497,.F.);
#497 = EDGE_LOOP('',(#498));
#498 = ORIENTED_EDGE('',*,*,#499,.T.);
#499 = EDGE_CURVE('',#500,#500,#502,.T.);
#500 = VERTEX_POINT('',#501);
#501 = CARTESIAN_POINT('',(78.66,-119.,0.));
#502 = CIRCLE('',#503,0.5);
#503 = AXIS2_PLACEMENT_3D('',#504,#505,#506);
#504 = CARTESIAN_POINT('',(78.66,-118.5,0.));
#505 = DIRECTION('',(-0.,0.,-1.));
#506 = DIRECTION('',(-0.,-1.,0.));
#507 = FACE_BOUND('',#508,.F.);
#508 = EDGE_LOOP('',(#509));
#509 = ORIENTED_EDGE('',*,*,#510,.T.);
#510 = EDGE_CURVE('',#511,#511,#513,.T.);
#511 = VERTEX_POINT('',#512);
#512 = CARTESIAN_POINT('',(81.2,-119.,0.));
#513 = CIRCLE('',#514,0.5);
#514 = AXIS2_PLACEMENT_3D('',#515,#516,#517);
#515 = CARTESIAN_POINT('',(81.2,-118.5,0.));
#516 = DIRECTION('',(-0.,0.,-1.));
#517 = DIRECTION('',(-0.,-1.,0.));
#518 = FACE_BOUND('',#519,.F.);
#519 = EDGE_LOOP('',(#520));
#520 = ORIENTED_EDGE('',*,*,#521,.T.);
#521 = EDGE_CURVE('',#522,#522,#524,.T.);
#522 = VERTEX_POINT('',#523);
#523 = CARTESIAN_POINT('',(78.145,-115.3,0.));
#524 = CIRCLE('',#525,0.5);
#525 = AXIS2_PLACEMENT_3D('',#526,#527,#528);
#526 = CARTESIAN_POINT('',(78.145,-114.8,0.));
#527 = DIRECTION('',(-0.,0.,-1.));
#528 = DIRECTION('',(-0.,-1.,0.));
#529 = FACE_BOUND('',#530,.F.);
#530 = EDGE_LOOP('',(#531));
#531 = ORIENTED_EDGE('',*,*,#532,.T.);
#532 = EDGE_CURVE('',#533,#533,#535,.T.);
#533 = VERTEX_POINT('',#534);
#534 = CARTESIAN_POINT('',(80.685,-115.3,0.));
#535 = CIRCLE('',#536,0.5);
#536 = AXIS2_PLACEMENT_3D('',#537,#538,#539);
#537 = CARTESIAN_POINT('',(80.685,-114.8,0.));
#538 = DIRECTION('',(-0.,0.,-1.));
#539 = DIRECTION('',(-0.,-1.,0.));
#540 = FACE_BOUND('',#541,.F.);
#541 = EDGE_LOOP('',(#542,#553,#561,#570));
#542 = ORIENTED_EDGE('',*,*,#543,.T.);
#543 = EDGE_CURVE('',#544,#546,#548,.T.);
#544 = VERTEX_POINT('',#545);
#545 = CARTESIAN_POINT('',(54.105182,-103.97,0.));
#546 = VERTEX_POINT('',#547);
#547 = CARTESIAN_POINT('',(54.105182,-103.47,0.));
#548 = CIRCLE('',#549,0.25);
#549 = AXIS2_PLACEMENT_3D('',#550,#551,#552);
#550 = CARTESIAN_POINT('',(54.105182,-103.72,0.));
#551 = DIRECTION('',(-0.,0.,-1.));
#552 = DIRECTION('',(0.,1.,0.));
#553 = ORIENTED_EDGE('',*,*,#554,.T.);
#554 = EDGE_CURVE('',#546,#555,#557,.T.);
#555 = VERTEX_POINT('',#556);
#556 = CARTESIAN_POINT('',(55.255182,-103.47,0.));
#557 = LINE('',#558,#559);
#558 = CARTESIAN_POINT('',(27.627591,-103.47,0.));
#559 = VECTOR('',#560,1.);
#560 = DIRECTION('',(1.,0.,-0.));
#561 = ORIENTED_EDGE('',*,*,#562,.T.);
#562 = EDGE_CURVE('',#555,#563,#565,.T.);
#563 = VERTEX_POINT('',#564);
#564 = CARTESIAN_POINT('',(55.255182,-103.97,0.));
#565 = CIRCLE('',#566,0.25);
#566 = AXIS2_PLACEMENT_3D('',#567,#568,#569);
#567 = CARTESIAN_POINT('',(55.255182,-103.72,0.));
#568 = DIRECTION('',(-0.,0.,-1.));
#569 = DIRECTION('',(-0.,-1.,0.));
#570 = ORIENTED_EDGE('',*,*,#571,.T.);
#571 = EDGE_CURVE('',#563,#544,#572,.T.);
#572 = LINE('',#573,#574);
#573 = CARTESIAN_POINT('',(27.052591,-103.97,0.));
#574 = VECTOR('',#575,1.);
#575 = DIRECTION('',(-1.,0.,0.));
#576 = FACE_BOUND('',#577,.F.);
#577 = EDGE_LOOP('',(#578));
#578 = ORIENTED_EDGE('',*,*,#579,.T.);
#579 = EDGE_CURVE('',#580,#580,#582,.T.);
#580 = VERTEX_POINT('',#581);
#581 = CARTESIAN_POINT('',(59.435182,-105.875,0.));
#582 = CIRCLE('',#583,0.325);
#583 = AXIS2_PLACEMENT_3D('',#584,#585,#586);
#584 = CARTESIAN_POINT('',(59.435182,-105.55,0.));
#585 = DIRECTION('',(-0.,0.,-1.));
#586 = DIRECTION('',(-0.,-1.,0.));
#587 = FACE_BOUND('',#588,.F.);
#588 = EDGE_LOOP('',(#589,#600,#608,#617));
#589 = ORIENTED_EDGE('',*,*,#590,.T.);
#590 = EDGE_CURVE('',#591,#593,#595,.T.);
#591 = VERTEX_POINT('',#592);
#592 = CARTESIAN_POINT('',(58.775182,-103.97,0.));
#593 = VERTEX_POINT('',#594);
#594 = CARTESIAN_POINT('',(58.775182,-103.47,0.));
#595 = CIRCLE('',#596,0.25);
#596 = AXIS2_PLACEMENT_3D('',#597,#598,#599);
#597 = CARTESIAN_POINT('',(58.775182,-103.72,0.));
#598 = DIRECTION('',(-0.,0.,-1.));
#599 = DIRECTION('',(0.,1.,0.));
#600 = ORIENTED_EDGE('',*,*,#601,.T.);
#601 = EDGE_CURVE('',#593,#602,#604,.T.);
#602 = VERTEX_POINT('',#603);
#603 = CARTESIAN_POINT('',(59.925182,-103.47,0.));
#604 = LINE('',#605,#606);
#605 = CARTESIAN_POINT('',(29.962591,-103.47,0.));
#606 = VECTOR('',#607,1.);
#607 = DIRECTION('',(1.,0.,-0.));
#608 = ORIENTED_EDGE('',*,*,#609,.T.);
#609 = EDGE_CURVE('',#602,#610,#612,.T.);
#610 = VERTEX_POINT('',#611);
#611 = CARTESIAN_POINT('',(59.925182,-103.97,0.));
#612 = CIRCLE('',#613,0.25);
#613 = AXIS2_PLACEMENT_3D('',#614,#615,#616);
#614 = CARTESIAN_POINT('',(59.925182,-103.72,0.));
#615 = DIRECTION('',(-0.,0.,-1.));
#616 = DIRECTION('',(-0.,-1.,0.));
#617 = ORIENTED_EDGE('',*,*,#618,.T.);
#618 = EDGE_CURVE('',#610,#591,#619,.T.);
#619 = LINE('',#620,#621);
#620 = CARTESIAN_POINT('',(29.387591,-103.97,0.));
#621 = VECTOR('',#622,1.);
#622 = DIRECTION('',(-1.,0.,0.));
#623 = FACE_BOUND('',#624,.F.);
#624 = EDGE_LOOP('',(#625));
#625 = ORIENTED_EDGE('',*,*,#626,.T.);
#626 = EDGE_CURVE('',#627,#627,#629,.T.);
#627 = VERTEX_POINT('',#628);
#628 = CARTESIAN_POINT('',(63.3,-103.725,0.));
#629 = CIRCLE('',#630,0.5);
#630 = AXIS2_PLACEMENT_3D('',#631,#632,#633);
#631 = CARTESIAN_POINT('',(63.3,-103.225,0.));
#632 = DIRECTION('',(-0.,0.,-1.));
#633 = DIRECTION('',(-0.,-1.,0.));
#634 = FACE_BOUND('',#635,.F.);
#635 = EDGE_LOOP('',(#636));
#636 = ORIENTED_EDGE('',*,*,#637,.T.);
#637 = EDGE_CURVE('',#638,#638,#640,.T.);
#638 = VERTEX_POINT('',#639);
#639 = CARTESIAN_POINT('',(63.3,-101.185,0.));
#640 = CIRCLE('',#641,0.5);
#641 = AXIS2_PLACEMENT_3D('',#642,#643,#644);
#642 = CARTESIAN_POINT('',(63.3,-100.685,0.));
#643 = DIRECTION('',(-0.,0.,-1.));
#644 = DIRECTION('',(-0.,-1.,0.));
#645 = FACE_BOUND('',#646,.F.);
#646 = EDGE_LOOP('',(#647));
#647 = ORIENTED_EDGE('',*,*,#648,.T.);
#648 = EDGE_CURVE('',#649,#649,#651,.T.);
#649 = VERTEX_POINT('',#650);
#650 = CARTESIAN_POINT('',(85.5,-119.,0.));
#651 = CIRCLE('',#652,0.5);
#652 = AXIS2_PLACEMENT_3D('',#653,#654,#655);
#653 = CARTESIAN_POINT('',(85.5,-118.5,0.));
#654 = DIRECTION('',(-0.,0.,-1.));
#655 = DIRECTION('',(-0.,-1.,0.));
#656 = FACE_BOUND('',#657,.F.);
#657 = EDGE_LOOP('',(#658));
#658 = ORIENTED_EDGE('',*,*,#659,.T.);
#659 = EDGE_CURVE('',#660,#660,#662,.T.);
#660 = VERTEX_POINT('',#661);
#661 = CARTESIAN_POINT('',(88.04,-119.,0.));
#662 = CIRCLE('',#663,0.5);
#663 = AXIS2_PLACEMENT_3D('',#664,#665,#666);
#664 = CARTESIAN_POINT('',(88.04,-118.5,0.));
#665 = DIRECTION('',(-0.,0.,-1.));
#666 = DIRECTION('',(-0.,-1.,0.));
#667 = FACE_BOUND('',#668,.F.);
#668 = EDGE_LOOP('',(#669));
#669 = ORIENTED_EDGE('',*,*,#670,.T.);
#670 = EDGE_CURVE('',#671,#671,#673,.T.);
#671 = VERTEX_POINT('',#672);
#672 = CARTESIAN_POINT('',(83.225,-115.3,0.));
#673 = CIRCLE('',#674,0.5);
#674 = AXIS2_PLACEMENT_3D('',#675,#676,#677);
#675 = CARTESIAN_POINT('',(83.225,-114.8,0.));
#676 = DIRECTION('',(-0.,0.,-1.));
#677 = DIRECTION('',(-0.,-1.,0.));
#678 = FACE_BOUND('',#679,.F.);
#679 = EDGE_LOOP('',(#680));
#680 = ORIENTED_EDGE('',*,*,#681,.T.);
#681 = EDGE_CURVE('',#682,#682,#684,.T.);
#682 = VERTEX_POINT('',#683);
#683 = CARTESIAN_POINT('',(90.58,-119.,0.));
#684 = CIRCLE('',#685,0.5);
#685 = AXIS2_PLACEMENT_3D('',#686,#687,#688);
#686 = CARTESIAN_POINT('',(90.58,-118.5,0.));
#687 = DIRECTION('',(-0.,0.,-1.));
#688 = DIRECTION('',(-0.,-1.,0.));
#689 = FACE_BOUND('',#690,.F.);
#690 = EDGE_LOOP('',(#691));
#691 = ORIENTED_EDGE('',*,*,#692,.T.);
#692 = EDGE_CURVE('',#693,#693,#695,.T.);
#693 = VERTEX_POINT('',#694);
#694 = CARTESIAN_POINT('',(93.12,-119.,0.));
#695 = CIRCLE('',#696,0.5);
#696 = AXIS2_PLACEMENT_3D('',#697,#698,#699);
#697 = CARTESIAN_POINT('',(93.12,-118.5,0.));
#698 = DIRECTION('',(-0.,0.,-1.));
#699 = DIRECTION('',(-0.,-1.,0.));
#700 = FACE_BOUND('',#701,.F.);
#701 = EDGE_LOOP('',(#702));
#702 = ORIENTED_EDGE('',*,*,#703,.T.);
#703 = EDGE_CURVE('',#704,#704,#706,.T.);
#704 = VERTEX_POINT('',#705);
#705 = CARTESIAN_POINT('',(95.66,-119.,0.));
#706 = CIRCLE('',#707,0.5);
#707 = AXIS2_PLACEMENT_3D('',#708,#709,#710);
#708 = CARTESIAN_POINT('',(95.66,-118.5,0.));
#709 = DIRECTION('',(-0.,0.,-1.));
#710 = DIRECTION('',(-0.,-1.,0.));
#711 = FACE_BOUND('',#712,.F.);
#712 = EDGE_LOOP('',(#713));
#713 = ORIENTED_EDGE('',*,*,#714,.T.);
#714 = EDGE_CURVE('',#715,#715,#717,.T.);
#715 = VERTEX_POINT('',#716);
#716 = CARTESIAN_POINT('',(91.7,-115.85,0.));
#717 = CIRCLE('',#718,0.25);
#718 = AXIS2_PLACEMENT_3D('',#719,#720,#721);
#719 = CARTESIAN_POINT('',(91.7,-115.6,0.));
#720 = DIRECTION('',(-0.,0.,-1.));
#721 = DIRECTION('',(-0.,-1.,0.));
#722 = FACE_BOUND('',#723,.F.);
#723 = EDGE_LOOP('',(#724));
#724 = ORIENTED_EDGE('',*,*,#725,.T.);
#725 = EDGE_CURVE('',#726,#726,#728,.T.);
#726 = VERTEX_POINT('',#727);
#727 = CARTESIAN_POINT('',(98.2,-119.,0.));
#728 = CIRCLE('',#729,0.5);
#729 = AXIS2_PLACEMENT_3D('',#730,#731,#732);
#730 = CARTESIAN_POINT('',(98.2,-118.5,0.));
#731 = DIRECTION('',(-0.,0.,-1.));
#732 = DIRECTION('',(-0.,-1.,0.));
#733 = FACE_BOUND('',#734,.F.);
#734 = EDGE_LOOP('',(#735));
#735 = ORIENTED_EDGE('',*,*,#736,.T.);
#736 = EDGE_CURVE('',#737,#737,#739,.T.);
#737 = VERTEX_POINT('',#738);
#738 = CARTESIAN_POINT('',(100.74,-119.,0.));
#739 = CIRCLE('',#740,0.5);
#740 = AXIS2_PLACEMENT_3D('',#741,#742,#743);
#741 = CARTESIAN_POINT('',(100.74,-118.5,0.));
#742 = DIRECTION('',(-0.,0.,-1.));
#743 = DIRECTION('',(-0.,-1.,0.));
#744 = FACE_BOUND('',#745,.F.);
#745 = EDGE_LOOP('',(#746));
#746 = ORIENTED_EDGE('',*,*,#747,.T.);
#747 = EDGE_CURVE('',#748,#748,#750,.T.);
#748 = VERTEX_POINT('',#749);
#749 = CARTESIAN_POINT('',(103.28,-119.,0.));
#750 = CIRCLE('',#751,0.5);
#751 = AXIS2_PLACEMENT_3D('',#752,#753,#754);
#752 = CARTESIAN_POINT('',(103.28,-118.5,0.));
#753 = DIRECTION('',(-0.,0.,-1.));
#754 = DIRECTION('',(-0.,-1.,0.));
#755 = FACE_BOUND('',#756,.F.);
#756 = EDGE_LOOP('',(#757));
#757 = ORIENTED_EDGE('',*,*,#758,.T.);
#758 = EDGE_CURVE('',#759,#759,#761,.T.);
#759 = VERTEX_POINT('',#760);
#760 = CARTESIAN_POINT('',(102.601167,-114.55,0.));
#761 = CIRCLE('',#762,0.325);
#762 = AXIS2_PLACEMENT_3D('',#763,#764,#765);
#763 = CARTESIAN_POINT('',(102.601167,-114.225,0.));
#764 = DIRECTION('',(-0.,0.,-1.));
#765 = DIRECTION('',(-0.,-1.,0.));
#766 = FACE_BOUND('',#767,.F.);
#767 = EDGE_LOOP('',(#768));
#768 = ORIENTED_EDGE('',*,*,#769,.T.);
#769 = EDGE_CURVE('',#770,#770,#772,.T.);
#770 = VERTEX_POINT('',#771);
#771 = CARTESIAN_POINT('',(105.82,-119.,0.));
#772 = CIRCLE('',#773,0.5);
#773 = AXIS2_PLACEMENT_3D('',#774,#775,#776);
#774 = CARTESIAN_POINT('',(105.82,-118.5,0.));
#775 = DIRECTION('',(-0.,0.,-1.));
#776 = DIRECTION('',(-0.,-1.,0.));
#777 = FACE_BOUND('',#778,.F.);
#778 = EDGE_LOOP('',(#779));
#779 = ORIENTED_EDGE('',*,*,#780,.T.);
#780 = EDGE_CURVE('',#781,#781,#783,.T.);
#781 = VERTEX_POINT('',#782);
#782 = CARTESIAN_POINT('',(108.36,-119.,0.));
#783 = CIRCLE('',#784,0.5);
#784 = AXIS2_PLACEMENT_3D('',#785,#786,#787);
#785 = CARTESIAN_POINT('',(108.36,-118.5,0.));
#786 = DIRECTION('',(-0.,0.,-1.));
#787 = DIRECTION('',(-0.,-1.,0.));
#788 = FACE_BOUND('',#789,.F.);
#789 = EDGE_LOOP('',(#790));
#790 = ORIENTED_EDGE('',*,*,#791,.T.);
#791 = EDGE_CURVE('',#792,#792,#794,.T.);
#792 = VERTEX_POINT('',#793);
#793 = CARTESIAN_POINT('',(110.9,-119.,0.));
#794 = CIRCLE('',#795,0.5);
#795 = AXIS2_PLACEMENT_3D('',#796,#797,#798);
#796 = CARTESIAN_POINT('',(110.9,-118.5,0.));
#797 = DIRECTION('',(-0.,0.,-1.));
#798 = DIRECTION('',(-0.,-1.,0.));
#799 = FACE_BOUND('',#800,.F.);
#800 = EDGE_LOOP('',(#801));
#801 = ORIENTED_EDGE('',*,*,#802,.T.);
#802 = EDGE_CURVE('',#803,#803,#805,.T.);
#803 = VERTEX_POINT('',#804);
#804 = CARTESIAN_POINT('',(102.601167,-113.28,0.));
#805 = CIRCLE('',#806,0.325);
#806 = AXIS2_PLACEMENT_3D('',#807,#808,#809);
#807 = CARTESIAN_POINT('',(102.601167,-112.955,0.));
#808 = DIRECTION('',(-0.,0.,-1.));
#809 = DIRECTION('',(-0.,-1.,0.));
#810 = FACE_BOUND('',#811,.F.);
#811 = EDGE_LOOP('',(#812));
#812 = ORIENTED_EDGE('',*,*,#813,.T.);
#813 = EDGE_CURVE('',#814,#814,#816,.T.);
#814 = VERTEX_POINT('',#815);
#815 = CARTESIAN_POINT('',(102.601167,-112.01,0.));
#816 = CIRCLE('',#817,0.325);
#817 = AXIS2_PLACEMENT_3D('',#818,#819,#820);
#818 = CARTESIAN_POINT('',(102.601167,-111.685,0.));
#819 = DIRECTION('',(-0.,0.,-1.));
#820 = DIRECTION('',(-0.,-1.,0.));
#821 = FACE_BOUND('',#822,.F.);
#822 = EDGE_LOOP('',(#823));
#823 = ORIENTED_EDGE('',*,*,#824,.T.);
#824 = EDGE_CURVE('',#825,#825,#827,.T.);
#825 = VERTEX_POINT('',#826);
#826 = CARTESIAN_POINT('',(102.601167,-110.74,0.));
#827 = CIRCLE('',#828,0.325);
#828 = AXIS2_PLACEMENT_3D('',#829,#830,#831);
#829 = CARTESIAN_POINT('',(102.601167,-110.415,0.));
#830 = DIRECTION('',(-0.,0.,-1.));
#831 = DIRECTION('',(-0.,-1.,0.));
#832 = FACE_BOUND('',#833,.F.);
#833 = EDGE_LOOP('',(#834));
#834 = ORIENTED_EDGE('',*,*,#835,.T.);
#835 = EDGE_CURVE('',#836,#836,#838,.T.);
#836 = VERTEX_POINT('',#837);
#837 = CARTESIAN_POINT('',(102.601167,-109.47,0.));
#838 = CIRCLE('',#839,0.325);
#839 = AXIS2_PLACEMENT_3D('',#840,#841,#842);
#840 = CARTESIAN_POINT('',(102.601167,-109.145,0.));
#841 = DIRECTION('',(-0.,0.,-1.));
#842 = DIRECTION('',(-0.,-1.,0.));
#843 = FACE_BOUND('',#844,.F.);
#844 = EDGE_LOOP('',(#845));
#845 = ORIENTED_EDGE('',*,*,#846,.T.);
#846 = EDGE_CURVE('',#847,#847,#849,.T.);
#847 = VERTEX_POINT('',#848);
#848 = CARTESIAN_POINT('',(111.,-111.24,0.));
#849 = CIRCLE('',#850,0.5);
#850 = AXIS2_PLACEMENT_3D('',#851,#852,#853);
#851 = CARTESIAN_POINT('',(111.,-110.74,0.));
#852 = DIRECTION('',(-0.,0.,-1.));
#853 = DIRECTION('',(-0.,-1.,0.));
#854 = FACE_BOUND('',#855,.F.);
#855 = EDGE_LOOP('',(#856));
#856 = ORIENTED_EDGE('',*,*,#857,.T.);
#857 = EDGE_CURVE('',#858,#858,#860,.T.);
#858 = VERTEX_POINT('',#859);
#859 = CARTESIAN_POINT('',(102.601167,-108.2,0.));
#860 = CIRCLE('',#861,0.325);
#861 = AXIS2_PLACEMENT_3D('',#862,#863,#864);
#862 = CARTESIAN_POINT('',(102.601167,-107.875,0.));
#863 = DIRECTION('',(-0.,0.,-1.));
#864 = DIRECTION('',(-0.,-1.,0.));
#865 = FACE_BOUND('',#866,.F.);
#866 = EDGE_LOOP('',(#867));
#867 = ORIENTED_EDGE('',*,*,#868,.T.);
#868 = EDGE_CURVE('',#869,#869,#871,.T.);
#869 = VERTEX_POINT('',#870);
#870 = CARTESIAN_POINT('',(102.601167,-106.93,0.));
#871 = CIRCLE('',#872,0.325);
#872 = AXIS2_PLACEMENT_3D('',#873,#874,#875);
#873 = CARTESIAN_POINT('',(102.601167,-106.605,0.));
#874 = DIRECTION('',(-0.,0.,-1.));
#875 = DIRECTION('',(-0.,-1.,0.));
#876 = FACE_BOUND('',#877,.F.);
#877 = EDGE_LOOP('',(#878));
#878 = ORIENTED_EDGE('',*,*,#879,.T.);
#879 = EDGE_CURVE('',#880,#880,#882,.T.);
#880 = VERTEX_POINT('',#881);
#881 = CARTESIAN_POINT('',(111.,-108.7,0.));
#882 = CIRCLE('',#883,0.5);
#883 = AXIS2_PLACEMENT_3D('',#884,#885,#886);
#884 = CARTESIAN_POINT('',(111.,-108.2,0.));
#885 = DIRECTION('',(-0.,0.,-1.));
#886 = DIRECTION('',(-0.,-1.,0.));
#887 = FACE_BOUND('',#888,.F.);
#888 = EDGE_LOOP('',(#889));
#889 = ORIENTED_EDGE('',*,*,#890,.T.);
#890 = EDGE_CURVE('',#891,#891,#893,.T.);
#891 = VERTEX_POINT('',#892);
#892 = CARTESIAN_POINT('',(111.,-106.16,0.));
#893 = CIRCLE('',#894,0.5);
#894 = AXIS2_PLACEMENT_3D('',#895,#896,#897);
#895 = CARTESIAN_POINT('',(111.,-105.66,0.));
#896 = DIRECTION('',(-0.,0.,-1.));
#897 = DIRECTION('',(-0.,-1.,0.));
#898 = FACE_BOUND('',#899,.F.);
#899 = EDGE_LOOP('',(#900));
#900 = ORIENTED_EDGE('',*,*,#901,.T.);
#901 = EDGE_CURVE('',#902,#902,#904,.T.);
#902 = VERTEX_POINT('',#903);
#903 = CARTESIAN_POINT('',(111.,-103.62,0.));
#904 = CIRCLE('',#905,0.5);
#905 = AXIS2_PLACEMENT_3D('',#906,#907,#908);
#906 = CARTESIAN_POINT('',(111.,-103.12,0.));
#907 = DIRECTION('',(-0.,0.,-1.));
#908 = DIRECTION('',(-0.,-1.,0.));
#909 = FACE_BOUND('',#910,.F.);
#910 = EDGE_LOOP('',(#911));
#911 = ORIENTED_EDGE('',*,*,#912,.T.);
#912 = EDGE_CURVE('',#913,#913,#915,.T.);
#913 = VERTEX_POINT('',#914);
#914 = CARTESIAN_POINT('',(111.,-101.08,0.));
#915 = CIRCLE('',#916,0.5);
#916 = AXIS2_PLACEMENT_3D('',#917,#918,#919);
#917 = CARTESIAN_POINT('',(111.,-100.58,0.));
#918 = DIRECTION('',(-0.,0.,-1.));
#919 = DIRECTION('',(-0.,-1.,0.));
#920 = FACE_BOUND('',#921,.F.);
#921 = EDGE_LOOP('',(#922,#933,#941,#950));
#922 = ORIENTED_EDGE('',*,*,#923,.T.);
#923 = EDGE_CURVE('',#924,#926,#928,.T.);
#924 = VERTEX_POINT('',#925);
#925 = CARTESIAN_POINT('',(54.09981,-96.0816,0.));
#926 = VERTEX_POINT('',#927);
#927 = CARTESIAN_POINT('',(54.09981,-95.5816,0.));
#928 = CIRCLE('',#929,0.25);
#929 = AXIS2_PLACEMENT_3D('',#930,#931,#932);
#930 = CARTESIAN_POINT('',(54.09981,-95.8316,0.));
#931 = DIRECTION('',(-0.,0.,-1.));
#932 = DIRECTION('',(0.,1.,0.));
#933 = ORIENTED_EDGE('',*,*,#934,.T.);
#934 = EDGE_CURVE('',#926,#935,#937,.T.);
#935 = VERTEX_POINT('',#936);
#936 = CARTESIAN_POINT('',(55.24981,-95.5816,0.));
#937 = LINE('',#938,#939);
#938 = CARTESIAN_POINT('',(27.624905,-95.5816,0.));
#939 = VECTOR('',#940,1.);
#940 = DIRECTION('',(1.,0.,-0.));
#941 = ORIENTED_EDGE('',*,*,#942,.T.);
#942 = EDGE_CURVE('',#935,#943,#945,.T.);
#943 = VERTEX_POINT('',#944);
#944 = CARTESIAN_POINT('',(55.24981,-96.0816,0.));
#945 = CIRCLE('',#946,0.25);
#946 = AXIS2_PLACEMENT_3D('',#947,#948,#949);
#947 = CARTESIAN_POINT('',(55.24981,-95.8316,0.));
#948 = DIRECTION('',(-0.,0.,-1.));
#949 = DIRECTION('',(-0.,-1.,0.));
#950 = ORIENTED_EDGE('',*,*,#951,.T.);
#951 = EDGE_CURVE('',#943,#924,#952,.T.);
#952 = LINE('',#953,#954);
#953 = CARTESIAN_POINT('',(27.049905,-96.0816,0.));
#954 = VECTOR('',#955,1.);
#955 = DIRECTION('',(-1.,0.,0.));
#956 = FACE_BOUND('',#957,.F.);
#957 = EDGE_LOOP('',(#958,#969,#977,#986));
#958 = ORIENTED_EDGE('',*,*,#959,.T.);
#959 = EDGE_CURVE('',#960,#962,#964,.T.);
#960 = VERTEX_POINT('',#961);
#961 = CARTESIAN_POINT('',(58.77981,-96.0816,0.));
#962 = VERTEX_POINT('',#963);
#963 = CARTESIAN_POINT('',(58.77981,-95.5816,0.));
#964 = CIRCLE('',#965,0.25);
#965 = AXIS2_PLACEMENT_3D('',#966,#967,#968);
#966 = CARTESIAN_POINT('',(58.77981,-95.8316,0.));
#967 = DIRECTION('',(-0.,0.,-1.));
#968 = DIRECTION('',(0.,1.,0.));
#969 = ORIENTED_EDGE('',*,*,#970,.T.);
#970 = EDGE_CURVE('',#962,#971,#973,.T.);
#971 = VERTEX_POINT('',#972);
#972 = CARTESIAN_POINT('',(59.92981,-95.5816,0.));
#973 = LINE('',#974,#975);
#974 = CARTESIAN_POINT('',(29.964905,-95.5816,0.));
#975 = VECTOR('',#976,1.);
#976 = DIRECTION('',(1.,0.,-0.));
#977 = ORIENTED_EDGE('',*,*,#978,.T.);
#978 = EDGE_CURVE('',#971,#979,#981,.T.);
#979 = VERTEX_POINT('',#980);
#980 = CARTESIAN_POINT('',(59.92981,-96.0816,0.));
#981 = CIRCLE('',#982,0.25);
#982 = AXIS2_PLACEMENT_3D('',#983,#984,#985);
#983 = CARTESIAN_POINT('',(59.92981,-95.8316,0.));
#984 = DIRECTION('',(-0.,0.,-1.));
#985 = DIRECTION('',(-0.,-1.,0.));
#986 = ORIENTED_EDGE('',*,*,#987,.T.);
#987 = EDGE_CURVE('',#979,#960,#988,.T.);
#988 = LINE('',#989,#990);
#989 = CARTESIAN_POINT('',(29.389905,-96.0816,0.));
#990 = VECTOR('',#991,1.);
#991 = DIRECTION('',(-1.,0.,0.));
#992 = FACE_BOUND('',#993,.F.);
#993 = EDGE_LOOP('',(#994));
#994 = ORIENTED_EDGE('',*,*,#995,.T.);
#995 = EDGE_CURVE('',#996,#996,#998,.T.);
#996 = VERTEX_POINT('',#997);
#997 = CARTESIAN_POINT('',(59.43981,-94.3266,0.));
#998 = CIRCLE('',#999,0.325);
#999 = AXIS2_PLACEMENT_3D('',#1000,#1001,#1002);
#1000 = CARTESIAN_POINT('',(59.43981,-94.0016,0.));
#1001 = DIRECTION('',(-0.,0.,-1.));
#1002 = DIRECTION('',(2.1862853408E-14,-1.,-0.));
#1003 = FACE_BOUND('',#1004,.F.);
#1004 = EDGE_LOOP('',(#1005));
#1005 = ORIENTED_EDGE('',*,*,#1006,.T.);
#1006 = EDGE_CURVE('',#1007,#1007,#1009,.T.);
#1007 = VERTEX_POINT('',#1008);
#1008 = CARTESIAN_POINT('',(63.3,-98.645,0.));
#1009 = CIRCLE('',#1010,0.5);
#1010 = AXIS2_PLACEMENT_3D('',#1011,#1012,#1013);
#1011 = CARTESIAN_POINT('',(63.3,-98.145,0.));
#1012 = DIRECTION('',(-0.,0.,-1.));
#1013 = DIRECTION('',(-0.,-1.,0.));
#1014 = FACE_BOUND('',#1015,.F.);
#1015 = EDGE_LOOP('',(#1016));
#1016 = ORIENTED_EDGE('',*,*,#1017,.T.);
#1017 = EDGE_CURVE('',#1018,#1018,#1020,.T.);
#1018 = VERTEX_POINT('',#1019);
#1019 = CARTESIAN_POINT('',(59.43981,-86.8266,0.));
#1020 = CIRCLE('',#1021,0.325);
#1021 = AXIS2_PLACEMENT_3D('',#1022,#1023,#1024);
#1022 = CARTESIAN_POINT('',(59.43981,-86.5016,0.));
#1023 = DIRECTION('',(-0.,0.,-1.));
#1024 = DIRECTION('',(2.1862853408E-14,-1.,-0.));
#1025 = FACE_BOUND('',#1026,.F.);
#1026 = EDGE_LOOP('',(#1027,#1038,#1046,#1055));
#1027 = ORIENTED_EDGE('',*,*,#1028,.T.);
#1028 = EDGE_CURVE('',#1029,#1031,#1033,.T.);
#1029 = VERTEX_POINT('',#1030);
#1030 = CARTESIAN_POINT('',(54.10981,-84.9216,0.));
#1031 = VERTEX_POINT('',#1032);
#1032 = CARTESIAN_POINT('',(54.10981,-84.4216,0.));
#1033 = CIRCLE('',#1034,0.25);
#1034 = AXIS2_PLACEMENT_3D('',#1035,#1036,#1037);
#1035 = CARTESIAN_POINT('',(54.10981,-84.6716,0.));
#1036 = DIRECTION('',(-0.,0.,-1.));
#1037 = DIRECTION('',(0.,1.,0.));
#1038 = ORIENTED_EDGE('',*,*,#1039,.T.);
#1039 = EDGE_CURVE('',#1031,#1040,#1042,.T.);
#1040 = VERTEX_POINT('',#1041);
#1041 = CARTESIAN_POINT('',(55.25981,-84.4216,0.));
#1042 = LINE('',#1043,#1044);
#1043 = CARTESIAN_POINT('',(27.629905,-84.4216,0.));
#1044 = VECTOR('',#1045,1.);
#1045 = DIRECTION('',(1.,0.,-0.));
#1046 = ORIENTED_EDGE('',*,*,#1047,.T.);
#1047 = EDGE_CURVE('',#1040,#1048,#1050,.T.);
#1048 = VERTEX_POINT('',#1049);
#1049 = CARTESIAN_POINT('',(55.25981,-84.9216,0.));
#1050 = CIRCLE('',#1051,0.25);
#1051 = AXIS2_PLACEMENT_3D('',#1052,#1053,#1054);
#1052 = CARTESIAN_POINT('',(55.25981,-84.6716,0.));
#1053 = DIRECTION('',(-0.,0.,-1.));
#1054 = DIRECTION('',(-0.,-1.,0.));
#1055 = ORIENTED_EDGE('',*,*,#1056,.T.);
#1056 = EDGE_CURVE('',#1048,#1029,#1057,.T.);
#1057 = LINE('',#1058,#1059);
#1058 = CARTESIAN_POINT('',(27.054905,-84.9216,0.));
#1059 = VECTOR('',#1060,1.);
#1060 = DIRECTION('',(-1.,0.,0.));
#1061 = FACE_BOUND('',#1062,.F.);
#1062 = EDGE_LOOP('',(#1063,#1074,#1082,#1091));
#1063 = ORIENTED_EDGE('',*,*,#1064,.T.);
#1064 = EDGE_CURVE('',#1065,#1067,#1069,.T.);
#1065 = VERTEX_POINT('',#1066);
#1066 = CARTESIAN_POINT('',(58.77981,-84.9216,0.));
#1067 = VERTEX_POINT('',#1068);
#1068 = CARTESIAN_POINT('',(58.77981,-84.4216,0.));
#1069 = CIRCLE('',#1070,0.25);
#1070 = AXIS2_PLACEMENT_3D('',#1071,#1072,#1073);
#1071 = CARTESIAN_POINT('',(58.77981,-84.6716,0.));
#1072 = DIRECTION('',(-0.,0.,-1.));
#1073 = DIRECTION('',(0.,1.,0.));
#1074 = ORIENTED_EDGE('',*,*,#1075,.T.);
#1075 = EDGE_CURVE('',#1067,#1076,#1078,.T.);
#1076 = VERTEX_POINT('',#1077);
#1077 = CARTESIAN_POINT('',(59.92981,-84.4216,0.));
#1078 = LINE('',#1079,#1080);
#1079 = CARTESIAN_POINT('',(29.964905,-84.4216,0.));
#1080 = VECTOR('',#1081,1.);
#1081 = DIRECTION('',(1.,0.,-0.));
#1082 = ORIENTED_EDGE('',*,*,#1083,.T.);
#1083 = EDGE_CURVE('',#1076,#1084,#1086,.T.);
#1084 = VERTEX_POINT('',#1085);
#1085 = CARTESIAN_POINT('',(59.92981,-84.9216,0.));
#1086 = CIRCLE('',#1087,0.25);
#1087 = AXIS2_PLACEMENT_3D('',#1088,#1089,#1090);
#1088 = CARTESIAN_POINT('',(59.92981,-84.6716,0.));
#1089 = DIRECTION('',(-0.,0.,-1.));
#1090 = DIRECTION('',(-0.,-1.,0.));
#1091 = ORIENTED_EDGE('',*,*,#1092,.T.);
#1092 = EDGE_CURVE('',#1084,#1065,#1093,.T.);
#1093 = LINE('',#1094,#1095);
#1094 = CARTESIAN_POINT('',(29.389905,-84.9216,0.));
#1095 = VECTOR('',#1096,1.);
#1096 = DIRECTION('',(-1.,0.,0.));
#1097 = FACE_BOUND('',#1098,.F.);
#1098 = EDGE_LOOP('',(#1099));
#1099 = ORIENTED_EDGE('',*,*,#1100,.T.);
#1100 = EDGE_CURVE('',#1101,#1101,#1103,.T.);
#1101 = VERTEX_POINT('',#1102);
#1102 = CARTESIAN_POINT('',(55.8,-78.5,0.));
#1103 = CIRCLE('',#1104,0.5);
#1104 = AXIS2_PLACEMENT_3D('',#1105,#1106,#1107);
#1105 = CARTESIAN_POINT('',(55.8,-78.,0.));
#1106 = DIRECTION('',(-0.,0.,-1.));
#1107 = DIRECTION('',(-0.,-1.,0.));
#1108 = FACE_BOUND('',#1109,.F.);
#1109 = EDGE_LOOP('',(#1110));
#1110 = ORIENTED_EDGE('',*,*,#1111,.T.);
#1111 = EDGE_CURVE('',#1112,#1112,#1114,.T.);
#1112 = VERTEX_POINT('',#1113);
#1113 = CARTESIAN_POINT('',(58.34,-78.5,0.));
#1114 = CIRCLE('',#1115,0.5);
#1115 = AXIS2_PLACEMENT_3D('',#1116,#1117,#1118);
#1116 = CARTESIAN_POINT('',(58.34,-78.,0.));
#1117 = DIRECTION('',(-0.,0.,-1.));
#1118 = DIRECTION('',(-0.,-1.,0.));
#1119 = FACE_BOUND('',#1120,.F.);
#1120 = EDGE_LOOP('',(#1121));
#1121 = ORIENTED_EDGE('',*,*,#1122,.T.);
#1122 = EDGE_CURVE('',#1123,#1123,#1125,.T.);
#1123 = VERTEX_POINT('',#1124);
#1124 = CARTESIAN_POINT('',(60.88,-78.5,0.));
#1125 = CIRCLE('',#1126,0.5);
#1126 = AXIS2_PLACEMENT_3D('',#1127,#1128,#1129);
#1127 = CARTESIAN_POINT('',(60.88,-78.,0.));
#1128 = DIRECTION('',(-0.,0.,-1.));
#1129 = DIRECTION('',(-0.,-1.,0.));
#1130 = FACE_BOUND('',#1131,.F.);
#1131 = EDGE_LOOP('',(#1132));
#1132 = ORIENTED_EDGE('',*,*,#1133,.T.);
#1133 = EDGE_CURVE('',#1134,#1134,#1136,.T.);
#1134 = VERTEX_POINT('',#1135);
#1135 = CARTESIAN_POINT('',(63.42,-78.5,0.));
#1136 = CIRCLE('',#1137,0.5);
#1137 = AXIS2_PLACEMENT_3D('',#1138,#1139,#1140);
#1138 = CARTESIAN_POINT('',(63.42,-78.,0.));
#1139 = DIRECTION('',(-0.,0.,-1.));
#1140 = DIRECTION('',(-0.,-1.,0.));
#1141 = FACE_BOUND('',#1142,.F.);
#1142 = EDGE_LOOP('',(#1143));
#1143 = ORIENTED_EDGE('',*,*,#1144,.T.);
#1144 = EDGE_CURVE('',#1145,#1145,#1147,.T.);
#1145 = VERTEX_POINT('',#1146);
#1146 = CARTESIAN_POINT('',(65.96,-78.5,0.));
#1147 = CIRCLE('',#1148,0.5);
#1148 = AXIS2_PLACEMENT_3D('',#1149,#1150,#1151);
#1149 = CARTESIAN_POINT('',(65.96,-78.,0.));
#1150 = DIRECTION('',(-0.,0.,-1.));
#1151 = DIRECTION('',(-0.,-1.,0.));
#1152 = FACE_BOUND('',#1153,.F.);
#1153 = EDGE_LOOP('',(#1154));
#1154 = ORIENTED_EDGE('',*,*,#1155,.T.);
#1155 = EDGE_CURVE('',#1156,#1156,#1158,.T.);
#1156 = VERTEX_POINT('',#1157);
#1157 = CARTESIAN_POINT('',(68.5,-78.5,0.));
#1158 = CIRCLE('',#1159,0.5);
#1159 = AXIS2_PLACEMENT_3D('',#1160,#1161,#1162);
#1160 = CARTESIAN_POINT('',(68.5,-78.,0.));
#1161 = DIRECTION('',(-0.,0.,-1.));
#1162 = DIRECTION('',(-0.,-1.,0.));
#1163 = FACE_BOUND('',#1164,.F.);
#1164 = EDGE_LOOP('',(#1165));
#1165 = ORIENTED_EDGE('',*,*,#1166,.T.);
#1166 = EDGE_CURVE('',#1167,#1167,#1169,.T.);
#1167 = VERTEX_POINT('',#1168);
#1168 = CARTESIAN_POINT('',(71.04,-78.5,0.));
#1169 = CIRCLE('',#1170,0.5);
#1170 = AXIS2_PLACEMENT_3D('',#1171,#1172,#1173);
#1171 = CARTESIAN_POINT('',(71.04,-78.,0.));
#1172 = DIRECTION('',(-0.,0.,-1.));
#1173 = DIRECTION('',(-0.,-1.,0.));
#1174 = FACE_BOUND('',#1175,.F.);
#1175 = EDGE_LOOP('',(#1176));
#1176 = ORIENTED_EDGE('',*,*,#1177,.T.);
#1177 = EDGE_CURVE('',#1178,#1178,#1180,.T.);
#1178 = VERTEX_POINT('',#1179);
#1179 = CARTESIAN_POINT('',(73.58,-78.5,0.));
#1180 = CIRCLE('',#1181,0.5);
#1181 = AXIS2_PLACEMENT_3D('',#1182,#1183,#1184);
#1182 = CARTESIAN_POINT('',(73.58,-78.,0.));
#1183 = DIRECTION('',(-0.,0.,-1.));
#1184 = DIRECTION('',(-0.,-1.,0.));
#1185 = FACE_BOUND('',#1186,.F.);
#1186 = EDGE_LOOP('',(#1187));
#1187 = ORIENTED_EDGE('',*,*,#1188,.T.);
#1188 = EDGE_CURVE('',#1189,#1189,#1191,.T.);
#1189 = VERTEX_POINT('',#1190);
#1190 = CARTESIAN_POINT('',(76.12,-78.5,0.));
#1191 = CIRCLE('',#1192,0.5);
#1192 = AXIS2_PLACEMENT_3D('',#1193,#1194,#1195);
#1193 = CARTESIAN_POINT('',(76.12,-78.,0.));
#1194 = DIRECTION('',(-0.,0.,-1.));
#1195 = DIRECTION('',(-0.,-1.,0.));
#1196 = FACE_BOUND('',#1197,.F.);
#1197 = EDGE_LOOP('',(#1198));
#1198 = ORIENTED_EDGE('',*,*,#1199,.T.);
#1199 = EDGE_CURVE('',#1200,#1200,#1202,.T.);
#1200 = VERTEX_POINT('',#1201);
#1201 = CARTESIAN_POINT('',(78.66,-78.5,0.));
#1202 = CIRCLE('',#1203,0.5);
#1203 = AXIS2_PLACEMENT_3D('',#1204,#1205,#1206);
#1204 = CARTESIAN_POINT('',(78.66,-78.,0.));
#1205 = DIRECTION('',(-0.,0.,-1.));
#1206 = DIRECTION('',(-0.,-1.,0.));
#1207 = FACE_BOUND('',#1208,.F.);
#1208 = EDGE_LOOP('',(#1209));
#1209 = ORIENTED_EDGE('',*,*,#1210,.T.);
#1210 = EDGE_CURVE('',#1211,#1211,#1213,.T.);
#1211 = VERTEX_POINT('',#1212);
#1212 = CARTESIAN_POINT('',(81.2,-78.5,0.));
#1213 = CIRCLE('',#1214,0.5);
#1214 = AXIS2_PLACEMENT_3D('',#1215,#1216,#1217);
#1215 = CARTESIAN_POINT('',(81.2,-78.,0.));
#1216 = DIRECTION('',(-0.,0.,-1.));
#1217 = DIRECTION('',(-0.,-1.,0.));
#1218 = FACE_BOUND('',#1219,.F.);
#1219 = EDGE_LOOP('',(#1220));
#1220 = ORIENTED_EDGE('',*,*,#1221,.T.);
#1221 = EDGE_CURVE('',#1222,#1222,#1224,.T.);
#1222 = VERTEX_POINT('',#1223);
#1223 = CARTESIAN_POINT('',(111.,-98.54,0.));
#1224 = CIRCLE('',#1225,0.5);
#1225 = AXIS2_PLACEMENT_3D('',#1226,#1227,#1228);
#1226 = CARTESIAN_POINT('',(111.,-98.04,0.));
#1227 = DIRECTION('',(-0.,0.,-1.));
#1228 = DIRECTION('',(-0.,-1.,0.));
#1229 = FACE_BOUND('',#1230,.F.);
#1230 = EDGE_LOOP('',(#1231));
#1231 = ORIENTED_EDGE('',*,*,#1232,.T.);
#1232 = EDGE_CURVE('',#1233,#1233,#1235,.T.);
#1233 = VERTEX_POINT('',#1234);
#1234 = CARTESIAN_POINT('',(111.,-96.,0.));
#1235 = CIRCLE('',#1236,0.5);
#1236 = AXIS2_PLACEMENT_3D('',#1237,#1238,#1239);
#1237 = CARTESIAN_POINT('',(111.,-95.5,0.));
#1238 = DIRECTION('',(-0.,0.,-1.));
#1239 = DIRECTION('',(-0.,-1.,0.));
#1240 = FACE_BOUND('',#1241,.F.);
#1241 = EDGE_LOOP('',(#1242));
#1242 = ORIENTED_EDGE('',*,*,#1243,.T.);
#1243 = EDGE_CURVE('',#1244,#1244,#1246,.T.);
#1244 = VERTEX_POINT('',#1245);
#1245 = CARTESIAN_POINT('',(111.,-93.46,0.));
#1246 = CIRCLE('',#1247,0.5);
#1247 = AXIS2_PLACEMENT_3D('',#1248,#1249,#1250);
#1248 = CARTESIAN_POINT('',(111.,-92.96,0.));
#1249 = DIRECTION('',(-0.,0.,-1.));
#1250 = DIRECTION('',(-0.,-1.,0.));
#1251 = FACE_BOUND('',#1252,.F.);
#1252 = EDGE_LOOP('',(#1253));
#1253 = ORIENTED_EDGE('',*,*,#1254,.T.);
#1254 = EDGE_CURVE('',#1255,#1255,#1257,.T.);
#1255 = VERTEX_POINT('',#1256);
#1256 = CARTESIAN_POINT('',(111.,-90.92,0.));
#1257 = CIRCLE('',#1258,0.5);
#1258 = AXIS2_PLACEMENT_3D('',#1259,#1260,#1261);
#1259 = CARTESIAN_POINT('',(111.,-90.42,0.));
#1260 = DIRECTION('',(-0.,0.,-1.));
#1261 = DIRECTION('',(-0.,-1.,0.));
#1262 = FACE_BOUND('',#1263,.F.);
#1263 = EDGE_LOOP('',(#1264));
#1264 = ORIENTED_EDGE('',*,*,#1265,.T.);
#1265 = EDGE_CURVE('',#1266,#1266,#1268,.T.);
#1266 = VERTEX_POINT('',#1267);
#1267 = CARTESIAN_POINT('',(111.,-88.38,0.));
#1268 = CIRCLE('',#1269,0.5);
#1269 = AXIS2_PLACEMENT_3D('',#1270,#1271,#1272);
#1270 = CARTESIAN_POINT('',(111.,-87.88,0.));
#1271 = DIRECTION('',(-0.,0.,-1.));
#1272 = DIRECTION('',(-0.,-1.,0.));
#1273 = FACE_BOUND('',#1274,.F.);
#1274 = EDGE_LOOP('',(#1275));
#1275 = ORIENTED_EDGE('',*,*,#1276,.T.);
#1276 = EDGE_CURVE('',#1277,#1277,#1279,.T.);
#1277 = VERTEX_POINT('',#1278);
#1278 = CARTESIAN_POINT('',(85.3,-78.5,0.));
#1279 = CIRCLE('',#1280,0.5);
#1280 = AXIS2_PLACEMENT_3D('',#1281,#1282,#1283);
#1281 = CARTESIAN_POINT('',(85.3,-78.,0.));
#1282 = DIRECTION('',(-0.,0.,-1.));
#1283 = DIRECTION('',(-0.,-1.,0.));
#1284 = FACE_BOUND('',#1285,.F.);
#1285 = EDGE_LOOP('',(#1286));
#1286 = ORIENTED_EDGE('',*,*,#1287,.T.);
#1287 = EDGE_CURVE('',#1288,#1288,#1290,.T.);
#1288 = VERTEX_POINT('',#1289);
#1289 = CARTESIAN_POINT('',(87.84,-78.5,0.));
#1290 = CIRCLE('',#1291,0.5);
#1291 = AXIS2_PLACEMENT_3D('',#1292,#1293,#1294);
#1292 = CARTESIAN_POINT('',(87.84,-78.,0.));
#1293 = DIRECTION('',(-0.,0.,-1.));
#1294 = DIRECTION('',(-0.,-1.,0.));
#1295 = FACE_BOUND('',#1296,.F.);
#1296 = EDGE_LOOP('',(#1297));
#1297 = ORIENTED_EDGE('',*,*,#1298,.T.);
#1298 = EDGE_CURVE('',#1299,#1299,#1301,.T.);
#1299 = VERTEX_POINT('',#1300);
#1300 = CARTESIAN_POINT('',(90.38,-78.5,0.));
#1301 = CIRCLE('',#1302,0.5);
#1302 = AXIS2_PLACEMENT_3D('',#1303,#1304,#1305);
#1303 = CARTESIAN_POINT('',(90.38,-78.,0.));
#1304 = DIRECTION('',(-0.,0.,-1.));
#1305 = DIRECTION('',(-0.,-1.,0.));
#1306 = FACE_BOUND('',#1307,.F.);
#1307 = EDGE_LOOP('',(#1308));
#1308 = ORIENTED_EDGE('',*,*,#1309,.T.);
#1309 = EDGE_CURVE('',#1310,#1310,#1312,.T.);
#1310 = VERTEX_POINT('',#1311);
#1311 = CARTESIAN_POINT('',(92.92,-78.5,0.));
#1312 = CIRCLE('',#1313,0.5);
#1313 = AXIS2_PLACEMENT_3D('',#1314,#1315,#1316);
#1314 = CARTESIAN_POINT('',(92.92,-78.,0.));
#1315 = DIRECTION('',(-0.,0.,-1.));
#1316 = DIRECTION('',(-0.,-1.,0.));
#1317 = FACE_BOUND('',#1318,.F.);
#1318 = EDGE_LOOP('',(#1319));
#1319 = ORIENTED_EDGE('',*,*,#1320,.T.);
#1320 = EDGE_CURVE('',#1321,#1321,#1323,.T.);
#1321 = VERTEX_POINT('',#1322);
#1322 = CARTESIAN_POINT('',(95.46,-78.5,0.));
#1323 = CIRCLE('',#1324,0.5);
#1324 = AXIS2_PLACEMENT_3D('',#1325,#1326,#1327);
#1325 = CARTESIAN_POINT('',(95.46,-78.,0.));
#1326 = DIRECTION('',(-0.,0.,-1.));
#1327 = DIRECTION('',(-0.,-1.,0.));
#1328 = FACE_BOUND('',#1329,.F.);
#1329 = EDGE_LOOP('',(#1330));
#1330 = ORIENTED_EDGE('',*,*,#1331,.T.);
#1331 = EDGE_CURVE('',#1332,#1332,#1334,.T.);
#1332 = VERTEX_POINT('',#1333);
#1333 = CARTESIAN_POINT('',(111.,-85.84,0.));
#1334 = CIRCLE('',#1335,0.5);
#1335 = AXIS2_PLACEMENT_3D('',#1336,#1337,#1338);
#1336 = CARTESIAN_POINT('',(111.,-85.34,0.));
#1337 = DIRECTION('',(-0.,0.,-1.));
#1338 = DIRECTION('',(-0.,-1.,0.));
#1339 = FACE_BOUND('',#1340,.F.);
#1340 = EDGE_LOOP('',(#1341));
#1341 = ORIENTED_EDGE('',*,*,#1342,.T.);
#1342 = EDGE_CURVE('',#1343,#1343,#1345,.T.);
#1343 = VERTEX_POINT('',#1344);
#1344 = CARTESIAN_POINT('',(111.,-83.3,0.));
#1345 = CIRCLE('',#1346,0.5);
#1346 = AXIS2_PLACEMENT_3D('',#1347,#1348,#1349);
#1347 = CARTESIAN_POINT('',(111.,-82.8,0.));
#1348 = DIRECTION('',(-0.,0.,-1.));
#1349 = DIRECTION('',(-0.,-1.,0.));
#1350 = FACE_BOUND('',#1351,.F.);
#1351 = EDGE_LOOP('',(#1352));
#1352 = ORIENTED_EDGE('',*,*,#1353,.T.);
#1353 = EDGE_CURVE('',#1354,#1354,#1356,.T.);
#1354 = VERTEX_POINT('',#1355);
#1355 = CARTESIAN_POINT('',(98.,-78.5,0.));
#1356 = CIRCLE('',#1357,0.5);
#1357 = AXIS2_PLACEMENT_3D('',#1358,#1359,#1360);
#1358 = CARTESIAN_POINT('',(98.,-78.,0.));
#1359 = DIRECTION('',(-0.,0.,-1.));
#1360 = DIRECTION('',(-0.,-1.,0.));
#1361 = FACE_BOUND('',#1362,.F.);
#1362 = EDGE_LOOP('',(#1363));
#1363 = ORIENTED_EDGE('',*,*,#1364,.T.);
#1364 = EDGE_CURVE('',#1365,#1365,#1367,.T.);
#1365 = VERTEX_POINT('',#1366);
#1366 = CARTESIAN_POINT('',(100.54,-78.5,0.));
#1367 = CIRCLE('',#1368,0.5);
#1368 = AXIS2_PLACEMENT_3D('',#1369,#1370,#1371);
#1369 = CARTESIAN_POINT('',(100.54,-78.,0.));
#1370 = DIRECTION('',(-0.,0.,-1.));
#1371 = DIRECTION('',(-0.,-1.,0.));
#1372 = FACE_BOUND('',#1373,.F.);
#1373 = EDGE_LOOP('',(#1374));
#1374 = ORIENTED_EDGE('',*,*,#1375,.T.);
#1375 = EDGE_CURVE('',#1376,#1376,#1378,.T.);
#1376 = VERTEX_POINT('',#1377);
#1377 = CARTESIAN_POINT('',(103.08,-78.5,0.));
#1378 = CIRCLE('',#1379,0.5);
#1379 = AXIS2_PLACEMENT_3D('',#1380,#1381,#1382);
#1380 = CARTESIAN_POINT('',(103.08,-78.,0.));
#1381 = DIRECTION('',(-0.,0.,-1.));
#1382 = DIRECTION('',(-0.,-1.,0.));
#1383 = FACE_BOUND('',#1384,.F.);
#1384 = EDGE_LOOP('',(#1385));
#1385 = ORIENTED_EDGE('',*,*,#1386,.T.);
#1386 = EDGE_CURVE('',#1387,#1387,#1389,.T.);
#1387 = VERTEX_POINT('',#1388);
#1388 = CARTESIAN_POINT('',(105.62,-78.5,0.));
#1389 = CIRCLE('',#1390,0.5);
#1390 = AXIS2_PLACEMENT_3D('',#1391,#1392,#1393);
#1391 = CARTESIAN_POINT('',(105.62,-78.,0.));
#1392 = DIRECTION('',(-0.,0.,-1.));
#1393 = DIRECTION('',(-0.,-1.,0.));
#1394 = FACE_BOUND('',#1395,.F.);
#1395 = EDGE_LOOP('',(#1396));
#1396 = ORIENTED_EDGE('',*,*,#1397,.T.);
#1397 = EDGE_CURVE('',#1398,#1398,#1400,.T.);
#1398 = VERTEX_POINT('',#1399);
#1399 = CARTESIAN_POINT('',(108.16,-78.5,0.));
#1400 = CIRCLE('',#1401,0.5);
#1401 = AXIS2_PLACEMENT_3D('',#1402,#1403,#1404);
#1402 = CARTESIAN_POINT('',(108.16,-78.,0.));
#1403 = DIRECTION('',(-0.,0.,-1.));
#1404 = DIRECTION('',(-0.,-1.,0.));
#1405 = FACE_BOUND('',#1406,.F.);
#1406 = EDGE_LOOP('',(#1407));
#1407 = ORIENTED_EDGE('',*,*,#1408,.T.);
#1408 = EDGE_CURVE('',#1409,#1409,#1411,.T.);
#1409 = VERTEX_POINT('',#1410);
#1410 = CARTESIAN_POINT('',(110.7,-78.5,0.));
#1411 = CIRCLE('',#1412,0.5);
#1412 = AXIS2_PLACEMENT_3D('',#1413,#1414,#1415);
#1413 = CARTESIAN_POINT('',(110.7,-78.,0.));
#1414 = DIRECTION('',(-0.,0.,-1.));
#1415 = DIRECTION('',(-0.,-1.,0.));
#1416 = PLANE('',#1417);
#1417 = AXIS2_PLACEMENT_3D('',#1418,#1419,#1420);
#1418 = CARTESIAN_POINT('',(0.,0.,0.));
#1419 = DIRECTION('',(0.,0.,1.));
#1420 = DIRECTION('',(1.,0.,-0.));
#1421 = ADVANCED_FACE('',(#1422,#1596,#1607,#1618,#1629,#1665,#1701,
    #1712,#1723,#1734,#1745,#1756,#1767,#1778,#1789,#1800,#1811,#1822,
    #1858,#1869,#1905,#1916,#1927,#1938,#1949,#1960,#1971,#1982,#1993,
    #2004,#2015,#2026,#2037,#2048,#2059,#2070,#2081,#2092,#2103,#2114,
    #2125,#2136,#2147,#2158,#2169,#2180,#2191,#2202,#2238,#2274,#2285,
    #2296,#2307,#2343,#2379,#2390,#2401,#2412,#2423,#2434,#2445,#2456,
    #2467,#2478,#2489,#2500,#2511,#2522,#2533,#2544,#2555,#2566,#2577,
    #2588,#2599,#2610,#2621,#2632,#2643,#2654,#2665,#2676,#2687),#2698,
  .T.);
#1422 = FACE_BOUND('',#1423,.T.);
#1423 = EDGE_LOOP('',(#1424,#1425,#1426,#1435,#1443,#1451,#1459,#1467,
    #1475,#1483,#1491,#1499,#1507,#1515,#1523,#1531,#1539,#1547,#1555,
    #1563,#1571,#1580,#1588,#1595));
#1424 = ORIENTED_EDGE('',*,*,#49,.F.);
#1425 = ORIENTED_EDGE('',*,*,#91,.F.);
#1426 = ORIENTED_EDGE('',*,*,#1427,.F.);
#1427 = EDGE_CURVE('',#1428,#84,#1430,.T.);
#1428 = VERTEX_POINT('',#1429);
#1429 = CARTESIAN_POINT('',(53.,-76.5,4.6));
#1430 = CIRCLE('',#1431,2.000000212955);
#1431 = AXIS2_PLACEMENT_3D('',#1432,#1433,#1434);
#1432 = CARTESIAN_POINT('',(55.000000212955,-76.50000021295,4.6));
#1433 = DIRECTION('',(0.,0.,-1.));
#1434 = DIRECTION('',(-1.,1.064775034677E-07,0.));
#1435 = ORIENTED_EDGE('',*,*,#1436,.F.);
#1436 = EDGE_CURVE('',#1437,#1428,#1439,.T.);
#1437 = VERTEX_POINT('',#1438);
#1438 = CARTESIAN_POINT('',(53.01481,-85.6516,4.6));
#1439 = LINE('',#1440,#1441);
#1440 = CARTESIAN_POINT('',(53.01481,-85.6516,4.6));
#1441 = VECTOR('',#1442,1.);
#1442 = DIRECTION('',(-1.618294135147E-03,0.999998690561,0.));
#1443 = ORIENTED_EDGE('',*,*,#1444,.F.);
#1444 = EDGE_CURVE('',#1445,#1437,#1447,.T.);
#1445 = VERTEX_POINT('',#1446);
#1446 = CARTESIAN_POINT('',(58.91481,-85.6516,4.6));
#1447 = LINE('',#1448,#1449);
#1448 = CARTESIAN_POINT('',(58.91481,-85.6516,4.6));
#1449 = VECTOR('',#1450,1.);
#1450 = DIRECTION('',(-1.,0.,0.));
#1451 = ORIENTED_EDGE('',*,*,#1452,.F.);
#1452 = EDGE_CURVE('',#1453,#1445,#1455,.T.);
#1453 = VERTEX_POINT('',#1454);
#1454 = CARTESIAN_POINT('',(58.91481,-87.1516,4.6));
#1455 = LINE('',#1456,#1457);
#1456 = CARTESIAN_POINT('',(58.91481,-87.1516,4.6));
#1457 = VECTOR('',#1458,1.);
#1458 = DIRECTION('',(0.,1.,0.));
#1459 = ORIENTED_EDGE('',*,*,#1460,.F.);
#1460 = EDGE_CURVE('',#1461,#1453,#1463,.T.);
#1461 = VERTEX_POINT('',#1462);
#1462 = CARTESIAN_POINT('',(59.51481,-87.1516,4.6));
#1463 = LINE('',#1464,#1465);
#1464 = CARTESIAN_POINT('',(59.51481,-87.1516,4.6));
#1465 = VECTOR('',#1466,1.);
#1466 = DIRECTION('',(-1.,0.,0.));
#1467 = ORIENTED_EDGE('',*,*,#1468,.F.);
#1468 = EDGE_CURVE('',#1469,#1461,#1471,.T.);
#1469 = VERTEX_POINT('',#1470);
#1470 = CARTESIAN_POINT('',(59.51481,-93.4516,4.6));
#1471 = LINE('',#1472,#1473);
#1472 = CARTESIAN_POINT('',(59.51481,-93.4516,4.6));
#1473 = VECTOR('',#1474,1.);
#1474 = DIRECTION('',(0.,1.,0.));
#1475 = ORIENTED_EDGE('',*,*,#1476,.F.);
#1476 = EDGE_CURVE('',#1477,#1469,#1479,.T.);
#1477 = VERTEX_POINT('',#1478);
#1478 = CARTESIAN_POINT('',(58.91481,-93.4516,4.6));
#1479 = LINE('',#1480,#1481);
#1480 = CARTESIAN_POINT('',(58.91481,-93.4516,4.6));
#1481 = VECTOR('',#1482,1.);
#1482 = DIRECTION('',(1.,0.,0.));
#1483 = ORIENTED_EDGE('',*,*,#1484,.F.);
#1484 = EDGE_CURVE('',#1485,#1477,#1487,.T.);
#1485 = VERTEX_POINT('',#1486);
#1486 = CARTESIAN_POINT('',(58.91481,-94.8516,4.6));
#1487 = LINE('',#1488,#1489);
#1488 = CARTESIAN_POINT('',(58.91481,-94.8516,4.6));
#1489 = VECTOR('',#1490,1.);
#1490 = DIRECTION('',(0.,1.,0.));
#1491 = ORIENTED_EDGE('',*,*,#1492,.F.);
#1492 = EDGE_CURVE('',#1493,#1485,#1495,.T.);
#1493 = VERTEX_POINT('',#1494);
#1494 = CARTESIAN_POINT('',(53.01481,-94.8516,4.6));
#1495 = LINE('',#1496,#1497);
#1496 = CARTESIAN_POINT('',(53.01481,-94.8516,4.6));
#1497 = VECTOR('',#1498,1.);
#1498 = DIRECTION('',(1.,0.,0.));
#1499 = ORIENTED_EDGE('',*,*,#1500,.F.);
#1500 = EDGE_CURVE('',#1501,#1493,#1503,.T.);
#1501 = VERTEX_POINT('',#1502);
#1502 = CARTESIAN_POINT('',(53.010182,-104.7,4.6));
#1503 = LINE('',#1504,#1505);
#1504 = CARTESIAN_POINT('',(53.010182,-104.7,4.6));
#1505 = VECTOR('',#1506,1.);
#1506 = DIRECTION('',(4.699239966898E-04,0.999999889586,0.));
#1507 = ORIENTED_EDGE('',*,*,#1508,.F.);
#1508 = EDGE_CURVE('',#1509,#1501,#1511,.T.);
#1509 = VERTEX_POINT('',#1510);
#1510 = CARTESIAN_POINT('',(58.910182,-104.7,4.6));
#1511 = LINE('',#1512,#1513);
#1512 = CARTESIAN_POINT('',(58.910182,-104.7,4.6));
#1513 = VECTOR('',#1514,1.);
#1514 = DIRECTION('',(-1.,0.,0.));
#1515 = ORIENTED_EDGE('',*,*,#1516,.F.);
#1516 = EDGE_CURVE('',#1517,#1509,#1519,.T.);
#1517 = VERTEX_POINT('',#1518);
#1518 = CARTESIAN_POINT('',(58.910182,-106.2,4.6));
#1519 = LINE('',#1520,#1521);
#1520 = CARTESIAN_POINT('',(58.910182,-106.2,4.6));
#1521 = VECTOR('',#1522,1.);
#1522 = DIRECTION('',(0.,1.,0.));
#1523 = ORIENTED_EDGE('',*,*,#1524,.F.);
#1524 = EDGE_CURVE('',#1525,#1517,#1527,.T.);
#1525 = VERTEX_POINT('',#1526);
#1526 = CARTESIAN_POINT('',(59.510182,-106.2,4.6));
#1527 = LINE('',#1528,#1529);
#1528 = CARTESIAN_POINT('',(59.510182,-106.2,4.6));
#1529 = VECTOR('',#1530,1.);
#1530 = DIRECTION('',(-1.,0.,0.));
#1531 = ORIENTED_EDGE('',*,*,#1532,.F.);
#1532 = EDGE_CURVE('',#1533,#1525,#1535,.T.);
#1533 = VERTEX_POINT('',#1534);
#1534 = CARTESIAN_POINT('',(59.510182,-112.5,4.6));
#1535 = LINE('',#1536,#1537);
#1536 = CARTESIAN_POINT('',(59.510182,-112.5,4.6));
#1537 = VECTOR('',#1538,1.);
#1538 = DIRECTION('',(0.,1.,0.));
#1539 = ORIENTED_EDGE('',*,*,#1540,.F.);
#1540 = EDGE_CURVE('',#1541,#1533,#1543,.T.);
#1541 = VERTEX_POINT('',#1542);
#1542 = CARTESIAN_POINT('',(58.910182,-112.5,4.6));
#1543 = LINE('',#1544,#1545);
#1544 = CARTESIAN_POINT('',(58.910182,-112.5,4.6));
#1545 = VECTOR('',#1546,1.);
#1546 = DIRECTION('',(1.,0.,0.));
#1547 = ORIENTED_EDGE('',*,*,#1548,.F.);
#1548 = EDGE_CURVE('',#1549,#1541,#1551,.T.);
#1549 = VERTEX_POINT('',#1550);
#1550 = CARTESIAN_POINT('',(58.910182,-113.9,4.6));
#1551 = LINE('',#1552,#1553);
#1552 = CARTESIAN_POINT('',(58.910182,-113.9,4.6));
#1553 = VECTOR('',#1554,1.);
#1554 = DIRECTION('',(0.,1.,0.));
#1555 = ORIENTED_EDGE('',*,*,#1556,.F.);
#1556 = EDGE_CURVE('',#1557,#1549,#1559,.T.);
#1557 = VERTEX_POINT('',#1558);
#1558 = CARTESIAN_POINT('',(53.010182,-113.9,4.6));
#1559 = LINE('',#1560,#1561);
#1560 = CARTESIAN_POINT('',(53.010182,-113.9,4.6));
#1561 = VECTOR('',#1562,1.);
#1562 = DIRECTION('',(1.,0.,0.));
#1563 = ORIENTED_EDGE('',*,*,#1564,.F.);
#1564 = EDGE_CURVE('',#1565,#1557,#1567,.T.);
#1565 = VERTEX_POINT('',#1566);
#1566 = CARTESIAN_POINT('',(53.,-120.,4.6));
#1567 = LINE('',#1568,#1569);
#1568 = CARTESIAN_POINT('',(53.,-120.,4.6));
#1569 = VECTOR('',#1570,1.);
#1570 = DIRECTION('',(1.66917800257E-03,0.999998606921,0.));
#1571 = ORIENTED_EDGE('',*,*,#1572,.F.);
#1572 = EDGE_CURVE('',#1573,#1565,#1575,.T.);
#1573 = VERTEX_POINT('',#1574);
#1574 = CARTESIAN_POINT('',(55.,-122.,4.6));
#1575 = CIRCLE('',#1576,1.99999850585);
#1576 = AXIS2_PLACEMENT_3D('',#1577,#1578,#1579);
#1577 = CARTESIAN_POINT('',(54.99999850585,-120.0000014941,4.6));
#1578 = DIRECTION('',(0.,0.,-1.));
#1579 = DIRECTION('',(7.470757420593E-07,-1.,0.));
#1580 = ORIENTED_EDGE('',*,*,#1581,.F.);
#1581 = EDGE_CURVE('',#1582,#1573,#1584,.T.);
#1582 = VERTEX_POINT('',#1583);
#1583 = CARTESIAN_POINT('',(112.5,-122.,4.6));
#1584 = LINE('',#1585,#1586);
#1585 = CARTESIAN_POINT('',(112.5,-122.,4.6));
#1586 = VECTOR('',#1587,1.);
#1587 = DIRECTION('',(-1.,0.,0.));
#1588 = ORIENTED_EDGE('',*,*,#1589,.F.);
#1589 = EDGE_CURVE('',#114,#1582,#1590,.T.);
#1590 = CIRCLE('',#1591,1.99999850585);
#1591 = AXIS2_PLACEMENT_3D('',#1592,#1593,#1594);
#1592 = CARTESIAN_POINT('',(112.50000149415,-120.0000014941,4.6));
#1593 = DIRECTION('',(0.,0.,-1.));
#1594 = DIRECTION('',(1.,7.470757491648E-07,0.));
#1595 = ORIENTED_EDGE('',*,*,#113,.F.);
#1596 = FACE_BOUND('',#1597,.T.);
#1597 = EDGE_LOOP('',(#1598));
#1598 = ORIENTED_EDGE('',*,*,#1599,.T.);
#1599 = EDGE_CURVE('',#1600,#1600,#1602,.T.);
#1600 = VERTEX_POINT('',#1601);
#1601 = CARTESIAN_POINT('',(55.8,-119.,4.6));
#1602 = CIRCLE('',#1603,0.5);
#1603 = AXIS2_PLACEMENT_3D('',#1604,#1605,#1606);
#1604 = CARTESIAN_POINT('',(55.8,-118.5,4.6));
#1605 = DIRECTION('',(-0.,0.,-1.));
#1606 = DIRECTION('',(-0.,-1.,0.));
#1607 = FACE_BOUND('',#1608,.T.);
#1608 = EDGE_LOOP('',(#1609));
#1609 = ORIENTED_EDGE('',*,*,#1610,.T.);
#1610 = EDGE_CURVE('',#1611,#1611,#1613,.T.);
#1611 = VERTEX_POINT('',#1612);
#1612 = CARTESIAN_POINT('',(58.34,-119.,4.6));
#1613 = CIRCLE('',#1614,0.5);
#1614 = AXIS2_PLACEMENT_3D('',#1615,#1616,#1617);
#1615 = CARTESIAN_POINT('',(58.34,-118.5,4.6));
#1616 = DIRECTION('',(-0.,0.,-1.));
#1617 = DIRECTION('',(-0.,-1.,0.));
#1618 = FACE_BOUND('',#1619,.T.);
#1619 = EDGE_LOOP('',(#1620));
#1620 = ORIENTED_EDGE('',*,*,#1621,.T.);
#1621 = EDGE_CURVE('',#1622,#1622,#1624,.T.);
#1622 = VERTEX_POINT('',#1623);
#1623 = CARTESIAN_POINT('',(60.88,-119.,4.6));
#1624 = CIRCLE('',#1625,0.5);
#1625 = AXIS2_PLACEMENT_3D('',#1626,#1627,#1628);
#1626 = CARTESIAN_POINT('',(60.88,-118.5,4.6));
#1627 = DIRECTION('',(-0.,0.,-1.));
#1628 = DIRECTION('',(-0.,-1.,0.));
#1629 = FACE_BOUND('',#1630,.T.);
#1630 = EDGE_LOOP('',(#1631,#1642,#1650,#1659));
#1631 = ORIENTED_EDGE('',*,*,#1632,.T.);
#1632 = EDGE_CURVE('',#1633,#1635,#1637,.T.);
#1633 = VERTEX_POINT('',#1634);
#1634 = CARTESIAN_POINT('',(54.095182,-115.13,4.6));
#1635 = VERTEX_POINT('',#1636);
#1636 = CARTESIAN_POINT('',(54.095182,-114.63,4.6));
#1637 = CIRCLE('',#1638,0.25);
#1638 = AXIS2_PLACEMENT_3D('',#1639,#1640,#1641);
#1639 = CARTESIAN_POINT('',(54.095182,-114.88,4.6));
#1640 = DIRECTION('',(-0.,0.,-1.));
#1641 = DIRECTION('',(0.,1.,0.));
#1642 = ORIENTED_EDGE('',*,*,#1643,.T.);
#1643 = EDGE_CURVE('',#1635,#1644,#1646,.T.);
#1644 = VERTEX_POINT('',#1645);
#1645 = CARTESIAN_POINT('',(55.245182,-114.63,4.6));
#1646 = LINE('',#1647,#1648);
#1647 = CARTESIAN_POINT('',(27.622591,-114.63,4.6));
#1648 = VECTOR('',#1649,1.);
#1649 = DIRECTION('',(1.,0.,-0.));
#1650 = ORIENTED_EDGE('',*,*,#1651,.T.);
#1651 = EDGE_CURVE('',#1644,#1652,#1654,.T.);
#1652 = VERTEX_POINT('',#1653);
#1653 = CARTESIAN_POINT('',(55.245182,-115.13,4.6));
#1654 = CIRCLE('',#1655,0.25);
#1655 = AXIS2_PLACEMENT_3D('',#1656,#1657,#1658);
#1656 = CARTESIAN_POINT('',(55.245182,-114.88,4.6));
#1657 = DIRECTION('',(-0.,0.,-1.));
#1658 = DIRECTION('',(-0.,-1.,0.));
#1659 = ORIENTED_EDGE('',*,*,#1660,.T.);
#1660 = EDGE_CURVE('',#1652,#1633,#1661,.T.);
#1661 = LINE('',#1662,#1663);
#1662 = CARTESIAN_POINT('',(27.047591,-115.13,4.6));
#1663 = VECTOR('',#1664,1.);
#1664 = DIRECTION('',(-1.,0.,0.));
#1665 = FACE_BOUND('',#1666,.T.);
#1666 = EDGE_LOOP('',(#1667,#1678,#1686,#1695));
#1667 = ORIENTED_EDGE('',*,*,#1668,.T.);
#1668 = EDGE_CURVE('',#1669,#1671,#1673,.T.);
#1669 = VERTEX_POINT('',#1670);
#1670 = CARTESIAN_POINT('',(58.775182,-115.13,4.6));
#1671 = VERTEX_POINT('',#1672);
#1672 = CARTESIAN_POINT('',(58.775182,-114.63,4.6));
#1673 = CIRCLE('',#1674,0.25);
#1674 = AXIS2_PLACEMENT_3D('',#1675,#1676,#1677);
#1675 = CARTESIAN_POINT('',(58.775182,-114.88,4.6));
#1676 = DIRECTION('',(-0.,0.,-1.));
#1677 = DIRECTION('',(0.,1.,0.));
#1678 = ORIENTED_EDGE('',*,*,#1679,.T.);
#1679 = EDGE_CURVE('',#1671,#1680,#1682,.T.);
#1680 = VERTEX_POINT('',#1681);
#1681 = CARTESIAN_POINT('',(59.925182,-114.63,4.6));
#1682 = LINE('',#1683,#1684);
#1683 = CARTESIAN_POINT('',(29.962591,-114.63,4.6));
#1684 = VECTOR('',#1685,1.);
#1685 = DIRECTION('',(1.,0.,-0.));
#1686 = ORIENTED_EDGE('',*,*,#1687,.T.);
#1687 = EDGE_CURVE('',#1680,#1688,#1690,.T.);
#1688 = VERTEX_POINT('',#1689);
#1689 = CARTESIAN_POINT('',(59.925182,-115.13,4.6));
#1690 = CIRCLE('',#1691,0.25);
#1691 = AXIS2_PLACEMENT_3D('',#1692,#1693,#1694);
#1692 = CARTESIAN_POINT('',(59.925182,-114.88,4.6));
#1693 = DIRECTION('',(-0.,0.,-1.));
#1694 = DIRECTION('',(-0.,-1.,0.));
#1695 = ORIENTED_EDGE('',*,*,#1696,.T.);
#1696 = EDGE_CURVE('',#1688,#1669,#1697,.T.);
#1697 = LINE('',#1698,#1699);
#1698 = CARTESIAN_POINT('',(29.387591,-115.13,4.6));
#1699 = VECTOR('',#1700,1.);
#1700 = DIRECTION('',(-1.,0.,0.));
#1701 = FACE_BOUND('',#1702,.T.);
#1702 = EDGE_LOOP('',(#1703));
#1703 = ORIENTED_EDGE('',*,*,#1704,.T.);
#1704 = EDGE_CURVE('',#1705,#1705,#1707,.T.);
#1705 = VERTEX_POINT('',#1706);
#1706 = CARTESIAN_POINT('',(63.42,-119.,4.6));
#1707 = CIRCLE('',#1708,0.5);
#1708 = AXIS2_PLACEMENT_3D('',#1709,#1710,#1711);
#1709 = CARTESIAN_POINT('',(63.42,-118.5,4.6));
#1710 = DIRECTION('',(-0.,0.,-1.));
#1711 = DIRECTION('',(-0.,-1.,0.));
#1712 = FACE_BOUND('',#1713,.T.);
#1713 = EDGE_LOOP('',(#1714));
#1714 = ORIENTED_EDGE('',*,*,#1715,.T.);
#1715 = EDGE_CURVE('',#1716,#1716,#1718,.T.);
#1716 = VERTEX_POINT('',#1717);
#1717 = CARTESIAN_POINT('',(65.96,-119.,4.6));
#1718 = CIRCLE('',#1719,0.5);
#1719 = AXIS2_PLACEMENT_3D('',#1720,#1721,#1722);
#1720 = CARTESIAN_POINT('',(65.96,-118.5,4.6));
#1721 = DIRECTION('',(-0.,0.,-1.));
#1722 = DIRECTION('',(-0.,-1.,0.));
#1723 = FACE_BOUND('',#1724,.T.);
#1724 = EDGE_LOOP('',(#1725));
#1725 = ORIENTED_EDGE('',*,*,#1726,.T.);
#1726 = EDGE_CURVE('',#1727,#1727,#1729,.T.);
#1727 = VERTEX_POINT('',#1728);
#1728 = CARTESIAN_POINT('',(59.435182,-113.375,4.6));
#1729 = CIRCLE('',#1730,0.325);
#1730 = AXIS2_PLACEMENT_3D('',#1731,#1732,#1733);
#1731 = CARTESIAN_POINT('',(59.435182,-113.05,4.6));
#1732 = DIRECTION('',(-0.,0.,-1.));
#1733 = DIRECTION('',(-0.,-1.,0.));
#1734 = FACE_BOUND('',#1735,.T.);
#1735 = EDGE_LOOP('',(#1736));
#1736 = ORIENTED_EDGE('',*,*,#1737,.T.);
#1737 = EDGE_CURVE('',#1738,#1738,#1740,.T.);
#1738 = VERTEX_POINT('',#1739);
#1739 = CARTESIAN_POINT('',(68.5,-119.,4.6));
#1740 = CIRCLE('',#1741,0.5);
#1741 = AXIS2_PLACEMENT_3D('',#1742,#1743,#1744);
#1742 = CARTESIAN_POINT('',(68.5,-118.5,4.6));
#1743 = DIRECTION('',(-0.,0.,-1.));
#1744 = DIRECTION('',(-0.,-1.,0.));
#1745 = FACE_BOUND('',#1746,.T.);
#1746 = EDGE_LOOP('',(#1747));
#1747 = ORIENTED_EDGE('',*,*,#1748,.T.);
#1748 = EDGE_CURVE('',#1749,#1749,#1751,.T.);
#1749 = VERTEX_POINT('',#1750);
#1750 = CARTESIAN_POINT('',(71.04,-119.,4.6));
#1751 = CIRCLE('',#1752,0.5);
#1752 = AXIS2_PLACEMENT_3D('',#1753,#1754,#1755);
#1753 = CARTESIAN_POINT('',(71.04,-118.5,4.6));
#1754 = DIRECTION('',(-0.,0.,-1.));
#1755 = DIRECTION('',(-0.,-1.,0.));
#1756 = FACE_BOUND('',#1757,.T.);
#1757 = EDGE_LOOP('',(#1758));
#1758 = ORIENTED_EDGE('',*,*,#1759,.T.);
#1759 = EDGE_CURVE('',#1760,#1760,#1762,.T.);
#1760 = VERTEX_POINT('',#1761);
#1761 = CARTESIAN_POINT('',(73.58,-119.,4.6));
#1762 = CIRCLE('',#1763,0.5);
#1763 = AXIS2_PLACEMENT_3D('',#1764,#1765,#1766);
#1764 = CARTESIAN_POINT('',(73.58,-118.5,4.6));
#1765 = DIRECTION('',(-0.,0.,-1.));
#1766 = DIRECTION('',(-0.,-1.,0.));
#1767 = FACE_BOUND('',#1768,.T.);
#1768 = EDGE_LOOP('',(#1769));
#1769 = ORIENTED_EDGE('',*,*,#1770,.T.);
#1770 = EDGE_CURVE('',#1771,#1771,#1773,.T.);
#1771 = VERTEX_POINT('',#1772);
#1772 = CARTESIAN_POINT('',(76.12,-119.,4.6));
#1773 = CIRCLE('',#1774,0.5);
#1774 = AXIS2_PLACEMENT_3D('',#1775,#1776,#1777);
#1775 = CARTESIAN_POINT('',(76.12,-118.5,4.6));
#1776 = DIRECTION('',(-0.,0.,-1.));
#1777 = DIRECTION('',(-0.,-1.,0.));
#1778 = FACE_BOUND('',#1779,.T.);
#1779 = EDGE_LOOP('',(#1780));
#1780 = ORIENTED_EDGE('',*,*,#1781,.T.);
#1781 = EDGE_CURVE('',#1782,#1782,#1784,.T.);
#1782 = VERTEX_POINT('',#1783);
#1783 = CARTESIAN_POINT('',(78.66,-119.,4.6));
#1784 = CIRCLE('',#1785,0.5);
#1785 = AXIS2_PLACEMENT_3D('',#1786,#1787,#1788);
#1786 = CARTESIAN_POINT('',(78.66,-118.5,4.6));
#1787 = DIRECTION('',(-0.,0.,-1.));
#1788 = DIRECTION('',(-0.,-1.,0.));
#1789 = FACE_BOUND('',#1790,.T.);
#1790 = EDGE_LOOP('',(#1791));
#1791 = ORIENTED_EDGE('',*,*,#1792,.T.);
#1792 = EDGE_CURVE('',#1793,#1793,#1795,.T.);
#1793 = VERTEX_POINT('',#1794);
#1794 = CARTESIAN_POINT('',(81.2,-119.,4.6));
#1795 = CIRCLE('',#1796,0.5);
#1796 = AXIS2_PLACEMENT_3D('',#1797,#1798,#1799);
#1797 = CARTESIAN_POINT('',(81.2,-118.5,4.6));
#1798 = DIRECTION('',(-0.,0.,-1.));
#1799 = DIRECTION('',(-0.,-1.,0.));
#1800 = FACE_BOUND('',#1801,.T.);
#1801 = EDGE_LOOP('',(#1802));
#1802 = ORIENTED_EDGE('',*,*,#1803,.T.);
#1803 = EDGE_CURVE('',#1804,#1804,#1806,.T.);
#1804 = VERTEX_POINT('',#1805);
#1805 = CARTESIAN_POINT('',(78.145,-115.3,4.6));
#1806 = CIRCLE('',#1807,0.5);
#1807 = AXIS2_PLACEMENT_3D('',#1808,#1809,#1810);
#1808 = CARTESIAN_POINT('',(78.145,-114.8,4.6));
#1809 = DIRECTION('',(-0.,0.,-1.));
#1810 = DIRECTION('',(-0.,-1.,0.));
#1811 = FACE_BOUND('',#1812,.T.);
#1812 = EDGE_LOOP('',(#1813));
#1813 = ORIENTED_EDGE('',*,*,#1814,.T.);
#1814 = EDGE_CURVE('',#1815,#1815,#1817,.T.);
#1815 = VERTEX_POINT('',#1816);
#1816 = CARTESIAN_POINT('',(80.685,-115.3,4.6));
#1817 = CIRCLE('',#1818,0.5);
#1818 = AXIS2_PLACEMENT_3D('',#1819,#1820,#1821);
#1819 = CARTESIAN_POINT('',(80.685,-114.8,4.6));
#1820 = DIRECTION('',(-0.,0.,-1.));
#1821 = DIRECTION('',(-0.,-1.,0.));
#1822 = FACE_BOUND('',#1823,.T.);
#1823 = EDGE_LOOP('',(#1824,#1835,#1843,#1852));
#1824 = ORIENTED_EDGE('',*,*,#1825,.T.);
#1825 = EDGE_CURVE('',#1826,#1828,#1830,.T.);
#1826 = VERTEX_POINT('',#1827);
#1827 = CARTESIAN_POINT('',(54.105182,-103.97,4.6));
#1828 = VERTEX_POINT('',#1829);
#1829 = CARTESIAN_POINT('',(54.105182,-103.47,4.6));
#1830 = CIRCLE('',#1831,0.25);
#1831 = AXIS2_PLACEMENT_3D('',#1832,#1833,#1834);
#1832 = CARTESIAN_POINT('',(54.105182,-103.72,4.6));
#1833 = DIRECTION('',(-0.,0.,-1.));
#1834 = DIRECTION('',(0.,1.,0.));
#1835 = ORIENTED_EDGE('',*,*,#1836,.T.);
#1836 = EDGE_CURVE('',#1828,#1837,#1839,.T.);
#1837 = VERTEX_POINT('',#1838);
#1838 = CARTESIAN_POINT('',(55.255182,-103.47,4.6));
#1839 = LINE('',#1840,#1841);
#1840 = CARTESIAN_POINT('',(27.627591,-103.47,4.6));
#1841 = VECTOR('',#1842,1.);
#1842 = DIRECTION('',(1.,0.,-0.));
#1843 = ORIENTED_EDGE('',*,*,#1844,.T.);
#1844 = EDGE_CURVE('',#1837,#1845,#1847,.T.);
#1845 = VERTEX_POINT('',#1846);
#1846 = CARTESIAN_POINT('',(55.255182,-103.97,4.6));
#1847 = CIRCLE('',#1848,0.25);
#1848 = AXIS2_PLACEMENT_3D('',#1849,#1850,#1851);
#1849 = CARTESIAN_POINT('',(55.255182,-103.72,4.6));
#1850 = DIRECTION('',(-0.,0.,-1.));
#1851 = DIRECTION('',(-0.,-1.,0.));
#1852 = ORIENTED_EDGE('',*,*,#1853,.T.);
#1853 = EDGE_CURVE('',#1845,#1826,#1854,.T.);
#1854 = LINE('',#1855,#1856);
#1855 = CARTESIAN_POINT('',(27.052591,-103.97,4.6));
#1856 = VECTOR('',#1857,1.);
#1857 = DIRECTION('',(-1.,0.,0.));
#1858 = FACE_BOUND('',#1859,.T.);
#1859 = EDGE_LOOP('',(#1860));
#1860 = ORIENTED_EDGE('',*,*,#1861,.T.);
#1861 = EDGE_CURVE('',#1862,#1862,#1864,.T.);
#1862 = VERTEX_POINT('',#1863);
#1863 = CARTESIAN_POINT('',(59.435182,-105.875,4.6));
#1864 = CIRCLE('',#1865,0.325);
#1865 = AXIS2_PLACEMENT_3D('',#1866,#1867,#1868);
#1866 = CARTESIAN_POINT('',(59.435182,-105.55,4.6));
#1867 = DIRECTION('',(-0.,0.,-1.));
#1868 = DIRECTION('',(-0.,-1.,0.));
#1869 = FACE_BOUND('',#1870,.T.);
#1870 = EDGE_LOOP('',(#1871,#1882,#1890,#1899));
#1871 = ORIENTED_EDGE('',*,*,#1872,.T.);
#1872 = EDGE_CURVE('',#1873,#1875,#1877,.T.);
#1873 = VERTEX_POINT('',#1874);
#1874 = CARTESIAN_POINT('',(58.775182,-103.97,4.6));
#1875 = VERTEX_POINT('',#1876);
#1876 = CARTESIAN_POINT('',(58.775182,-103.47,4.6));
#1877 = CIRCLE('',#1878,0.25);
#1878 = AXIS2_PLACEMENT_3D('',#1879,#1880,#1881);
#1879 = CARTESIAN_POINT('',(58.775182,-103.72,4.6));
#1880 = DIRECTION('',(-0.,0.,-1.));
#1881 = DIRECTION('',(0.,1.,0.));
#1882 = ORIENTED_EDGE('',*,*,#1883,.T.);
#1883 = EDGE_CURVE('',#1875,#1884,#1886,.T.);
#1884 = VERTEX_POINT('',#1885);
#1885 = CARTESIAN_POINT('',(59.925182,-103.47,4.6));
#1886 = LINE('',#1887,#1888);
#1887 = CARTESIAN_POINT('',(29.962591,-103.47,4.6));
#1888 = VECTOR('',#1889,1.);
#1889 = DIRECTION('',(1.,0.,-0.));
#1890 = ORIENTED_EDGE('',*,*,#1891,.T.);
#1891 = EDGE_CURVE('',#1884,#1892,#1894,.T.);
#1892 = VERTEX_POINT('',#1893);
#1893 = CARTESIAN_POINT('',(59.925182,-103.97,4.6));
#1894 = CIRCLE('',#1895,0.25);
#1895 = AXIS2_PLACEMENT_3D('',#1896,#1897,#1898);
#1896 = CARTESIAN_POINT('',(59.925182,-103.72,4.6));
#1897 = DIRECTION('',(-0.,0.,-1.));
#1898 = DIRECTION('',(-0.,-1.,0.));
#1899 = ORIENTED_EDGE('',*,*,#1900,.T.);
#1900 = EDGE_CURVE('',#1892,#1873,#1901,.T.);
#1901 = LINE('',#1902,#1903);
#1902 = CARTESIAN_POINT('',(29.387591,-103.97,4.6));
#1903 = VECTOR('',#1904,1.);
#1904 = DIRECTION('',(-1.,0.,0.));
#1905 = FACE_BOUND('',#1906,.T.);
#1906 = EDGE_LOOP('',(#1907));
#1907 = ORIENTED_EDGE('',*,*,#1908,.T.);
#1908 = EDGE_CURVE('',#1909,#1909,#1911,.T.);
#1909 = VERTEX_POINT('',#1910);
#1910 = CARTESIAN_POINT('',(63.3,-103.725,4.6));
#1911 = CIRCLE('',#1912,0.5);
#1912 = AXIS2_PLACEMENT_3D('',#1913,#1914,#1915);
#1913 = CARTESIAN_POINT('',(63.3,-103.225,4.6));
#1914 = DIRECTION('',(-0.,0.,-1.));
#1915 = DIRECTION('',(-0.,-1.,0.));
#1916 = FACE_BOUND('',#1917,.T.);
#1917 = EDGE_LOOP('',(#1918));
#1918 = ORIENTED_EDGE('',*,*,#1919,.T.);
#1919 = EDGE_CURVE('',#1920,#1920,#1922,.T.);
#1920 = VERTEX_POINT('',#1921);
#1921 = CARTESIAN_POINT('',(63.3,-101.185,4.6));
#1922 = CIRCLE('',#1923,0.5);
#1923 = AXIS2_PLACEMENT_3D('',#1924,#1925,#1926);
#1924 = CARTESIAN_POINT('',(63.3,-100.685,4.6));
#1925 = DIRECTION('',(-0.,0.,-1.));
#1926 = DIRECTION('',(-0.,-1.,0.));
#1927 = FACE_BOUND('',#1928,.T.);
#1928 = EDGE_LOOP('',(#1929));
#1929 = ORIENTED_EDGE('',*,*,#1930,.T.);
#1930 = EDGE_CURVE('',#1931,#1931,#1933,.T.);
#1931 = VERTEX_POINT('',#1932);
#1932 = CARTESIAN_POINT('',(85.5,-119.,4.6));
#1933 = CIRCLE('',#1934,0.5);
#1934 = AXIS2_PLACEMENT_3D('',#1935,#1936,#1937);
#1935 = CARTESIAN_POINT('',(85.5,-118.5,4.6));
#1936 = DIRECTION('',(-0.,0.,-1.));
#1937 = DIRECTION('',(-0.,-1.,0.));
#1938 = FACE_BOUND('',#1939,.T.);
#1939 = EDGE_LOOP('',(#1940));
#1940 = ORIENTED_EDGE('',*,*,#1941,.T.);
#1941 = EDGE_CURVE('',#1942,#1942,#1944,.T.);
#1942 = VERTEX_POINT('',#1943);
#1943 = CARTESIAN_POINT('',(88.04,-119.,4.6));
#1944 = CIRCLE('',#1945,0.5);
#1945 = AXIS2_PLACEMENT_3D('',#1946,#1947,#1948);
#1946 = CARTESIAN_POINT('',(88.04,-118.5,4.6));
#1947 = DIRECTION('',(-0.,0.,-1.));
#1948 = DIRECTION('',(-0.,-1.,0.));
#1949 = FACE_BOUND('',#1950,.T.);
#1950 = EDGE_LOOP('',(#1951));
#1951 = ORIENTED_EDGE('',*,*,#1952,.T.);
#1952 = EDGE_CURVE('',#1953,#1953,#1955,.T.);
#1953 = VERTEX_POINT('',#1954);
#1954 = CARTESIAN_POINT('',(83.225,-115.3,4.6));
#1955 = CIRCLE('',#1956,0.5);
#1956 = AXIS2_PLACEMENT_3D('',#1957,#1958,#1959);
#1957 = CARTESIAN_POINT('',(83.225,-114.8,4.6));
#1958 = DIRECTION('',(-0.,0.,-1.));
#1959 = DIRECTION('',(-0.,-1.,0.));
#1960 = FACE_BOUND('',#1961,.T.);
#1961 = EDGE_LOOP('',(#1962));
#1962 = ORIENTED_EDGE('',*,*,#1963,.T.);
#1963 = EDGE_CURVE('',#1964,#1964,#1966,.T.);
#1964 = VERTEX_POINT('',#1965);
#1965 = CARTESIAN_POINT('',(90.58,-119.,4.6));
#1966 = CIRCLE('',#1967,0.5);
#1967 = AXIS2_PLACEMENT_3D('',#1968,#1969,#1970);
#1968 = CARTESIAN_POINT('',(90.58,-118.5,4.6));
#1969 = DIRECTION('',(-0.,0.,-1.));
#1970 = DIRECTION('',(-0.,-1.,0.));
#1971 = FACE_BOUND('',#1972,.T.);
#1972 = EDGE_LOOP('',(#1973));
#1973 = ORIENTED_EDGE('',*,*,#1974,.T.);
#1974 = EDGE_CURVE('',#1975,#1975,#1977,.T.);
#1975 = VERTEX_POINT('',#1976);
#1976 = CARTESIAN_POINT('',(93.12,-119.,4.6));
#1977 = CIRCLE('',#1978,0.5);
#1978 = AXIS2_PLACEMENT_3D('',#1979,#1980,#1981);
#1979 = CARTESIAN_POINT('',(93.12,-118.5,4.6));
#1980 = DIRECTION('',(-0.,0.,-1.));
#1981 = DIRECTION('',(-0.,-1.,0.));
#1982 = FACE_BOUND('',#1983,.T.);
#1983 = EDGE_LOOP('',(#1984));
#1984 = ORIENTED_EDGE('',*,*,#1985,.T.);
#1985 = EDGE_CURVE('',#1986,#1986,#1988,.T.);
#1986 = VERTEX_POINT('',#1987);
#1987 = CARTESIAN_POINT('',(95.66,-119.,4.6));
#1988 = CIRCLE('',#1989,0.5);
#1989 = AXIS2_PLACEMENT_3D('',#1990,#1991,#1992);
#1990 = CARTESIAN_POINT('',(95.66,-118.5,4.6));
#1991 = DIRECTION('',(-0.,0.,-1.));
#1992 = DIRECTION('',(-0.,-1.,0.));
#1993 = FACE_BOUND('',#1994,.T.);
#1994 = EDGE_LOOP('',(#1995));
#1995 = ORIENTED_EDGE('',*,*,#1996,.T.);
#1996 = EDGE_CURVE('',#1997,#1997,#1999,.T.);
#1997 = VERTEX_POINT('',#1998);
#1998 = CARTESIAN_POINT('',(91.7,-115.85,4.6));
#1999 = CIRCLE('',#2000,0.25);
#2000 = AXIS2_PLACEMENT_3D('',#2001,#2002,#2003);
#2001 = CARTESIAN_POINT('',(91.7,-115.6,4.6));
#2002 = DIRECTION('',(-0.,0.,-1.));
#2003 = DIRECTION('',(-0.,-1.,0.));
#2004 = FACE_BOUND('',#2005,.T.);
#2005 = EDGE_LOOP('',(#2006));
#2006 = ORIENTED_EDGE('',*,*,#2007,.T.);
#2007 = EDGE_CURVE('',#2008,#2008,#2010,.T.);
#2008 = VERTEX_POINT('',#2009);
#2009 = CARTESIAN_POINT('',(98.2,-119.,4.6));
#2010 = CIRCLE('',#2011,0.5);
#2011 = AXIS2_PLACEMENT_3D('',#2012,#2013,#2014);
#2012 = CARTESIAN_POINT('',(98.2,-118.5,4.6));
#2013 = DIRECTION('',(-0.,0.,-1.));
#2014 = DIRECTION('',(-0.,-1.,0.));
#2015 = FACE_BOUND('',#2016,.T.);
#2016 = EDGE_LOOP('',(#2017));
#2017 = ORIENTED_EDGE('',*,*,#2018,.T.);
#2018 = EDGE_CURVE('',#2019,#2019,#2021,.T.);
#2019 = VERTEX_POINT('',#2020);
#2020 = CARTESIAN_POINT('',(100.74,-119.,4.6));
#2021 = CIRCLE('',#2022,0.5);
#2022 = AXIS2_PLACEMENT_3D('',#2023,#2024,#2025);
#2023 = CARTESIAN_POINT('',(100.74,-118.5,4.6));
#2024 = DIRECTION('',(-0.,0.,-1.));
#2025 = DIRECTION('',(-0.,-1.,0.));
#2026 = FACE_BOUND('',#2027,.T.);
#2027 = EDGE_LOOP('',(#2028));
#2028 = ORIENTED_EDGE('',*,*,#2029,.T.);
#2029 = EDGE_CURVE('',#2030,#2030,#2032,.T.);
#2030 = VERTEX_POINT('',#2031);
#2031 = CARTESIAN_POINT('',(103.28,-119.,4.6));
#2032 = CIRCLE('',#2033,0.5);
#2033 = AXIS2_PLACEMENT_3D('',#2034,#2035,#2036);
#2034 = CARTESIAN_POINT('',(103.28,-118.5,4.6));
#2035 = DIRECTION('',(-0.,0.,-1.));
#2036 = DIRECTION('',(-0.,-1.,0.));
#2037 = FACE_BOUND('',#2038,.T.);
#2038 = EDGE_LOOP('',(#2039));
#2039 = ORIENTED_EDGE('',*,*,#2040,.T.);
#2040 = EDGE_CURVE('',#2041,#2041,#2043,.T.);
#2041 = VERTEX_POINT('',#2042);
#2042 = CARTESIAN_POINT('',(102.601167,-114.55,4.6));
#2043 = CIRCLE('',#2044,0.325);
#2044 = AXIS2_PLACEMENT_3D('',#2045,#2046,#2047);
#2045 = CARTESIAN_POINT('',(102.601167,-114.225,4.6));
#2046 = DIRECTION('',(-0.,0.,-1.));
#2047 = DIRECTION('',(-0.,-1.,0.));
#2048 = FACE_BOUND('',#2049,.T.);
#2049 = EDGE_LOOP('',(#2050));
#2050 = ORIENTED_EDGE('',*,*,#2051,.T.);
#2051 = EDGE_CURVE('',#2052,#2052,#2054,.T.);
#2052 = VERTEX_POINT('',#2053);
#2053 = CARTESIAN_POINT('',(105.82,-119.,4.6));
#2054 = CIRCLE('',#2055,0.5);
#2055 = AXIS2_PLACEMENT_3D('',#2056,#2057,#2058);
#2056 = CARTESIAN_POINT('',(105.82,-118.5,4.6));
#2057 = DIRECTION('',(-0.,0.,-1.));
#2058 = DIRECTION('',(-0.,-1.,0.));
#2059 = FACE_BOUND('',#2060,.T.);
#2060 = EDGE_LOOP('',(#2061));
#2061 = ORIENTED_EDGE('',*,*,#2062,.T.);
#2062 = EDGE_CURVE('',#2063,#2063,#2065,.T.);
#2063 = VERTEX_POINT('',#2064);
#2064 = CARTESIAN_POINT('',(108.36,-119.,4.6));
#2065 = CIRCLE('',#2066,0.5);
#2066 = AXIS2_PLACEMENT_3D('',#2067,#2068,#2069);
#2067 = CARTESIAN_POINT('',(108.36,-118.5,4.6));
#2068 = DIRECTION('',(-0.,0.,-1.));
#2069 = DIRECTION('',(-0.,-1.,0.));
#2070 = FACE_BOUND('',#2071,.T.);
#2071 = EDGE_LOOP('',(#2072));
#2072 = ORIENTED_EDGE('',*,*,#2073,.T.);
#2073 = EDGE_CURVE('',#2074,#2074,#2076,.T.);
#2074 = VERTEX_POINT('',#2075);
#2075 = CARTESIAN_POINT('',(110.9,-119.,4.6));
#2076 = CIRCLE('',#2077,0.5);
#2077 = AXIS2_PLACEMENT_3D('',#2078,#2079,#2080);
#2078 = CARTESIAN_POINT('',(110.9,-118.5,4.6));
#2079 = DIRECTION('',(-0.,0.,-1.));
#2080 = DIRECTION('',(-0.,-1.,0.));
#2081 = FACE_BOUND('',#2082,.T.);
#2082 = EDGE_LOOP('',(#2083));
#2083 = ORIENTED_EDGE('',*,*,#2084,.T.);
#2084 = EDGE_CURVE('',#2085,#2085,#2087,.T.);
#2085 = VERTEX_POINT('',#2086);
#2086 = CARTESIAN_POINT('',(102.601167,-113.28,4.6));
#2087 = CIRCLE('',#2088,0.325);
#2088 = AXIS2_PLACEMENT_3D('',#2089,#2090,#2091);
#2089 = CARTESIAN_POINT('',(102.601167,-112.955,4.6));
#2090 = DIRECTION('',(-0.,0.,-1.));
#2091 = DIRECTION('',(-0.,-1.,0.));
#2092 = FACE_BOUND('',#2093,.T.);
#2093 = EDGE_LOOP('',(#2094));
#2094 = ORIENTED_EDGE('',*,*,#2095,.T.);
#2095 = EDGE_CURVE('',#2096,#2096,#2098,.T.);
#2096 = VERTEX_POINT('',#2097);
#2097 = CARTESIAN_POINT('',(102.601167,-112.01,4.6));
#2098 = CIRCLE('',#2099,0.325);
#2099 = AXIS2_PLACEMENT_3D('',#2100,#2101,#2102);
#2100 = CARTESIAN_POINT('',(102.601167,-111.685,4.6));
#2101 = DIRECTION('',(-0.,0.,-1.));
#2102 = DIRECTION('',(-0.,-1.,0.));
#2103 = FACE_BOUND('',#2104,.T.);
#2104 = EDGE_LOOP('',(#2105));
#2105 = ORIENTED_EDGE('',*,*,#2106,.T.);
#2106 = EDGE_CURVE('',#2107,#2107,#2109,.T.);
#2107 = VERTEX_POINT('',#2108);
#2108 = CARTESIAN_POINT('',(102.601167,-110.74,4.6));
#2109 = CIRCLE('',#2110,0.325);
#2110 = AXIS2_PLACEMENT_3D('',#2111,#2112,#2113);
#2111 = CARTESIAN_POINT('',(102.601167,-110.415,4.6));
#2112 = DIRECTION('',(-0.,0.,-1.));
#2113 = DIRECTION('',(-0.,-1.,0.));
#2114 = FACE_BOUND('',#2115,.T.);
#2115 = EDGE_LOOP('',(#2116));
#2116 = ORIENTED_EDGE('',*,*,#2117,.T.);
#2117 = EDGE_CURVE('',#2118,#2118,#2120,.T.);
#2118 = VERTEX_POINT('',#2119);
#2119 = CARTESIAN_POINT('',(102.601167,-109.47,4.6));
#2120 = CIRCLE('',#2121,0.325);
#2121 = AXIS2_PLACEMENT_3D('',#2122,#2123,#2124);
#2122 = CARTESIAN_POINT('',(102.601167,-109.145,4.6));
#2123 = DIRECTION('',(-0.,0.,-1.));
#2124 = DIRECTION('',(-0.,-1.,0.));
#2125 = FACE_BOUND('',#2126,.T.);
#2126 = EDGE_LOOP('',(#2127));
#2127 = ORIENTED_EDGE('',*,*,#2128,.T.);
#2128 = EDGE_CURVE('',#2129,#2129,#2131,.T.);
#2129 = VERTEX_POINT('',#2130);
#2130 = CARTESIAN_POINT('',(111.,-111.24,4.6));
#2131 = CIRCLE('',#2132,0.5);
#2132 = AXIS2_PLACEMENT_3D('',#2133,#2134,#2135);
#2133 = CARTESIAN_POINT('',(111.,-110.74,4.6));
#2134 = DIRECTION('',(-0.,0.,-1.));
#2135 = DIRECTION('',(-0.,-1.,0.));
#2136 = FACE_BOUND('',#2137,.T.);
#2137 = EDGE_LOOP('',(#2138));
#2138 = ORIENTED_EDGE('',*,*,#2139,.T.);
#2139 = EDGE_CURVE('',#2140,#2140,#2142,.T.);
#2140 = VERTEX_POINT('',#2141);
#2141 = CARTESIAN_POINT('',(102.601167,-108.2,4.6));
#2142 = CIRCLE('',#2143,0.325);
#2143 = AXIS2_PLACEMENT_3D('',#2144,#2145,#2146);
#2144 = CARTESIAN_POINT('',(102.601167,-107.875,4.6));
#2145 = DIRECTION('',(-0.,0.,-1.));
#2146 = DIRECTION('',(-0.,-1.,0.));
#2147 = FACE_BOUND('',#2148,.T.);
#2148 = EDGE_LOOP('',(#2149));
#2149 = ORIENTED_EDGE('',*,*,#2150,.T.);
#2150 = EDGE_CURVE('',#2151,#2151,#2153,.T.);
#2151 = VERTEX_POINT('',#2152);
#2152 = CARTESIAN_POINT('',(102.601167,-106.93,4.6));
#2153 = CIRCLE('',#2154,0.325);
#2154 = AXIS2_PLACEMENT_3D('',#2155,#2156,#2157);
#2155 = CARTESIAN_POINT('',(102.601167,-106.605,4.6));
#2156 = DIRECTION('',(-0.,0.,-1.));
#2157 = DIRECTION('',(-0.,-1.,0.));
#2158 = FACE_BOUND('',#2159,.T.);
#2159 = EDGE_LOOP('',(#2160));
#2160 = ORIENTED_EDGE('',*,*,#2161,.T.);
#2161 = EDGE_CURVE('',#2162,#2162,#2164,.T.);
#2162 = VERTEX_POINT('',#2163);
#2163 = CARTESIAN_POINT('',(111.,-108.7,4.6));
#2164 = CIRCLE('',#2165,0.5);
#2165 = AXIS2_PLACEMENT_3D('',#2166,#2167,#2168);
#2166 = CARTESIAN_POINT('',(111.,-108.2,4.6));
#2167 = DIRECTION('',(-0.,0.,-1.));
#2168 = DIRECTION('',(-0.,-1.,0.));
#2169 = FACE_BOUND('',#2170,.T.);
#2170 = EDGE_LOOP('',(#2171));
#2171 = ORIENTED_EDGE('',*,*,#2172,.T.);
#2172 = EDGE_CURVE('',#2173,#2173,#2175,.T.);
#2173 = VERTEX_POINT('',#2174);
#2174 = CARTESIAN_POINT('',(111.,-106.16,4.6));
#2175 = CIRCLE('',#2176,0.5);
#2176 = AXIS2_PLACEMENT_3D('',#2177,#2178,#2179);
#2177 = CARTESIAN_POINT('',(111.,-105.66,4.6));
#2178 = DIRECTION('',(-0.,0.,-1.));
#2179 = DIRECTION('',(-0.,-1.,0.));
#2180 = FACE_BOUND('',#2181,.T.);
#2181 = EDGE_LOOP('',(#2182));
#2182 = ORIENTED_EDGE('',*,*,#2183,.T.);
#2183 = EDGE_CURVE('',#2184,#2184,#2186,.T.);
#2184 = VERTEX_POINT('',#2185);
#2185 = CARTESIAN_POINT('',(111.,-103.62,4.6));
#2186 = CIRCLE('',#2187,0.5);
#2187 = AXIS2_PLACEMENT_3D('',#2188,#2189,#2190);
#2188 = CARTESIAN_POINT('',(111.,-103.12,4.6));
#2189 = DIRECTION('',(-0.,0.,-1.));
#2190 = DIRECTION('',(-0.,-1.,0.));
#2191 = FACE_BOUND('',#2192,.T.);
#2192 = EDGE_LOOP('',(#2193));
#2193 = ORIENTED_EDGE('',*,*,#2194,.T.);
#2194 = EDGE_CURVE('',#2195,#2195,#2197,.T.);
#2195 = VERTEX_POINT('',#2196);
#2196 = CARTESIAN_POINT('',(111.,-101.08,4.6));
#2197 = CIRCLE('',#2198,0.5);
#2198 = AXIS2_PLACEMENT_3D('',#2199,#2200,#2201);
#2199 = CARTESIAN_POINT('',(111.,-100.58,4.6));
#2200 = DIRECTION('',(-0.,0.,-1.));
#2201 = DIRECTION('',(-0.,-1.,0.));
#2202 = FACE_BOUND('',#2203,.T.);
#2203 = EDGE_LOOP('',(#2204,#2215,#2223,#2232));
#2204 = ORIENTED_EDGE('',*,*,#2205,.T.);
#2205 = EDGE_CURVE('',#2206,#2208,#2210,.T.);
#2206 = VERTEX_POINT('',#2207);
#2207 = CARTESIAN_POINT('',(54.09981,-96.0816,4.6));
#2208 = VERTEX_POINT('',#2209);
#2209 = CARTESIAN_POINT('',(54.09981,-95.5816,4.6));
#2210 = CIRCLE('',#2211,0.25);
#2211 = AXIS2_PLACEMENT_3D('',#2212,#2213,#2214);
#2212 = CARTESIAN_POINT('',(54.09981,-95.8316,4.6));
#2213 = DIRECTION('',(-0.,0.,-1.));
#2214 = DIRECTION('',(0.,1.,0.));
#2215 = ORIENTED_EDGE('',*,*,#2216,.T.);
#2216 = EDGE_CURVE('',#2208,#2217,#2219,.T.);
#2217 = VERTEX_POINT('',#2218);
#2218 = CARTESIAN_POINT('',(55.24981,-95.5816,4.6));
#2219 = LINE('',#2220,#2221);
#2220 = CARTESIAN_POINT('',(27.624905,-95.5816,4.6));
#2221 = VECTOR('',#2222,1.);
#2222 = DIRECTION('',(1.,0.,-0.));
#2223 = ORIENTED_EDGE('',*,*,#2224,.T.);
#2224 = EDGE_CURVE('',#2217,#2225,#2227,.T.);
#2225 = VERTEX_POINT('',#2226);
#2226 = CARTESIAN_POINT('',(55.24981,-96.0816,4.6));
#2227 = CIRCLE('',#2228,0.25);
#2228 = AXIS2_PLACEMENT_3D('',#2229,#2230,#2231);
#2229 = CARTESIAN_POINT('',(55.24981,-95.8316,4.6));
#2230 = DIRECTION('',(-0.,0.,-1.));
#2231 = DIRECTION('',(-0.,-1.,0.));
#2232 = ORIENTED_EDGE('',*,*,#2233,.T.);
#2233 = EDGE_CURVE('',#2225,#2206,#2234,.T.);
#2234 = LINE('',#2235,#2236);
#2235 = CARTESIAN_POINT('',(27.049905,-96.0816,4.6));
#2236 = VECTOR('',#2237,1.);
#2237 = DIRECTION('',(-1.,0.,0.));
#2238 = FACE_BOUND('',#2239,.T.);
#2239 = EDGE_LOOP('',(#2240,#2251,#2259,#2268));
#2240 = ORIENTED_EDGE('',*,*,#2241,.T.);
#2241 = EDGE_CURVE('',#2242,#2244,#2246,.T.);
#2242 = VERTEX_POINT('',#2243);
#2243 = CARTESIAN_POINT('',(58.77981,-96.0816,4.6));
#2244 = VERTEX_POINT('',#2245);
#2245 = CARTESIAN_POINT('',(58.77981,-95.5816,4.6));
#2246 = CIRCLE('',#2247,0.25);
#2247 = AXIS2_PLACEMENT_3D('',#2248,#2249,#2250);
#2248 = CARTESIAN_POINT('',(58.77981,-95.8316,4.6));
#2249 = DIRECTION('',(-0.,0.,-1.));
#2250 = DIRECTION('',(0.,1.,0.));
#2251 = ORIENTED_EDGE('',*,*,#2252,.T.);
#2252 = EDGE_CURVE('',#2244,#2253,#2255,.T.);
#2253 = VERTEX_POINT('',#2254);
#2254 = CARTESIAN_POINT('',(59.92981,-95.5816,4.6));
#2255 = LINE('',#2256,#2257);
#2256 = CARTESIAN_POINT('',(29.964905,-95.5816,4.6));
#2257 = VECTOR('',#2258,1.);
#2258 = DIRECTION('',(1.,0.,-0.));
#2259 = ORIENTED_EDGE('',*,*,#2260,.T.);
#2260 = EDGE_CURVE('',#2253,#2261,#2263,.T.);
#2261 = VERTEX_POINT('',#2262);
#2262 = CARTESIAN_POINT('',(59.92981,-96.0816,4.6));
#2263 = CIRCLE('',#2264,0.25);
#2264 = AXIS2_PLACEMENT_3D('',#2265,#2266,#2267);
#2265 = CARTESIAN_POINT('',(59.92981,-95.8316,4.6));
#2266 = DIRECTION('',(-0.,0.,-1.));
#2267 = DIRECTION('',(-0.,-1.,0.));
#2268 = ORIENTED_EDGE('',*,*,#2269,.T.);
#2269 = EDGE_CURVE('',#2261,#2242,#2270,.T.);
#2270 = LINE('',#2271,#2272);
#2271 = CARTESIAN_POINT('',(29.389905,-96.0816,4.6));
#2272 = VECTOR('',#2273,1.);
#2273 = DIRECTION('',(-1.,0.,0.));
#2274 = FACE_BOUND('',#2275,.T.);
#2275 = EDGE_LOOP('',(#2276));
#2276 = ORIENTED_EDGE('',*,*,#2277,.T.);
#2277 = EDGE_CURVE('',#2278,#2278,#2280,.T.);
#2278 = VERTEX_POINT('',#2279);
#2279 = CARTESIAN_POINT('',(59.43981,-94.3266,4.6));
#2280 = CIRCLE('',#2281,0.325);
#2281 = AXIS2_PLACEMENT_3D('',#2282,#2283,#2284);
#2282 = CARTESIAN_POINT('',(59.43981,-94.0016,4.6));
#2283 = DIRECTION('',(-0.,0.,-1.));
#2284 = DIRECTION('',(2.1862853408E-14,-1.,-0.));
#2285 = FACE_BOUND('',#2286,.T.);
#2286 = EDGE_LOOP('',(#2287));
#2287 = ORIENTED_EDGE('',*,*,#2288,.T.);
#2288 = EDGE_CURVE('',#2289,#2289,#2291,.T.);
#2289 = VERTEX_POINT('',#2290);
#2290 = CARTESIAN_POINT('',(63.3,-98.645,4.6));
#2291 = CIRCLE('',#2292,0.5);
#2292 = AXIS2_PLACEMENT_3D('',#2293,#2294,#2295);
#2293 = CARTESIAN_POINT('',(63.3,-98.145,4.6));
#2294 = DIRECTION('',(-0.,0.,-1.));
#2295 = DIRECTION('',(-0.,-1.,0.));
#2296 = FACE_BOUND('',#2297,.T.);
#2297 = EDGE_LOOP('',(#2298));
#2298 = ORIENTED_EDGE('',*,*,#2299,.T.);
#2299 = EDGE_CURVE('',#2300,#2300,#2302,.T.);
#2300 = VERTEX_POINT('',#2301);
#2301 = CARTESIAN_POINT('',(59.43981,-86.8266,4.6));
#2302 = CIRCLE('',#2303,0.325);
#2303 = AXIS2_PLACEMENT_3D('',#2304,#2305,#2306);
#2304 = CARTESIAN_POINT('',(59.43981,-86.5016,4.6));
#2305 = DIRECTION('',(-0.,0.,-1.));
#2306 = DIRECTION('',(2.1862853408E-14,-1.,-0.));
#2307 = FACE_BOUND('',#2308,.T.);
#2308 = EDGE_LOOP('',(#2309,#2320,#2328,#2337));
#2309 = ORIENTED_EDGE('',*,*,#2310,.T.);
#2310 = EDGE_CURVE('',#2311,#2313,#2315,.T.);
#2311 = VERTEX_POINT('',#2312);
#2312 = CARTESIAN_POINT('',(54.10981,-84.9216,4.6));
#2313 = VERTEX_POINT('',#2314);
#2314 = CARTESIAN_POINT('',(54.10981,-84.4216,4.6));
#2315 = CIRCLE('',#2316,0.25);
#2316 = AXIS2_PLACEMENT_3D('',#2317,#2318,#2319);
#2317 = CARTESIAN_POINT('',(54.10981,-84.6716,4.6));
#2318 = DIRECTION('',(-0.,0.,-1.));
#2319 = DIRECTION('',(0.,1.,0.));
#2320 = ORIENTED_EDGE('',*,*,#2321,.T.);
#2321 = EDGE_CURVE('',#2313,#2322,#2324,.T.);
#2322 = VERTEX_POINT('',#2323);
#2323 = CARTESIAN_POINT('',(55.25981,-84.4216,4.6));
#2324 = LINE('',#2325,#2326);
#2325 = CARTESIAN_POINT('',(27.629905,-84.4216,4.6));
#2326 = VECTOR('',#2327,1.);
#2327 = DIRECTION('',(1.,0.,-0.));
#2328 = ORIENTED_EDGE('',*,*,#2329,.T.);
#2329 = EDGE_CURVE('',#2322,#2330,#2332,.T.);
#2330 = VERTEX_POINT('',#2331);
#2331 = CARTESIAN_POINT('',(55.25981,-84.9216,4.6));
#2332 = CIRCLE('',#2333,0.25);
#2333 = AXIS2_PLACEMENT_3D('',#2334,#2335,#2336);
#2334 = CARTESIAN_POINT('',(55.25981,-84.6716,4.6));
#2335 = DIRECTION('',(-0.,0.,-1.));
#2336 = DIRECTION('',(-0.,-1.,0.));
#2337 = ORIENTED_EDGE('',*,*,#2338,.T.);
#2338 = EDGE_CURVE('',#2330,#2311,#2339,.T.);
#2339 = LINE('',#2340,#2341);
#2340 = CARTESIAN_POINT('',(27.054905,-84.9216,4.6));
#2341 = VECTOR('',#2342,1.);
#2342 = DIRECTION('',(-1.,0.,0.));
#2343 = FACE_BOUND('',#2344,.T.);
#2344 = EDGE_LOOP('',(#2345,#2356,#2364,#2373));
#2345 = ORIENTED_EDGE('',*,*,#2346,.T.);
#2346 = EDGE_CURVE('',#2347,#2349,#2351,.T.);
#2347 = VERTEX_POINT('',#2348);
#2348 = CARTESIAN_POINT('',(58.77981,-84.9216,4.6));
#2349 = VERTEX_POINT('',#2350);
#2350 = CARTESIAN_POINT('',(58.77981,-84.4216,4.6));
#2351 = CIRCLE('',#2352,0.25);
#2352 = AXIS2_PLACEMENT_3D('',#2353,#2354,#2355);
#2353 = CARTESIAN_POINT('',(58.77981,-84.6716,4.6));
#2354 = DIRECTION('',(-0.,0.,-1.));
#2355 = DIRECTION('',(0.,1.,0.));
#2356 = ORIENTED_EDGE('',*,*,#2357,.T.);
#2357 = EDGE_CURVE('',#2349,#2358,#2360,.T.);
#2358 = VERTEX_POINT('',#2359);
#2359 = CARTESIAN_POINT('',(59.92981,-84.4216,4.6));
#2360 = LINE('',#2361,#2362);
#2361 = CARTESIAN_POINT('',(29.964905,-84.4216,4.6));
#2362 = VECTOR('',#2363,1.);
#2363 = DIRECTION('',(1.,0.,-0.));
#2364 = ORIENTED_EDGE('',*,*,#2365,.T.);
#2365 = EDGE_CURVE('',#2358,#2366,#2368,.T.);
#2366 = VERTEX_POINT('',#2367);
#2367 = CARTESIAN_POINT('',(59.92981,-84.9216,4.6));
#2368 = CIRCLE('',#2369,0.25);
#2369 = AXIS2_PLACEMENT_3D('',#2370,#2371,#2372);
#2370 = CARTESIAN_POINT('',(59.92981,-84.6716,4.6));
#2371 = DIRECTION('',(-0.,0.,-1.));
#2372 = DIRECTION('',(-0.,-1.,0.));
#2373 = ORIENTED_EDGE('',*,*,#2374,.T.);
#2374 = EDGE_CURVE('',#2366,#2347,#2375,.T.);
#2375 = LINE('',#2376,#2377);
#2376 = CARTESIAN_POINT('',(29.389905,-84.9216,4.6));
#2377 = VECTOR('',#2378,1.);
#2378 = DIRECTION('',(-1.,0.,0.));
#2379 = FACE_BOUND('',#2380,.T.);
#2380 = EDGE_LOOP('',(#2381));
#2381 = ORIENTED_EDGE('',*,*,#2382,.T.);
#2382 = EDGE_CURVE('',#2383,#2383,#2385,.T.);
#2383 = VERTEX_POINT('',#2384);
#2384 = CARTESIAN_POINT('',(55.8,-78.5,4.6));
#2385 = CIRCLE('',#2386,0.5);
#2386 = AXIS2_PLACEMENT_3D('',#2387,#2388,#2389);
#2387 = CARTESIAN_POINT('',(55.8,-78.,4.6));
#2388 = DIRECTION('',(-0.,0.,-1.));
#2389 = DIRECTION('',(-0.,-1.,0.));
#2390 = FACE_BOUND('',#2391,.T.);
#2391 = EDGE_LOOP('',(#2392));
#2392 = ORIENTED_EDGE('',*,*,#2393,.T.);
#2393 = EDGE_CURVE('',#2394,#2394,#2396,.T.);
#2394 = VERTEX_POINT('',#2395);
#2395 = CARTESIAN_POINT('',(58.34,-78.5,4.6));
#2396 = CIRCLE('',#2397,0.5);
#2397 = AXIS2_PLACEMENT_3D('',#2398,#2399,#2400);
#2398 = CARTESIAN_POINT('',(58.34,-78.,4.6));
#2399 = DIRECTION('',(-0.,0.,-1.));
#2400 = DIRECTION('',(-0.,-1.,0.));
#2401 = FACE_BOUND('',#2402,.T.);
#2402 = EDGE_LOOP('',(#2403));
#2403 = ORIENTED_EDGE('',*,*,#2404,.T.);
#2404 = EDGE_CURVE('',#2405,#2405,#2407,.T.);
#2405 = VERTEX_POINT('',#2406);
#2406 = CARTESIAN_POINT('',(60.88,-78.5,4.6));
#2407 = CIRCLE('',#2408,0.5);
#2408 = AXIS2_PLACEMENT_3D('',#2409,#2410,#2411);
#2409 = CARTESIAN_POINT('',(60.88,-78.,4.6));
#2410 = DIRECTION('',(-0.,0.,-1.));
#2411 = DIRECTION('',(-0.,-1.,0.));
#2412 = FACE_BOUND('',#2413,.T.);
#2413 = EDGE_LOOP('',(#2414));
#2414 = ORIENTED_EDGE('',*,*,#2415,.T.);
#2415 = EDGE_CURVE('',#2416,#2416,#2418,.T.);
#2416 = VERTEX_POINT('',#2417);
#2417 = CARTESIAN_POINT('',(63.42,-78.5,4.6));
#2418 = CIRCLE('',#2419,0.5);
#2419 = AXIS2_PLACEMENT_3D('',#2420,#2421,#2422);
#2420 = CARTESIAN_POINT('',(63.42,-78.,4.6));
#2421 = DIRECTION('',(-0.,0.,-1.));
#2422 = DIRECTION('',(-0.,-1.,0.));
#2423 = FACE_BOUND('',#2424,.T.);
#2424 = EDGE_LOOP('',(#2425));
#2425 = ORIENTED_EDGE('',*,*,#2426,.T.);
#2426 = EDGE_CURVE('',#2427,#2427,#2429,.T.);
#2427 = VERTEX_POINT('',#2428);
#2428 = CARTESIAN_POINT('',(65.96,-78.5,4.6));
#2429 = CIRCLE('',#2430,0.5);
#2430 = AXIS2_PLACEMENT_3D('',#2431,#2432,#2433);
#2431 = CARTESIAN_POINT('',(65.96,-78.,4.6));
#2432 = DIRECTION('',(-0.,0.,-1.));
#2433 = DIRECTION('',(-0.,-1.,0.));
#2434 = FACE_BOUND('',#2435,.T.);
#2435 = EDGE_LOOP('',(#2436));
#2436 = ORIENTED_EDGE('',*,*,#2437,.T.);
#2437 = EDGE_CURVE('',#2438,#2438,#2440,.T.);
#2438 = VERTEX_POINT('',#2439);
#2439 = CARTESIAN_POINT('',(68.5,-78.5,4.6));
#2440 = CIRCLE('',#2441,0.5);
#2441 = AXIS2_PLACEMENT_3D('',#2442,#2443,#2444);
#2442 = CARTESIAN_POINT('',(68.5,-78.,4.6));
#2443 = DIRECTION('',(-0.,0.,-1.));
#2444 = DIRECTION('',(-0.,-1.,0.));
#2445 = FACE_BOUND('',#2446,.T.);
#2446 = EDGE_LOOP('',(#2447));
#2447 = ORIENTED_EDGE('',*,*,#2448,.T.);
#2448 = EDGE_CURVE('',#2449,#2449,#2451,.T.);
#2449 = VERTEX_POINT('',#2450);
#2450 = CARTESIAN_POINT('',(71.04,-78.5,4.6));
#2451 = CIRCLE('',#2452,0.5);
#2452 = AXIS2_PLACEMENT_3D('',#2453,#2454,#2455);
#2453 = CARTESIAN_POINT('',(71.04,-78.,4.6));
#2454 = DIRECTION('',(-0.,0.,-1.));
#2455 = DIRECTION('',(-0.,-1.,0.));
#2456 = FACE_BOUND('',#2457,.T.);
#2457 = EDGE_LOOP('',(#2458));
#2458 = ORIENTED_EDGE('',*,*,#2459,.T.);
#2459 = EDGE_CURVE('',#2460,#2460,#2462,.T.);
#2460 = VERTEX_POINT('',#2461);
#2461 = CARTESIAN_POINT('',(73.58,-78.5,4.6));
#2462 = CIRCLE('',#2463,0.5);
#2463 = AXIS2_PLACEMENT_3D('',#2464,#2465,#2466);
#2464 = CARTESIAN_POINT('',(73.58,-78.,4.6));
#2465 = DIRECTION('',(-0.,0.,-1.));
#2466 = DIRECTION('',(-0.,-1.,0.));
#2467 = FACE_BOUND('',#2468,.T.);
#2468 = EDGE_LOOP('',(#2469));
#2469 = ORIENTED_EDGE('',*,*,#2470,.T.);
#2470 = EDGE_CURVE('',#2471,#2471,#2473,.T.);
#2471 = VERTEX_POINT('',#2472);
#2472 = CARTESIAN_POINT('',(76.12,-78.5,4.6));
#2473 = CIRCLE('',#2474,0.5);
#2474 = AXIS2_PLACEMENT_3D('',#2475,#2476,#2477);
#2475 = CARTESIAN_POINT('',(76.12,-78.,4.6));
#2476 = DIRECTION('',(-0.,0.,-1.));
#2477 = DIRECTION('',(-0.,-1.,0.));
#2478 = FACE_BOUND('',#2479,.T.);
#2479 = EDGE_LOOP('',(#2480));
#2480 = ORIENTED_EDGE('',*,*,#2481,.T.);
#2481 = EDGE_CURVE('',#2482,#2482,#2484,.T.);
#2482 = VERTEX_POINT('',#2483);
#2483 = CARTESIAN_POINT('',(78.66,-78.5,4.6));
#2484 = CIRCLE('',#2485,0.5);
#2485 = AXIS2_PLACEMENT_3D('',#2486,#2487,#2488);
#2486 = CARTESIAN_POINT('',(78.66,-78.,4.6));
#2487 = DIRECTION('',(-0.,0.,-1.));
#2488 = DIRECTION('',(-0.,-1.,0.));
#2489 = FACE_BOUND('',#2490,.T.);
#2490 = EDGE_LOOP('',(#2491));
#2491 = ORIENTED_EDGE('',*,*,#2492,.T.);
#2492 = EDGE_CURVE('',#2493,#2493,#2495,.T.);
#2493 = VERTEX_POINT('',#2494);
#2494 = CARTESIAN_POINT('',(81.2,-78.5,4.6));
#2495 = CIRCLE('',#2496,0.5);
#2496 = AXIS2_PLACEMENT_3D('',#2497,#2498,#2499);
#2497 = CARTESIAN_POINT('',(81.2,-78.,4.6));
#2498 = DIRECTION('',(-0.,0.,-1.));
#2499 = DIRECTION('',(-0.,-1.,0.));
#2500 = FACE_BOUND('',#2501,.T.);
#2501 = EDGE_LOOP('',(#2502));
#2502 = ORIENTED_EDGE('',*,*,#2503,.T.);
#2503 = EDGE_CURVE('',#2504,#2504,#2506,.T.);
#2504 = VERTEX_POINT('',#2505);
#2505 = CARTESIAN_POINT('',(111.,-98.54,4.6));
#2506 = CIRCLE('',#2507,0.5);
#2507 = AXIS2_PLACEMENT_3D('',#2508,#2509,#2510);
#2508 = CARTESIAN_POINT('',(111.,-98.04,4.6));
#2509 = DIRECTION('',(-0.,0.,-1.));
#2510 = DIRECTION('',(-0.,-1.,0.));
#2511 = FACE_BOUND('',#2512,.T.);
#2512 = EDGE_LOOP('',(#2513));
#2513 = ORIENTED_EDGE('',*,*,#2514,.T.);
#2514 = EDGE_CURVE('',#2515,#2515,#2517,.T.);
#2515 = VERTEX_POINT('',#2516);
#2516 = CARTESIAN_POINT('',(111.,-96.,4.6));
#2517 = CIRCLE('',#2518,0.5);
#2518 = AXIS2_PLACEMENT_3D('',#2519,#2520,#2521);
#2519 = CARTESIAN_POINT('',(111.,-95.5,4.6));
#2520 = DIRECTION('',(-0.,0.,-1.));
#2521 = DIRECTION('',(-0.,-1.,0.));
#2522 = FACE_BOUND('',#2523,.T.);
#2523 = EDGE_LOOP('',(#2524));
#2524 = ORIENTED_EDGE('',*,*,#2525,.T.);
#2525 = EDGE_CURVE('',#2526,#2526,#2528,.T.);
#2526 = VERTEX_POINT('',#2527);
#2527 = CARTESIAN_POINT('',(111.,-93.46,4.6));
#2528 = CIRCLE('',#2529,0.5);
#2529 = AXIS2_PLACEMENT_3D('',#2530,#2531,#2532);
#2530 = CARTESIAN_POINT('',(111.,-92.96,4.6));
#2531 = DIRECTION('',(-0.,0.,-1.));
#2532 = DIRECTION('',(-0.,-1.,0.));
#2533 = FACE_BOUND('',#2534,.T.);
#2534 = EDGE_LOOP('',(#2535));
#2535 = ORIENTED_EDGE('',*,*,#2536,.T.);
#2536 = EDGE_CURVE('',#2537,#2537,#2539,.T.);
#2537 = VERTEX_POINT('',#2538);
#2538 = CARTESIAN_POINT('',(111.,-90.92,4.6));
#2539 = CIRCLE('',#2540,0.5);
#2540 = AXIS2_PLACEMENT_3D('',#2541,#2542,#2543);
#2541 = CARTESIAN_POINT('',(111.,-90.42,4.6));
#2542 = DIRECTION('',(-0.,0.,-1.));
#2543 = DIRECTION('',(-0.,-1.,0.));
#2544 = FACE_BOUND('',#2545,.T.);
#2545 = EDGE_LOOP('',(#2546));
#2546 = ORIENTED_EDGE('',*,*,#2547,.T.);
#2547 = EDGE_CURVE('',#2548,#2548,#2550,.T.);
#2548 = VERTEX_POINT('',#2549);
#2549 = CARTESIAN_POINT('',(111.,-88.38,4.6));
#2550 = CIRCLE('',#2551,0.5);
#2551 = AXIS2_PLACEMENT_3D('',#2552,#2553,#2554);
#2552 = CARTESIAN_POINT('',(111.,-87.88,4.6));
#2553 = DIRECTION('',(-0.,0.,-1.));
#2554 = DIRECTION('',(-0.,-1.,0.));
#2555 = FACE_BOUND('',#2556,.T.);
#2556 = EDGE_LOOP('',(#2557));
#2557 = ORIENTED_EDGE('',*,*,#2558,.T.);
#2558 = EDGE_CURVE('',#2559,#2559,#2561,.T.);
#2559 = VERTEX_POINT('',#2560);
#2560 = CARTESIAN_POINT('',(85.3,-78.5,4.6));
#2561 = CIRCLE('',#2562,0.5);
#2562 = AXIS2_PLACEMENT_3D('',#2563,#2564,#2565);
#2563 = CARTESIAN_POINT('',(85.3,-78.,4.6));
#2564 = DIRECTION('',(-0.,0.,-1.));
#2565 = DIRECTION('',(-0.,-1.,0.));
#2566 = FACE_BOUND('',#2567,.T.);
#2567 = EDGE_LOOP('',(#2568));
#2568 = ORIENTED_EDGE('',*,*,#2569,.T.);
#2569 = EDGE_CURVE('',#2570,#2570,#2572,.T.);
#2570 = VERTEX_POINT('',#2571);
#2571 = CARTESIAN_POINT('',(87.84,-78.5,4.6));
#2572 = CIRCLE('',#2573,0.5);
#2573 = AXIS2_PLACEMENT_3D('',#2574,#2575,#2576);
#2574 = CARTESIAN_POINT('',(87.84,-78.,4.6));
#2575 = DIRECTION('',(-0.,0.,-1.));
#2576 = DIRECTION('',(-0.,-1.,0.));
#2577 = FACE_BOUND('',#2578,.T.);
#2578 = EDGE_LOOP('',(#2579));
#2579 = ORIENTED_EDGE('',*,*,#2580,.T.);
#2580 = EDGE_CURVE('',#2581,#2581,#2583,.T.);
#2581 = VERTEX_POINT('',#2582);
#2582 = CARTESIAN_POINT('',(90.38,-78.5,4.6));
#2583 = CIRCLE('',#2584,0.5);
#2584 = AXIS2_PLACEMENT_3D('',#2585,#2586,#2587);
#2585 = CARTESIAN_POINT('',(90.38,-78.,4.6));
#2586 = DIRECTION('',(-0.,0.,-1.));
#2587 = DIRECTION('',(-0.,-1.,0.));
#2588 = FACE_BOUND('',#2589,.T.);
#2589 = EDGE_LOOP('',(#2590));
#2590 = ORIENTED_EDGE('',*,*,#2591,.T.);
#2591 = EDGE_CURVE('',#2592,#2592,#2594,.T.);
#2592 = VERTEX_POINT('',#2593);
#2593 = CARTESIAN_POINT('',(92.92,-78.5,4.6));
#2594 = CIRCLE('',#2595,0.5);
#2595 = AXIS2_PLACEMENT_3D('',#2596,#2597,#2598);
#2596 = CARTESIAN_POINT('',(92.92,-78.,4.6));
#2597 = DIRECTION('',(-0.,0.,-1.));
#2598 = DIRECTION('',(-0.,-1.,0.));
#2599 = FACE_BOUND('',#2600,.T.);
#2600 = EDGE_LOOP('',(#2601));
#2601 = ORIENTED_EDGE('',*,*,#2602,.T.);
#2602 = EDGE_CURVE('',#2603,#2603,#2605,.T.);
#2603 = VERTEX_POINT('',#2604);
#2604 = CARTESIAN_POINT('',(95.46,-78.5,4.6));
#2605 = CIRCLE('',#2606,0.5);
#2606 = AXIS2_PLACEMENT_3D('',#2607,#2608,#2609);
#2607 = CARTESIAN_POINT('',(95.46,-78.,4.6));
#2608 = DIRECTION('',(-0.,0.,-1.));
#2609 = DIRECTION('',(-0.,-1.,0.));
#2610 = FACE_BOUND('',#2611,.T.);
#2611 = EDGE_LOOP('',(#2612));
#2612 = ORIENTED_EDGE('',*,*,#2613,.T.);
#2613 = EDGE_CURVE('',#2614,#2614,#2616,.T.);
#2614 = VERTEX_POINT('',#2615);
#2615 = CARTESIAN_POINT('',(111.,-85.84,4.6));
#2616 = CIRCLE('',#2617,0.5);
#2617 = AXIS2_PLACEMENT_3D('',#2618,#2619,#2620);
#2618 = CARTESIAN_POINT('',(111.,-85.34,4.6));
#2619 = DIRECTION('',(-0.,0.,-1.));
#2620 = DIRECTION('',(-0.,-1.,0.));
#2621 = FACE_BOUND('',#2622,.T.);
#2622 = EDGE_LOOP('',(#2623));
#2623 = ORIENTED_EDGE('',*,*,#2624,.T.);
#2624 = EDGE_CURVE('',#2625,#2625,#2627,.T.);
#2625 = VERTEX_POINT('',#2626);
#2626 = CARTESIAN_POINT('',(111.,-83.3,4.6));
#2627 = CIRCLE('',#2628,0.5);
#2628 = AXIS2_PLACEMENT_3D('',#2629,#2630,#2631);
#2629 = CARTESIAN_POINT('',(111.,-82.8,4.6));
#2630 = DIRECTION('',(-0.,0.,-1.));
#2631 = DIRECTION('',(-0.,-1.,0.));
#2632 = FACE_BOUND('',#2633,.T.);
#2633 = EDGE_LOOP('',(#2634));
#2634 = ORIENTED_EDGE('',*,*,#2635,.T.);
#2635 = EDGE_CURVE('',#2636,#2636,#2638,.T.);
#2636 = VERTEX_POINT('',#2637);
#2637 = CARTESIAN_POINT('',(98.,-78.5,4.6));
#2638 = CIRCLE('',#2639,0.5);
#2639 = AXIS2_PLACEMENT_3D('',#2640,#2641,#2642);
#2640 = CARTESIAN_POINT('',(98.,-78.,4.6));
#2641 = DIRECTION('',(-0.,0.,-1.));
#2642 = DIRECTION('',(-0.,-1.,0.));
#2643 = FACE_BOUND('',#2644,.T.);
#2644 = EDGE_LOOP('',(#2645));
#2645 = ORIENTED_EDGE('',*,*,#2646,.T.);
#2646 = EDGE_CURVE('',#2647,#2647,#2649,.T.);
#2647 = VERTEX_POINT('',#2648);
#2648 = CARTESIAN_POINT('',(100.54,-78.5,4.6));
#2649 = CIRCLE('',#2650,0.5);
#2650 = AXIS2_PLACEMENT_3D('',#2651,#2652,#2653);
#2651 = CARTESIAN_POINT('',(100.54,-78.,4.6));
#2652 = DIRECTION('',(-0.,0.,-1.));
#2653 = DIRECTION('',(-0.,-1.,0.));
#2654 = FACE_BOUND('',#2655,.T.);
#2655 = EDGE_LOOP('',(#2656));
#2656 = ORIENTED_EDGE('',*,*,#2657,.T.);
#2657 = EDGE_CURVE('',#2658,#2658,#2660,.T.);
#2658 = VERTEX_POINT('',#2659);
#2659 = CARTESIAN_POINT('',(103.08,-78.5,4.6));
#2660 = CIRCLE('',#2661,0.5);
#2661 = AXIS2_PLACEMENT_3D('',#2662,#2663,#2664);
#2662 = CARTESIAN_POINT('',(103.08,-78.,4.6));
#2663 = DIRECTION('',(-0.,0.,-1.));
#2664 = DIRECTION('',(-0.,-1.,0.));
#2665 = FACE_BOUND('',#2666,.T.);
#2666 = EDGE_LOOP('',(#2667));
#2667 = ORIENTED_EDGE('',*,*,#2668,.T.);
#2668 = EDGE_CURVE('',#2669,#2669,#2671,.T.);
#2669 = VERTEX_POINT('',#2670);
#2670 = CARTESIAN_POINT('',(105.62,-78.5,4.6));
#2671 = CIRCLE('',#2672,0.5);
#2672 = AXIS2_PLACEMENT_3D('',#2673,#2674,#2675);
#2673 = CARTESIAN_POINT('',(105.62,-78.,4.6));
#2674 = DIRECTION('',(-0.,0.,-1.));
#2675 = DIRECTION('',(-0.,-1.,0.));
#2676 = FACE_BOUND('',#2677,.T.);
#2677 = EDGE_LOOP('',(#2678));
#2678 = ORIENTED_EDGE('',*,*,#2679,.T.);
#2679 = EDGE_CURVE('',#2680,#2680,#2682,.T.);
#2680 = VERTEX_POINT('',#2681);
#2681 = CARTESIAN_POINT('',(108.16,-78.5,4.6));
#2682 = CIRCLE('',#2683,0.5);
#2683 = AXIS2_PLACEMENT_3D('',#2684,#2685,#2686);
#2684 = CARTESIAN_POINT('',(108.16,-78.,4.6));
#2685 = DIRECTION('',(-0.,0.,-1.));
#2686 = DIRECTION('',(-0.,-1.,0.));
#2687 = FACE_BOUND('',#2688,.T.);
#2688 = EDGE_LOOP('',(#2689));
#2689 = ORIENTED_EDGE('',*,*,#2690,.T.);
#2690 = EDGE_CURVE('',#2691,#2691,#2693,.T.);
#2691 = VERTEX_POINT('',#2692);
#2692 = CARTESIAN_POINT('',(110.7,-78.5,4.6));
#2693 = CIRCLE('',#2694,0.5);
#2694 = AXIS2_PLACEMENT_3D('',#2695,#2696,#2697);
#2695 = CARTESIAN_POINT('',(110.7,-78.,4.6));
#2696 = DIRECTION('',(-0.,0.,-1.));
#2697 = DIRECTION('',(-0.,-1.,0.));
#2698 = PLANE('',#2699);
#2699 = AXIS2_PLACEMENT_3D('',#2700,#2701,#2702);
#2700 = CARTESIAN_POINT('',(0.,0.,4.6));
#2701 = DIRECTION('',(0.,0.,1.));
#2702 = DIRECTION('',(1.,0.,-0.));
#2703 = ADVANCED_FACE('',(#2704),#2715,.T.);
#2704 = FACE_BOUND('',#2705,.T.);
#2705 = EDGE_LOOP('',(#2706,#2712,#2713,#2714));
#2706 = ORIENTED_EDGE('',*,*,#2707,.T.);
#2707 = EDGE_CURVE('',#146,#1428,#2708,.T.);
#2708 = LINE('',#2709,#2710);
#2709 = CARTESIAN_POINT('',(53.,-76.5,0.));
#2710 = VECTOR('',#2711,1.);
#2711 = DIRECTION('',(0.,0.,1.));
#2712 = ORIENTED_EDGE('',*,*,#1427,.T.);
#2713 = ORIENTED_EDGE('',*,*,#81,.F.);
#2714 = ORIENTED_EDGE('',*,*,#145,.F.);
#2715 = CYLINDRICAL_SURFACE('',#2716,2.000000212955);
#2716 = AXIS2_PLACEMENT_3D('',#2717,#2718,#2719);
#2717 = CARTESIAN_POINT('',(55.000000212955,-76.50000021295,0.));
#2718 = DIRECTION('',(0.,0.,-1.));
#2719 = DIRECTION('',(-1.,1.064775034677E-07,0.));
#2720 = ADVANCED_FACE('',(#2721),#2732,.T.);
#2721 = FACE_BOUND('',#2722,.T.);
#2722 = EDGE_LOOP('',(#2723,#2724,#2725,#2731));
#2723 = ORIENTED_EDGE('',*,*,#121,.T.);
#2724 = ORIENTED_EDGE('',*,*,#1589,.T.);
#2725 = ORIENTED_EDGE('',*,*,#2726,.F.);
#2726 = EDGE_CURVE('',#300,#1582,#2727,.T.);
#2727 = LINE('',#2728,#2729);
#2728 = CARTESIAN_POINT('',(112.5,-122.,0.));
#2729 = VECTOR('',#2730,1.);
#2730 = DIRECTION('',(0.,0.,1.));
#2731 = ORIENTED_EDGE('',*,*,#307,.F.);
#2732 = CYLINDRICAL_SURFACE('',#2733,1.99999850585);
#2733 = AXIS2_PLACEMENT_3D('',#2734,#2735,#2736);
#2734 = CARTESIAN_POINT('',(112.50000149415,-120.0000014941,0.));
#2735 = DIRECTION('',(0.,0.,-1.));
#2736 = DIRECTION('',(1.,7.470757491648E-07,0.));
#2737 = ADVANCED_FACE('',(#2738),#2749,.T.);
#2738 = FACE_BOUND('',#2739,.T.);
#2739 = EDGE_LOOP('',(#2740,#2746,#2747,#2748));
#2740 = ORIENTED_EDGE('',*,*,#2741,.T.);
#2741 = EDGE_CURVE('',#155,#1437,#2742,.T.);
#2742 = LINE('',#2743,#2744);
#2743 = CARTESIAN_POINT('',(53.01481,-85.6516,0.));
#2744 = VECTOR('',#2745,1.);
#2745 = DIRECTION('',(0.,0.,1.));
#2746 = ORIENTED_EDGE('',*,*,#1436,.T.);
#2747 = ORIENTED_EDGE('',*,*,#2707,.F.);
#2748 = ORIENTED_EDGE('',*,*,#154,.F.);
#2749 = PLANE('',#2750);
#2750 = AXIS2_PLACEMENT_3D('',#2751,#2752,#2753);
#2751 = CARTESIAN_POINT('',(53.01481,-85.6516,0.));
#2752 = DIRECTION('',(-0.999998690561,-1.618294135147E-03,0.));
#2753 = DIRECTION('',(-1.618294135147E-03,0.999998690561,0.));
#2754 = ADVANCED_FACE('',(#2755),#2766,.T.);
#2755 = FACE_BOUND('',#2756,.T.);
#2756 = EDGE_LOOP('',(#2757,#2758,#2759,#2765));
#2757 = ORIENTED_EDGE('',*,*,#2726,.T.);
#2758 = ORIENTED_EDGE('',*,*,#1581,.T.);
#2759 = ORIENTED_EDGE('',*,*,#2760,.F.);
#2760 = EDGE_CURVE('',#291,#1573,#2761,.T.);
#2761 = LINE('',#2762,#2763);
#2762 = CARTESIAN_POINT('',(55.,-122.,0.));
#2763 = VECTOR('',#2764,1.);
#2764 = DIRECTION('',(0.,0.,1.));
#2765 = ORIENTED_EDGE('',*,*,#299,.F.);
#2766 = PLANE('',#2767);
#2767 = AXIS2_PLACEMENT_3D('',#2768,#2769,#2770);
#2768 = CARTESIAN_POINT('',(112.5,-122.,0.));
#2769 = DIRECTION('',(0.,-1.,0.));
#2770 = DIRECTION('',(-1.,0.,0.));
#2771 = ADVANCED_FACE('',(#2772),#2783,.T.);
#2772 = FACE_BOUND('',#2773,.T.);
#2773 = EDGE_LOOP('',(#2774,#2780,#2781,#2782));
#2774 = ORIENTED_EDGE('',*,*,#2775,.T.);
#2775 = EDGE_CURVE('',#163,#1445,#2776,.T.);
#2776 = LINE('',#2777,#2778);
#2777 = CARTESIAN_POINT('',(58.91481,-85.6516,0.));
#2778 = VECTOR('',#2779,1.);
#2779 = DIRECTION('',(0.,0.,1.));
#2780 = ORIENTED_EDGE('',*,*,#1444,.T.);
#2781 = ORIENTED_EDGE('',*,*,#2741,.F.);
#2782 = ORIENTED_EDGE('',*,*,#162,.F.);
#2783 = PLANE('',#2784);
#2784 = AXIS2_PLACEMENT_3D('',#2785,#2786,#2787);
#2785 = CARTESIAN_POINT('',(58.91481,-85.6516,0.));
#2786 = DIRECTION('',(0.,-1.,0.));
#2787 = DIRECTION('',(-1.,0.,0.));
#2788 = ADVANCED_FACE('',(#2789),#2800,.T.);
#2789 = FACE_BOUND('',#2790,.T.);
#2790 = EDGE_LOOP('',(#2791,#2792,#2793,#2799));
#2791 = ORIENTED_EDGE('',*,*,#2760,.T.);
#2792 = ORIENTED_EDGE('',*,*,#1572,.T.);
#2793 = ORIENTED_EDGE('',*,*,#2794,.F.);
#2794 = EDGE_CURVE('',#283,#1565,#2795,.T.);
#2795 = LINE('',#2796,#2797);
#2796 = CARTESIAN_POINT('',(53.,-120.,0.));
#2797 = VECTOR('',#2798,1.);
#2798 = DIRECTION('',(0.,0.,1.));
#2799 = ORIENTED_EDGE('',*,*,#290,.F.);
#2800 = CYLINDRICAL_SURFACE('',#2801,1.99999850585);
#2801 = AXIS2_PLACEMENT_3D('',#2802,#2803,#2804);
#2802 = CARTESIAN_POINT('',(54.99999850585,-120.0000014941,0.));
#2803 = DIRECTION('',(0.,0.,-1.));
#2804 = DIRECTION('',(7.470757420593E-07,-1.,0.));
#2805 = ADVANCED_FACE('',(#2806),#2817,.T.);
#2806 = FACE_BOUND('',#2807,.T.);
#2807 = EDGE_LOOP('',(#2808,#2814,#2815,#2816));
#2808 = ORIENTED_EDGE('',*,*,#2809,.T.);
#2809 = EDGE_CURVE('',#171,#1453,#2810,.T.);
#2810 = LINE('',#2811,#2812);
#2811 = CARTESIAN_POINT('',(58.91481,-87.1516,0.));
#2812 = VECTOR('',#2813,1.);
#2813 = DIRECTION('',(0.,0.,1.));
#2814 = ORIENTED_EDGE('',*,*,#1452,.T.);
#2815 = ORIENTED_EDGE('',*,*,#2775,.F.);
#2816 = ORIENTED_EDGE('',*,*,#170,.F.);
#2817 = PLANE('',#2818);
#2818 = AXIS2_PLACEMENT_3D('',#2819,#2820,#2821);
#2819 = CARTESIAN_POINT('',(58.91481,-87.1516,0.));
#2820 = DIRECTION('',(-1.,0.,0.));
#2821 = DIRECTION('',(0.,1.,0.));
#2822 = ADVANCED_FACE('',(#2823),#2834,.T.);
#2823 = FACE_BOUND('',#2824,.T.);
#2824 = EDGE_LOOP('',(#2825,#2826,#2827,#2833));
#2825 = ORIENTED_EDGE('',*,*,#2794,.T.);
#2826 = ORIENTED_EDGE('',*,*,#1564,.T.);
#2827 = ORIENTED_EDGE('',*,*,#2828,.F.);
#2828 = EDGE_CURVE('',#275,#1557,#2829,.T.);
#2829 = LINE('',#2830,#2831);
#2830 = CARTESIAN_POINT('',(53.010182,-113.9,0.));
#2831 = VECTOR('',#2832,1.);
#2832 = DIRECTION('',(0.,0.,1.));
#2833 = ORIENTED_EDGE('',*,*,#282,.F.);
#2834 = PLANE('',#2835);
#2835 = AXIS2_PLACEMENT_3D('',#2836,#2837,#2838);
#2836 = CARTESIAN_POINT('',(53.,-120.,0.));
#2837 = DIRECTION('',(-0.999998606921,1.66917800257E-03,0.));
#2838 = DIRECTION('',(1.66917800257E-03,0.999998606921,0.));
#2839 = ADVANCED_FACE('',(#2840),#2851,.T.);
#2840 = FACE_BOUND('',#2841,.T.);
#2841 = EDGE_LOOP('',(#2842,#2848,#2849,#2850));
#2842 = ORIENTED_EDGE('',*,*,#2843,.T.);
#2843 = EDGE_CURVE('',#179,#1461,#2844,.T.);
#2844 = LINE('',#2845,#2846);
#2845 = CARTESIAN_POINT('',(59.51481,-87.1516,0.));
#2846 = VECTOR('',#2847,1.);
#2847 = DIRECTION('',(0.,0.,1.));
#2848 = ORIENTED_EDGE('',*,*,#1460,.T.);
#2849 = ORIENTED_EDGE('',*,*,#2809,.F.);
#2850 = ORIENTED_EDGE('',*,*,#178,.F.);
#2851 = PLANE('',#2852);
#2852 = AXIS2_PLACEMENT_3D('',#2853,#2854,#2855);
#2853 = CARTESIAN_POINT('',(59.51481,-87.1516,0.));
#2854 = DIRECTION('',(0.,-1.,0.));
#2855 = DIRECTION('',(-1.,0.,0.));
#2856 = ADVANCED_FACE('',(#2857),#2868,.T.);
#2857 = FACE_BOUND('',#2858,.T.);
#2858 = EDGE_LOOP('',(#2859,#2860,#2861,#2867));
#2859 = ORIENTED_EDGE('',*,*,#2828,.T.);
#2860 = ORIENTED_EDGE('',*,*,#1556,.T.);
#2861 = ORIENTED_EDGE('',*,*,#2862,.F.);
#2862 = EDGE_CURVE('',#267,#1549,#2863,.T.);
#2863 = LINE('',#2864,#2865);
#2864 = CARTESIAN_POINT('',(58.910182,-113.9,0.));
#2865 = VECTOR('',#2866,1.);
#2866 = DIRECTION('',(0.,0.,1.));
#2867 = ORIENTED_EDGE('',*,*,#274,.F.);
#2868 = PLANE('',#2869);
#2869 = AXIS2_PLACEMENT_3D('',#2870,#2871,#2872);
#2870 = CARTESIAN_POINT('',(53.010182,-113.9,0.));
#2871 = DIRECTION('',(0.,1.,0.));
#2872 = DIRECTION('',(1.,0.,0.));
#2873 = ADVANCED_FACE('',(#2874),#2885,.T.);
#2874 = FACE_BOUND('',#2875,.T.);
#2875 = EDGE_LOOP('',(#2876,#2882,#2883,#2884));
#2876 = ORIENTED_EDGE('',*,*,#2877,.T.);
#2877 = EDGE_CURVE('',#187,#1469,#2878,.T.);
#2878 = LINE('',#2879,#2880);
#2879 = CARTESIAN_POINT('',(59.51481,-93.4516,0.));
#2880 = VECTOR('',#2881,1.);
#2881 = DIRECTION('',(0.,0.,1.));
#2882 = ORIENTED_EDGE('',*,*,#1468,.T.);
#2883 = ORIENTED_EDGE('',*,*,#2843,.F.);
#2884 = ORIENTED_EDGE('',*,*,#186,.F.);
#2885 = PLANE('',#2886);
#2886 = AXIS2_PLACEMENT_3D('',#2887,#2888,#2889);
#2887 = CARTESIAN_POINT('',(59.51481,-93.4516,0.));
#2888 = DIRECTION('',(-1.,0.,0.));
#2889 = DIRECTION('',(0.,1.,0.));
#2890 = ADVANCED_FACE('',(#2891),#2902,.T.);
#2891 = FACE_BOUND('',#2892,.T.);
#2892 = EDGE_LOOP('',(#2893,#2894,#2895,#2901));
#2893 = ORIENTED_EDGE('',*,*,#2862,.T.);
#2894 = ORIENTED_EDGE('',*,*,#1548,.T.);
#2895 = ORIENTED_EDGE('',*,*,#2896,.F.);
#2896 = EDGE_CURVE('',#259,#1541,#2897,.T.);
#2897 = LINE('',#2898,#2899);
#2898 = CARTESIAN_POINT('',(58.910182,-112.5,0.));
#2899 = VECTOR('',#2900,1.);
#2900 = DIRECTION('',(0.,0.,1.));
#2901 = ORIENTED_EDGE('',*,*,#266,.F.);
#2902 = PLANE('',#2903);
#2903 = AXIS2_PLACEMENT_3D('',#2904,#2905,#2906);
#2904 = CARTESIAN_POINT('',(58.910182,-113.9,0.));
#2905 = DIRECTION('',(-1.,0.,0.));
#2906 = DIRECTION('',(0.,1.,0.));
#2907 = ADVANCED_FACE('',(#2908),#2919,.T.);
#2908 = FACE_BOUND('',#2909,.T.);
#2909 = EDGE_LOOP('',(#2910,#2916,#2917,#2918));
#2910 = ORIENTED_EDGE('',*,*,#2911,.T.);
#2911 = EDGE_CURVE('',#195,#1477,#2912,.T.);
#2912 = LINE('',#2913,#2914);
#2913 = CARTESIAN_POINT('',(58.91481,-93.4516,0.));
#2914 = VECTOR('',#2915,1.);
#2915 = DIRECTION('',(0.,0.,1.));
#2916 = ORIENTED_EDGE('',*,*,#1476,.T.);
#2917 = ORIENTED_EDGE('',*,*,#2877,.F.);
#2918 = ORIENTED_EDGE('',*,*,#194,.F.);
#2919 = PLANE('',#2920);
#2920 = AXIS2_PLACEMENT_3D('',#2921,#2922,#2923);
#2921 = CARTESIAN_POINT('',(58.91481,-93.4516,0.));
#2922 = DIRECTION('',(0.,1.,0.));
#2923 = DIRECTION('',(1.,0.,0.));
#2924 = ADVANCED_FACE('',(#2925),#2936,.T.);
#2925 = FACE_BOUND('',#2926,.T.);
#2926 = EDGE_LOOP('',(#2927,#2928,#2929,#2935));
#2927 = ORIENTED_EDGE('',*,*,#2896,.T.);
#2928 = ORIENTED_EDGE('',*,*,#1540,.T.);
#2929 = ORIENTED_EDGE('',*,*,#2930,.F.);
#2930 = EDGE_CURVE('',#251,#1533,#2931,.T.);
#2931 = LINE('',#2932,#2933);
#2932 = CARTESIAN_POINT('',(59.510182,-112.5,0.));
#2933 = VECTOR('',#2934,1.);
#2934 = DIRECTION('',(0.,0.,1.));
#2935 = ORIENTED_EDGE('',*,*,#258,.F.);
#2936 = PLANE('',#2937);
#2937 = AXIS2_PLACEMENT_3D('',#2938,#2939,#2940);
#2938 = CARTESIAN_POINT('',(58.910182,-112.5,0.));
#2939 = DIRECTION('',(0.,1.,0.));
#2940 = DIRECTION('',(1.,0.,0.));
#2941 = ADVANCED_FACE('',(#2942),#2953,.T.);
#2942 = FACE_BOUND('',#2943,.T.);
#2943 = EDGE_LOOP('',(#2944,#2950,#2951,#2952));
#2944 = ORIENTED_EDGE('',*,*,#2945,.T.);
#2945 = EDGE_CURVE('',#203,#1485,#2946,.T.);
#2946 = LINE('',#2947,#2948);
#2947 = CARTESIAN_POINT('',(58.91481,-94.8516,0.));
#2948 = VECTOR('',#2949,1.);
#2949 = DIRECTION('',(0.,0.,1.));
#2950 = ORIENTED_EDGE('',*,*,#1484,.T.);
#2951 = ORIENTED_EDGE('',*,*,#2911,.F.);
#2952 = ORIENTED_EDGE('',*,*,#202,.F.);
#2953 = PLANE('',#2954);
#2954 = AXIS2_PLACEMENT_3D('',#2955,#2956,#2957);
#2955 = CARTESIAN_POINT('',(58.91481,-94.8516,0.));
#2956 = DIRECTION('',(-1.,0.,0.));
#2957 = DIRECTION('',(0.,1.,0.));
#2958 = ADVANCED_FACE('',(#2959),#2970,.T.);
#2959 = FACE_BOUND('',#2960,.T.);
#2960 = EDGE_LOOP('',(#2961,#2962,#2963,#2969));
#2961 = ORIENTED_EDGE('',*,*,#2930,.T.);
#2962 = ORIENTED_EDGE('',*,*,#1532,.T.);
#2963 = ORIENTED_EDGE('',*,*,#2964,.F.);
#2964 = EDGE_CURVE('',#243,#1525,#2965,.T.);
#2965 = LINE('',#2966,#2967);
#2966 = CARTESIAN_POINT('',(59.510182,-106.2,0.));
#2967 = VECTOR('',#2968,1.);
#2968 = DIRECTION('',(0.,0.,1.));
#2969 = ORIENTED_EDGE('',*,*,#250,.F.);
#2970 = PLANE('',#2971);
#2971 = AXIS2_PLACEMENT_3D('',#2972,#2973,#2974);
#2972 = CARTESIAN_POINT('',(59.510182,-112.5,0.));
#2973 = DIRECTION('',(-1.,0.,0.));
#2974 = DIRECTION('',(0.,1.,0.));
#2975 = ADVANCED_FACE('',(#2976),#2987,.T.);
#2976 = FACE_BOUND('',#2977,.T.);
#2977 = EDGE_LOOP('',(#2978,#2984,#2985,#2986));
#2978 = ORIENTED_EDGE('',*,*,#2979,.T.);
#2979 = EDGE_CURVE('',#211,#1493,#2980,.T.);
#2980 = LINE('',#2981,#2982);
#2981 = CARTESIAN_POINT('',(53.01481,-94.8516,0.));
#2982 = VECTOR('',#2983,1.);
#2983 = DIRECTION('',(0.,0.,1.));
#2984 = ORIENTED_EDGE('',*,*,#1492,.T.);
#2985 = ORIENTED_EDGE('',*,*,#2945,.F.);
#2986 = ORIENTED_EDGE('',*,*,#210,.F.);
#2987 = PLANE('',#2988);
#2988 = AXIS2_PLACEMENT_3D('',#2989,#2990,#2991);
#2989 = CARTESIAN_POINT('',(53.01481,-94.8516,0.));
#2990 = DIRECTION('',(0.,1.,0.));
#2991 = DIRECTION('',(1.,0.,0.));
#2992 = ADVANCED_FACE('',(#2993),#3004,.T.);
#2993 = FACE_BOUND('',#2994,.T.);
#2994 = EDGE_LOOP('',(#2995,#2996,#2997,#3003));
#2995 = ORIENTED_EDGE('',*,*,#2964,.T.);
#2996 = ORIENTED_EDGE('',*,*,#1524,.T.);
#2997 = ORIENTED_EDGE('',*,*,#2998,.F.);
#2998 = EDGE_CURVE('',#235,#1517,#2999,.T.);
#2999 = LINE('',#3000,#3001);
#3000 = CARTESIAN_POINT('',(58.910182,-106.2,0.));
#3001 = VECTOR('',#3002,1.);
#3002 = DIRECTION('',(0.,0.,1.));
#3003 = ORIENTED_EDGE('',*,*,#242,.F.);
#3004 = PLANE('',#3005);
#3005 = AXIS2_PLACEMENT_3D('',#3006,#3007,#3008);
#3006 = CARTESIAN_POINT('',(59.510182,-106.2,0.));
#3007 = DIRECTION('',(0.,-1.,0.));
#3008 = DIRECTION('',(-1.,0.,0.));
#3009 = ADVANCED_FACE('',(#3010),#3021,.T.);
#3010 = FACE_BOUND('',#3011,.T.);
#3011 = EDGE_LOOP('',(#3012,#3018,#3019,#3020));
#3012 = ORIENTED_EDGE('',*,*,#3013,.T.);
#3013 = EDGE_CURVE('',#219,#1501,#3014,.T.);
#3014 = LINE('',#3015,#3016);
#3015 = CARTESIAN_POINT('',(53.010182,-104.7,0.));
#3016 = VECTOR('',#3017,1.);
#3017 = DIRECTION('',(0.,0.,1.));
#3018 = ORIENTED_EDGE('',*,*,#1500,.T.);
#3019 = ORIENTED_EDGE('',*,*,#2979,.F.);
#3020 = ORIENTED_EDGE('',*,*,#218,.F.);
#3021 = PLANE('',#3022);
#3022 = AXIS2_PLACEMENT_3D('',#3023,#3024,#3025);
#3023 = CARTESIAN_POINT('',(53.010182,-104.7,0.));
#3024 = DIRECTION('',(-0.999999889586,4.699239966898E-04,0.));
#3025 = DIRECTION('',(4.699239966898E-04,0.999999889586,0.));
#3026 = ADVANCED_FACE('',(#3027),#3038,.T.);
#3027 = FACE_BOUND('',#3028,.T.);
#3028 = EDGE_LOOP('',(#3029,#3030,#3031,#3037));
#3029 = ORIENTED_EDGE('',*,*,#2998,.T.);
#3030 = ORIENTED_EDGE('',*,*,#1516,.T.);
#3031 = ORIENTED_EDGE('',*,*,#3032,.F.);
#3032 = EDGE_CURVE('',#227,#1509,#3033,.T.);
#3033 = LINE('',#3034,#3035);
#3034 = CARTESIAN_POINT('',(58.910182,-104.7,0.));
#3035 = VECTOR('',#3036,1.);
#3036 = DIRECTION('',(0.,0.,1.));
#3037 = ORIENTED_EDGE('',*,*,#234,.F.);
#3038 = PLANE('',#3039);
#3039 = AXIS2_PLACEMENT_3D('',#3040,#3041,#3042);
#3040 = CARTESIAN_POINT('',(58.910182,-106.2,0.));
#3041 = DIRECTION('',(-1.,0.,0.));
#3042 = DIRECTION('',(0.,1.,0.));
#3043 = ADVANCED_FACE('',(#3044),#3050,.T.);
#3044 = FACE_BOUND('',#3045,.T.);
#3045 = EDGE_LOOP('',(#3046,#3047,#3048,#3049));
#3046 = ORIENTED_EDGE('',*,*,#3032,.T.);
#3047 = ORIENTED_EDGE('',*,*,#1508,.T.);
#3048 = ORIENTED_EDGE('',*,*,#3013,.F.);
#3049 = ORIENTED_EDGE('',*,*,#226,.F.);
#3050 = PLANE('',#3051);
#3051 = AXIS2_PLACEMENT_3D('',#3052,#3053,#3054);
#3052 = CARTESIAN_POINT('',(58.910182,-104.7,0.));
#3053 = DIRECTION('',(0.,-1.,0.));
#3054 = DIRECTION('',(-1.,0.,0.));
#3055 = ADVANCED_FACE('',(#3056),#3067,.F.);
#3056 = FACE_BOUND('',#3057,.T.);
#3057 = EDGE_LOOP('',(#3058,#3059,#3065,#3066));
#3058 = ORIENTED_EDGE('',*,*,#317,.T.);
#3059 = ORIENTED_EDGE('',*,*,#3060,.T.);
#3060 = EDGE_CURVE('',#318,#1600,#3061,.T.);
#3061 = LINE('',#3062,#3063);
#3062 = CARTESIAN_POINT('',(55.8,-119.,-4.6E-02));
#3063 = VECTOR('',#3064,1.);
#3064 = DIRECTION('',(0.,0.,1.));
#3065 = ORIENTED_EDGE('',*,*,#1599,.F.);
#3066 = ORIENTED_EDGE('',*,*,#3060,.F.);
#3067 = CYLINDRICAL_SURFACE('',#3068,0.5);
#3068 = AXIS2_PLACEMENT_3D('',#3069,#3070,#3071);
#3069 = CARTESIAN_POINT('',(55.8,-118.5,-4.6E-02));
#3070 = DIRECTION('',(-0.,-0.,-1.));
#3071 = DIRECTION('',(-0.,-1.,0.));
#3072 = ADVANCED_FACE('',(#3073),#3084,.F.);
#3073 = FACE_BOUND('',#3074,.T.);
#3074 = EDGE_LOOP('',(#3075,#3076,#3082,#3083));
#3075 = ORIENTED_EDGE('',*,*,#328,.T.);
#3076 = ORIENTED_EDGE('',*,*,#3077,.T.);
#3077 = EDGE_CURVE('',#329,#1611,#3078,.T.);
#3078 = LINE('',#3079,#3080);
#3079 = CARTESIAN_POINT('',(58.34,-119.,-4.6E-02));
#3080 = VECTOR('',#3081,1.);
#3081 = DIRECTION('',(0.,0.,1.));
#3082 = ORIENTED_EDGE('',*,*,#1610,.F.);
#3083 = ORIENTED_EDGE('',*,*,#3077,.F.);
#3084 = CYLINDRICAL_SURFACE('',#3085,0.5);
#3085 = AXIS2_PLACEMENT_3D('',#3086,#3087,#3088);
#3086 = CARTESIAN_POINT('',(58.34,-118.5,-4.6E-02));
#3087 = DIRECTION('',(-0.,-0.,-1.));
#3088 = DIRECTION('',(-0.,-1.,0.));
#3089 = ADVANCED_FACE('',(#3090),#3101,.F.);
#3090 = FACE_BOUND('',#3091,.T.);
#3091 = EDGE_LOOP('',(#3092,#3093,#3099,#3100));
#3092 = ORIENTED_EDGE('',*,*,#339,.T.);
#3093 = ORIENTED_EDGE('',*,*,#3094,.T.);
#3094 = EDGE_CURVE('',#340,#1622,#3095,.T.);
#3095 = LINE('',#3096,#3097);
#3096 = CARTESIAN_POINT('',(60.88,-119.,-4.6E-02));
#3097 = VECTOR('',#3098,1.);
#3098 = DIRECTION('',(0.,0.,1.));
#3099 = ORIENTED_EDGE('',*,*,#1621,.F.);
#3100 = ORIENTED_EDGE('',*,*,#3094,.F.);
#3101 = CYLINDRICAL_SURFACE('',#3102,0.5);
#3102 = AXIS2_PLACEMENT_3D('',#3103,#3104,#3105);
#3103 = CARTESIAN_POINT('',(60.88,-118.5,-4.6E-02));
#3104 = DIRECTION('',(-0.,-0.,-1.));
#3105 = DIRECTION('',(-0.,-1.,0.));
#3106 = ADVANCED_FACE('',(#3107),#3123,.F.);
#3107 = FACE_BOUND('',#3108,.T.);
#3108 = EDGE_LOOP('',(#3109,#3110,#3116,#3117));
#3109 = ORIENTED_EDGE('',*,*,#350,.T.);
#3110 = ORIENTED_EDGE('',*,*,#3111,.T.);
#3111 = EDGE_CURVE('',#353,#1635,#3112,.T.);
#3112 = LINE('',#3113,#3114);
#3113 = CARTESIAN_POINT('',(54.095182,-114.63,-4.6E-02));
#3114 = VECTOR('',#3115,1.);
#3115 = DIRECTION('',(0.,0.,1.));
#3116 = ORIENTED_EDGE('',*,*,#1632,.F.);
#3117 = ORIENTED_EDGE('',*,*,#3118,.F.);
#3118 = EDGE_CURVE('',#351,#1633,#3119,.T.);
#3119 = LINE('',#3120,#3121);
#3120 = CARTESIAN_POINT('',(54.095182,-115.13,-4.6E-02));
#3121 = VECTOR('',#3122,1.);
#3122 = DIRECTION('',(0.,0.,1.));
#3123 = CYLINDRICAL_SURFACE('',#3124,0.25);
#3124 = AXIS2_PLACEMENT_3D('',#3125,#3126,#3127);
#3125 = CARTESIAN_POINT('',(54.095182,-114.88,-4.6E-02));
#3126 = DIRECTION('',(-0.,0.,-1.));
#3127 = DIRECTION('',(0.,1.,0.));
#3128 = ADVANCED_FACE('',(#3129),#3140,.T.);
#3129 = FACE_BOUND('',#3130,.T.);
#3130 = EDGE_LOOP('',(#3131,#3132,#3133,#3134));
#3131 = ORIENTED_EDGE('',*,*,#378,.T.);
#3132 = ORIENTED_EDGE('',*,*,#3118,.T.);
#3133 = ORIENTED_EDGE('',*,*,#1660,.F.);
#3134 = ORIENTED_EDGE('',*,*,#3135,.F.);
#3135 = EDGE_CURVE('',#370,#1652,#3136,.T.);
#3136 = LINE('',#3137,#3138);
#3137 = CARTESIAN_POINT('',(55.245182,-115.13,-4.6E-02));
#3138 = VECTOR('',#3139,1.);
#3139 = DIRECTION('',(0.,0.,1.));
#3140 = PLANE('',#3141);
#3141 = AXIS2_PLACEMENT_3D('',#3142,#3143,#3144);
#3142 = CARTESIAN_POINT('',(54.095182,-115.13,-4.6E-02));
#3143 = DIRECTION('',(0.,1.,0.));
#3144 = DIRECTION('',(1.,0.,0.));
#3145 = ADVANCED_FACE('',(#3146),#3157,.F.);
#3146 = FACE_BOUND('',#3147,.T.);
#3147 = EDGE_LOOP('',(#3148,#3149,#3150,#3151));
#3148 = ORIENTED_EDGE('',*,*,#369,.T.);
#3149 = ORIENTED_EDGE('',*,*,#3135,.T.);
#3150 = ORIENTED_EDGE('',*,*,#1651,.F.);
#3151 = ORIENTED_EDGE('',*,*,#3152,.F.);
#3152 = EDGE_CURVE('',#362,#1644,#3153,.T.);
#3153 = LINE('',#3154,#3155);
#3154 = CARTESIAN_POINT('',(55.245182,-114.63,-4.6E-02));
#3155 = VECTOR('',#3156,1.);
#3156 = DIRECTION('',(0.,0.,1.));
#3157 = CYLINDRICAL_SURFACE('',#3158,0.25);
#3158 = AXIS2_PLACEMENT_3D('',#3159,#3160,#3161);
#3159 = CARTESIAN_POINT('',(55.245182,-114.88,-4.6E-02));
#3160 = DIRECTION('',(-0.,-0.,-1.));
#3161 = DIRECTION('',(-0.,-1.,0.));
#3162 = ADVANCED_FACE('',(#3163),#3169,.T.);
#3163 = FACE_BOUND('',#3164,.T.);
#3164 = EDGE_LOOP('',(#3165,#3166,#3167,#3168));
#3165 = ORIENTED_EDGE('',*,*,#361,.T.);
#3166 = ORIENTED_EDGE('',*,*,#3152,.T.);
#3167 = ORIENTED_EDGE('',*,*,#1643,.F.);
#3168 = ORIENTED_EDGE('',*,*,#3111,.F.);
#3169 = PLANE('',#3170);
#3170 = AXIS2_PLACEMENT_3D('',#3171,#3172,#3173);
#3171 = CARTESIAN_POINT('',(55.245182,-114.63,-4.6E-02));
#3172 = DIRECTION('',(0.,-1.,0.));
#3173 = DIRECTION('',(-1.,0.,0.));
#3174 = ADVANCED_FACE('',(#3175),#3191,.F.);
#3175 = FACE_BOUND('',#3176,.T.);
#3176 = EDGE_LOOP('',(#3177,#3178,#3184,#3185));
#3177 = ORIENTED_EDGE('',*,*,#386,.T.);
#3178 = ORIENTED_EDGE('',*,*,#3179,.T.);
#3179 = EDGE_CURVE('',#389,#1671,#3180,.T.);
#3180 = LINE('',#3181,#3182);
#3181 = CARTESIAN_POINT('',(58.775182,-114.63,-4.6E-02));
#3182 = VECTOR('',#3183,1.);
#3183 = DIRECTION('',(0.,0.,1.));
#3184 = ORIENTED_EDGE('',*,*,#1668,.F.);
#3185 = ORIENTED_EDGE('',*,*,#3186,.F.);
#3186 = EDGE_CURVE('',#387,#1669,#3187,.T.);
#3187 = LINE('',#3188,#3189);
#3188 = CARTESIAN_POINT('',(58.775182,-115.13,-4.6E-02));
#3189 = VECTOR('',#3190,1.);
#3190 = DIRECTION('',(0.,0.,1.));
#3191 = CYLINDRICAL_SURFACE('',#3192,0.25);
#3192 = AXIS2_PLACEMENT_3D('',#3193,#3194,#3195);
#3193 = CARTESIAN_POINT('',(58.775182,-114.88,-4.6E-02));
#3194 = DIRECTION('',(-0.,0.,-1.));
#3195 = DIRECTION('',(0.,1.,0.));
#3196 = ADVANCED_FACE('',(#3197),#3208,.T.);
#3197 = FACE_BOUND('',#3198,.T.);
#3198 = EDGE_LOOP('',(#3199,#3200,#3201,#3202));
#3199 = ORIENTED_EDGE('',*,*,#414,.T.);
#3200 = ORIENTED_EDGE('',*,*,#3186,.T.);
#3201 = ORIENTED_EDGE('',*,*,#1696,.F.);
#3202 = ORIENTED_EDGE('',*,*,#3203,.F.);
#3203 = EDGE_CURVE('',#406,#1688,#3204,.T.);
#3204 = LINE('',#3205,#3206);
#3205 = CARTESIAN_POINT('',(59.925182,-115.13,-4.6E-02));
#3206 = VECTOR('',#3207,1.);
#3207 = DIRECTION('',(0.,0.,1.));
#3208 = PLANE('',#3209);
#3209 = AXIS2_PLACEMENT_3D('',#3210,#3211,#3212);
#3210 = CARTESIAN_POINT('',(58.775182,-115.13,-4.6E-02));
#3211 = DIRECTION('',(0.,1.,0.));
#3212 = DIRECTION('',(1.,0.,0.));
#3213 = ADVANCED_FACE('',(#3214),#3225,.F.);
#3214 = FACE_BOUND('',#3215,.T.);
#3215 = EDGE_LOOP('',(#3216,#3217,#3218,#3219));
#3216 = ORIENTED_EDGE('',*,*,#405,.T.);
#3217 = ORIENTED_EDGE('',*,*,#3203,.T.);
#3218 = ORIENTED_EDGE('',*,*,#1687,.F.);
#3219 = ORIENTED_EDGE('',*,*,#3220,.F.);
#3220 = EDGE_CURVE('',#398,#1680,#3221,.T.);
#3221 = LINE('',#3222,#3223);
#3222 = CARTESIAN_POINT('',(59.925182,-114.63,-4.6E-02));
#3223 = VECTOR('',#3224,1.);
#3224 = DIRECTION('',(0.,0.,1.));
#3225 = CYLINDRICAL_SURFACE('',#3226,0.25);
#3226 = AXIS2_PLACEMENT_3D('',#3227,#3228,#3229);
#3227 = CARTESIAN_POINT('',(59.925182,-114.88,-4.6E-02));
#3228 = DIRECTION('',(-0.,-0.,-1.));
#3229 = DIRECTION('',(-0.,-1.,0.));
#3230 = ADVANCED_FACE('',(#3231),#3237,.T.);
#3231 = FACE_BOUND('',#3232,.T.);
#3232 = EDGE_LOOP('',(#3233,#3234,#3235,#3236));
#3233 = ORIENTED_EDGE('',*,*,#397,.T.);
#3234 = ORIENTED_EDGE('',*,*,#3220,.T.);
#3235 = ORIENTED_EDGE('',*,*,#1679,.F.);
#3236 = ORIENTED_EDGE('',*,*,#3179,.F.);
#3237 = PLANE('',#3238);
#3238 = AXIS2_PLACEMENT_3D('',#3239,#3240,#3241);
#3239 = CARTESIAN_POINT('',(59.925182,-114.63,-4.6E-02));
#3240 = DIRECTION('',(0.,-1.,0.));
#3241 = DIRECTION('',(-1.,0.,0.));
#3242 = ADVANCED_FACE('',(#3243),#3254,.F.);
#3243 = FACE_BOUND('',#3244,.T.);
#3244 = EDGE_LOOP('',(#3245,#3246,#3252,#3253));
#3245 = ORIENTED_EDGE('',*,*,#422,.T.);
#3246 = ORIENTED_EDGE('',*,*,#3247,.T.);
#3247 = EDGE_CURVE('',#423,#1705,#3248,.T.);
#3248 = LINE('',#3249,#3250);
#3249 = CARTESIAN_POINT('',(63.42,-119.,-4.6E-02));
#3250 = VECTOR('',#3251,1.);
#3251 = DIRECTION('',(0.,0.,1.));
#3252 = ORIENTED_EDGE('',*,*,#1704,.F.);
#3253 = ORIENTED_EDGE('',*,*,#3247,.F.);
#3254 = CYLINDRICAL_SURFACE('',#3255,0.5);
#3255 = AXIS2_PLACEMENT_3D('',#3256,#3257,#3258);
#3256 = CARTESIAN_POINT('',(63.42,-118.5,-4.6E-02));
#3257 = DIRECTION('',(-0.,-0.,-1.));
#3258 = DIRECTION('',(-0.,-1.,0.));
#3259 = ADVANCED_FACE('',(#3260),#3271,.F.);
#3260 = FACE_BOUND('',#3261,.T.);
#3261 = EDGE_LOOP('',(#3262,#3263,#3269,#3270));
#3262 = ORIENTED_EDGE('',*,*,#433,.T.);
#3263 = ORIENTED_EDGE('',*,*,#3264,.T.);
#3264 = EDGE_CURVE('',#434,#1716,#3265,.T.);
#3265 = LINE('',#3266,#3267);
#3266 = CARTESIAN_POINT('',(65.96,-119.,-4.6E-02));
#3267 = VECTOR('',#3268,1.);
#3268 = DIRECTION('',(0.,0.,1.));
#3269 = ORIENTED_EDGE('',*,*,#1715,.F.);
#3270 = ORIENTED_EDGE('',*,*,#3264,.F.);
#3271 = CYLINDRICAL_SURFACE('',#3272,0.5);
#3272 = AXIS2_PLACEMENT_3D('',#3273,#3274,#3275);
#3273 = CARTESIAN_POINT('',(65.96,-118.5,-4.6E-02));
#3274 = DIRECTION('',(-0.,-0.,-1.));
#3275 = DIRECTION('',(-0.,-1.,0.));
#3276 = ADVANCED_FACE('',(#3277),#3288,.F.);
#3277 = FACE_BOUND('',#3278,.T.);
#3278 = EDGE_LOOP('',(#3279,#3280,#3286,#3287));
#3279 = ORIENTED_EDGE('',*,*,#444,.T.);
#3280 = ORIENTED_EDGE('',*,*,#3281,.T.);
#3281 = EDGE_CURVE('',#445,#1727,#3282,.T.);
#3282 = LINE('',#3283,#3284);
#3283 = CARTESIAN_POINT('',(59.435182,-113.375,-4.6E-02));
#3284 = VECTOR('',#3285,1.);
#3285 = DIRECTION('',(0.,0.,1.));
#3286 = ORIENTED_EDGE('',*,*,#1726,.F.);
#3287 = ORIENTED_EDGE('',*,*,#3281,.F.);
#3288 = CYLINDRICAL_SURFACE('',#3289,0.325);
#3289 = AXIS2_PLACEMENT_3D('',#3290,#3291,#3292);
#3290 = CARTESIAN_POINT('',(59.435182,-113.05,-4.6E-02));
#3291 = DIRECTION('',(-0.,-0.,-1.));
#3292 = DIRECTION('',(-0.,-1.,0.));
#3293 = ADVANCED_FACE('',(#3294),#3305,.F.);
#3294 = FACE_BOUND('',#3295,.T.);
#3295 = EDGE_LOOP('',(#3296,#3297,#3303,#3304));
#3296 = ORIENTED_EDGE('',*,*,#455,.T.);
#3297 = ORIENTED_EDGE('',*,*,#3298,.T.);
#3298 = EDGE_CURVE('',#456,#1738,#3299,.T.);
#3299 = LINE('',#3300,#3301);
#3300 = CARTESIAN_POINT('',(68.5,-119.,-4.6E-02));
#3301 = VECTOR('',#3302,1.);
#3302 = DIRECTION('',(0.,0.,1.));
#3303 = ORIENTED_EDGE('',*,*,#1737,.F.);
#3304 = ORIENTED_EDGE('',*,*,#3298,.F.);
#3305 = CYLINDRICAL_SURFACE('',#3306,0.5);
#3306 = AXIS2_PLACEMENT_3D('',#3307,#3308,#3309);
#3307 = CARTESIAN_POINT('',(68.5,-118.5,-4.6E-02));
#3308 = DIRECTION('',(-0.,-0.,-1.));
#3309 = DIRECTION('',(-0.,-1.,0.));
#3310 = ADVANCED_FACE('',(#3311),#3322,.F.);
#3311 = FACE_BOUND('',#3312,.T.);
#3312 = EDGE_LOOP('',(#3313,#3314,#3320,#3321));
#3313 = ORIENTED_EDGE('',*,*,#466,.T.);
#3314 = ORIENTED_EDGE('',*,*,#3315,.T.);
#3315 = EDGE_CURVE('',#467,#1749,#3316,.T.);
#3316 = LINE('',#3317,#3318);
#3317 = CARTESIAN_POINT('',(71.04,-119.,-4.6E-02));
#3318 = VECTOR('',#3319,1.);
#3319 = DIRECTION('',(0.,0.,1.));
#3320 = ORIENTED_EDGE('',*,*,#1748,.F.);
#3321 = ORIENTED_EDGE('',*,*,#3315,.F.);
#3322 = CYLINDRICAL_SURFACE('',#3323,0.5);
#3323 = AXIS2_PLACEMENT_3D('',#3324,#3325,#3326);
#3324 = CARTESIAN_POINT('',(71.04,-118.5,-4.6E-02));
#3325 = DIRECTION('',(-0.,-0.,-1.));
#3326 = DIRECTION('',(-0.,-1.,0.));
#3327 = ADVANCED_FACE('',(#3328),#3339,.F.);
#3328 = FACE_BOUND('',#3329,.T.);
#3329 = EDGE_LOOP('',(#3330,#3331,#3337,#3338));
#3330 = ORIENTED_EDGE('',*,*,#477,.T.);
#3331 = ORIENTED_EDGE('',*,*,#3332,.T.);
#3332 = EDGE_CURVE('',#478,#1760,#3333,.T.);
#3333 = LINE('',#3334,#3335);
#3334 = CARTESIAN_POINT('',(73.58,-119.,-4.6E-02));
#3335 = VECTOR('',#3336,1.);
#3336 = DIRECTION('',(0.,0.,1.));
#3337 = ORIENTED_EDGE('',*,*,#1759,.F.);
#3338 = ORIENTED_EDGE('',*,*,#3332,.F.);
#3339 = CYLINDRICAL_SURFACE('',#3340,0.5);
#3340 = AXIS2_PLACEMENT_3D('',#3341,#3342,#3343);
#3341 = CARTESIAN_POINT('',(73.58,-118.5,-4.6E-02));
#3342 = DIRECTION('',(-0.,-0.,-1.));
#3343 = DIRECTION('',(-0.,-1.,0.));
#3344 = ADVANCED_FACE('',(#3345),#3356,.F.);
#3345 = FACE_BOUND('',#3346,.T.);
#3346 = EDGE_LOOP('',(#3347,#3348,#3354,#3355));
#3347 = ORIENTED_EDGE('',*,*,#488,.T.);
#3348 = ORIENTED_EDGE('',*,*,#3349,.T.);
#3349 = EDGE_CURVE('',#489,#1771,#3350,.T.);
#3350 = LINE('',#3351,#3352);
#3351 = CARTESIAN_POINT('',(76.12,-119.,-4.6E-02));
#3352 = VECTOR('',#3353,1.);
#3353 = DIRECTION('',(0.,0.,1.));
#3354 = ORIENTED_EDGE('',*,*,#1770,.F.);
#3355 = ORIENTED_EDGE('',*,*,#3349,.F.);
#3356 = CYLINDRICAL_SURFACE('',#3357,0.5);
#3357 = AXIS2_PLACEMENT_3D('',#3358,#3359,#3360);
#3358 = CARTESIAN_POINT('',(76.12,-118.5,-4.6E-02));
#3359 = DIRECTION('',(-0.,-0.,-1.));
#3360 = DIRECTION('',(-0.,-1.,0.));
#3361 = ADVANCED_FACE('',(#3362),#3373,.F.);
#3362 = FACE_BOUND('',#3363,.T.);
#3363 = EDGE_LOOP('',(#3364,#3365,#3371,#3372));
#3364 = ORIENTED_EDGE('',*,*,#499,.T.);
#3365 = ORIENTED_EDGE('',*,*,#3366,.T.);
#3366 = EDGE_CURVE('',#500,#1782,#3367,.T.);
#3367 = LINE('',#3368,#3369);
#3368 = CARTESIAN_POINT('',(78.66,-119.,-4.6E-02));
#3369 = VECTOR('',#3370,1.);
#3370 = DIRECTION('',(0.,0.,1.));
#3371 = ORIENTED_EDGE('',*,*,#1781,.F.);
#3372 = ORIENTED_EDGE('',*,*,#3366,.F.);
#3373 = CYLINDRICAL_SURFACE('',#3374,0.5);
#3374 = AXIS2_PLACEMENT_3D('',#3375,#3376,#3377);
#3375 = CARTESIAN_POINT('',(78.66,-118.5,-4.6E-02));
#3376 = DIRECTION('',(-0.,-0.,-1.));
#3377 = DIRECTION('',(-0.,-1.,0.));
#3378 = ADVANCED_FACE('',(#3379),#3390,.F.);
#3379 = FACE_BOUND('',#3380,.T.);
#3380 = EDGE_LOOP('',(#3381,#3382,#3388,#3389));
#3381 = ORIENTED_EDGE('',*,*,#510,.T.);
#3382 = ORIENTED_EDGE('',*,*,#3383,.T.);
#3383 = EDGE_CURVE('',#511,#1793,#3384,.T.);
#3384 = LINE('',#3385,#3386);
#3385 = CARTESIAN_POINT('',(81.2,-119.,-4.6E-02));
#3386 = VECTOR('',#3387,1.);
#3387 = DIRECTION('',(0.,0.,1.));
#3388 = ORIENTED_EDGE('',*,*,#1792,.F.);
#3389 = ORIENTED_EDGE('',*,*,#3383,.F.);
#3390 = CYLINDRICAL_SURFACE('',#3391,0.5);
#3391 = AXIS2_PLACEMENT_3D('',#3392,#3393,#3394);
#3392 = CARTESIAN_POINT('',(81.2,-118.5,-4.6E-02));
#3393 = DIRECTION('',(-0.,-0.,-1.));
#3394 = DIRECTION('',(-0.,-1.,0.));
#3395 = ADVANCED_FACE('',(#3396),#3407,.F.);
#3396 = FACE_BOUND('',#3397,.T.);
#3397 = EDGE_LOOP('',(#3398,#3399,#3405,#3406));
#3398 = ORIENTED_EDGE('',*,*,#521,.T.);
#3399 = ORIENTED_EDGE('',*,*,#3400,.T.);
#3400 = EDGE_CURVE('',#522,#1804,#3401,.T.);
#3401 = LINE('',#3402,#3403);
#3402 = CARTESIAN_POINT('',(78.145,-115.3,-4.6E-02));
#3403 = VECTOR('',#3404,1.);
#3404 = DIRECTION('',(0.,0.,1.));
#3405 = ORIENTED_EDGE('',*,*,#1803,.F.);
#3406 = ORIENTED_EDGE('',*,*,#3400,.F.);
#3407 = CYLINDRICAL_SURFACE('',#3408,0.5);
#3408 = AXIS2_PLACEMENT_3D('',#3409,#3410,#3411);
#3409 = CARTESIAN_POINT('',(78.145,-114.8,-4.6E-02));
#3410 = DIRECTION('',(-0.,-0.,-1.));
#3411 = DIRECTION('',(-0.,-1.,0.));
#3412 = ADVANCED_FACE('',(#3413),#3424,.F.);
#3413 = FACE_BOUND('',#3414,.T.);
#3414 = EDGE_LOOP('',(#3415,#3416,#3422,#3423));
#3415 = ORIENTED_EDGE('',*,*,#532,.T.);
#3416 = ORIENTED_EDGE('',*,*,#3417,.T.);
#3417 = EDGE_CURVE('',#533,#1815,#3418,.T.);
#3418 = LINE('',#3419,#3420);
#3419 = CARTESIAN_POINT('',(80.685,-115.3,-4.6E-02));
#3420 = VECTOR('',#3421,1.);
#3421 = DIRECTION('',(0.,0.,1.));
#3422 = ORIENTED_EDGE('',*,*,#1814,.F.);
#3423 = ORIENTED_EDGE('',*,*,#3417,.F.);
#3424 = CYLINDRICAL_SURFACE('',#3425,0.5);
#3425 = AXIS2_PLACEMENT_3D('',#3426,#3427,#3428);
#3426 = CARTESIAN_POINT('',(80.685,-114.8,-4.6E-02));
#3427 = DIRECTION('',(-0.,-0.,-1.));
#3428 = DIRECTION('',(-0.,-1.,0.));
#3429 = ADVANCED_FACE('',(#3430),#3446,.F.);
#3430 = FACE_BOUND('',#3431,.T.);
#3431 = EDGE_LOOP('',(#3432,#3433,#3439,#3440));
#3432 = ORIENTED_EDGE('',*,*,#543,.T.);
#3433 = ORIENTED_EDGE('',*,*,#3434,.T.);
#3434 = EDGE_CURVE('',#546,#1828,#3435,.T.);
#3435 = LINE('',#3436,#3437);
#3436 = CARTESIAN_POINT('',(54.105182,-103.47,-4.6E-02));
#3437 = VECTOR('',#3438,1.);
#3438 = DIRECTION('',(0.,0.,1.));
#3439 = ORIENTED_EDGE('',*,*,#1825,.F.);
#3440 = ORIENTED_EDGE('',*,*,#3441,.F.);
#3441 = EDGE_CURVE('',#544,#1826,#3442,.T.);
#3442 = LINE('',#3443,#3444);
#3443 = CARTESIAN_POINT('',(54.105182,-103.97,-4.6E-02));
#3444 = VECTOR('',#3445,1.);
#3445 = DIRECTION('',(0.,0.,1.));
#3446 = CYLINDRICAL_SURFACE('',#3447,0.25);
#3447 = AXIS2_PLACEMENT_3D('',#3448,#3449,#3450);
#3448 = CARTESIAN_POINT('',(54.105182,-103.72,-4.6E-02));
#3449 = DIRECTION('',(-0.,0.,-1.));
#3450 = DIRECTION('',(0.,1.,0.));
#3451 = ADVANCED_FACE('',(#3452),#3463,.T.);
#3452 = FACE_BOUND('',#3453,.T.);
#3453 = EDGE_LOOP('',(#3454,#3455,#3456,#3457));
#3454 = ORIENTED_EDGE('',*,*,#571,.T.);
#3455 = ORIENTED_EDGE('',*,*,#3441,.T.);
#3456 = ORIENTED_EDGE('',*,*,#1853,.F.);
#3457 = ORIENTED_EDGE('',*,*,#3458,.F.);
#3458 = EDGE_CURVE('',#563,#1845,#3459,.T.);
#3459 = LINE('',#3460,#3461);
#3460 = CARTESIAN_POINT('',(55.255182,-103.97,-4.6E-02));
#3461 = VECTOR('',#3462,1.);
#3462 = DIRECTION('',(0.,0.,1.));
#3463 = PLANE('',#3464);
#3464 = AXIS2_PLACEMENT_3D('',#3465,#3466,#3467);
#3465 = CARTESIAN_POINT('',(54.105182,-103.97,-4.6E-02));
#3466 = DIRECTION('',(0.,1.,0.));
#3467 = DIRECTION('',(1.,0.,0.));
#3468 = ADVANCED_FACE('',(#3469),#3480,.F.);
#3469 = FACE_BOUND('',#3470,.T.);
#3470 = EDGE_LOOP('',(#3471,#3472,#3473,#3474));
#3471 = ORIENTED_EDGE('',*,*,#562,.T.);
#3472 = ORIENTED_EDGE('',*,*,#3458,.T.);
#3473 = ORIENTED_EDGE('',*,*,#1844,.F.);
#3474 = ORIENTED_EDGE('',*,*,#3475,.F.);
#3475 = EDGE_CURVE('',#555,#1837,#3476,.T.);
#3476 = LINE('',#3477,#3478);
#3477 = CARTESIAN_POINT('',(55.255182,-103.47,-4.6E-02));
#3478 = VECTOR('',#3479,1.);
#3479 = DIRECTION('',(0.,0.,1.));
#3480 = CYLINDRICAL_SURFACE('',#3481,0.25);
#3481 = AXIS2_PLACEMENT_3D('',#3482,#3483,#3484);
#3482 = CARTESIAN_POINT('',(55.255182,-103.72,-4.6E-02));
#3483 = DIRECTION('',(-0.,-0.,-1.));
#3484 = DIRECTION('',(-0.,-1.,0.));
#3485 = ADVANCED_FACE('',(#3486),#3492,.T.);
#3486 = FACE_BOUND('',#3487,.T.);
#3487 = EDGE_LOOP('',(#3488,#3489,#3490,#3491));
#3488 = ORIENTED_EDGE('',*,*,#554,.T.);
#3489 = ORIENTED_EDGE('',*,*,#3475,.T.);
#3490 = ORIENTED_EDGE('',*,*,#1836,.F.);
#3491 = ORIENTED_EDGE('',*,*,#3434,.F.);
#3492 = PLANE('',#3493);
#3493 = AXIS2_PLACEMENT_3D('',#3494,#3495,#3496);
#3494 = CARTESIAN_POINT('',(55.255182,-103.47,-4.6E-02));
#3495 = DIRECTION('',(0.,-1.,0.));
#3496 = DIRECTION('',(-1.,0.,0.));
#3497 = ADVANCED_FACE('',(#3498),#3509,.F.);
#3498 = FACE_BOUND('',#3499,.T.);
#3499 = EDGE_LOOP('',(#3500,#3501,#3507,#3508));
#3500 = ORIENTED_EDGE('',*,*,#579,.T.);
#3501 = ORIENTED_EDGE('',*,*,#3502,.T.);
#3502 = EDGE_CURVE('',#580,#1862,#3503,.T.);
#3503 = LINE('',#3504,#3505);
#3504 = CARTESIAN_POINT('',(59.435182,-105.875,-4.6E-02));
#3505 = VECTOR('',#3506,1.);
#3506 = DIRECTION('',(0.,0.,1.));
#3507 = ORIENTED_EDGE('',*,*,#1861,.F.);
#3508 = ORIENTED_EDGE('',*,*,#3502,.F.);
#3509 = CYLINDRICAL_SURFACE('',#3510,0.325);
#3510 = AXIS2_PLACEMENT_3D('',#3511,#3512,#3513);
#3511 = CARTESIAN_POINT('',(59.435182,-105.55,-4.6E-02));
#3512 = DIRECTION('',(-0.,-0.,-1.));
#3513 = DIRECTION('',(-0.,-1.,0.));
#3514 = ADVANCED_FACE('',(#3515),#3531,.F.);
#3515 = FACE_BOUND('',#3516,.T.);
#3516 = EDGE_LOOP('',(#3517,#3518,#3524,#3525));
#3517 = ORIENTED_EDGE('',*,*,#590,.T.);
#3518 = ORIENTED_EDGE('',*,*,#3519,.T.);
#3519 = EDGE_CURVE('',#593,#1875,#3520,.T.);
#3520 = LINE('',#3521,#3522);
#3521 = CARTESIAN_POINT('',(58.775182,-103.47,-4.6E-02));
#3522 = VECTOR('',#3523,1.);
#3523 = DIRECTION('',(0.,0.,1.));
#3524 = ORIENTED_EDGE('',*,*,#1872,.F.);
#3525 = ORIENTED_EDGE('',*,*,#3526,.F.);
#3526 = EDGE_CURVE('',#591,#1873,#3527,.T.);
#3527 = LINE('',#3528,#3529);
#3528 = CARTESIAN_POINT('',(58.775182,-103.97,-4.6E-02));
#3529 = VECTOR('',#3530,1.);
#3530 = DIRECTION('',(0.,0.,1.));
#3531 = CYLINDRICAL_SURFACE('',#3532,0.25);
#3532 = AXIS2_PLACEMENT_3D('',#3533,#3534,#3535);
#3533 = CARTESIAN_POINT('',(58.775182,-103.72,-4.6E-02));
#3534 = DIRECTION('',(-0.,0.,-1.));
#3535 = DIRECTION('',(0.,1.,0.));
#3536 = ADVANCED_FACE('',(#3537),#3548,.T.);
#3537 = FACE_BOUND('',#3538,.T.);
#3538 = EDGE_LOOP('',(#3539,#3540,#3541,#3542));
#3539 = ORIENTED_EDGE('',*,*,#618,.T.);
#3540 = ORIENTED_EDGE('',*,*,#3526,.T.);
#3541 = ORIENTED_EDGE('',*,*,#1900,.F.);
#3542 = ORIENTED_EDGE('',*,*,#3543,.F.);
#3543 = EDGE_CURVE('',#610,#1892,#3544,.T.);
#3544 = LINE('',#3545,#3546);
#3545 = CARTESIAN_POINT('',(59.925182,-103.97,-4.6E-02));
#3546 = VECTOR('',#3547,1.);
#3547 = DIRECTION('',(0.,0.,1.));
#3548 = PLANE('',#3549);
#3549 = AXIS2_PLACEMENT_3D('',#3550,#3551,#3552);
#3550 = CARTESIAN_POINT('',(58.775182,-103.97,-4.6E-02));
#3551 = DIRECTION('',(0.,1.,0.));
#3552 = DIRECTION('',(1.,0.,0.));
#3553 = ADVANCED_FACE('',(#3554),#3565,.F.);
#3554 = FACE_BOUND('',#3555,.T.);
#3555 = EDGE_LOOP('',(#3556,#3557,#3558,#3559));
#3556 = ORIENTED_EDGE('',*,*,#609,.T.);
#3557 = ORIENTED_EDGE('',*,*,#3543,.T.);
#3558 = ORIENTED_EDGE('',*,*,#1891,.F.);
#3559 = ORIENTED_EDGE('',*,*,#3560,.F.);
#3560 = EDGE_CURVE('',#602,#1884,#3561,.T.);
#3561 = LINE('',#3562,#3563);
#3562 = CARTESIAN_POINT('',(59.925182,-103.47,-4.6E-02));
#3563 = VECTOR('',#3564,1.);
#3564 = DIRECTION('',(0.,0.,1.));
#3565 = CYLINDRICAL_SURFACE('',#3566,0.25);
#3566 = AXIS2_PLACEMENT_3D('',#3567,#3568,#3569);
#3567 = CARTESIAN_POINT('',(59.925182,-103.72,-4.6E-02));
#3568 = DIRECTION('',(-0.,-0.,-1.));
#3569 = DIRECTION('',(-0.,-1.,0.));
#3570 = ADVANCED_FACE('',(#3571),#3577,.T.);
#3571 = FACE_BOUND('',#3572,.T.);
#3572 = EDGE_LOOP('',(#3573,#3574,#3575,#3576));
#3573 = ORIENTED_EDGE('',*,*,#601,.T.);
#3574 = ORIENTED_EDGE('',*,*,#3560,.T.);
#3575 = ORIENTED_EDGE('',*,*,#1883,.F.);
#3576 = ORIENTED_EDGE('',*,*,#3519,.F.);
#3577 = PLANE('',#3578);
#3578 = AXIS2_PLACEMENT_3D('',#3579,#3580,#3581);
#3579 = CARTESIAN_POINT('',(59.925182,-103.47,-4.6E-02));
#3580 = DIRECTION('',(0.,-1.,0.));
#3581 = DIRECTION('',(-1.,0.,0.));
#3582 = ADVANCED_FACE('',(#3583),#3594,.F.);
#3583 = FACE_BOUND('',#3584,.T.);
#3584 = EDGE_LOOP('',(#3585,#3586,#3592,#3593));
#3585 = ORIENTED_EDGE('',*,*,#626,.T.);
#3586 = ORIENTED_EDGE('',*,*,#3587,.T.);
#3587 = EDGE_CURVE('',#627,#1909,#3588,.T.);
#3588 = LINE('',#3589,#3590);
#3589 = CARTESIAN_POINT('',(63.3,-103.725,-4.6E-02));
#3590 = VECTOR('',#3591,1.);
#3591 = DIRECTION('',(0.,0.,1.));
#3592 = ORIENTED_EDGE('',*,*,#1908,.F.);
#3593 = ORIENTED_EDGE('',*,*,#3587,.F.);
#3594 = CYLINDRICAL_SURFACE('',#3595,0.5);
#3595 = AXIS2_PLACEMENT_3D('',#3596,#3597,#3598);
#3596 = CARTESIAN_POINT('',(63.3,-103.225,-4.6E-02));
#3597 = DIRECTION('',(-0.,-0.,-1.));
#3598 = DIRECTION('',(-0.,-1.,0.));
#3599 = ADVANCED_FACE('',(#3600),#3611,.F.);
#3600 = FACE_BOUND('',#3601,.T.);
#3601 = EDGE_LOOP('',(#3602,#3603,#3609,#3610));
#3602 = ORIENTED_EDGE('',*,*,#637,.T.);
#3603 = ORIENTED_EDGE('',*,*,#3604,.T.);
#3604 = EDGE_CURVE('',#638,#1920,#3605,.T.);
#3605 = LINE('',#3606,#3607);
#3606 = CARTESIAN_POINT('',(63.3,-101.185,-4.6E-02));
#3607 = VECTOR('',#3608,1.);
#3608 = DIRECTION('',(0.,0.,1.));
#3609 = ORIENTED_EDGE('',*,*,#1919,.F.);
#3610 = ORIENTED_EDGE('',*,*,#3604,.F.);
#3611 = CYLINDRICAL_SURFACE('',#3612,0.5);
#3612 = AXIS2_PLACEMENT_3D('',#3613,#3614,#3615);
#3613 = CARTESIAN_POINT('',(63.3,-100.685,-4.6E-02));
#3614 = DIRECTION('',(-0.,-0.,-1.));
#3615 = DIRECTION('',(-0.,-1.,0.));
#3616 = ADVANCED_FACE('',(#3617),#3628,.F.);
#3617 = FACE_BOUND('',#3618,.T.);
#3618 = EDGE_LOOP('',(#3619,#3620,#3626,#3627));
#3619 = ORIENTED_EDGE('',*,*,#648,.T.);
#3620 = ORIENTED_EDGE('',*,*,#3621,.T.);
#3621 = EDGE_CURVE('',#649,#1931,#3622,.T.);
#3622 = LINE('',#3623,#3624);
#3623 = CARTESIAN_POINT('',(85.5,-119.,-4.6E-02));
#3624 = VECTOR('',#3625,1.);
#3625 = DIRECTION('',(0.,0.,1.));
#3626 = ORIENTED_EDGE('',*,*,#1930,.F.);
#3627 = ORIENTED_EDGE('',*,*,#3621,.F.);
#3628 = CYLINDRICAL_SURFACE('',#3629,0.5);
#3629 = AXIS2_PLACEMENT_3D('',#3630,#3631,#3632);
#3630 = CARTESIAN_POINT('',(85.5,-118.5,-4.6E-02));
#3631 = DIRECTION('',(-0.,-0.,-1.));
#3632 = DIRECTION('',(-0.,-1.,0.));
#3633 = ADVANCED_FACE('',(#3634),#3645,.F.);
#3634 = FACE_BOUND('',#3635,.T.);
#3635 = EDGE_LOOP('',(#3636,#3637,#3643,#3644));
#3636 = ORIENTED_EDGE('',*,*,#659,.T.);
#3637 = ORIENTED_EDGE('',*,*,#3638,.T.);
#3638 = EDGE_CURVE('',#660,#1942,#3639,.T.);
#3639 = LINE('',#3640,#3641);
#3640 = CARTESIAN_POINT('',(88.04,-119.,-4.6E-02));
#3641 = VECTOR('',#3642,1.);
#3642 = DIRECTION('',(0.,0.,1.));
#3643 = ORIENTED_EDGE('',*,*,#1941,.F.);
#3644 = ORIENTED_EDGE('',*,*,#3638,.F.);
#3645 = CYLINDRICAL_SURFACE('',#3646,0.5);
#3646 = AXIS2_PLACEMENT_3D('',#3647,#3648,#3649);
#3647 = CARTESIAN_POINT('',(88.04,-118.5,-4.6E-02));
#3648 = DIRECTION('',(-0.,-0.,-1.));
#3649 = DIRECTION('',(-0.,-1.,0.));
#3650 = ADVANCED_FACE('',(#3651),#3662,.F.);
#3651 = FACE_BOUND('',#3652,.T.);
#3652 = EDGE_LOOP('',(#3653,#3654,#3660,#3661));
#3653 = ORIENTED_EDGE('',*,*,#670,.T.);
#3654 = ORIENTED_EDGE('',*,*,#3655,.T.);
#3655 = EDGE_CURVE('',#671,#1953,#3656,.T.);
#3656 = LINE('',#3657,#3658);
#3657 = CARTESIAN_POINT('',(83.225,-115.3,-4.6E-02));
#3658 = VECTOR('',#3659,1.);
#3659 = DIRECTION('',(0.,0.,1.));
#3660 = ORIENTED_EDGE('',*,*,#1952,.F.);
#3661 = ORIENTED_EDGE('',*,*,#3655,.F.);
#3662 = CYLINDRICAL_SURFACE('',#3663,0.5);
#3663 = AXIS2_PLACEMENT_3D('',#3664,#3665,#3666);
#3664 = CARTESIAN_POINT('',(83.225,-114.8,-4.6E-02));
#3665 = DIRECTION('',(-0.,-0.,-1.));
#3666 = DIRECTION('',(-0.,-1.,0.));
#3667 = ADVANCED_FACE('',(#3668),#3679,.F.);
#3668 = FACE_BOUND('',#3669,.T.);
#3669 = EDGE_LOOP('',(#3670,#3671,#3677,#3678));
#3670 = ORIENTED_EDGE('',*,*,#681,.T.);
#3671 = ORIENTED_EDGE('',*,*,#3672,.T.);
#3672 = EDGE_CURVE('',#682,#1964,#3673,.T.);
#3673 = LINE('',#3674,#3675);
#3674 = CARTESIAN_POINT('',(90.58,-119.,-4.6E-02));
#3675 = VECTOR('',#3676,1.);
#3676 = DIRECTION('',(0.,0.,1.));
#3677 = ORIENTED_EDGE('',*,*,#1963,.F.);
#3678 = ORIENTED_EDGE('',*,*,#3672,.F.);
#3679 = CYLINDRICAL_SURFACE('',#3680,0.5);
#3680 = AXIS2_PLACEMENT_3D('',#3681,#3682,#3683);
#3681 = CARTESIAN_POINT('',(90.58,-118.5,-4.6E-02));
#3682 = DIRECTION('',(-0.,-0.,-1.));
#3683 = DIRECTION('',(-0.,-1.,0.));
#3684 = ADVANCED_FACE('',(#3685),#3696,.F.);
#3685 = FACE_BOUND('',#3686,.T.);
#3686 = EDGE_LOOP('',(#3687,#3688,#3694,#3695));
#3687 = ORIENTED_EDGE('',*,*,#692,.T.);
#3688 = ORIENTED_EDGE('',*,*,#3689,.T.);
#3689 = EDGE_CURVE('',#693,#1975,#3690,.T.);
#3690 = LINE('',#3691,#3692);
#3691 = CARTESIAN_POINT('',(93.12,-119.,-4.6E-02));
#3692 = VECTOR('',#3693,1.);
#3693 = DIRECTION('',(0.,0.,1.));
#3694 = ORIENTED_EDGE('',*,*,#1974,.F.);
#3695 = ORIENTED_EDGE('',*,*,#3689,.F.);
#3696 = CYLINDRICAL_SURFACE('',#3697,0.5);
#3697 = AXIS2_PLACEMENT_3D('',#3698,#3699,#3700);
#3698 = CARTESIAN_POINT('',(93.12,-118.5,-4.6E-02));
#3699 = DIRECTION('',(-0.,-0.,-1.));
#3700 = DIRECTION('',(-0.,-1.,0.));
#3701 = ADVANCED_FACE('',(#3702),#3713,.F.);
#3702 = FACE_BOUND('',#3703,.T.);
#3703 = EDGE_LOOP('',(#3704,#3705,#3711,#3712));
#3704 = ORIENTED_EDGE('',*,*,#703,.T.);
#3705 = ORIENTED_EDGE('',*,*,#3706,.T.);
#3706 = EDGE_CURVE('',#704,#1986,#3707,.T.);
#3707 = LINE('',#3708,#3709);
#3708 = CARTESIAN_POINT('',(95.66,-119.,-4.6E-02));
#3709 = VECTOR('',#3710,1.);
#3710 = DIRECTION('',(0.,0.,1.));
#3711 = ORIENTED_EDGE('',*,*,#1985,.F.);
#3712 = ORIENTED_EDGE('',*,*,#3706,.F.);
#3713 = CYLINDRICAL_SURFACE('',#3714,0.5);
#3714 = AXIS2_PLACEMENT_3D('',#3715,#3716,#3717);
#3715 = CARTESIAN_POINT('',(95.66,-118.5,-4.6E-02));
#3716 = DIRECTION('',(-0.,-0.,-1.));
#3717 = DIRECTION('',(-0.,-1.,0.));
#3718 = ADVANCED_FACE('',(#3719),#3730,.F.);
#3719 = FACE_BOUND('',#3720,.T.);
#3720 = EDGE_LOOP('',(#3721,#3722,#3728,#3729));
#3721 = ORIENTED_EDGE('',*,*,#714,.T.);
#3722 = ORIENTED_EDGE('',*,*,#3723,.T.);
#3723 = EDGE_CURVE('',#715,#1997,#3724,.T.);
#3724 = LINE('',#3725,#3726);
#3725 = CARTESIAN_POINT('',(91.7,-115.85,-4.6E-02));
#3726 = VECTOR('',#3727,1.);
#3727 = DIRECTION('',(0.,0.,1.));
#3728 = ORIENTED_EDGE('',*,*,#1996,.F.);
#3729 = ORIENTED_EDGE('',*,*,#3723,.F.);
#3730 = CYLINDRICAL_SURFACE('',#3731,0.25);
#3731 = AXIS2_PLACEMENT_3D('',#3732,#3733,#3734);
#3732 = CARTESIAN_POINT('',(91.7,-115.6,-4.6E-02));
#3733 = DIRECTION('',(-0.,-0.,-1.));
#3734 = DIRECTION('',(-0.,-1.,0.));
#3735 = ADVANCED_FACE('',(#3736),#3747,.F.);
#3736 = FACE_BOUND('',#3737,.T.);
#3737 = EDGE_LOOP('',(#3738,#3739,#3745,#3746));
#3738 = ORIENTED_EDGE('',*,*,#725,.T.);
#3739 = ORIENTED_EDGE('',*,*,#3740,.T.);
#3740 = EDGE_CURVE('',#726,#2008,#3741,.T.);
#3741 = LINE('',#3742,#3743);
#3742 = CARTESIAN_POINT('',(98.2,-119.,-4.6E-02));
#3743 = VECTOR('',#3744,1.);
#3744 = DIRECTION('',(0.,0.,1.));
#3745 = ORIENTED_EDGE('',*,*,#2007,.F.);
#3746 = ORIENTED_EDGE('',*,*,#3740,.F.);
#3747 = CYLINDRICAL_SURFACE('',#3748,0.5);
#3748 = AXIS2_PLACEMENT_3D('',#3749,#3750,#3751);
#3749 = CARTESIAN_POINT('',(98.2,-118.5,-4.6E-02));
#3750 = DIRECTION('',(-0.,-0.,-1.));
#3751 = DIRECTION('',(-0.,-1.,0.));
#3752 = ADVANCED_FACE('',(#3753),#3764,.F.);
#3753 = FACE_BOUND('',#3754,.T.);
#3754 = EDGE_LOOP('',(#3755,#3756,#3762,#3763));
#3755 = ORIENTED_EDGE('',*,*,#736,.T.);
#3756 = ORIENTED_EDGE('',*,*,#3757,.T.);
#3757 = EDGE_CURVE('',#737,#2019,#3758,.T.);
#3758 = LINE('',#3759,#3760);
#3759 = CARTESIAN_POINT('',(100.74,-119.,-4.6E-02));
#3760 = VECTOR('',#3761,1.);
#3761 = DIRECTION('',(0.,0.,1.));
#3762 = ORIENTED_EDGE('',*,*,#2018,.F.);
#3763 = ORIENTED_EDGE('',*,*,#3757,.F.);
#3764 = CYLINDRICAL_SURFACE('',#3765,0.5);
#3765 = AXIS2_PLACEMENT_3D('',#3766,#3767,#3768);
#3766 = CARTESIAN_POINT('',(100.74,-118.5,-4.6E-02));
#3767 = DIRECTION('',(-0.,-0.,-1.));
#3768 = DIRECTION('',(-0.,-1.,0.));
#3769 = ADVANCED_FACE('',(#3770),#3781,.F.);
#3770 = FACE_BOUND('',#3771,.T.);
#3771 = EDGE_LOOP('',(#3772,#3773,#3779,#3780));
#3772 = ORIENTED_EDGE('',*,*,#747,.T.);
#3773 = ORIENTED_EDGE('',*,*,#3774,.T.);
#3774 = EDGE_CURVE('',#748,#2030,#3775,.T.);
#3775 = LINE('',#3776,#3777);
#3776 = CARTESIAN_POINT('',(103.28,-119.,-4.6E-02));
#3777 = VECTOR('',#3778,1.);
#3778 = DIRECTION('',(0.,0.,1.));
#3779 = ORIENTED_EDGE('',*,*,#2029,.F.);
#3780 = ORIENTED_EDGE('',*,*,#3774,.F.);
#3781 = CYLINDRICAL_SURFACE('',#3782,0.5);
#3782 = AXIS2_PLACEMENT_3D('',#3783,#3784,#3785);
#3783 = CARTESIAN_POINT('',(103.28,-118.5,-4.6E-02));
#3784 = DIRECTION('',(-0.,-0.,-1.));
#3785 = DIRECTION('',(-0.,-1.,0.));
#3786 = ADVANCED_FACE('',(#3787),#3798,.F.);
#3787 = FACE_BOUND('',#3788,.T.);
#3788 = EDGE_LOOP('',(#3789,#3790,#3796,#3797));
#3789 = ORIENTED_EDGE('',*,*,#758,.T.);
#3790 = ORIENTED_EDGE('',*,*,#3791,.T.);
#3791 = EDGE_CURVE('',#759,#2041,#3792,.T.);
#3792 = LINE('',#3793,#3794);
#3793 = CARTESIAN_POINT('',(102.601167,-114.55,-4.6E-02));
#3794 = VECTOR('',#3795,1.);
#3795 = DIRECTION('',(0.,0.,1.));
#3796 = ORIENTED_EDGE('',*,*,#2040,.F.);
#3797 = ORIENTED_EDGE('',*,*,#3791,.F.);
#3798 = CYLINDRICAL_SURFACE('',#3799,0.325);
#3799 = AXIS2_PLACEMENT_3D('',#3800,#3801,#3802);
#3800 = CARTESIAN_POINT('',(102.601167,-114.225,-4.6E-02));
#3801 = DIRECTION('',(-0.,-0.,-1.));
#3802 = DIRECTION('',(-0.,-1.,0.));
#3803 = ADVANCED_FACE('',(#3804),#3815,.F.);
#3804 = FACE_BOUND('',#3805,.T.);
#3805 = EDGE_LOOP('',(#3806,#3807,#3813,#3814));
#3806 = ORIENTED_EDGE('',*,*,#769,.T.);
#3807 = ORIENTED_EDGE('',*,*,#3808,.T.);
#3808 = EDGE_CURVE('',#770,#2052,#3809,.T.);
#3809 = LINE('',#3810,#3811);
#3810 = CARTESIAN_POINT('',(105.82,-119.,-4.6E-02));
#3811 = VECTOR('',#3812,1.);
#3812 = DIRECTION('',(0.,0.,1.));
#3813 = ORIENTED_EDGE('',*,*,#2051,.F.);
#3814 = ORIENTED_EDGE('',*,*,#3808,.F.);
#3815 = CYLINDRICAL_SURFACE('',#3816,0.5);
#3816 = AXIS2_PLACEMENT_3D('',#3817,#3818,#3819);
#3817 = CARTESIAN_POINT('',(105.82,-118.5,-4.6E-02));
#3818 = DIRECTION('',(-0.,-0.,-1.));
#3819 = DIRECTION('',(-0.,-1.,0.));
#3820 = ADVANCED_FACE('',(#3821),#3832,.F.);
#3821 = FACE_BOUND('',#3822,.T.);
#3822 = EDGE_LOOP('',(#3823,#3824,#3830,#3831));
#3823 = ORIENTED_EDGE('',*,*,#780,.T.);
#3824 = ORIENTED_EDGE('',*,*,#3825,.T.);
#3825 = EDGE_CURVE('',#781,#2063,#3826,.T.);
#3826 = LINE('',#3827,#3828);
#3827 = CARTESIAN_POINT('',(108.36,-119.,-4.6E-02));
#3828 = VECTOR('',#3829,1.);
#3829 = DIRECTION('',(0.,0.,1.));
#3830 = ORIENTED_EDGE('',*,*,#2062,.F.);
#3831 = ORIENTED_EDGE('',*,*,#3825,.F.);
#3832 = CYLINDRICAL_SURFACE('',#3833,0.5);
#3833 = AXIS2_PLACEMENT_3D('',#3834,#3835,#3836);
#3834 = CARTESIAN_POINT('',(108.36,-118.5,-4.6E-02));
#3835 = DIRECTION('',(-0.,-0.,-1.));
#3836 = DIRECTION('',(-0.,-1.,0.));
#3837 = ADVANCED_FACE('',(#3838),#3849,.F.);
#3838 = FACE_BOUND('',#3839,.T.);
#3839 = EDGE_LOOP('',(#3840,#3841,#3847,#3848));
#3840 = ORIENTED_EDGE('',*,*,#791,.T.);
#3841 = ORIENTED_EDGE('',*,*,#3842,.T.);
#3842 = EDGE_CURVE('',#792,#2074,#3843,.T.);
#3843 = LINE('',#3844,#3845);
#3844 = CARTESIAN_POINT('',(110.9,-119.,-4.6E-02));
#3845 = VECTOR('',#3846,1.);
#3846 = DIRECTION('',(0.,0.,1.));
#3847 = ORIENTED_EDGE('',*,*,#2073,.F.);
#3848 = ORIENTED_EDGE('',*,*,#3842,.F.);
#3849 = CYLINDRICAL_SURFACE('',#3850,0.5);
#3850 = AXIS2_PLACEMENT_3D('',#3851,#3852,#3853);
#3851 = CARTESIAN_POINT('',(110.9,-118.5,-4.6E-02));
#3852 = DIRECTION('',(-0.,-0.,-1.));
#3853 = DIRECTION('',(-0.,-1.,0.));
#3854 = ADVANCED_FACE('',(#3855),#3866,.F.);
#3855 = FACE_BOUND('',#3856,.T.);
#3856 = EDGE_LOOP('',(#3857,#3858,#3864,#3865));
#3857 = ORIENTED_EDGE('',*,*,#802,.T.);
#3858 = ORIENTED_EDGE('',*,*,#3859,.T.);
#3859 = EDGE_CURVE('',#803,#2085,#3860,.T.);
#3860 = LINE('',#3861,#3862);
#3861 = CARTESIAN_POINT('',(102.601167,-113.28,-4.6E-02));
#3862 = VECTOR('',#3863,1.);
#3863 = DIRECTION('',(0.,0.,1.));
#3864 = ORIENTED_EDGE('',*,*,#2084,.F.);
#3865 = ORIENTED_EDGE('',*,*,#3859,.F.);
#3866 = CYLINDRICAL_SURFACE('',#3867,0.325);
#3867 = AXIS2_PLACEMENT_3D('',#3868,#3869,#3870);
#3868 = CARTESIAN_POINT('',(102.601167,-112.955,-4.6E-02));
#3869 = DIRECTION('',(-0.,-0.,-1.));
#3870 = DIRECTION('',(-0.,-1.,0.));
#3871 = ADVANCED_FACE('',(#3872),#3883,.F.);
#3872 = FACE_BOUND('',#3873,.T.);
#3873 = EDGE_LOOP('',(#3874,#3875,#3881,#3882));
#3874 = ORIENTED_EDGE('',*,*,#813,.T.);
#3875 = ORIENTED_EDGE('',*,*,#3876,.T.);
#3876 = EDGE_CURVE('',#814,#2096,#3877,.T.);
#3877 = LINE('',#3878,#3879);
#3878 = CARTESIAN_POINT('',(102.601167,-112.01,-4.6E-02));
#3879 = VECTOR('',#3880,1.);
#3880 = DIRECTION('',(0.,0.,1.));
#3881 = ORIENTED_EDGE('',*,*,#2095,.F.);
#3882 = ORIENTED_EDGE('',*,*,#3876,.F.);
#3883 = CYLINDRICAL_SURFACE('',#3884,0.325);
#3884 = AXIS2_PLACEMENT_3D('',#3885,#3886,#3887);
#3885 = CARTESIAN_POINT('',(102.601167,-111.685,-4.6E-02));
#3886 = DIRECTION('',(-0.,-0.,-1.));
#3887 = DIRECTION('',(-0.,-1.,0.));
#3888 = ADVANCED_FACE('',(#3889),#3900,.F.);
#3889 = FACE_BOUND('',#3890,.T.);
#3890 = EDGE_LOOP('',(#3891,#3892,#3898,#3899));
#3891 = ORIENTED_EDGE('',*,*,#824,.T.);
#3892 = ORIENTED_EDGE('',*,*,#3893,.T.);
#3893 = EDGE_CURVE('',#825,#2107,#3894,.T.);
#3894 = LINE('',#3895,#3896);
#3895 = CARTESIAN_POINT('',(102.601167,-110.74,-4.6E-02));
#3896 = VECTOR('',#3897,1.);
#3897 = DIRECTION('',(0.,0.,1.));
#3898 = ORIENTED_EDGE('',*,*,#2106,.F.);
#3899 = ORIENTED_EDGE('',*,*,#3893,.F.);
#3900 = CYLINDRICAL_SURFACE('',#3901,0.325);
#3901 = AXIS2_PLACEMENT_3D('',#3902,#3903,#3904);
#3902 = CARTESIAN_POINT('',(102.601167,-110.415,-4.6E-02));
#3903 = DIRECTION('',(-0.,-0.,-1.));
#3904 = DIRECTION('',(-0.,-1.,0.));
#3905 = ADVANCED_FACE('',(#3906),#3917,.F.);
#3906 = FACE_BOUND('',#3907,.T.);
#3907 = EDGE_LOOP('',(#3908,#3909,#3915,#3916));
#3908 = ORIENTED_EDGE('',*,*,#835,.T.);
#3909 = ORIENTED_EDGE('',*,*,#3910,.T.);
#3910 = EDGE_CURVE('',#836,#2118,#3911,.T.);
#3911 = LINE('',#3912,#3913);
#3912 = CARTESIAN_POINT('',(102.601167,-109.47,-4.6E-02));
#3913 = VECTOR('',#3914,1.);
#3914 = DIRECTION('',(0.,0.,1.));
#3915 = ORIENTED_EDGE('',*,*,#2117,.F.);
#3916 = ORIENTED_EDGE('',*,*,#3910,.F.);
#3917 = CYLINDRICAL_SURFACE('',#3918,0.325);
#3918 = AXIS2_PLACEMENT_3D('',#3919,#3920,#3921);
#3919 = CARTESIAN_POINT('',(102.601167,-109.145,-4.6E-02));
#3920 = DIRECTION('',(-0.,-0.,-1.));
#3921 = DIRECTION('',(-0.,-1.,0.));
#3922 = ADVANCED_FACE('',(#3923),#3934,.F.);
#3923 = FACE_BOUND('',#3924,.T.);
#3924 = EDGE_LOOP('',(#3925,#3926,#3932,#3933));
#3925 = ORIENTED_EDGE('',*,*,#846,.T.);
#3926 = ORIENTED_EDGE('',*,*,#3927,.T.);
#3927 = EDGE_CURVE('',#847,#2129,#3928,.T.);
#3928 = LINE('',#3929,#3930);
#3929 = CARTESIAN_POINT('',(111.,-111.24,-4.6E-02));
#3930 = VECTOR('',#3931,1.);
#3931 = DIRECTION('',(0.,0.,1.));
#3932 = ORIENTED_EDGE('',*,*,#2128,.F.);
#3933 = ORIENTED_EDGE('',*,*,#3927,.F.);
#3934 = CYLINDRICAL_SURFACE('',#3935,0.5);
#3935 = AXIS2_PLACEMENT_3D('',#3936,#3937,#3938);
#3936 = CARTESIAN_POINT('',(111.,-110.74,-4.6E-02));
#3937 = DIRECTION('',(-0.,-0.,-1.));
#3938 = DIRECTION('',(-0.,-1.,0.));
#3939 = ADVANCED_FACE('',(#3940),#3951,.F.);
#3940 = FACE_BOUND('',#3941,.T.);
#3941 = EDGE_LOOP('',(#3942,#3943,#3949,#3950));
#3942 = ORIENTED_EDGE('',*,*,#857,.T.);
#3943 = ORIENTED_EDGE('',*,*,#3944,.T.);
#3944 = EDGE_CURVE('',#858,#2140,#3945,.T.);
#3945 = LINE('',#3946,#3947);
#3946 = CARTESIAN_POINT('',(102.601167,-108.2,-4.6E-02));
#3947 = VECTOR('',#3948,1.);
#3948 = DIRECTION('',(0.,0.,1.));
#3949 = ORIENTED_EDGE('',*,*,#2139,.F.);
#3950 = ORIENTED_EDGE('',*,*,#3944,.F.);
#3951 = CYLINDRICAL_SURFACE('',#3952,0.325);
#3952 = AXIS2_PLACEMENT_3D('',#3953,#3954,#3955);
#3953 = CARTESIAN_POINT('',(102.601167,-107.875,-4.6E-02));
#3954 = DIRECTION('',(-0.,-0.,-1.));
#3955 = DIRECTION('',(-0.,-1.,0.));
#3956 = ADVANCED_FACE('',(#3957),#3968,.F.);
#3957 = FACE_BOUND('',#3958,.T.);
#3958 = EDGE_LOOP('',(#3959,#3960,#3966,#3967));
#3959 = ORIENTED_EDGE('',*,*,#868,.T.);
#3960 = ORIENTED_EDGE('',*,*,#3961,.T.);
#3961 = EDGE_CURVE('',#869,#2151,#3962,.T.);
#3962 = LINE('',#3963,#3964);
#3963 = CARTESIAN_POINT('',(102.601167,-106.93,-4.6E-02));
#3964 = VECTOR('',#3965,1.);
#3965 = DIRECTION('',(0.,0.,1.));
#3966 = ORIENTED_EDGE('',*,*,#2150,.F.);
#3967 = ORIENTED_EDGE('',*,*,#3961,.F.);
#3968 = CYLINDRICAL_SURFACE('',#3969,0.325);
#3969 = AXIS2_PLACEMENT_3D('',#3970,#3971,#3972);
#3970 = CARTESIAN_POINT('',(102.601167,-106.605,-4.6E-02));
#3971 = DIRECTION('',(-0.,-0.,-1.));
#3972 = DIRECTION('',(-0.,-1.,0.));
#3973 = ADVANCED_FACE('',(#3974),#3985,.F.);
#3974 = FACE_BOUND('',#3975,.T.);
#3975 = EDGE_LOOP('',(#3976,#3977,#3983,#3984));
#3976 = ORIENTED_EDGE('',*,*,#879,.T.);
#3977 = ORIENTED_EDGE('',*,*,#3978,.T.);
#3978 = EDGE_CURVE('',#880,#2162,#3979,.T.);
#3979 = LINE('',#3980,#3981);
#3980 = CARTESIAN_POINT('',(111.,-108.7,-4.6E-02));
#3981 = VECTOR('',#3982,1.);
#3982 = DIRECTION('',(0.,0.,1.));
#3983 = ORIENTED_EDGE('',*,*,#2161,.F.);
#3984 = ORIENTED_EDGE('',*,*,#3978,.F.);
#3985 = CYLINDRICAL_SURFACE('',#3986,0.5);
#3986 = AXIS2_PLACEMENT_3D('',#3987,#3988,#3989);
#3987 = CARTESIAN_POINT('',(111.,-108.2,-4.6E-02));
#3988 = DIRECTION('',(-0.,-0.,-1.));
#3989 = DIRECTION('',(-0.,-1.,0.));
#3990 = ADVANCED_FACE('',(#3991),#4002,.F.);
#3991 = FACE_BOUND('',#3992,.T.);
#3992 = EDGE_LOOP('',(#3993,#3994,#4000,#4001));
#3993 = ORIENTED_EDGE('',*,*,#890,.T.);
#3994 = ORIENTED_EDGE('',*,*,#3995,.T.);
#3995 = EDGE_CURVE('',#891,#2173,#3996,.T.);
#3996 = LINE('',#3997,#3998);
#3997 = CARTESIAN_POINT('',(111.,-106.16,-4.6E-02));
#3998 = VECTOR('',#3999,1.);
#3999 = DIRECTION('',(0.,0.,1.));
#4000 = ORIENTED_EDGE('',*,*,#2172,.F.);
#4001 = ORIENTED_EDGE('',*,*,#3995,.F.);
#4002 = CYLINDRICAL_SURFACE('',#4003,0.5);
#4003 = AXIS2_PLACEMENT_3D('',#4004,#4005,#4006);
#4004 = CARTESIAN_POINT('',(111.,-105.66,-4.6E-02));
#4005 = DIRECTION('',(-0.,-0.,-1.));
#4006 = DIRECTION('',(-0.,-1.,0.));
#4007 = ADVANCED_FACE('',(#4008),#4019,.F.);
#4008 = FACE_BOUND('',#4009,.T.);
#4009 = EDGE_LOOP('',(#4010,#4011,#4017,#4018));
#4010 = ORIENTED_EDGE('',*,*,#901,.T.);
#4011 = ORIENTED_EDGE('',*,*,#4012,.T.);
#4012 = EDGE_CURVE('',#902,#2184,#4013,.T.);
#4013 = LINE('',#4014,#4015);
#4014 = CARTESIAN_POINT('',(111.,-103.62,-4.6E-02));
#4015 = VECTOR('',#4016,1.);
#4016 = DIRECTION('',(0.,0.,1.));
#4017 = ORIENTED_EDGE('',*,*,#2183,.F.);
#4018 = ORIENTED_EDGE('',*,*,#4012,.F.);
#4019 = CYLINDRICAL_SURFACE('',#4020,0.5);
#4020 = AXIS2_PLACEMENT_3D('',#4021,#4022,#4023);
#4021 = CARTESIAN_POINT('',(111.,-103.12,-4.6E-02));
#4022 = DIRECTION('',(-0.,-0.,-1.));
#4023 = DIRECTION('',(-0.,-1.,0.));
#4024 = ADVANCED_FACE('',(#4025),#4036,.F.);
#4025 = FACE_BOUND('',#4026,.T.);
#4026 = EDGE_LOOP('',(#4027,#4028,#4034,#4035));
#4027 = ORIENTED_EDGE('',*,*,#912,.T.);
#4028 = ORIENTED_EDGE('',*,*,#4029,.T.);
#4029 = EDGE_CURVE('',#913,#2195,#4030,.T.);
#4030 = LINE('',#4031,#4032);
#4031 = CARTESIAN_POINT('',(111.,-101.08,-4.6E-02));
#4032 = VECTOR('',#4033,1.);
#4033 = DIRECTION('',(0.,0.,1.));
#4034 = ORIENTED_EDGE('',*,*,#2194,.F.);
#4035 = ORIENTED_EDGE('',*,*,#4029,.F.);
#4036 = CYLINDRICAL_SURFACE('',#4037,0.5);
#4037 = AXIS2_PLACEMENT_3D('',#4038,#4039,#4040);
#4038 = CARTESIAN_POINT('',(111.,-100.58,-4.6E-02));
#4039 = DIRECTION('',(-0.,-0.,-1.));
#4040 = DIRECTION('',(-0.,-1.,0.));
#4041 = ADVANCED_FACE('',(#4042),#4058,.F.);
#4042 = FACE_BOUND('',#4043,.T.);
#4043 = EDGE_LOOP('',(#4044,#4045,#4051,#4052));
#4044 = ORIENTED_EDGE('',*,*,#923,.T.);
#4045 = ORIENTED_EDGE('',*,*,#4046,.T.);
#4046 = EDGE_CURVE('',#926,#2208,#4047,.T.);
#4047 = LINE('',#4048,#4049);
#4048 = CARTESIAN_POINT('',(54.09981,-95.5816,-4.6E-02));
#4049 = VECTOR('',#4050,1.);
#4050 = DIRECTION('',(0.,0.,1.));
#4051 = ORIENTED_EDGE('',*,*,#2205,.F.);
#4052 = ORIENTED_EDGE('',*,*,#4053,.F.);
#4053 = EDGE_CURVE('',#924,#2206,#4054,.T.);
#4054 = LINE('',#4055,#4056);
#4055 = CARTESIAN_POINT('',(54.09981,-96.0816,-4.6E-02));
#4056 = VECTOR('',#4057,1.);
#4057 = DIRECTION('',(0.,0.,1.));
#4058 = CYLINDRICAL_SURFACE('',#4059,0.25);
#4059 = AXIS2_PLACEMENT_3D('',#4060,#4061,#4062);
#4060 = CARTESIAN_POINT('',(54.09981,-95.8316,-4.6E-02));
#4061 = DIRECTION('',(-0.,0.,-1.));
#4062 = DIRECTION('',(0.,1.,0.));
#4063 = ADVANCED_FACE('',(#4064),#4075,.T.);
#4064 = FACE_BOUND('',#4065,.T.);
#4065 = EDGE_LOOP('',(#4066,#4067,#4068,#4069));
#4066 = ORIENTED_EDGE('',*,*,#951,.T.);
#4067 = ORIENTED_EDGE('',*,*,#4053,.T.);
#4068 = ORIENTED_EDGE('',*,*,#2233,.F.);
#4069 = ORIENTED_EDGE('',*,*,#4070,.F.);
#4070 = EDGE_CURVE('',#943,#2225,#4071,.T.);
#4071 = LINE('',#4072,#4073);
#4072 = CARTESIAN_POINT('',(55.24981,-96.0816,-4.6E-02));
#4073 = VECTOR('',#4074,1.);
#4074 = DIRECTION('',(0.,0.,1.));
#4075 = PLANE('',#4076);
#4076 = AXIS2_PLACEMENT_3D('',#4077,#4078,#4079);
#4077 = CARTESIAN_POINT('',(54.09981,-96.0816,-4.6E-02));
#4078 = DIRECTION('',(0.,1.,0.));
#4079 = DIRECTION('',(1.,0.,0.));
#4080 = ADVANCED_FACE('',(#4081),#4092,.F.);
#4081 = FACE_BOUND('',#4082,.T.);
#4082 = EDGE_LOOP('',(#4083,#4084,#4085,#4086));
#4083 = ORIENTED_EDGE('',*,*,#942,.T.);
#4084 = ORIENTED_EDGE('',*,*,#4070,.T.);
#4085 = ORIENTED_EDGE('',*,*,#2224,.F.);
#4086 = ORIENTED_EDGE('',*,*,#4087,.F.);
#4087 = EDGE_CURVE('',#935,#2217,#4088,.T.);
#4088 = LINE('',#4089,#4090);
#4089 = CARTESIAN_POINT('',(55.24981,-95.5816,-4.6E-02));
#4090 = VECTOR('',#4091,1.);
#4091 = DIRECTION('',(0.,0.,1.));
#4092 = CYLINDRICAL_SURFACE('',#4093,0.25);
#4093 = AXIS2_PLACEMENT_3D('',#4094,#4095,#4096);
#4094 = CARTESIAN_POINT('',(55.24981,-95.8316,-4.6E-02));
#4095 = DIRECTION('',(-0.,-0.,-1.));
#4096 = DIRECTION('',(-0.,-1.,0.));
#4097 = ADVANCED_FACE('',(#4098),#4104,.T.);
#4098 = FACE_BOUND('',#4099,.T.);
#4099 = EDGE_LOOP('',(#4100,#4101,#4102,#4103));
#4100 = ORIENTED_EDGE('',*,*,#934,.T.);
#4101 = ORIENTED_EDGE('',*,*,#4087,.T.);
#4102 = ORIENTED_EDGE('',*,*,#2216,.F.);
#4103 = ORIENTED_EDGE('',*,*,#4046,.F.);
#4104 = PLANE('',#4105);
#4105 = AXIS2_PLACEMENT_3D('',#4106,#4107,#4108);
#4106 = CARTESIAN_POINT('',(55.24981,-95.5816,-4.6E-02));
#4107 = DIRECTION('',(0.,-1.,0.));
#4108 = DIRECTION('',(-1.,0.,0.));
#4109 = ADVANCED_FACE('',(#4110),#4126,.F.);
#4110 = FACE_BOUND('',#4111,.T.);
#4111 = EDGE_LOOP('',(#4112,#4113,#4119,#4120));
#4112 = ORIENTED_EDGE('',*,*,#959,.T.);
#4113 = ORIENTED_EDGE('',*,*,#4114,.T.);
#4114 = EDGE_CURVE('',#962,#2244,#4115,.T.);
#4115 = LINE('',#4116,#4117);
#4116 = CARTESIAN_POINT('',(58.77981,-95.5816,-4.6E-02));
#4117 = VECTOR('',#4118,1.);
#4118 = DIRECTION('',(0.,0.,1.));
#4119 = ORIENTED_EDGE('',*,*,#2241,.F.);
#4120 = ORIENTED_EDGE('',*,*,#4121,.F.);
#4121 = EDGE_CURVE('',#960,#2242,#4122,.T.);
#4122 = LINE('',#4123,#4124);
#4123 = CARTESIAN_POINT('',(58.77981,-96.0816,-4.6E-02));
#4124 = VECTOR('',#4125,1.);
#4125 = DIRECTION('',(0.,0.,1.));
#4126 = CYLINDRICAL_SURFACE('',#4127,0.25);
#4127 = AXIS2_PLACEMENT_3D('',#4128,#4129,#4130);
#4128 = CARTESIAN_POINT('',(58.77981,-95.8316,-4.6E-02));
#4129 = DIRECTION('',(-0.,0.,-1.));
#4130 = DIRECTION('',(0.,1.,0.));
#4131 = ADVANCED_FACE('',(#4132),#4143,.T.);
#4132 = FACE_BOUND('',#4133,.T.);
#4133 = EDGE_LOOP('',(#4134,#4135,#4136,#4137));
#4134 = ORIENTED_EDGE('',*,*,#987,.T.);
#4135 = ORIENTED_EDGE('',*,*,#4121,.T.);
#4136 = ORIENTED_EDGE('',*,*,#2269,.F.);
#4137 = ORIENTED_EDGE('',*,*,#4138,.F.);
#4138 = EDGE_CURVE('',#979,#2261,#4139,.T.);
#4139 = LINE('',#4140,#4141);
#4140 = CARTESIAN_POINT('',(59.92981,-96.0816,-4.6E-02));
#4141 = VECTOR('',#4142,1.);
#4142 = DIRECTION('',(0.,0.,1.));
#4143 = PLANE('',#4144);
#4144 = AXIS2_PLACEMENT_3D('',#4145,#4146,#4147);
#4145 = CARTESIAN_POINT('',(58.77981,-96.0816,-4.6E-02));
#4146 = DIRECTION('',(0.,1.,0.));
#4147 = DIRECTION('',(1.,0.,0.));
#4148 = ADVANCED_FACE('',(#4149),#4160,.F.);
#4149 = FACE_BOUND('',#4150,.T.);
#4150 = EDGE_LOOP('',(#4151,#4152,#4153,#4154));
#4151 = ORIENTED_EDGE('',*,*,#978,.T.);
#4152 = ORIENTED_EDGE('',*,*,#4138,.T.);
#4153 = ORIENTED_EDGE('',*,*,#2260,.F.);
#4154 = ORIENTED_EDGE('',*,*,#4155,.F.);
#4155 = EDGE_CURVE('',#971,#2253,#4156,.T.);
#4156 = LINE('',#4157,#4158);
#4157 = CARTESIAN_POINT('',(59.92981,-95.5816,-4.6E-02));
#4158 = VECTOR('',#4159,1.);
#4159 = DIRECTION('',(0.,0.,1.));
#4160 = CYLINDRICAL_SURFACE('',#4161,0.25);
#4161 = AXIS2_PLACEMENT_3D('',#4162,#4163,#4164);
#4162 = CARTESIAN_POINT('',(59.92981,-95.8316,-4.6E-02));
#4163 = DIRECTION('',(-0.,-0.,-1.));
#4164 = DIRECTION('',(-0.,-1.,0.));
#4165 = ADVANCED_FACE('',(#4166),#4172,.T.);
#4166 = FACE_BOUND('',#4167,.T.);
#4167 = EDGE_LOOP('',(#4168,#4169,#4170,#4171));
#4168 = ORIENTED_EDGE('',*,*,#970,.T.);
#4169 = ORIENTED_EDGE('',*,*,#4155,.T.);
#4170 = ORIENTED_EDGE('',*,*,#2252,.F.);
#4171 = ORIENTED_EDGE('',*,*,#4114,.F.);
#4172 = PLANE('',#4173);
#4173 = AXIS2_PLACEMENT_3D('',#4174,#4175,#4176);
#4174 = CARTESIAN_POINT('',(59.92981,-95.5816,-4.6E-02));
#4175 = DIRECTION('',(0.,-1.,0.));
#4176 = DIRECTION('',(-1.,0.,0.));
#4177 = ADVANCED_FACE('',(#4178),#4189,.F.);
#4178 = FACE_BOUND('',#4179,.T.);
#4179 = EDGE_LOOP('',(#4180,#4181,#4187,#4188));
#4180 = ORIENTED_EDGE('',*,*,#995,.T.);
#4181 = ORIENTED_EDGE('',*,*,#4182,.T.);
#4182 = EDGE_CURVE('',#996,#2278,#4183,.T.);
#4183 = LINE('',#4184,#4185);
#4184 = CARTESIAN_POINT('',(59.43981,-94.3266,-4.6E-02));
#4185 = VECTOR('',#4186,1.);
#4186 = DIRECTION('',(0.,0.,1.));
#4187 = ORIENTED_EDGE('',*,*,#2277,.F.);
#4188 = ORIENTED_EDGE('',*,*,#4182,.F.);
#4189 = CYLINDRICAL_SURFACE('',#4190,0.325);
#4190 = AXIS2_PLACEMENT_3D('',#4191,#4192,#4193);
#4191 = CARTESIAN_POINT('',(59.43981,-94.0016,-4.6E-02));
#4192 = DIRECTION('',(-0.,0.,-1.));
#4193 = DIRECTION('',(2.1862853408E-14,-1.,-0.));
#4194 = ADVANCED_FACE('',(#4195),#4206,.F.);
#4195 = FACE_BOUND('',#4196,.T.);
#4196 = EDGE_LOOP('',(#4197,#4198,#4204,#4205));
#4197 = ORIENTED_EDGE('',*,*,#1006,.T.);
#4198 = ORIENTED_EDGE('',*,*,#4199,.T.);
#4199 = EDGE_CURVE('',#1007,#2289,#4200,.T.);
#4200 = LINE('',#4201,#4202);
#4201 = CARTESIAN_POINT('',(63.3,-98.645,-4.6E-02));
#4202 = VECTOR('',#4203,1.);
#4203 = DIRECTION('',(0.,0.,1.));
#4204 = ORIENTED_EDGE('',*,*,#2288,.F.);
#4205 = ORIENTED_EDGE('',*,*,#4199,.F.);
#4206 = CYLINDRICAL_SURFACE('',#4207,0.5);
#4207 = AXIS2_PLACEMENT_3D('',#4208,#4209,#4210);
#4208 = CARTESIAN_POINT('',(63.3,-98.145,-4.6E-02));
#4209 = DIRECTION('',(-0.,-0.,-1.));
#4210 = DIRECTION('',(-0.,-1.,0.));
#4211 = ADVANCED_FACE('',(#4212),#4223,.F.);
#4212 = FACE_BOUND('',#4213,.T.);
#4213 = EDGE_LOOP('',(#4214,#4215,#4221,#4222));
#4214 = ORIENTED_EDGE('',*,*,#1017,.T.);
#4215 = ORIENTED_EDGE('',*,*,#4216,.T.);
#4216 = EDGE_CURVE('',#1018,#2300,#4217,.T.);
#4217 = LINE('',#4218,#4219);
#4218 = CARTESIAN_POINT('',(59.43981,-86.8266,-4.6E-02));
#4219 = VECTOR('',#4220,1.);
#4220 = DIRECTION('',(0.,0.,1.));
#4221 = ORIENTED_EDGE('',*,*,#2299,.F.);
#4222 = ORIENTED_EDGE('',*,*,#4216,.F.);
#4223 = CYLINDRICAL_SURFACE('',#4224,0.325);
#4224 = AXIS2_PLACEMENT_3D('',#4225,#4226,#4227);
#4225 = CARTESIAN_POINT('',(59.43981,-86.5016,-4.6E-02));
#4226 = DIRECTION('',(-0.,0.,-1.));
#4227 = DIRECTION('',(2.1862853408E-14,-1.,-0.));
#4228 = ADVANCED_FACE('',(#4229),#4245,.F.);
#4229 = FACE_BOUND('',#4230,.T.);
#4230 = EDGE_LOOP('',(#4231,#4232,#4238,#4239));
#4231 = ORIENTED_EDGE('',*,*,#1028,.T.);
#4232 = ORIENTED_EDGE('',*,*,#4233,.T.);
#4233 = EDGE_CURVE('',#1031,#2313,#4234,.T.);
#4234 = LINE('',#4235,#4236);
#4235 = CARTESIAN_POINT('',(54.10981,-84.4216,-4.6E-02));
#4236 = VECTOR('',#4237,1.);
#4237 = DIRECTION('',(0.,0.,1.));
#4238 = ORIENTED_EDGE('',*,*,#2310,.F.);
#4239 = ORIENTED_EDGE('',*,*,#4240,.F.);
#4240 = EDGE_CURVE('',#1029,#2311,#4241,.T.);
#4241 = LINE('',#4242,#4243);
#4242 = CARTESIAN_POINT('',(54.10981,-84.9216,-4.6E-02));
#4243 = VECTOR('',#4244,1.);
#4244 = DIRECTION('',(0.,0.,1.));
#4245 = CYLINDRICAL_SURFACE('',#4246,0.25);
#4246 = AXIS2_PLACEMENT_3D('',#4247,#4248,#4249);
#4247 = CARTESIAN_POINT('',(54.10981,-84.6716,-4.6E-02));
#4248 = DIRECTION('',(-0.,0.,-1.));
#4249 = DIRECTION('',(0.,1.,0.));
#4250 = ADVANCED_FACE('',(#4251),#4262,.T.);
#4251 = FACE_BOUND('',#4252,.T.);
#4252 = EDGE_LOOP('',(#4253,#4254,#4255,#4256));
#4253 = ORIENTED_EDGE('',*,*,#1056,.T.);
#4254 = ORIENTED_EDGE('',*,*,#4240,.T.);
#4255 = ORIENTED_EDGE('',*,*,#2338,.F.);
#4256 = ORIENTED_EDGE('',*,*,#4257,.F.);
#4257 = EDGE_CURVE('',#1048,#2330,#4258,.T.);
#4258 = LINE('',#4259,#4260);
#4259 = CARTESIAN_POINT('',(55.25981,-84.9216,-4.6E-02));
#4260 = VECTOR('',#4261,1.);
#4261 = DIRECTION('',(0.,0.,1.));
#4262 = PLANE('',#4263);
#4263 = AXIS2_PLACEMENT_3D('',#4264,#4265,#4266);
#4264 = CARTESIAN_POINT('',(54.10981,-84.9216,-4.6E-02));
#4265 = DIRECTION('',(0.,1.,0.));
#4266 = DIRECTION('',(1.,0.,0.));
#4267 = ADVANCED_FACE('',(#4268),#4279,.F.);
#4268 = FACE_BOUND('',#4269,.T.);
#4269 = EDGE_LOOP('',(#4270,#4271,#4272,#4273));
#4270 = ORIENTED_EDGE('',*,*,#1047,.T.);
#4271 = ORIENTED_EDGE('',*,*,#4257,.T.);
#4272 = ORIENTED_EDGE('',*,*,#2329,.F.);
#4273 = ORIENTED_EDGE('',*,*,#4274,.F.);
#4274 = EDGE_CURVE('',#1040,#2322,#4275,.T.);
#4275 = LINE('',#4276,#4277);
#4276 = CARTESIAN_POINT('',(55.25981,-84.4216,-4.6E-02));
#4277 = VECTOR('',#4278,1.);
#4278 = DIRECTION('',(0.,0.,1.));
#4279 = CYLINDRICAL_SURFACE('',#4280,0.25);
#4280 = AXIS2_PLACEMENT_3D('',#4281,#4282,#4283);
#4281 = CARTESIAN_POINT('',(55.25981,-84.6716,-4.6E-02));
#4282 = DIRECTION('',(-0.,-0.,-1.));
#4283 = DIRECTION('',(-0.,-1.,0.));
#4284 = ADVANCED_FACE('',(#4285),#4291,.T.);
#4285 = FACE_BOUND('',#4286,.T.);
#4286 = EDGE_LOOP('',(#4287,#4288,#4289,#4290));
#4287 = ORIENTED_EDGE('',*,*,#1039,.T.);
#4288 = ORIENTED_EDGE('',*,*,#4274,.T.);
#4289 = ORIENTED_EDGE('',*,*,#2321,.F.);
#4290 = ORIENTED_EDGE('',*,*,#4233,.F.);
#4291 = PLANE('',#4292);
#4292 = AXIS2_PLACEMENT_3D('',#4293,#4294,#4295);
#4293 = CARTESIAN_POINT('',(55.25981,-84.4216,-4.6E-02));
#4294 = DIRECTION('',(0.,-1.,0.));
#4295 = DIRECTION('',(-1.,0.,0.));
#4296 = ADVANCED_FACE('',(#4297),#4313,.F.);
#4297 = FACE_BOUND('',#4298,.T.);
#4298 = EDGE_LOOP('',(#4299,#4300,#4306,#4307));
#4299 = ORIENTED_EDGE('',*,*,#1064,.T.);
#4300 = ORIENTED_EDGE('',*,*,#4301,.T.);
#4301 = EDGE_CURVE('',#1067,#2349,#4302,.T.);
#4302 = LINE('',#4303,#4304);
#4303 = CARTESIAN_POINT('',(58.77981,-84.4216,-4.6E-02));
#4304 = VECTOR('',#4305,1.);
#4305 = DIRECTION('',(0.,0.,1.));
#4306 = ORIENTED_EDGE('',*,*,#2346,.F.);
#4307 = ORIENTED_EDGE('',*,*,#4308,.F.);
#4308 = EDGE_CURVE('',#1065,#2347,#4309,.T.);
#4309 = LINE('',#4310,#4311);
#4310 = CARTESIAN_POINT('',(58.77981,-84.9216,-4.6E-02));
#4311 = VECTOR('',#4312,1.);
#4312 = DIRECTION('',(0.,0.,1.));
#4313 = CYLINDRICAL_SURFACE('',#4314,0.25);
#4314 = AXIS2_PLACEMENT_3D('',#4315,#4316,#4317);
#4315 = CARTESIAN_POINT('',(58.77981,-84.6716,-4.6E-02));
#4316 = DIRECTION('',(-0.,0.,-1.));
#4317 = DIRECTION('',(0.,1.,0.));
#4318 = ADVANCED_FACE('',(#4319),#4330,.T.);
#4319 = FACE_BOUND('',#4320,.T.);
#4320 = EDGE_LOOP('',(#4321,#4322,#4323,#4324));
#4321 = ORIENTED_EDGE('',*,*,#1092,.T.);
#4322 = ORIENTED_EDGE('',*,*,#4308,.T.);
#4323 = ORIENTED_EDGE('',*,*,#2374,.F.);
#4324 = ORIENTED_EDGE('',*,*,#4325,.F.);
#4325 = EDGE_CURVE('',#1084,#2366,#4326,.T.);
#4326 = LINE('',#4327,#4328);
#4327 = CARTESIAN_POINT('',(59.92981,-84.9216,-4.6E-02));
#4328 = VECTOR('',#4329,1.);
#4329 = DIRECTION('',(0.,0.,1.));
#4330 = PLANE('',#4331);
#4331 = AXIS2_PLACEMENT_3D('',#4332,#4333,#4334);
#4332 = CARTESIAN_POINT('',(58.77981,-84.9216,-4.6E-02));
#4333 = DIRECTION('',(0.,1.,0.));
#4334 = DIRECTION('',(1.,0.,0.));
#4335 = ADVANCED_FACE('',(#4336),#4347,.F.);
#4336 = FACE_BOUND('',#4337,.T.);
#4337 = EDGE_LOOP('',(#4338,#4339,#4340,#4341));
#4338 = ORIENTED_EDGE('',*,*,#1083,.T.);
#4339 = ORIENTED_EDGE('',*,*,#4325,.T.);
#4340 = ORIENTED_EDGE('',*,*,#2365,.F.);
#4341 = ORIENTED_EDGE('',*,*,#4342,.F.);
#4342 = EDGE_CURVE('',#1076,#2358,#4343,.T.);
#4343 = LINE('',#4344,#4345);
#4344 = CARTESIAN_POINT('',(59.92981,-84.4216,-4.6E-02));
#4345 = VECTOR('',#4346,1.);
#4346 = DIRECTION('',(0.,0.,1.));
#4347 = CYLINDRICAL_SURFACE('',#4348,0.25);
#4348 = AXIS2_PLACEMENT_3D('',#4349,#4350,#4351);
#4349 = CARTESIAN_POINT('',(59.92981,-84.6716,-4.6E-02));
#4350 = DIRECTION('',(-0.,-0.,-1.));
#4351 = DIRECTION('',(-0.,-1.,0.));
#4352 = ADVANCED_FACE('',(#4353),#4359,.T.);
#4353 = FACE_BOUND('',#4354,.T.);
#4354 = EDGE_LOOP('',(#4355,#4356,#4357,#4358));
#4355 = ORIENTED_EDGE('',*,*,#1075,.T.);
#4356 = ORIENTED_EDGE('',*,*,#4342,.T.);
#4357 = ORIENTED_EDGE('',*,*,#2357,.F.);
#4358 = ORIENTED_EDGE('',*,*,#4301,.F.);
#4359 = PLANE('',#4360);
#4360 = AXIS2_PLACEMENT_3D('',#4361,#4362,#4363);
#4361 = CARTESIAN_POINT('',(59.92981,-84.4216,-4.6E-02));
#4362 = DIRECTION('',(0.,-1.,0.));
#4363 = DIRECTION('',(-1.,0.,0.));
#4364 = ADVANCED_FACE('',(#4365),#4376,.F.);
#4365 = FACE_BOUND('',#4366,.T.);
#4366 = EDGE_LOOP('',(#4367,#4368,#4374,#4375));
#4367 = ORIENTED_EDGE('',*,*,#1100,.T.);
#4368 = ORIENTED_EDGE('',*,*,#4369,.T.);
#4369 = EDGE_CURVE('',#1101,#2383,#4370,.T.);
#4370 = LINE('',#4371,#4372);
#4371 = CARTESIAN_POINT('',(55.8,-78.5,-4.6E-02));
#4372 = VECTOR('',#4373,1.);
#4373 = DIRECTION('',(0.,0.,1.));
#4374 = ORIENTED_EDGE('',*,*,#2382,.F.);
#4375 = ORIENTED_EDGE('',*,*,#4369,.F.);
#4376 = CYLINDRICAL_SURFACE('',#4377,0.5);
#4377 = AXIS2_PLACEMENT_3D('',#4378,#4379,#4380);
#4378 = CARTESIAN_POINT('',(55.8,-78.,-4.6E-02));
#4379 = DIRECTION('',(-0.,-0.,-1.));
#4380 = DIRECTION('',(-0.,-1.,0.));
#4381 = ADVANCED_FACE('',(#4382),#4393,.F.);
#4382 = FACE_BOUND('',#4383,.T.);
#4383 = EDGE_LOOP('',(#4384,#4385,#4391,#4392));
#4384 = ORIENTED_EDGE('',*,*,#1111,.T.);
#4385 = ORIENTED_EDGE('',*,*,#4386,.T.);
#4386 = EDGE_CURVE('',#1112,#2394,#4387,.T.);
#4387 = LINE('',#4388,#4389);
#4388 = CARTESIAN_POINT('',(58.34,-78.5,-4.6E-02));
#4389 = VECTOR('',#4390,1.);
#4390 = DIRECTION('',(0.,0.,1.));
#4391 = ORIENTED_EDGE('',*,*,#2393,.F.);
#4392 = ORIENTED_EDGE('',*,*,#4386,.F.);
#4393 = CYLINDRICAL_SURFACE('',#4394,0.5);
#4394 = AXIS2_PLACEMENT_3D('',#4395,#4396,#4397);
#4395 = CARTESIAN_POINT('',(58.34,-78.,-4.6E-02));
#4396 = DIRECTION('',(-0.,-0.,-1.));
#4397 = DIRECTION('',(-0.,-1.,0.));
#4398 = ADVANCED_FACE('',(#4399),#4410,.F.);
#4399 = FACE_BOUND('',#4400,.T.);
#4400 = EDGE_LOOP('',(#4401,#4402,#4408,#4409));
#4401 = ORIENTED_EDGE('',*,*,#1122,.T.);
#4402 = ORIENTED_EDGE('',*,*,#4403,.T.);
#4403 = EDGE_CURVE('',#1123,#2405,#4404,.T.);
#4404 = LINE('',#4405,#4406);
#4405 = CARTESIAN_POINT('',(60.88,-78.5,-4.6E-02));
#4406 = VECTOR('',#4407,1.);
#4407 = DIRECTION('',(0.,0.,1.));
#4408 = ORIENTED_EDGE('',*,*,#2404,.F.);
#4409 = ORIENTED_EDGE('',*,*,#4403,.F.);
#4410 = CYLINDRICAL_SURFACE('',#4411,0.5);
#4411 = AXIS2_PLACEMENT_3D('',#4412,#4413,#4414);
#4412 = CARTESIAN_POINT('',(60.88,-78.,-4.6E-02));
#4413 = DIRECTION('',(-0.,-0.,-1.));
#4414 = DIRECTION('',(-0.,-1.,0.));
#4415 = ADVANCED_FACE('',(#4416),#4427,.F.);
#4416 = FACE_BOUND('',#4417,.T.);
#4417 = EDGE_LOOP('',(#4418,#4419,#4425,#4426));
#4418 = ORIENTED_EDGE('',*,*,#1133,.T.);
#4419 = ORIENTED_EDGE('',*,*,#4420,.T.);
#4420 = EDGE_CURVE('',#1134,#2416,#4421,.T.);
#4421 = LINE('',#4422,#4423);
#4422 = CARTESIAN_POINT('',(63.42,-78.5,-4.6E-02));
#4423 = VECTOR('',#4424,1.);
#4424 = DIRECTION('',(0.,0.,1.));
#4425 = ORIENTED_EDGE('',*,*,#2415,.F.);
#4426 = ORIENTED_EDGE('',*,*,#4420,.F.);
#4427 = CYLINDRICAL_SURFACE('',#4428,0.5);
#4428 = AXIS2_PLACEMENT_3D('',#4429,#4430,#4431);
#4429 = CARTESIAN_POINT('',(63.42,-78.,-4.6E-02));
#4430 = DIRECTION('',(-0.,-0.,-1.));
#4431 = DIRECTION('',(-0.,-1.,0.));
#4432 = ADVANCED_FACE('',(#4433),#4444,.F.);
#4433 = FACE_BOUND('',#4434,.T.);
#4434 = EDGE_LOOP('',(#4435,#4436,#4442,#4443));
#4435 = ORIENTED_EDGE('',*,*,#1144,.T.);
#4436 = ORIENTED_EDGE('',*,*,#4437,.T.);
#4437 = EDGE_CURVE('',#1145,#2427,#4438,.T.);
#4438 = LINE('',#4439,#4440);
#4439 = CARTESIAN_POINT('',(65.96,-78.5,-4.6E-02));
#4440 = VECTOR('',#4441,1.);
#4441 = DIRECTION('',(0.,0.,1.));
#4442 = ORIENTED_EDGE('',*,*,#2426,.F.);
#4443 = ORIENTED_EDGE('',*,*,#4437,.F.);
#4444 = CYLINDRICAL_SURFACE('',#4445,0.5);
#4445 = AXIS2_PLACEMENT_3D('',#4446,#4447,#4448);
#4446 = CARTESIAN_POINT('',(65.96,-78.,-4.6E-02));
#4447 = DIRECTION('',(-0.,-0.,-1.));
#4448 = DIRECTION('',(-0.,-1.,0.));
#4449 = ADVANCED_FACE('',(#4450),#4461,.F.);
#4450 = FACE_BOUND('',#4451,.T.);
#4451 = EDGE_LOOP('',(#4452,#4453,#4459,#4460));
#4452 = ORIENTED_EDGE('',*,*,#1155,.T.);
#4453 = ORIENTED_EDGE('',*,*,#4454,.T.);
#4454 = EDGE_CURVE('',#1156,#2438,#4455,.T.);
#4455 = LINE('',#4456,#4457);
#4456 = CARTESIAN_POINT('',(68.5,-78.5,-4.6E-02));
#4457 = VECTOR('',#4458,1.);
#4458 = DIRECTION('',(0.,0.,1.));
#4459 = ORIENTED_EDGE('',*,*,#2437,.F.);
#4460 = ORIENTED_EDGE('',*,*,#4454,.F.);
#4461 = CYLINDRICAL_SURFACE('',#4462,0.5);
#4462 = AXIS2_PLACEMENT_3D('',#4463,#4464,#4465);
#4463 = CARTESIAN_POINT('',(68.5,-78.,-4.6E-02));
#4464 = DIRECTION('',(-0.,-0.,-1.));
#4465 = DIRECTION('',(-0.,-1.,0.));
#4466 = ADVANCED_FACE('',(#4467),#4478,.F.);
#4467 = FACE_BOUND('',#4468,.T.);
#4468 = EDGE_LOOP('',(#4469,#4470,#4476,#4477));
#4469 = ORIENTED_EDGE('',*,*,#1166,.T.);
#4470 = ORIENTED_EDGE('',*,*,#4471,.T.);
#4471 = EDGE_CURVE('',#1167,#2449,#4472,.T.);
#4472 = LINE('',#4473,#4474);
#4473 = CARTESIAN_POINT('',(71.04,-78.5,-4.6E-02));
#4474 = VECTOR('',#4475,1.);
#4475 = DIRECTION('',(0.,0.,1.));
#4476 = ORIENTED_EDGE('',*,*,#2448,.F.);
#4477 = ORIENTED_EDGE('',*,*,#4471,.F.);
#4478 = CYLINDRICAL_SURFACE('',#4479,0.5);
#4479 = AXIS2_PLACEMENT_3D('',#4480,#4481,#4482);
#4480 = CARTESIAN_POINT('',(71.04,-78.,-4.6E-02));
#4481 = DIRECTION('',(-0.,-0.,-1.));
#4482 = DIRECTION('',(-0.,-1.,0.));
#4483 = ADVANCED_FACE('',(#4484),#4495,.F.);
#4484 = FACE_BOUND('',#4485,.T.);
#4485 = EDGE_LOOP('',(#4486,#4487,#4493,#4494));
#4486 = ORIENTED_EDGE('',*,*,#1177,.T.);
#4487 = ORIENTED_EDGE('',*,*,#4488,.T.);
#4488 = EDGE_CURVE('',#1178,#2460,#4489,.T.);
#4489 = LINE('',#4490,#4491);
#4490 = CARTESIAN_POINT('',(73.58,-78.5,-4.6E-02));
#4491 = VECTOR('',#4492,1.);
#4492 = DIRECTION('',(0.,0.,1.));
#4493 = ORIENTED_EDGE('',*,*,#2459,.F.);
#4494 = ORIENTED_EDGE('',*,*,#4488,.F.);
#4495 = CYLINDRICAL_SURFACE('',#4496,0.5);
#4496 = AXIS2_PLACEMENT_3D('',#4497,#4498,#4499);
#4497 = CARTESIAN_POINT('',(73.58,-78.,-4.6E-02));
#4498 = DIRECTION('',(-0.,-0.,-1.));
#4499 = DIRECTION('',(-0.,-1.,0.));
#4500 = ADVANCED_FACE('',(#4501),#4512,.F.);
#4501 = FACE_BOUND('',#4502,.T.);
#4502 = EDGE_LOOP('',(#4503,#4504,#4510,#4511));
#4503 = ORIENTED_EDGE('',*,*,#1188,.T.);
#4504 = ORIENTED_EDGE('',*,*,#4505,.T.);
#4505 = EDGE_CURVE('',#1189,#2471,#4506,.T.);
#4506 = LINE('',#4507,#4508);
#4507 = CARTESIAN_POINT('',(76.12,-78.5,-4.6E-02));
#4508 = VECTOR('',#4509,1.);
#4509 = DIRECTION('',(0.,0.,1.));
#4510 = ORIENTED_EDGE('',*,*,#2470,.F.);
#4511 = ORIENTED_EDGE('',*,*,#4505,.F.);
#4512 = CYLINDRICAL_SURFACE('',#4513,0.5);
#4513 = AXIS2_PLACEMENT_3D('',#4514,#4515,#4516);
#4514 = CARTESIAN_POINT('',(76.12,-78.,-4.6E-02));
#4515 = DIRECTION('',(-0.,-0.,-1.));
#4516 = DIRECTION('',(-0.,-1.,0.));
#4517 = ADVANCED_FACE('',(#4518),#4529,.F.);
#4518 = FACE_BOUND('',#4519,.T.);
#4519 = EDGE_LOOP('',(#4520,#4521,#4527,#4528));
#4520 = ORIENTED_EDGE('',*,*,#1199,.T.);
#4521 = ORIENTED_EDGE('',*,*,#4522,.T.);
#4522 = EDGE_CURVE('',#1200,#2482,#4523,.T.);
#4523 = LINE('',#4524,#4525);
#4524 = CARTESIAN_POINT('',(78.66,-78.5,-4.6E-02));
#4525 = VECTOR('',#4526,1.);
#4526 = DIRECTION('',(0.,0.,1.));
#4527 = ORIENTED_EDGE('',*,*,#2481,.F.);
#4528 = ORIENTED_EDGE('',*,*,#4522,.F.);
#4529 = CYLINDRICAL_SURFACE('',#4530,0.5);
#4530 = AXIS2_PLACEMENT_3D('',#4531,#4532,#4533);
#4531 = CARTESIAN_POINT('',(78.66,-78.,-4.6E-02));
#4532 = DIRECTION('',(-0.,-0.,-1.));
#4533 = DIRECTION('',(-0.,-1.,0.));
#4534 = ADVANCED_FACE('',(#4535),#4546,.F.);
#4535 = FACE_BOUND('',#4536,.T.);
#4536 = EDGE_LOOP('',(#4537,#4538,#4544,#4545));
#4537 = ORIENTED_EDGE('',*,*,#1210,.T.);
#4538 = ORIENTED_EDGE('',*,*,#4539,.T.);
#4539 = EDGE_CURVE('',#1211,#2493,#4540,.T.);
#4540 = LINE('',#4541,#4542);
#4541 = CARTESIAN_POINT('',(81.2,-78.5,-4.6E-02));
#4542 = VECTOR('',#4543,1.);
#4543 = DIRECTION('',(0.,0.,1.));
#4544 = ORIENTED_EDGE('',*,*,#2492,.F.);
#4545 = ORIENTED_EDGE('',*,*,#4539,.F.);
#4546 = CYLINDRICAL_SURFACE('',#4547,0.5);
#4547 = AXIS2_PLACEMENT_3D('',#4548,#4549,#4550);
#4548 = CARTESIAN_POINT('',(81.2,-78.,-4.6E-02));
#4549 = DIRECTION('',(-0.,-0.,-1.));
#4550 = DIRECTION('',(-0.,-1.,0.));
#4551 = ADVANCED_FACE('',(#4552),#4563,.F.);
#4552 = FACE_BOUND('',#4553,.T.);
#4553 = EDGE_LOOP('',(#4554,#4555,#4561,#4562));
#4554 = ORIENTED_EDGE('',*,*,#1221,.T.);
#4555 = ORIENTED_EDGE('',*,*,#4556,.T.);
#4556 = EDGE_CURVE('',#1222,#2504,#4557,.T.);
#4557 = LINE('',#4558,#4559);
#4558 = CARTESIAN_POINT('',(111.,-98.54,-4.6E-02));
#4559 = VECTOR('',#4560,1.);
#4560 = DIRECTION('',(0.,0.,1.));
#4561 = ORIENTED_EDGE('',*,*,#2503,.F.);
#4562 = ORIENTED_EDGE('',*,*,#4556,.F.);
#4563 = CYLINDRICAL_SURFACE('',#4564,0.5);
#4564 = AXIS2_PLACEMENT_3D('',#4565,#4566,#4567);
#4565 = CARTESIAN_POINT('',(111.,-98.04,-4.6E-02));
#4566 = DIRECTION('',(-0.,-0.,-1.));
#4567 = DIRECTION('',(-0.,-1.,0.));
#4568 = ADVANCED_FACE('',(#4569),#4580,.F.);
#4569 = FACE_BOUND('',#4570,.T.);
#4570 = EDGE_LOOP('',(#4571,#4572,#4578,#4579));
#4571 = ORIENTED_EDGE('',*,*,#1232,.T.);
#4572 = ORIENTED_EDGE('',*,*,#4573,.T.);
#4573 = EDGE_CURVE('',#1233,#2515,#4574,.T.);
#4574 = LINE('',#4575,#4576);
#4575 = CARTESIAN_POINT('',(111.,-96.,-4.6E-02));
#4576 = VECTOR('',#4577,1.);
#4577 = DIRECTION('',(0.,0.,1.));
#4578 = ORIENTED_EDGE('',*,*,#2514,.F.);
#4579 = ORIENTED_EDGE('',*,*,#4573,.F.);
#4580 = CYLINDRICAL_SURFACE('',#4581,0.5);
#4581 = AXIS2_PLACEMENT_3D('',#4582,#4583,#4584);
#4582 = CARTESIAN_POINT('',(111.,-95.5,-4.6E-02));
#4583 = DIRECTION('',(-0.,-0.,-1.));
#4584 = DIRECTION('',(-0.,-1.,0.));
#4585 = ADVANCED_FACE('',(#4586),#4597,.F.);
#4586 = FACE_BOUND('',#4587,.T.);
#4587 = EDGE_LOOP('',(#4588,#4589,#4595,#4596));
#4588 = ORIENTED_EDGE('',*,*,#1243,.T.);
#4589 = ORIENTED_EDGE('',*,*,#4590,.T.);
#4590 = EDGE_CURVE('',#1244,#2526,#4591,.T.);
#4591 = LINE('',#4592,#4593);
#4592 = CARTESIAN_POINT('',(111.,-93.46,-4.6E-02));
#4593 = VECTOR('',#4594,1.);
#4594 = DIRECTION('',(0.,0.,1.));
#4595 = ORIENTED_EDGE('',*,*,#2525,.F.);
#4596 = ORIENTED_EDGE('',*,*,#4590,.F.);
#4597 = CYLINDRICAL_SURFACE('',#4598,0.5);
#4598 = AXIS2_PLACEMENT_3D('',#4599,#4600,#4601);
#4599 = CARTESIAN_POINT('',(111.,-92.96,-4.6E-02));
#4600 = DIRECTION('',(-0.,-0.,-1.));
#4601 = DIRECTION('',(-0.,-1.,0.));
#4602 = ADVANCED_FACE('',(#4603),#4614,.F.);
#4603 = FACE_BOUND('',#4604,.T.);
#4604 = EDGE_LOOP('',(#4605,#4606,#4612,#4613));
#4605 = ORIENTED_EDGE('',*,*,#1254,.T.);
#4606 = ORIENTED_EDGE('',*,*,#4607,.T.);
#4607 = EDGE_CURVE('',#1255,#2537,#4608,.T.);
#4608 = LINE('',#4609,#4610);
#4609 = CARTESIAN_POINT('',(111.,-90.92,-4.6E-02));
#4610 = VECTOR('',#4611,1.);
#4611 = DIRECTION('',(0.,0.,1.));
#4612 = ORIENTED_EDGE('',*,*,#2536,.F.);
#4613 = ORIENTED_EDGE('',*,*,#4607,.F.);
#4614 = CYLINDRICAL_SURFACE('',#4615,0.5);
#4615 = AXIS2_PLACEMENT_3D('',#4616,#4617,#4618);
#4616 = CARTESIAN_POINT('',(111.,-90.42,-4.6E-02));
#4617 = DIRECTION('',(-0.,-0.,-1.));
#4618 = DIRECTION('',(-0.,-1.,0.));
#4619 = ADVANCED_FACE('',(#4620),#4631,.F.);
#4620 = FACE_BOUND('',#4621,.T.);
#4621 = EDGE_LOOP('',(#4622,#4623,#4629,#4630));
#4622 = ORIENTED_EDGE('',*,*,#1265,.T.);
#4623 = ORIENTED_EDGE('',*,*,#4624,.T.);
#4624 = EDGE_CURVE('',#1266,#2548,#4625,.T.);
#4625 = LINE('',#4626,#4627);
#4626 = CARTESIAN_POINT('',(111.,-88.38,-4.6E-02));
#4627 = VECTOR('',#4628,1.);
#4628 = DIRECTION('',(0.,0.,1.));
#4629 = ORIENTED_EDGE('',*,*,#2547,.F.);
#4630 = ORIENTED_EDGE('',*,*,#4624,.F.);
#4631 = CYLINDRICAL_SURFACE('',#4632,0.5);
#4632 = AXIS2_PLACEMENT_3D('',#4633,#4634,#4635);
#4633 = CARTESIAN_POINT('',(111.,-87.88,-4.6E-02));
#4634 = DIRECTION('',(-0.,-0.,-1.));
#4635 = DIRECTION('',(-0.,-1.,0.));
#4636 = ADVANCED_FACE('',(#4637),#4648,.F.);
#4637 = FACE_BOUND('',#4638,.T.);
#4638 = EDGE_LOOP('',(#4639,#4640,#4646,#4647));
#4639 = ORIENTED_EDGE('',*,*,#1276,.T.);
#4640 = ORIENTED_EDGE('',*,*,#4641,.T.);
#4641 = EDGE_CURVE('',#1277,#2559,#4642,.T.);
#4642 = LINE('',#4643,#4644);
#4643 = CARTESIAN_POINT('',(85.3,-78.5,-4.6E-02));
#4644 = VECTOR('',#4645,1.);
#4645 = DIRECTION('',(0.,0.,1.));
#4646 = ORIENTED_EDGE('',*,*,#2558,.F.);
#4647 = ORIENTED_EDGE('',*,*,#4641,.F.);
#4648 = CYLINDRICAL_SURFACE('',#4649,0.5);
#4649 = AXIS2_PLACEMENT_3D('',#4650,#4651,#4652);
#4650 = CARTESIAN_POINT('',(85.3,-78.,-4.6E-02));
#4651 = DIRECTION('',(-0.,-0.,-1.));
#4652 = DIRECTION('',(-0.,-1.,0.));
#4653 = ADVANCED_FACE('',(#4654),#4665,.F.);
#4654 = FACE_BOUND('',#4655,.T.);
#4655 = EDGE_LOOP('',(#4656,#4657,#4663,#4664));
#4656 = ORIENTED_EDGE('',*,*,#1287,.T.);
#4657 = ORIENTED_EDGE('',*,*,#4658,.T.);
#4658 = EDGE_CURVE('',#1288,#2570,#4659,.T.);
#4659 = LINE('',#4660,#4661);
#4660 = CARTESIAN_POINT('',(87.84,-78.5,-4.6E-02));
#4661 = VECTOR('',#4662,1.);
#4662 = DIRECTION('',(0.,0.,1.));
#4663 = ORIENTED_EDGE('',*,*,#2569,.F.);
#4664 = ORIENTED_EDGE('',*,*,#4658,.F.);
#4665 = CYLINDRICAL_SURFACE('',#4666,0.5);
#4666 = AXIS2_PLACEMENT_3D('',#4667,#4668,#4669);
#4667 = CARTESIAN_POINT('',(87.84,-78.,-4.6E-02));
#4668 = DIRECTION('',(-0.,-0.,-1.));
#4669 = DIRECTION('',(-0.,-1.,0.));
#4670 = ADVANCED_FACE('',(#4671),#4682,.F.);
#4671 = FACE_BOUND('',#4672,.T.);
#4672 = EDGE_LOOP('',(#4673,#4674,#4680,#4681));
#4673 = ORIENTED_EDGE('',*,*,#1298,.T.);
#4674 = ORIENTED_EDGE('',*,*,#4675,.T.);
#4675 = EDGE_CURVE('',#1299,#2581,#4676,.T.);
#4676 = LINE('',#4677,#4678);
#4677 = CARTESIAN_POINT('',(90.38,-78.5,-4.6E-02));
#4678 = VECTOR('',#4679,1.);
#4679 = DIRECTION('',(0.,0.,1.));
#4680 = ORIENTED_EDGE('',*,*,#2580,.F.);
#4681 = ORIENTED_EDGE('',*,*,#4675,.F.);
#4682 = CYLINDRICAL_SURFACE('',#4683,0.5);
#4683 = AXIS2_PLACEMENT_3D('',#4684,#4685,#4686);
#4684 = CARTESIAN_POINT('',(90.38,-78.,-4.6E-02));
#4685 = DIRECTION('',(-0.,-0.,-1.));
#4686 = DIRECTION('',(-0.,-1.,0.));
#4687 = ADVANCED_FACE('',(#4688),#4699,.F.);
#4688 = FACE_BOUND('',#4689,.T.);
#4689 = EDGE_LOOP('',(#4690,#4691,#4697,#4698));
#4690 = ORIENTED_EDGE('',*,*,#1309,.T.);
#4691 = ORIENTED_EDGE('',*,*,#4692,.T.);
#4692 = EDGE_CURVE('',#1310,#2592,#4693,.T.);
#4693 = LINE('',#4694,#4695);
#4694 = CARTESIAN_POINT('',(92.92,-78.5,-4.6E-02));
#4695 = VECTOR('',#4696,1.);
#4696 = DIRECTION('',(0.,0.,1.));
#4697 = ORIENTED_EDGE('',*,*,#2591,.F.);
#4698 = ORIENTED_EDGE('',*,*,#4692,.F.);
#4699 = CYLINDRICAL_SURFACE('',#4700,0.5);
#4700 = AXIS2_PLACEMENT_3D('',#4701,#4702,#4703);
#4701 = CARTESIAN_POINT('',(92.92,-78.,-4.6E-02));
#4702 = DIRECTION('',(-0.,-0.,-1.));
#4703 = DIRECTION('',(-0.,-1.,0.));
#4704 = ADVANCED_FACE('',(#4705),#4716,.F.);
#4705 = FACE_BOUND('',#4706,.T.);
#4706 = EDGE_LOOP('',(#4707,#4708,#4714,#4715));
#4707 = ORIENTED_EDGE('',*,*,#1320,.T.);
#4708 = ORIENTED_EDGE('',*,*,#4709,.T.);
#4709 = EDGE_CURVE('',#1321,#2603,#4710,.T.);
#4710 = LINE('',#4711,#4712);
#4711 = CARTESIAN_POINT('',(95.46,-78.5,-4.6E-02));
#4712 = VECTOR('',#4713,1.);
#4713 = DIRECTION('',(0.,0.,1.));
#4714 = ORIENTED_EDGE('',*,*,#2602,.F.);
#4715 = ORIENTED_EDGE('',*,*,#4709,.F.);
#4716 = CYLINDRICAL_SURFACE('',#4717,0.5);
#4717 = AXIS2_PLACEMENT_3D('',#4718,#4719,#4720);
#4718 = CARTESIAN_POINT('',(95.46,-78.,-4.6E-02));
#4719 = DIRECTION('',(-0.,-0.,-1.));
#4720 = DIRECTION('',(-0.,-1.,0.));
#4721 = ADVANCED_FACE('',(#4722),#4733,.F.);
#4722 = FACE_BOUND('',#4723,.T.);
#4723 = EDGE_LOOP('',(#4724,#4725,#4731,#4732));
#4724 = ORIENTED_EDGE('',*,*,#1331,.T.);
#4725 = ORIENTED_EDGE('',*,*,#4726,.T.);
#4726 = EDGE_CURVE('',#1332,#2614,#4727,.T.);
#4727 = LINE('',#4728,#4729);
#4728 = CARTESIAN_POINT('',(111.,-85.84,-4.6E-02));
#4729 = VECTOR('',#4730,1.);
#4730 = DIRECTION('',(0.,0.,1.));
#4731 = ORIENTED_EDGE('',*,*,#2613,.F.);
#4732 = ORIENTED_EDGE('',*,*,#4726,.F.);
#4733 = CYLINDRICAL_SURFACE('',#4734,0.5);
#4734 = AXIS2_PLACEMENT_3D('',#4735,#4736,#4737);
#4735 = CARTESIAN_POINT('',(111.,-85.34,-4.6E-02));
#4736 = DIRECTION('',(-0.,-0.,-1.));
#4737 = DIRECTION('',(-0.,-1.,0.));
#4738 = ADVANCED_FACE('',(#4739),#4750,.F.);
#4739 = FACE_BOUND('',#4740,.T.);
#4740 = EDGE_LOOP('',(#4741,#4742,#4748,#4749));
#4741 = ORIENTED_EDGE('',*,*,#1342,.T.);
#4742 = ORIENTED_EDGE('',*,*,#4743,.T.);
#4743 = EDGE_CURVE('',#1343,#2625,#4744,.T.);
#4744 = LINE('',#4745,#4746);
#4745 = CARTESIAN_POINT('',(111.,-83.3,-4.6E-02));
#4746 = VECTOR('',#4747,1.);
#4747 = DIRECTION('',(0.,0.,1.));
#4748 = ORIENTED_EDGE('',*,*,#2624,.F.);
#4749 = ORIENTED_EDGE('',*,*,#4743,.F.);
#4750 = CYLINDRICAL_SURFACE('',#4751,0.5);
#4751 = AXIS2_PLACEMENT_3D('',#4752,#4753,#4754);
#4752 = CARTESIAN_POINT('',(111.,-82.8,-4.6E-02));
#4753 = DIRECTION('',(-0.,-0.,-1.));
#4754 = DIRECTION('',(-0.,-1.,0.));
#4755 = ADVANCED_FACE('',(#4756),#4767,.F.);
#4756 = FACE_BOUND('',#4757,.T.);
#4757 = EDGE_LOOP('',(#4758,#4759,#4765,#4766));
#4758 = ORIENTED_EDGE('',*,*,#1353,.T.);
#4759 = ORIENTED_EDGE('',*,*,#4760,.T.);
#4760 = EDGE_CURVE('',#1354,#2636,#4761,.T.);
#4761 = LINE('',#4762,#4763);
#4762 = CARTESIAN_POINT('',(98.,-78.5,-4.6E-02));
#4763 = VECTOR('',#4764,1.);
#4764 = DIRECTION('',(0.,0.,1.));
#4765 = ORIENTED_EDGE('',*,*,#2635,.F.);
#4766 = ORIENTED_EDGE('',*,*,#4760,.F.);
#4767 = CYLINDRICAL_SURFACE('',#4768,0.5);
#4768 = AXIS2_PLACEMENT_3D('',#4769,#4770,#4771);
#4769 = CARTESIAN_POINT('',(98.,-78.,-4.6E-02));
#4770 = DIRECTION('',(-0.,-0.,-1.));
#4771 = DIRECTION('',(-0.,-1.,0.));
#4772 = ADVANCED_FACE('',(#4773),#4784,.F.);
#4773 = FACE_BOUND('',#4774,.T.);
#4774 = EDGE_LOOP('',(#4775,#4776,#4782,#4783));
#4775 = ORIENTED_EDGE('',*,*,#1364,.T.);
#4776 = ORIENTED_EDGE('',*,*,#4777,.T.);
#4777 = EDGE_CURVE('',#1365,#2647,#4778,.T.);
#4778 = LINE('',#4779,#4780);
#4779 = CARTESIAN_POINT('',(100.54,-78.5,-4.6E-02));
#4780 = VECTOR('',#4781,1.);
#4781 = DIRECTION('',(0.,0.,1.));
#4782 = ORIENTED_EDGE('',*,*,#2646,.F.);
#4783 = ORIENTED_EDGE('',*,*,#4777,.F.);
#4784 = CYLINDRICAL_SURFACE('',#4785,0.5);
#4785 = AXIS2_PLACEMENT_3D('',#4786,#4787,#4788);
#4786 = CARTESIAN_POINT('',(100.54,-78.,-4.6E-02));
#4787 = DIRECTION('',(-0.,-0.,-1.));
#4788 = DIRECTION('',(-0.,-1.,0.));
#4789 = ADVANCED_FACE('',(#4790),#4801,.F.);
#4790 = FACE_BOUND('',#4791,.T.);
#4791 = EDGE_LOOP('',(#4792,#4793,#4799,#4800));
#4792 = ORIENTED_EDGE('',*,*,#1375,.T.);
#4793 = ORIENTED_EDGE('',*,*,#4794,.T.);
#4794 = EDGE_CURVE('',#1376,#2658,#4795,.T.);
#4795 = LINE('',#4796,#4797);
#4796 = CARTESIAN_POINT('',(103.08,-78.5,-4.6E-02));
#4797 = VECTOR('',#4798,1.);
#4798 = DIRECTION('',(0.,0.,1.));
#4799 = ORIENTED_EDGE('',*,*,#2657,.F.);
#4800 = ORIENTED_EDGE('',*,*,#4794,.F.);
#4801 = CYLINDRICAL_SURFACE('',#4802,0.5);
#4802 = AXIS2_PLACEMENT_3D('',#4803,#4804,#4805);
#4803 = CARTESIAN_POINT('',(103.08,-78.,-4.6E-02));
#4804 = DIRECTION('',(-0.,-0.,-1.));
#4805 = DIRECTION('',(-0.,-1.,0.));
#4806 = ADVANCED_FACE('',(#4807),#4818,.F.);
#4807 = FACE_BOUND('',#4808,.T.);
#4808 = EDGE_LOOP('',(#4809,#4810,#4816,#4817));
#4809 = ORIENTED_EDGE('',*,*,#1386,.T.);
#4810 = ORIENTED_EDGE('',*,*,#4811,.T.);
#4811 = EDGE_CURVE('',#1387,#2669,#4812,.T.);
#4812 = LINE('',#4813,#4814);
#4813 = CARTESIAN_POINT('',(105.62,-78.5,-4.6E-02));
#4814 = VECTOR('',#4815,1.);
#4815 = DIRECTION('',(0.,0.,1.));
#4816 = ORIENTED_EDGE('',*,*,#2668,.F.);
#4817 = ORIENTED_EDGE('',*,*,#4811,.F.);
#4818 = CYLINDRICAL_SURFACE('',#4819,0.5);
#4819 = AXIS2_PLACEMENT_3D('',#4820,#4821,#4822);
#4820 = CARTESIAN_POINT('',(105.62,-78.,-4.6E-02));
#4821 = DIRECTION('',(-0.,-0.,-1.));
#4822 = DIRECTION('',(-0.,-1.,0.));
#4823 = ADVANCED_FACE('',(#4824),#4835,.F.);
#4824 = FACE_BOUND('',#4825,.T.);
#4825 = EDGE_LOOP('',(#4826,#4827,#4833,#4834));
#4826 = ORIENTED_EDGE('',*,*,#1397,.T.);
#4827 = ORIENTED_EDGE('',*,*,#4828,.T.);
#4828 = EDGE_CURVE('',#1398,#2680,#4829,.T.);
#4829 = LINE('',#4830,#4831);
#4830 = CARTESIAN_POINT('',(108.16,-78.5,-4.6E-02));
#4831 = VECTOR('',#4832,1.);
#4832 = DIRECTION('',(0.,0.,1.));
#4833 = ORIENTED_EDGE('',*,*,#2679,.F.);
#4834 = ORIENTED_EDGE('',*,*,#4828,.F.);
#4835 = CYLINDRICAL_SURFACE('',#4836,0.5);
#4836 = AXIS2_PLACEMENT_3D('',#4837,#4838,#4839);
#4837 = CARTESIAN_POINT('',(108.16,-78.,-4.6E-02));
#4838 = DIRECTION('',(-0.,-0.,-1.));
#4839 = DIRECTION('',(-0.,-1.,0.));
#4840 = ADVANCED_FACE('',(#4841),#4852,.F.);
#4841 = FACE_BOUND('',#4842,.T.);
#4842 = EDGE_LOOP('',(#4843,#4844,#4850,#4851));
#4843 = ORIENTED_EDGE('',*,*,#1408,.T.);
#4844 = ORIENTED_EDGE('',*,*,#4845,.T.);
#4845 = EDGE_CURVE('',#1409,#2691,#4846,.T.);
#4846 = LINE('',#4847,#4848);
#4847 = CARTESIAN_POINT('',(110.7,-78.5,-4.6E-02));
#4848 = VECTOR('',#4849,1.);
#4849 = DIRECTION('',(0.,0.,1.));
#4850 = ORIENTED_EDGE('',*,*,#2690,.F.);
#4851 = ORIENTED_EDGE('',*,*,#4845,.F.);
#4852 = CYLINDRICAL_SURFACE('',#4853,0.5);
#4853 = AXIS2_PLACEMENT_3D('',#4854,#4855,#4856);
#4854 = CARTESIAN_POINT('',(110.7,-78.,-4.6E-02));
#4855 = DIRECTION('',(-0.,-0.,-1.));
#4856 = DIRECTION('',(-0.,-1.,0.));
#4857 = ( GEOMETRIC_REPRESENTATION_CONTEXT(3) 
GLOBAL_UNCERTAINTY_ASSIGNED_CONTEXT((#4861)) 
GLOBAL_UNIT_ASSIGNED_CONTEXT((#4858,#4859,#4860)) REPRESENTATION_CONTEXT
('Context #1','3D Context with UNIT and UNCERTAINTY') );
#4858 = ( LENGTH_UNIT() NAMED_UNIT(*) SI_UNIT(.MILLI.,.METRE.) );
#4859 = ( NAMED_UNIT(*) PLANE_ANGLE_UNIT() SI_UNIT($,.RADIAN.) );
#4860 = ( NAMED_UNIT(*) SI_UNIT($,.STERADIAN.) SOLID_ANGLE_UNIT() );
#4861 = UNCERTAINTY_MEASURE_WITH_UNIT(LENGTH_MEASURE(1.E-07),#4858,
  'distance_accuracy_value','confusion accuracy');
#4862 = CONTEXT_DEPENDENT_SHAPE_REPRESENTATION(#4863,#4865);
#4863 = ( REPRESENTATION_RELATIONSHIP('','',#32,#10) 
REPRESENTATION_RELATIONSHIP_WITH_TRANSFORMATION(#4864) 
SHAPE_REPRESENTATION_RELATIONSHIP() );
#4864 = ITEM_DEFINED_TRANSFORMATION('','',#11,#15);
#4865 = PRODUCT_DEFINITION_SHAPE('Placement','Placement of an item',
  #4866);
#4866 = NEXT_ASSEMBLY_USAGE_OCCURRENCE('1','=>[0:1:1:2]','',#5,#27,$);
#4867 = PRODUCT_RELATED_PRODUCT_CATEGORY('part',$,(#29));
#4868 = MECHANICAL_DESIGN_GEOMETRIC_PRESENTATION_REPRESENTATION('',(
    #4869),#4857);
#4869 = STYLED_ITEM('color',(#4870),#33);
#4870 = PRESENTATION_STYLE_ASSIGNMENT((#4871));
#4871 = SURFACE_STYLE_USAGE(.BOTH.,#4872);
#4872 = SURFACE_SIDE_STYLE('',(#4873));
#4873 = SURFACE_STYLE_FILL_AREA(#4874);
#4874 = FILL_AREA_STYLE('',(#4875));
#4875 = FILL_AREA_STYLE_COLOUR('',#4876);
#4876 = COLOUR_RGB('',0.277846546019,0.436627062838,0.370214030736);
ENDSEC;
END-ISO-10303-21;
